protocol,load_mode,lambda_base,lambda_effective,M,Tp_us,best_q,q_tuning_best_q,q_selection_mode,q_stable_basin_left,q_stable_basin_right,q_search_boundary_hit,q_refinement_passes,q_preferred_neighbor_radius,q_neighbor_radius_used,q_validation_runs,q_validation_candidates_tested,q_validation_passed,q_validation_selected_rank,stable_fraction,n_arrived,n_arrived_ci95,n_completed,n_completed_ci95,n_eligible,n_eligible_ci95,n_completed_eligible,n_completed_eligible_ci95,n_structural_censored,n_structural_censored_ci95,n_censored,n_censored_ci95,raw_completion_ratio,raw_completion_ratio_ci95,final_backlog,final_backlog_ci95,mean_delay_us,mean_delay_us_ci95,mean_queue_delay_us,mean_queue_delay_us_ci95,mean_access_delay_us,mean_access_delay_us_ci95,conditional_mean_delay_us,conditional_mean_delay_us_ci95,p50_delay_us,p50_delay_us_ci95,p95_delay_us,p95_delay_us_ci95,p99_delay_us,p99_delay_us_ci95,conditional_p50_delay_us,conditional_p50_delay_us_ci95,conditional_p95_delay_us,conditional_p95_delay_us_ci95,conditional_p99_delay_us,conditional_p99_delay_us_ci95,mean_boundary_wait_us,mean_boundary_wait_us_ci95,mean_difs_wait_us,mean_difs_wait_us_ci95,mean_probability_wait_us,mean_probability_wait_us_ci95,mean_busy_nav_wait_us,mean_busy_nav_wait_us_ci95,mean_collision_delay_us,mean_collision_delay_us_ci95,mean_control_delay_us,mean_control_delay_us_ci95,mean_data_delay_us,mean_data_delay_us_ci95,mean_other_access_delay_us,mean_other_access_delay_us_ci95,arrival_rate_pkt_s,arrival_rate_pkt_s_ci95,eligible_arrival_rate_pkt_s,eligible_arrival_rate_pkt_s_ci95,goodput_pkt_s,goodput_pkt_s_ci95,normalized_offered_units_s,normalized_offered_units_s_ci95,normalized_goodput_units_s,normalized_goodput_units_s_ci95,goodput_bit_s,goodput_bit_s_ci95,payload_airtime,payload_airtime_ci95,mean_system_packets,mean_system_packets_ci95,mean_waiting_packets,mean_waiting_packets_ci95,mean_service_packets,mean_service_packets_ci95,backlog_slope_pkt_s,backlog_slope_pkt_s_ci95,completion_ratio,completion_ratio_ci95,little_relative_error,little_relative_error_ci95,jain_fairness,jain_fairness_ci95,attempts_total,attempts_total_ci95,retransmissions_completed_cohort,retransmissions_completed_cohort_ci95,mean_attempts_completed,mean_attempts_completed_ci95,collision_waste_us_total,collision_waste_us_total_ci95,collision_channel_time_us_total,collision_channel_time_us_total_ci95,collision_tx_airtime_us_total,collision_tx_airtime_us_total_ci95,collision_channel_time_us_measure,collision_channel_time_us_measure_ci95,collision_tx_airtime_us_measure,collision_tx_airtime_us_measure_ci95,stability_rate_ok,stability_rate_ok_ci95,stability_censor_ok,stability_censor_ok_ci95,stability_slope_ok,stability_slope_ok_ci95,stability_rate_relative_error,stability_rate_relative_error_ci95,stability_allowed_censored,stability_allowed_censored_ci95,stability_slope_limit_pkt_s,stability_slope_limit_pkt_s_ci95,condition_elapsed_s,timeout_exceeded,fixed_M_baseline
sf_cb,fixed_packet,8,8,1,162.5,0.7,0.7,self_stable,0.7,0.729942725678815,0,1,1,0,0,0,1,NaN,1,316.333333333333,48.7633976038272,316.333333333333,48.7633976038272,316.333333333333,48.7633976038272,316.333333333333,48.7633976038272,0,0,0,0,1,0,0,0,532.311820365266,110.142471327817,0.365781710914454,1.5738316769585,531.946038654351,110.658743840628,532.311820365266,110.142471327817,452.333333333333,14.5026277214238,929.933333333333,308.335940414018,1989.22666666666,3137.94343024242,452.333333333333,14.5026277214238,929.933333333333,308.335940414018,1989.22666666666,3137.94343024242,NaN,NaN,NaN,NaN,NaN,NaN,NaN,NaN,NaN,NaN,NaN,NaN,NaN,NaN,NaN,NaN,316.333333333333,48.7633976038272,316.333333333333,48.7633976038272,316.333333333333,50.9298719009959,316.333333333333,48.7633976038272,316.333333333333,50.9298719009959,NaN,NaN,0.0514041666666667,0.00827610418391183,0,0,0,0,0.0514041666666667,0.00827610418391183,0.0298592670463294,0.0152265846756738,1,0,757511462123221,157151818727801,0.888206993723963,0.0358839550919782,453.666666666667,119.195474970996,50.3333333333333,130.513799469067,1.1628350822896,0.432707433016511,NaN,NaN,NaN,NaN,NaN,NaN,NaN,NaN,NaN,NaN,1,0,1,0,1,0,0.00207618034398826,0.0044851771251322,3,0,15.8166666666667,2.43816988019136,4.770029,0,0
sb_cb,fixed_packet,8,8,1,162.5,0.31748021039364,0.31748021039364,self_stable,0.0002,0.9,0,1,1,0,0,0,1,NaN,1,316.333333333333,48.7633976038272,316.333333333333,48.7633976038272,316.333333333333,48.7633976038272,316.333333333333,48.7633976038272,0,0,0,0,1,0,0,0,415.992804294212,53.5283124149151,0.631407063526605,2.16425322631793,415.361397230685,53.5996004176641,415.992804294212,53.5283124149151,379,0,622,291.288318707401,1012.84,685.935128655088,379,0,622,291.288318707401,1012.84,685.935128655088,0,0,37.2943227428793,1.92457020632938,0,0,44.3372777535987,30.9411861261815,8.72979673420701,21.473316084786,162.5,0,162.5,0,0,0,316.333333333333,48.7633976038272,316.333333333333,48.7633976038272,316.333333333333,50.9298719009959,316.333333333333,48.7633976038272,316.333333333333,50.9298719009959,NaN,NaN,0.051408,0.00826752352181478,0.131617666666667,0.0242691653032921,0.079993,0.0186975330589747,0.0516246666666667,0.00815816375935795,0.0270342324365778,0.148434272743456,1,0,0.00129269405483394,0.00326662860265884,0.888206993723963,0.0358839550919782,418,54.4813933579366,21.6666666666667,48.4459930749101,1.06961329529152,0.161298216762711,386.666666666667,534.667483267701,NaN,NaN,386.666666666667,534.667483267701,NaN,NaN,NaN,NaN,1,0,1,0,1,0,0.00207618034398826,0.0044851771251322,3,0,15.8166666666667,2.43816988019136,74.7881424,0,0
unslotted,fixed_packet,8,8,1,162.5,0.459192951084223,0.459192951084223,self_stable,0.0002,0.9,0,1,1,0,0,0,1,NaN,1,316.333333333333,48.7633976038272,316.333333333333,48.7633976038272,316.333333333333,48.7633976038272,316.333333333333,48.7633976038272,0,0,0,0,1,0,0,0,390.366968403737,99.9134979889278,0.378417840668454,1.3103406826592,389.988550563068,100.368187110829,390.366968403737,99.9134979889278,336.831610556711,2.27168218234473,660.479289716106,678.010556955425,1698.65317068718,2360.51412352462,336.831610556711,2.27168218234473,660.479289716106,678.010556955425,1698.65317068718,2360.51412352462,0,0,0,0,17.1466676834339,5.99834452770732,24.445262062384,41.5926665415493,23.3966208172503,53.840438392081,162.5,0,162.5,0,0,0,316.333333333333,48.7633976038272,316.333333333333,48.7633976038272,316.333333333333,50.9298719009959,316.333333333333,48.7633976038272,316.333333333333,50.9298719009959,NaN,NaN,0.0514486961566126,0.00817792402206752,0.123341796328888,0.0271478998526918,0.0713514335056089,0.0264247686357237,0.0519903628232793,0.00739002259543694,0.0206245629937789,0.111425239070871,1,0,0.00100798782660903,0.00379337592855918,0.888206993723963,0.0358839550919782,460,96.8813707582628,55,126.934332575252,1.177587568709,0.422295115517361,908.666666666667,1268.5654464878,NaN,NaN,908.666666666667,1268.5654464878,NaN,NaN,NaN,NaN,1,0,1,0,1,0,0.00207618034398826,0.0044851771251322,3,0,15.8166666666667,2.43816988019136,8.8037753,0,0
s7_clean,fixed_packet,8,8,1,162.5,0.729942725678815,0.729942725678815,self_stable,0.0002,0.9,0,1,1,0,0,0,1,NaN,1,316.333333333333,48.7633976038272,316.333333333333,48.7633976038272,316.333333333333,48.7633976038272,316.333333333333,48.7633976038272,0,0,0,0,1,0,0,0,300.21481212819,17.7593431173859,0.244641101278201,1.05260570222356,299.970171026912,17.8978436384697,300.21481212819,17.7593431173859,281.900000000023,0,390.949999999985,179.994291576245,591.649999999946,242.404272144402,281.900000000023,0,390.949999999985,179.994291576245,591.649999999946,242.404272144402,0.0119960668633922,0.0516149098360314,34.4459016393443,1.10768107802638,3.68217031771362,1.27555239556537,14.8363325111874,14.9592088076256,1.09377049180328,2.71707652668823,83.3999999999999,4.32356006612146e-14,162.5,0,0,0,316.333333333333,48.7633976038272,316.333333333333,48.7633976038272,316.666666666667,50.1976151804104,316.333333333333,48.7633976038272,316.666666666667,50.1976151804104,NaN,NaN,0.0514583333333333,0.00815711246681669,0.095051666666649,0.015416924707515,0.0435933333333156,0.00828043490159097,0.0514583333333333,0.00815711246681669,0.0238800238800239,0.120050104809018,1,0,0.000916809150404186,0.00394471139364554,0.887743666473456,0.0348871918823281,395.666666666667,31.0600007521514,4,9.93655084700132,1.01311475409836,0.0325788552360698,178,276.139143669757,89,138.069571834878,178,276.139143669757,53.3999999999651,132.652953807453,106.79999999993,265.305907614906,1,0,1,0,1,0,0.000983284169124877,0.00423073031440458,3,0,15.8166666666667,2.43816988019136,20.9043251,0,0
s7_busy,fixed_packet,8,8,1,162.5,0.692820323027551,0.692820323027551,self_stable,0.01,0.9,0,1,1,0,0,0,1,NaN,1,316.333333333333,48.7633976038272,316.333333333333,48.7633976038272,316.333333333333,48.7633976038272,316.333333333333,48.7633976038272,0,0,0,0,1,0,0,0,833.874089656117,44.2752466281756,3.61453842061969,14.3429887763703,830.259551235497,45.7908662274821,833.874089656117,44.2752466281756,614.899999999907,118.303390939112,2074.69999999995,296.777090008278,3515.47999999997,819.661656679761,614.899999999907,118.303390939112,2074.69999999995,296.777090008278,3515.47999999997,819.661656679761,0.024660766961914,0.0677953114891089,67.3461643857698,2.85410011122974,7.89656172929058,1.14742736989849,427.295984654263,35.5861227235936,81.7961796992117,7.00093968460473,83.3999999999999,4.32356006612146e-14,162.5,0,0,0,316.333333333333,48.7633976038272,316.333333333333,48.7633976038272,316.333333333333,50.9298719009959,316.333333333333,48.7633976038272,316.333333333333,50.9298719009959,NaN,NaN,0.0514041666666667,0.00827610418391183,0.263816699999982,0.0438849026093434,0.212412533333316,0.0360572577953014,0.0514041666666667,0.00827610418391183,-0.0145720145720147,0.402515331789788,1,0,0.000978747751051677,0.00211809988452206,0.888206993723963,0.0358839550919782,803,80.5335837999161,310,38.5641878067797,1.98076954075793,0.0839441209185219,72116.7000000003,1384.93749706227,32974.5000000006,831.068373564027,72116.7000000003,1384.93749706227,26784.0999999726,1307.70896099422,58285.1999999406,2789.54475441799,1,0,1,0,1,0,0.00207618034398826,0.0044851771251322,3,0,15.8166666666667,2.43816988019136,85.4115772,0,0
sf_cb,fixed_packet,15,15,1,162.5,0.528840463202608,0.661825303382485,self_stable,0.625732474567597,0.7,0,1,1,0,0,0,1,NaN,1,589,38.803471516211,589,38.803471516211,589,38.803471516211,589,38.803471516211,0,0,0,0,1,0,0,0,710.086242240547,93.2847983492585,5.48374380810869,5.272404548184,704.602498432438,89.162759164325,710.086242240547,93.2847983492585,544,34.6223212423016,1600.275,456.138381112964,3563.01833333333,3542.74397073818,544,34.6223212423016,1600.275,456.138381112964,3563.01833333333,3542.74397073818,NaN,NaN,NaN,NaN,NaN,NaN,NaN,NaN,NaN,NaN,NaN,NaN,NaN,NaN,NaN,NaN,589,38.803471516211,589,38.803471516211,588,38.803471516211,589,38.803471516211,588,38.803471516211,NaN,NaN,0.0955833333333333,0.00616244340253593,0,0,0,0,0.0955833333333333,0.00616244340253593,0.268110522720412,0.486245657796019,1,0,1.88184861989515e+15,123251864579183,0.952048360313531,0.0319380605851751,936.666666666667,227.625285623699,204.666666666667,237.872670576944,1.35051885875282,0.432353486603298,NaN,NaN,NaN,NaN,NaN,NaN,NaN,NaN,NaN,NaN,1,0,1,0,1,0,0.00169860148098791,0.000113613291473262,5,0,29.45,1.94017357581055,3.4666369,0,0
sb_cb,fixed_packet,15,15,1,162.5,0.528840463202608,0.528840463202608,self_stable,0.0005,0.8,0,1,1,0,0,0,1,NaN,1,589,38.803471516211,589,38.803471516211,589,38.803471516211,589,38.803471516211,0,0,0,0,1,0,0,0,500.032319631541,93.963790153875,7.92719718688522,12.932614826908,492.105122444656,82.5909691923919,500.032319631541,93.963790153875,370,0,1165.9,500.394442876354,2979.91,2157.46035044768,370,0,1165.9,500.394442876354,2979.91,2157.46035044768,0,0,40.4146472586063,3.28912274523499,0,0,73.8246466023753,35.3774424666964,52.865828583674,44.1837349116963,162.5,0,162.5,0,0,0,589,38.803471516211,589,38.803471516211,588.333333333333,39.6166099442618,589,38.803471516211,588.333333333333,39.6166099442618,NaN,NaN,0.0956868333333333,0.00637599232174057,0.294215666666667,0.0468658828497634,0.196253833333333,0.0464112005355495,0.0979618333333333,0.00647017229104322,-0.0146360146360147,0.386736297794145,1,0,0.000729849297622323,0.00145407341551052,0.951910306596561,0.0314196979083245,978.666666666667,343.802625083412,218.666666666667,168.744703409544,1.37260165911172,0.300935615815023,3673.33333333333,4606.80598203629,NaN,NaN,3673.33333333333,4606.80598203629,NaN,NaN,NaN,NaN,1,0,1,0,1,0,0.00114211845372025,0.00245889515298195,5,0,29.45,1.94017357581055,232.7109436,0,0
unslotted,fixed_packet,15,15,1,162.5,0.387298334620742,0.249804953296681,self_stable,0.0005,0.387298334620742,0,1,1,0,0,0,1,NaN,1,589,38.803471516211,589,38.803471516211,589,38.803471516211,589,38.803471516211,0,0,0,0,1,0,0,0,466.564582510736,51.0540076434213,4.88603758161549,11.8333491707459,461.67854492912,39.3771804201979,466.564582510736,51.0540076434213,343.376885396816,0.616386944462924,1004.924983645,87.9790502539104,2717.67292368413,1584.40095362138,343.376885396816,0.616386944462924,1004.924983645,87.9790502539104,2717.67292368413,1584.40095362138,0,0,0,0,26.9940620487027,3.61281839315135,49.7947489327838,10.4174841669781,59.8897339476336,29.1611937382068,162.5,0,162.5,0,0,0,589,38.803471516211,589,38.803471516211,588.666666666667,40.4642573805096,589,38.803471516211,588.666666666667,40.4642573805096,NaN,NaN,0.0957087823235232,0.00636007555809352,0.274779449111154,0.0372305309001326,0.175766500120964,0.0298656306756852,0.0990129489901899,0.0097474436749851,0.0901542519469121,0.319202592554932,1,0,0.000619072474806855,0.00139973114910783,0.952188811980908,0.0324680863214691,1079,464.228115897501,256,107.336598134771,1.43452554386255,0.174789551321826,4872,6460.24442096678,NaN,NaN,4872,6460.24442096678,NaN,NaN,NaN,NaN,1,0,1,0,1,0,0.00169860148098791,0.000113613291473262,5,0,29.45,1.94017357581055,119.327405,0,0
s7_clean,fixed_packet,15,15,1,162.5,0.830312652444971,0.830312652444971,self_stable,0.0004,0.963492483998996,0,1,1,0,0,0,1,NaN,1,589,38.803471516211,589,38.803471516211,589,38.803471516211,589,38.803471516211,0,0,0,0,1,0,0,0,321.774805291001,20.8669435017598,1.72495186152519,3.10475648763299,320.049853429476,17.8346569047641,321.774805291001,20.8669435017598,281.900000000023,0,524.899999999967,59.1516954696897,910.039999999936,528.027652291736,281.900000000023,0,524.899999999967,59.1516954696897,910.039999999936,528.027652291736,0.0490445131393837,0.102108979996278,36.5955626362355,2.69936635864392,2.1941394637097,0.669140644080098,28.9443443498607,8.21470941874392,6.36676246653059,6.62138689149715,83.3999999999998,2.49620856803274e-14,162.5,0,0,0,589,38.803471516211,589,38.803471516211,589,39.0412886854702,589,38.803471516211,589,39.0412886854702,NaN,NaN,0.0957066333333333,0.00632894086304498,0.189418433333301,0.0073800431993305,0.0937117999999678,0.00784122516382557,0.0957066333333333,0.00632894086304498,0.0276280276280276,0.155023077963939,1,0,0.000683768057384619,0.0016205801186483,0.952595731926886,0.0324679956962755,764,108.024292931025,44.6666666666667,43.6200246756756,1.07634007753634,0.0793931281954095,1602,2858.20175231265,765.4,1303.67104530206,1602,2858.20175231265,587.399999999189,566.693667078924,1192.59999999837,1164.65465883996,1,0,1,0,1,0,0.0011148303192833,0.00239837391835334,5,0,29.45,1.94017357581055,27.9763164,0,0
s7_busy,fixed_packet,15,15,1,162.5,0.528840463202608,0.528840463202608,self_stable,0.006,0.827677252914336,0,1,1,0,0,0,1,NaN,1,589,38.803471516211,589,38.803471516211,589,38.803471516211,589,38.803471516211,0,0,0,0,1,0,0,0,1064.94515546158,66.5472074390038,16.1208090620381,21.1613904321056,1048.82434639954,73.7699570891377,1064.94515546158,66.5472074390038,782.899999999985,51.6318327569101,2734.54999999991,257.774058043083,4098.64999999995,492.148318685291,782.899999999985,51.6318327569101,2734.54999999991,257.774058043083,4098.64999999995,492.148318685291,0.0971130245885572,0.0837006156136969,73.3440590720266,7.74894576799233,17.3719931268575,2.90472740714898,615.602518628803,44.1796860486998,96.5086625472651,19.0077081485459,83.3999999999998,2.49620856803274e-14,162.5,0,0,0,589,38.803471516211,589,38.803471516211,588.333333333333,39.6166099442618,589,38.803471516211,588.333333333333,39.6166099442618,NaN,NaN,0.0956041666666667,0.00643769911594254,0.626746499999968,0.0525159241915949,0.531142333333301,0.0484016582044268,0.0956041666666667,0.00643769911594254,0.136904136904137,0.874616194639392,1,0,0.00093717304622573,0.00150590273141348,0.951910306596561,0.0314196979083245,1530.66666666667,148.848017097078,681.666666666667,147.410777495871,2.15717820800078,0.227910169646833,88101.0999999994,6617.4858151984,39667.2999999999,3017.18650129351,88101.0999999994,6617.4858151984,33036.7999999666,3720.39708102711,73051.1999999264,7563.2544320984,1,0,1,0,1,0,0.00114211845372025,0.00245889515298195,5,0,29.45,1.94017357581055,124.6934809,0,0
sf_cb,fixed_packet,25,25,1,162.5,0.251984209978975,0.251984209978975,self_stable_fallback_q252,0.02,0.282842712474619,0,1,1,0,0,0,1,NaN,1,979.666666666667,86.1366766570841,979.666666666667,86.1366766570841,979.666666666667,86.1366766570841,979.666666666667,86.1366766570841,0,0,0,0,1,0,0,0,1365.32238392413,13421.8116501078,50.8998533165775,5235.42687249141,1314.42253060755,8186.72942977662,1365.32238392413,13421.8116501078,954.083333333333,232.73660494044,5351.72499999998,7979.97151179026,92628.315,374037.518878485,954.083333333333,232.73660494044,5351.72499999998,7979.97151179026,92628.315,374037.518878485,NaN,NaN,NaN,NaN,NaN,NaN,NaN,NaN,NaN,NaN,NaN,NaN,NaN,NaN,NaN,NaN,979.666666666667,86.1366766570841,979.666666666667,86.1366766570841,967,58.7329171381394,979.666666666667,86.1366766570841,967,58.7329171381394,NaN,NaN,0.157095833333333,0.00970853476369296,0,0,0,0,0.157095833333333,0.00970853476369296,5.50920269908479,22.3413364004744,1,0,1.98330203436085e+16,6.12894033079103e+16,0.960118263580511,0.0224064397395024,4915,14024.9128723469,3677.66666666667,14004.0890788646,4.66171814419689,13.8647426076604,NaN,NaN,NaN,NaN,NaN,NaN,NaN,NaN,NaN,NaN,1,0,1,0,1,0,0.0132570709882081,0.0525813433997123,9.33333333333333,1.43421757658315,48.9833333333333,4.30683383285421,2.610934,0,0
sb_cb,fixed_packet,25,25,1,162.5,0.0963492483998996,0.0963492483998996,self_stable,0.0007,0.1,0,1,1,0,0,0,1,NaN,1,979.666666666667,86.1366766570841,979.666666666667,86.1366766570841,979.666666666667,86.1366766570841,979.666666666667,86.1366766570841,0,0,0,0,1,0,0,0,757.813698239416,242.739409341026,15.6625001980741,34.4794760968353,742.151198041342,209.28918196794,757.813698239416,242.739409341026,502,12.9079581892484,1977.1,1027.13531203574,4096.36,5051.78609092175,502,12.9079581892484,1977.1,1027.13531203574,4096.36,5051.78609092175,0,0,56.3733605665991,14.5847572685017,0,0,296.844371808771,130.596233669709,63.933465665971,64.1381486797367,162.5,0,162.5,0,0,0,979.666666666667,86.1366766570841,979.666666666667,86.1366766570841,979.333333333333,88.1898043735305,979.666666666667,86.1366766570841,979.333333333333,88.1898043735305,NaN,NaN,0.159141666666667,0.0143308432106987,0.744113666666667,0.293831855885993,0.580042833333333,0.276947691571424,0.164070833333333,0.0182025957143683,-0.08214620497905,1.07045606861686,1,0,0.000322546695971068,0.000148877144785396,0.959918635304196,0.0227995840686435,1774.66666666667,592.373529844471,497.333333333333,544.572243852851,1.50369244542996,0.514985470322356,7946,7019.27991260164,NaN,NaN,7946,7019.27991260164,NaN,NaN,NaN,NaN,1,0,1,0,1,0,0.00102162125275834,9.11678467038509e-05,9.33333333333333,1.43421757658315,48.9833333333333,4.30683383285421,878.1331009,0,0
unslotted,fixed_packet,25,25,1,162.5,0.0661825303382485,0.0863081414249492,self_stable,0.0729942725678815,0.09,0,1,1,0,0,0,1,NaN,1,979.666666666667,86.1366766570841,979.666666666667,86.1366766570841,979.666666666667,86.1366766570841,979.666666666667,86.1366766570841,0,0,0,0,1,0,0,0,905.902487821448,380.811840689007,31.2629772367507,49.979351321875,874.639510584698,331.11308319961,905.902487821448,380.811840689007,537.125692095928,55.562961393449,2600.32752455391,1746.21489566007,7176.77136098651,7728.68889269463,537.125692095928,55.562961393449,2600.32752455391,1746.21489566007,7176.77136098651,7728.68889269463,0,0,0,0,300.338726139527,130.771089907397,148.093133509202,107.421176268625,101.207650935969,94.5270583317595,162.5,0,162.5,0,0,0,979.666666666667,86.1366766570841,979.666666666667,86.1366766570841,979.666666666667,89.233232601816,979.666666666667,86.1366766570841,979.666666666667,89.233232601816,NaN,NaN,0.159163234921191,0.0143611669807284,0.890564449213807,0.43399369548856,0.722247047625949,0.415446609565187,0.168317401587858,0.0191722790930442,0.219920058543237,5.23080330471712,1,0,0.000357015730707693,0.000666971492149549,0.959891138172139,0.022824967347233,2093,631.874987636004,781.333333333333,786.834036229877,1.79186594833513,0.760956528546221,11793.3333333333,7337.86069464895,NaN,NaN,11793.3333333333,7337.86069464895,NaN,NaN,NaN,NaN,1,0,1,0,1,0,0.00135230908344617,0.00136081562351076,9.33333333333333,1.43421757658315,48.9833333333333,4.30683383285421,144.9541295,0,0
s7_clean,fixed_packet,25,25,1,162.5,0.625732474567597,0.625732474567597,self_stable,0.0008,0.9,0,1,1,0,0,0,1,NaN,1,979.666666666667,86.1366766570841,979.666666666667,86.1366766570841,979.666666666667,86.1366766570841,979.666666666667,86.1366766570841,0,0,0,0,1,0,0,0,366.89997757285,15.2584812110798,2.00495411263023,3.22837772373125,364.895023460219,13.1199530570421,366.89997757285,15.2584812110798,290.899999999907,0,703.549999999924,232.474978802564,1279.03999999991,165.879467083783,290.899999999907,0,703.549999999924,232.474978802564,1279.03999999991,165.879467083783,0.0520862124361329,0.0349739851545645,37.8849828301741,2.06565904585029,5.86098128315185,1.38404879380933,65.6673387804421,5.8958125167276,9.52963435401533,5.06694013011512,83.4000000000001,1.47677690437386e-13,162.5,0,0,0,979.666666666667,86.1366766570841,979.666666666667,86.1366766570841,979.666666666667,86.8146008962485,979.666666666667,86.1366766570841,979.666666666667,86.8146008962485,NaN,NaN,0.159187166666667,0.0140000087803961,0.359391366666612,0.0313039952419155,0.200204199999945,0.0199490931202847,0.159187166666667,0.0140000087803961,-0.0621600621600623,0.143666764398983,1,0,5.88984563493026e-05,0.000157588147575388,0.95984211324857,0.0230443861667768,1310,95.469778634281,111.666666666667,55.3429607524146,1.11426420088747,0.0607546778191263,3738,2068.91833983922,1780,865.638875080876,3738,2068.91833983922,1415.09999999831,578.220820206635,2981.49999999635,1477.65705208456,1,0,1,0,1,0,0.000667388167388167,0.00143594454491074,9.33333333333333,1.43421757658315,48.9833333333333,4.30683383285421,34.5774417,0,0
s7_busy,fixed_packet,25,25,1,162.5,0.282842712474619,0.282842712474619,self_stable,0.02,0.282842712474619,0,1,1,0,0,0,1,NaN,1,979.666666666667,86.1366766570841,979.666666666667,86.1366766570841,979.666666666667,86.1366766570841,979.666666666667,86.1366766570841,0,0,0,0,1,0,0,0,2046.93753174291,433.560742309151,88.0603491170216,48.9287086726538,1958.87718262589,395.966572798347,2046.93753174291,433.560742309151,1337.89999999997,169.286284600399,6126.79999999996,1234.61836707053,9838.30999999995,2105.02469646394,1337.89999999997,169.286284600399,6126.79999999996,1234.61836707053,9838.30999999995,2105.02469646394,0.296117361947522,0.161551282847632,90.7538373973018,22.8245132252555,61.4781256469354,16.5146849902391,1421.23527754514,301.458223230746,139.213824674558,55.9871883231269,83.4000000000001,1.47677690437386e-13,162.5,0,0,0,979.666666666667,86.1366766570841,979.666666666667,86.1366766570841,979.333333333333,91.3518915576907,979.666666666667,86.1366766570841,979.333333333333,91.3518915576907,NaN,NaN,0.159141666666667,0.0148446823781248,2.00794639999994,0.550299515177369,1.84880473333328,0.539061678138679,0.159141666666667,0.0148446823781248,0.543976543976544,2.80990912356984,1,0,0.00247927621879389,0.00394400105495195,0.960158619765543,0.0213433529253591,3136,936.75709938482,1639,744.027237347215,2.66923051168535,0.671309212507515,127590.399999998,24589.3579470811,54619.2999999982,8339.83469401969,127590.399999998,24589.3579470811,45087.3999999528,5855.66761277608,105304.799999891,18305.5068322752,1,0,1,0,1,0,0.00237393033620451,0.0013022297530224,9.33333333333333,1.43421757658315,48.9833333333333,4.30683383285421,191.8735129,0,0
sf_cb,fixed_packet,30,30,1,162.5,0.1200936955176,0.144224957030741,self_stable,0.02,0.2,0,1,1,0,0,0,1,NaN,1,1224.66666666667,108.461370754149,1224.66666666667,108.461370754149,1224.66666666667,108.461370754149,1224.66666666667,108.461370754149,0,0,0,0,1,0,0,0,3121.24413666965,557.241769283622,266.624453286831,127.273448099501,2854.61968338281,477.328844870611,3121.24413666965,557.241769283622,2132.08333333333,495.031966434515,9228.86666666666,2020.79030863618,15473.3616666667,6039.19436712464,2132.08333333333,495.031966434515,9228.86666666666,2020.79030863618,15473.3616666667,6039.19436712464,NaN,NaN,NaN,NaN,NaN,NaN,NaN,NaN,NaN,NaN,NaN,NaN,NaN,NaN,NaN,NaN,1224.66666666667,108.461370754149,1224.66666666667,108.461370754149,1225,95.469778634281,1224.66666666667,108.461370754149,1225,95.469778634281,NaN,NaN,0.1990625,0.0155138390280706,0,0,0,0,0.1990625,0.0155138390280706,0.777769283750959,2.75056662472278,1,0,1.72143272802802e+16,3.44004642628128e+15,0.969167454576653,0.034360295023206,2254,465.064814892808,653,278.876960278828,1.53331479106049,0.221407914253298,NaN,NaN,NaN,NaN,NaN,NaN,NaN,NaN,NaN,NaN,1,0,1,0,1,0,0.00302803590672377,0.00666342723614265,11.6666666666667,1.43421757658315,61.2333333333333,5.42306853770744,2.7319251,0,0
sb_cb,fixed_packet,30,30,1,162.5,0.06,0.07,self_stable,0.07,0.07,0,1,1,0,0,0,1,NaN,1,1224.66666666667,108.461370754149,1224.66666666667,108.461370754149,1224.66666666667,108.461370754149,1224.66666666667,108.461370754149,0,0,0,0,1,0,0,0,964.509539601972,399.129898613431,36.3741142931546,87.1742988056047,928.135425308818,311.982789348289,964.509539601972,399.129898613431,628,12.9079581892484,2468.5,1248.82410845009,7092.28,13085.939522789,628,12.9079581892484,2468.5,1248.82410845009,7092.28,13085.939522789,0,0,69.0327777931779,21.3666427811662,0,0,469.690916936489,223.072552211821,64.4117305791511,68.9989778323939,162.5,0,162.5,0,0,0,1224.66666666667,108.461370754149,1224.66666666667,108.461370754149,1224.33333333333,107.173581810895,1224.66666666667,108.461370754149,1224.33333333333,107.173581810895,NaN,NaN,0.198954166666667,0.0174157070442704,1.17657166666667,0.375372866337822,0.971225833333333,0.388210533578474,0.205345833333333,0.0129322249489262,0.290419305656221,1.88414031938191,1,0,0.000476660119894023,0.00103147151152435,0.969097439218551,0.0339097080020058,2202,486.085515321253,632.333333333333,580.248699013236,1.521350009822,0.53010125207957,9526.5,7838.71603360879,NaN,NaN,9526.5,7838.71603360879,NaN,NaN,NaN,NaN,1,0,1,0,1,0,0.00079874762521506,0.00197629124967186,11.6666666666667,1.43421757658315,61.2333333333333,5.42306853770744,1335.7606723,0,0
unslotted,fixed_packet,30,30,1,162.5,0.03,0.03,self_stable,0.0007,0.0369862238859465,0,1,1,0,0,0,1,NaN,1,1224.66666666667,108.461370754149,1224.66666666667,108.461370754149,1224.66666666667,108.461370754149,1224.66666666667,108.461370754149,0,0,0,0,1,0,0,0,1085.27809874918,187.996896033429,23.9663373199982,21.2947720328319,1061.31176142918,171.714184498475,1085.27809874918,187.996896033429,765.470756985383,57.4216006998746,3013.38959462194,1194.1736779218,5040.48823193546,2842.92248238358,765.470756985383,57.4216006998746,3013.38959462194,1194.1736779218,5040.48823193546,2842.92248238358,0,0,0,0,665.458496156757,158.468134363534,19.7463630798534,14.386954224345,51.1069021925728,24.975939212171,162.5,0,162.5,0,0,0,1224.66666666667,108.461370754149,1224.66666666667,108.461370754149,1225,106.644468844112,1224.66666666667,108.461370754149,1225,106.644468844112,NaN,NaN,0.1990625,0.0173297261871682,1.32699523949225,0.120998743240991,1.12343690615891,0.13208040804494,0.203558333333333,0.0142852880971481,0.426107347891799,1.19626028165136,1,0,0.000341607380925389,0.00044918683113702,0.969016129201666,0.0338571389522641,2075.33333333333,55.8976985801088,523,190.356929697242,1.42888581431904,0.196280990822865,7888,1661.22100985683,NaN,NaN,7888,1661.22100985683,NaN,NaN,NaN,NaN,1,0,1,0,1,0,0.000817253919047612,7.37086446631795e-05,11.6666666666667,1.43421757658315,61.2333333333333,5.42306853770744,104.1415161,0,0
s7_clean,fixed_packet,30,30,1,162.5,0.5,0.5,self_stable,0.0006,0.9,0,1,1,0,0,0,1,NaN,1,1224.66666666667,108.461370754149,1224.66666666667,108.461370754149,1224.66666666667,108.461370754149,1224.66666666667,108.461370754149,0,0,0,0,1,0,0,0,385.62467434535,16.8497340416371,3.50076507198104,0.955037456537438,382.123909273369,16.2316815103613,385.62467434535,16.8497340416371,299.899999999907,0,782.899999999975,164.797778177784,1427.74999999998,108.669140124568,299.899999999907,0,782.899999999975,164.797778177784,1427.74999999998,108.669140124568,0.0800440386890049,0.0435182425049777,37.5794537465174,1.64725010900528,9.85020291425066,0.850093487165515,79.9340190898074,10.1193843996514,8.78018948410435,4.04060762032471,83.4000000000004,9.33995722750812e-14,162.5,0,0,0,1224.66666666667,108.461370754149,1224.66666666667,108.461370754149,1224.66666666667,108.062369877195,1224.66666666667,108.461370754149,1224.66666666667,108.062369877195,NaN,NaN,0.199026666666667,0.0176127275984001,0.4722928666666,0.0478973432276233,0.273266199999933,0.0328528648273128,0.199026666666667,0.0176127275984001,0.122312122312122,0.289764946883931,1,0,0.000174069326382381,0.000397768782287945,0.969071091030079,0.0338009683870979,1640.66666666667,134.449770326099,129,62.4996410246101,1.10527805136816,0.0484485326178021,4521.2,1363.05885776938,2171.6,727.57857660063,4521.2,1363.05885776938,1646.49999999843,880.753013779389,3444.29999999665,1668.74041535646,1,0,1,0,1,0,0.0005335659757852,0.00114793658427433,11.6666666666667,1.43421757658315,61.2333333333333,5.42306853770744,39.6785803,0,0
s7_busy,fixed_packet,30,30,1,162.5,0.153261886478711,0.175078203371357,self_stable,0.02,0.175078203371357,0,1,1,0,0,0,1,NaN,1,1224.66666666667,108.461370754149,1224.66666666667,108.461370754149,1224.66666666667,108.461370754149,1224.66666666667,108.461370754149,0,0,0,0,1,0,0,0,4558.07239930022,1472.20477875721,516.917639312719,392.386951390405,4041.1547599875,1083.44243362843,4558.07239930022,1472.20477875721,3077.89999999995,807.444115713152,14040.4999999999,5464.86376214875,20750.5999999999,7240.9195821346,3077.89999999995,807.444115713152,14040.4999999999,5464.86376214875,20750.5999999999,7240.9195821346,0.752937534641843,0.24552531137812,112.845944413685,34.676774665791,168.121820691577,53.868613056491,3320.12959369755,909.885338873285,193.40446365004,85.0600884449108,83.4000000000004,9.33995722750812e-14,162.5,0,0,0,1224.66666666667,108.461370754149,1224.66666666667,108.461370754149,1223.33333333333,93.5215440541867,1224.66666666667,108.461370754149,1223.33333333333,93.5215440541867,NaN,NaN,0.198791666666667,0.0151972509088053,5.57283599999998,1.87021193115743,5.37404433333332,1.86840622577489,0.198791666666667,0.0151972509088053,3.56154356154356,4.89456840431209,1,0,0.00511707201030092,0.0104358123429524,0.968940438751482,0.0334881649780061,4910.66666666667,1279.14118045826,2837.33333333333,1242.64835282349,3.31899836510839,1.01990513722915,176584.899999996,36764.6371162098,72739.6999999963,11781.9298820311,176584.899999996,36764.6371162098,60039.3999999358,11613.4485475378,145408.199999844,37082.1954485451,1,0,1,0,1,0,0.00380507456118079,0.00894568942117321,11.6666666666667,1.43421757658315,61.2333333333333,5.42306853770744,216.0589297,0,0
sf_cb,fixed_packet,45,45,1,162.5,NaN,NaN,no_stable_q,NaN,NaN,0,1,1,0,0,0,0,NaN,0,NaN,NaN,NaN,NaN,NaN,NaN,NaN,NaN,NaN,NaN,NaN,NaN,NaN,NaN,NaN,NaN,NaN,NaN,NaN,NaN,NaN,NaN,NaN,NaN,NaN,NaN,NaN,NaN,NaN,NaN,NaN,NaN,NaN,NaN,NaN,NaN,NaN,NaN,NaN,NaN,NaN,NaN,NaN,NaN,NaN,NaN,NaN,NaN,NaN,NaN,NaN,NaN,NaN,NaN,NaN,NaN,NaN,NaN,NaN,NaN,NaN,NaN,NaN,NaN,NaN,NaN,NaN,NaN,NaN,NaN,NaN,NaN,NaN,NaN,NaN,NaN,NaN,NaN,NaN,NaN,NaN,NaN,NaN,NaN,NaN,NaN,NaN,NaN,NaN,NaN,NaN,NaN,NaN,NaN,NaN,NaN,NaN,NaN,NaN,NaN,NaN,NaN,NaN,NaN,NaN,NaN,NaN,NaN,2.8288023,0,0
sb_cb,fixed_packet,45,45,1,162.5,0.0102811198957876,0.0102811198957876,self_stable,0.002,0.0117446029235066,0,1,1,0,0,0,1,NaN,1,1797.33333333333,18.8095871778349,1797.33333333333,18.8095871778349,1797.33333333333,18.8095871778349,1797.33333333333,18.8095871778349,0,0,0,0,1,0,0,0,5400.85952044432,1957.63122975017,1153.20649643985,873.308341158842,4247.65302400447,1088.08907134488,5400.85952044432,1957.63122975017,3409,935.893731640017,16871.2,7404.93550005668,28468.96,12946.5540697748,3409,935.893731640017,16871.2,7404.93550005668,28468.96,12946.5540697748,0,0,342.393919690832,104.787238159714,0,0,3466.67960003037,930.250919302626,113.579504283265,54.1300512802176,162.5,0,162.5,0,0,0,1797.33333333333,18.8095871778349,1797.33333333333,18.8095871778349,1795,41.7896646119117,1797.33333333333,18.8095871778349,1795,41.7896646119117,NaN,NaN,0.291722166666667,0.00672025097349226,9.69226966666667,3.34714243952595,9.38771,3.34010175396838,0.304559666666667,0.00728176162157146,11.3436673436673,38.511799146378,1,0,0.00607278833212225,0.0110100373984111,0.975411213663767,0.0143079592860099,4198.33333333333,670.580694052898,1742,749.419513248492,1.96935233115244,0.420389417315227,27119.8333333333,8539.87965305155,NaN,NaN,27119.8333333333,8539.87965305155,NaN,NaN,NaN,NaN,1,0,1,0,1,0,0.00426424973394766,0.00623895547710838,17.3333333333333,1.43421757658315,89.8666666666667,0.94047935889175,1328.9517731,0,0
unslotted,fixed_packet,45,45,1,162.5,0.00863081414249491,0.00863081414249491,self_stable,0.002,0.009,0,1,1,0,0,0,1,NaN,1,1797.33333333333,18.8095871778349,1797.33333333333,18.8095871778349,1797.33333333333,18.8095871778349,1797.33333333333,18.8095871778349,0,0,0,0,1,0,0,0,6243.84542590285,2100.29486736732,1438.647087528,1056.62124446477,4805.19833837485,1052.96383594105,6243.84542590285,2100.29486736732,3743.53016357095,488.76411765474,20573.9138109572,11538.4529243669,36340.3579790828,29591.7608257934,3743.53016357095,488.76411765474,20573.9138109572,11538.4529243669,36340.3579790828,29591.7608257934,0,0,0,0,10633.629749953,2705.90085298111,-6302.75435196666,1732.36035804985,149.322940388531,62.6242503692881,162.5,0,162.5,0,0,0,1797.33333333333,18.8095871778349,1797.33333333333,18.8095871778349,1804.66666666667,44.5300884226471,1797.33333333333,18.8095871778349,1804.66666666667,44.5300884226471,NaN,NaN,0.293257102964854,0.00724142497926362,11.3324992206774,3.79386048535362,11.0219629510459,3.78294265188197,0.310536269631521,0.0119587639042932,26.4884704884705,52.3251337329881,1,0,0.0127149470469168,0.0342512239218853,0.976213776396353,0.0156172956230023,4693.66666666667,1132.42444953433,2242,880.692511121389,2.24690493281715,0.476824265794625,33383.8333333333,14734.7911653062,NaN,NaN,33383.8333333333,14734.7911653062,NaN,NaN,NaN,NaN,1,0,1,0,1,0,0.00704988543082577,0.00891708950258975,17.3333333333333,1.43421757658315,89.8666666666667,0.94047935889175,135.1895569,0,0
s7_clean,fixed_packet,45,45,1,162.5,0.3,0.3,self_stable,0.001,0.6,0,1,1,0,0,0,1,NaN,1,1797.33333333333,18.8095871778349,1797.33333333333,18.8095871778349,1797.33333333333,18.8095871778349,1797.33333333333,18.8095871778349,0,0,0,0,1,0,0,0,528.889838515511,67.9495890880476,9.11784025127178,9.58242564522682,519.771998264239,58.3730484147597,528.889838515511,67.9495890880476,365.899999999907,12.9079581892484,1310.29999999995,323.225170383067,2453.47999999996,1833.14379529141,365.899999999907,12.9079581892484,1310.29999999995,323.225170383067,2453.47999999996,1833.14379529141,0.121106761333914,0.0734957168576518,39.9849276488875,3.13841297756541,25.0234823789709,0.870627005222991,194.061806006894,46.8921353083891,14.6806754681533,7.69834242143985,83.4000000000007,0,162.5,0,0,0,1797.33333333333,18.8095871778349,1797.33333333333,18.8095871778349,1798,16.289580330703,1797.33333333333,18.8095871778349,1798,16.289580330703,NaN,NaN,0.2921276,0.00265965033293918,0.950735866666567,0.123235739238613,0.658608266666567,0.122742039062335,0.2921276,0.00265965033293918,0.0387800387800388,1.02961300546151,1,0,0.000576271468191021,0.00131572635436743,0.976509059713872,0.0122609074456918,2536,189.235212928159,316.333333333333,164.860175581847,1.17602728379081,0.0923062640460415,10493.1,5448.46877402616,4948.39999999998,2350.92822791774,10493.1,5448.46877402616,4004.99999999608,1918.88813839819,8446.09999999169,4401.76668803095,1,0,1,0,1,0,0.000741983552903674,0.00211616249068303,17.3333333333333,1.43421757658315,89.8666666666667,0.94047935889175,60.8892525,0,0
s7_busy,fixed_packet,45,45,1,162.5,NaN,NaN,no_stable_q,NaN,NaN,0,1,1,0,0,0,0,NaN,0,NaN,NaN,NaN,NaN,NaN,NaN,NaN,NaN,NaN,NaN,NaN,NaN,NaN,NaN,NaN,NaN,NaN,NaN,NaN,NaN,NaN,NaN,NaN,NaN,NaN,NaN,NaN,NaN,NaN,NaN,NaN,NaN,NaN,NaN,NaN,NaN,NaN,NaN,NaN,NaN,NaN,NaN,NaN,NaN,NaN,NaN,NaN,NaN,NaN,NaN,NaN,NaN,NaN,NaN,NaN,NaN,NaN,NaN,NaN,NaN,NaN,NaN,NaN,NaN,NaN,NaN,NaN,NaN,NaN,NaN,NaN,NaN,NaN,NaN,NaN,NaN,NaN,NaN,NaN,NaN,NaN,NaN,NaN,NaN,NaN,NaN,NaN,NaN,NaN,NaN,NaN,NaN,NaN,NaN,NaN,NaN,NaN,NaN,NaN,NaN,NaN,NaN,NaN,NaN,NaN,NaN,NaN,NaN,101.33424,0,0
sf_cf,fixed_packet,8,8,1,162.5,0.7,0.7,self_stable,0.660385449778925,0.726848237132856,0,1,1,0,0,0,1,NaN,1,316.333333333333,48.7633976038272,316.333333333333,48.7633976038272,316.333333333333,48.7633976038272,316.333333333333,48.7633976038272,0,0,0,0,1,0,0,0,333.353376210971,33.175513735131,0.205998033431662,0.88633800086776,333.147378177539,33.057575877518,333.353376210971,33.175513735131,281.166666666667,10.7087178586719,697.7,195.550783811125,976.126666666667,183.828322455748,281.166666666667,10.7087178586719,697.7,195.550783811125,976.126666666667,183.828322455748,NaN,NaN,NaN,NaN,NaN,NaN,NaN,NaN,NaN,NaN,NaN,NaN,NaN,NaN,NaN,NaN,316.333333333333,48.7633976038272,316.333333333333,48.7633976038272,316.666666666667,50.1976151804104,316.333333333333,48.7633976038272,316.666666666667,50.1976151804104,NaN,NaN,0.0514583333333333,0.00815711246681669,0,0,0,0,0.0514583333333333,0.00815711246681669,0.0312130594799823,0.0400257947237716,1,0,475023175496406,92145033715258.5,0.887743666473456,0.0348871918823281,426,47.9123130686647,26.6666666666667,51.7114501254226,1.0852394538743,0.172400180763343,NaN,NaN,NaN,NaN,NaN,NaN,NaN,NaN,NaN,NaN,1,0,1,0,1,0,0.000983284169124877,0.00423073031440458,3,0,15.8166666666667,2.43816988019136,2.0746079,0,1
sb_cf,fixed_packet,8,8,1,162.5,0.025,0.028039657955522,self_stable,0.028039657955522,0.028039657955522,0,1,1,0,0,0,1,NaN,1,316.333333333333,48.7633976038272,316.333333333333,48.7633976038272,316.333333333333,48.7633976038272,316.333333333333,48.7633976038272,0,0,0,0,1,0,0,0,773.539199187582,286.775130182536,1.11602753195674,4.8018789068492,772.423171655625,288.457060535672,773.539199187582,286.775130182536,492.5,51.6318327569935,2120.75,1877.92770658347,5426.51,5553.12687634632,492.5,51.6318327569935,2120.75,1877.92770658347,5426.51,5553.12687634632,0,0,48.1374276641359,19.1428080244878,0,0,494.217155890839,180.852914129875,67.5685881006496,91.4913618817433,0,0,162.5,0,0,0,316.333333333333,48.7633976038272,316.333333333333,48.7633976038272,316,51.6915572798604,316.333333333333,48.7633976038272,316,51.6915572798604,NaN,NaN,0.05135,0.00839987805797732,0.244023333333333,0.0835227525475608,0.244023333333333,0.0835227525475608,0,0,-0.186438929767054,0.437099915186624,1,0,0.0019554201360752,0.00524949482673634,0.88774979868289,0.0348998265056713,538,139.178235355177,131,169.413820968192,1.415806696004,0.563023765426112,24212.5,22399.27066645,NaN,NaN,24212.5,22399.27066645,NaN,NaN,NaN,NaN,1,0,1,0,1,0,0.00316907651885165,0.00815835710881361,3,0,15.8166666666667,2.43816988019136,461.7670114,0,1
sf_cf,fixed_packet,15,15,1,162.5,0.5,0.591607978309962,self_stable,0.005,0.591607978309962,0,1,1,0,0,0,1,NaN,1,589,38.803471516211,589,38.803471516211,589,38.803471516211,589,38.803471516211,0,0,0,0,1,0,0,0,499.584298143803,41.6140224420162,3.74794231737632,4.8868522888362,495.836355826427,45.7236373039713,499.584298143803,41.6140224420162,381.833333333333,61.1311583279633,1213.26666666667,130.719372928,2083.68,223.970094765228,381.833333333333,61.1311583279633,1213.26666666667,130.719372928,2083.68,223.970094765228,NaN,NaN,NaN,NaN,NaN,NaN,NaN,NaN,NaN,NaN,NaN,NaN,NaN,NaN,NaN,NaN,589,38.803471516211,589,38.803471516211,588.333333333333,37.3723087150026,589,38.803471516211,588.333333333333,37.3723087150026,NaN,NaN,0.0956375,0.00615396235533987,0,0,0,0,0.0956375,0.00615396235533987,0.082323604288481,0.235294961768381,1,0,1.32589801089471e+15,190749865226960,0.952455280259508,0.0319545283902524,887.666666666667,79.2332198885235,165.666666666667,43.4073004481243,1.28190187339981,0.0926670716708499,NaN,NaN,NaN,NaN,NaN,NaN,NaN,NaN,NaN,NaN,1,0,1,0,1,0,0.0011148303192833,0.00239837391835334,5,0,29.45,1.94017357581055,2.966611,0,1
sb_cf,fixed_packet,15,15,1,162.5,0.009,0.0153261886478711,self_stable,0.0153261886478711,0.0153261886478711,0,1,1,0,0,0,1,NaN,1,589,38.803471516211,589,38.803471516211,589,38.803471516211,589,38.803471516211,0,0,0,0,1,0,0,0,1583.76161405309,126.162827933466,25.1854952810848,13.9571513717488,1558.57611877201,114.782305556006,1583.76161405309,126.162827933466,1134.5,198.715490472802,4565.3,455.36378694571,6892.57999999999,2137.15168505616,1134.5,198.715490472802,4565.3,455.36378694571,6892.57999999999,2137.15168505616,0,0,44.6873971535377,3.3505056318876,0,0,1300.30924992877,96.3943248235238,51.0794716897024,16.0134460347569,0,0,162.5,0,0,0,589,38.803471516211,589,38.803471516211,588,36.7618810377801,589,38.803471516211,588,36.7618810377801,NaN,NaN,0.09555,0.00597380566863927,0.932757666666667,0.0974679093977548,0.932757666666667,0.0974679093977548,0,0,0.35020435020435,1.00743518570341,1,0,0.00200405156497087,0.00214741819039878,0.95241654435796,0.0315253367561825,967.666666666667,122.715732476121,185.333333333333,64.7942612913851,1.31433521039817,0.0985442832908116,42845.8333333333,19760.7146861496,NaN,NaN,42845.8333333333,19760.7146861496,NaN,NaN,NaN,NaN,1,0,1,0,1,0,0.00167317761129894,0.0041610424244115,5,0,29.45,1.94017357581055,689.0983852,0,1
sf_cf,fixed_packet,25,25,1,162.5,0.326660066636101,0.421716332650875,self_stable,0.421716332650875,0.421716332650875,0,1,1,0,0,0,1,NaN,1,979.666666666667,86.1366766570841,979.666666666667,86.1366766570841,979.666666666667,86.1366766570841,979.666666666667,86.1366766570841,0,0,0,0,1,0,0,0,785.538528483561,236.39477611399,16.3834042246768,35.2590053586617,769.155124258884,201.762008731828,785.538528483561,236.39477611399,556.416666666667,88.9886933020849,2135.95,1047.80286001783,3842.215,3937.79395774234,556.416666666667,88.9886933020849,2135.95,1047.80286001783,3842.215,3937.79395774234,NaN,NaN,NaN,NaN,NaN,NaN,NaN,NaN,NaN,NaN,NaN,NaN,NaN,NaN,NaN,NaN,979.666666666667,86.1366766570841,979.666666666667,86.1366766570841,977.333333333333,87.5225327112608,979.666666666667,86.1366766570841,977.333333333333,87.5225327112608,NaN,NaN,0.15885,0.0142395759594264,0,0,0,0,0.15885,0.0142395759594264,0.12946081245274,1.70688053398043,1,0,3.46626375780005e+15,1.1084175238065e+15,0.959597533852347,0.0216232570315957,1625.33333333333,370.847178268393,380.333333333333,406.97676981382,1.38775241663127,0.406127615851911,NaN,NaN,NaN,NaN,NaN,NaN,NaN,NaN,NaN,NaN,1,0,1,0,1,0,0.00370921144034853,0.00947411178510748,9.33333333333333,1.43421757658315,48.9833333333333,4.30683383285421,2.4622851,0,1
sb_cf,fixed_packet,25,25,1,162.5,0.0020800838230519,0.0020800838230519,self_stable,0.0008,0.00249804953296681,0,1,1,0,0,0,1,NaN,1,979.666666666667,86.1366766570841,979.666666666667,86.1366766570841,979.666666666667,86.1366766570841,979.666666666667,86.1366766570841,0,0,0,0,1,0,0,0,10329.6638715606,3468.77730635296,2084.63941512373,1560.44772361148,8245.02445643687,1983.98693088742,10329.6638715606,3468.77730635296,6974,1366.3700225274,31967,17998.1343295951,50255.48,31233.9969549226,6974,1366.3700225274,31967,17998.1343295951,50255.48,31233.9969549226,0,0,61.2356473239045,11.8265170738789,0,0,7891.11843587372,1916.03136924569,130.170373239249,56.5237948383917,0,0,162.5,0,0,0,979.666666666667,86.1366766570841,979.666666666667,86.1366766570841,977.666666666667,72.5237754512132,979.666666666667,86.1366766570841,977.666666666667,72.5237754512132,NaN,NaN,0.158870833333333,0.0117851135108221,10.1229098333333,3.75608401339883,10.1229098333333,3.75608401339883,0,0,17.006605006605,61.3846669121011,1,0,0.00619082404781428,0.00934740869782686,0.958183699642134,0.0173272448094389,2116.33333333333,328.47340064117,786,379.545026776043,1.80104845070307,0.347838737467026,153779.166666667,45628.075365657,NaN,NaN,153779.166666667,45628.075365657,NaN,NaN,NaN,NaN,1,0,1,0,1,0,0.0060410542344655,0.0126162713518635,9.33333333333333,1.43421757658315,48.9833333333333,4.30683383285421,675.0170651,0,1
sf_cf,fixed_packet,30,30,1,162.5,0.282842712474619,0.3,self_stable,0.008,0.3,0,1,1,0,0,0,1,NaN,1,1224.66666666667,108.461370754149,1224.66666666667,108.461370754149,1224.66666666667,108.461370754149,1224.66666666667,108.461370754149,0,0,0,0,1,0,0,0,990.191024613485,187.366421591287,24.5523556086737,22.4799538546735,965.638669004812,165.541888920164,990.191024613485,187.366421591287,657,49.729310004305,2915.54166666667,1236.85740276255,5456.24166666666,4099.65946533703,657,49.729310004305,2915.54166666667,1236.85740276255,5456.24166666666,4099.65946533703,NaN,NaN,NaN,NaN,NaN,NaN,NaN,NaN,NaN,NaN,NaN,NaN,NaN,NaN,NaN,NaN,1224.66666666667,108.461370754149,1224.66666666667,108.461370754149,1224.33333333333,107.173581810895,1224.66666666667,108.461370754149,1224.33333333333,107.173581810895,NaN,NaN,0.1989875,0.0175043596523154,0,0,0,0,0.1989875,0.0175043596523154,-0.178288941129023,1.14565087905657,1,0,5.4515442985372e+15,539780168687864,0.969097439218551,0.0339097080020058,2241.33333333333,209.159871514236,666,365.328747865664,1.54719661566179,0.352854496877647,NaN,NaN,NaN,NaN,NaN,NaN,NaN,NaN,NaN,NaN,1,0,1,0,1,0,0.00079874762521506,0.00197629124967186,11.6666666666667,1.43421757658315,61.2333333333333,5.42306853770744,5.3824235,0,1
sb_cf,fixed_packet,30,30,1,162.5,NaN,NaN,no_stable_q,NaN,NaN,0,1,1,0,0,0,0,NaN,0,NaN,NaN,NaN,NaN,NaN,NaN,NaN,NaN,NaN,NaN,NaN,NaN,NaN,NaN,NaN,NaN,NaN,NaN,NaN,NaN,NaN,NaN,NaN,NaN,NaN,NaN,NaN,NaN,NaN,NaN,NaN,NaN,NaN,NaN,NaN,NaN,NaN,NaN,NaN,NaN,NaN,NaN,NaN,NaN,NaN,NaN,NaN,NaN,NaN,NaN,NaN,NaN,NaN,NaN,NaN,NaN,NaN,NaN,NaN,NaN,NaN,NaN,NaN,NaN,NaN,NaN,NaN,NaN,NaN,NaN,NaN,NaN,NaN,NaN,NaN,NaN,NaN,NaN,NaN,NaN,NaN,NaN,NaN,NaN,NaN,NaN,NaN,NaN,NaN,NaN,NaN,NaN,NaN,NaN,NaN,NaN,NaN,NaN,NaN,NaN,NaN,NaN,NaN,NaN,NaN,NaN,NaN,NaN,731.8941402,0,1
sf_cf,fixed_packet,45,45,1,162.5,0.0963492483998996,0.1200936955176,self_stable,0.02,0.1200936955176,0,1,1,0,0,0,1,NaN,1,1797.33333333333,18.8095871778349,1797.33333333333,18.8095871778349,1797.33333333333,18.8095871778349,1797.33333333333,18.8095871778349,0,0,0,0,1,0,0,0,3147.4777561644,20.4916910187841,334.719250958016,54.04774912369,2812.75850520639,63.5564251463662,3147.4777561644,20.4916910187841,2202.58333333333,143.254932841685,9170.61666666666,416.645778673008,14319.9666666667,665.157948649658,2202.58333333333,143.254932841685,9170.61666666666,416.645778673008,14319.9666666667,665.157948649658,NaN,NaN,NaN,NaN,NaN,NaN,NaN,NaN,NaN,NaN,NaN,NaN,NaN,NaN,NaN,NaN,1797.33333333333,18.8095871778349,1797.33333333333,18.8095871778349,1801.33333333333,24.5079206918534,1797.33333333333,18.8095871778349,1801.33333333333,24.5079206918534,NaN,NaN,0.292716666666667,0.00398253711242618,0,0,0,0,0.292716666666667,0.00398253711242618,-1.78328455290125,9.18712961269988,1,0,2.54773292145963e+16,420861511037498,0.976245192215198,0.0119883666708059,3505.33333333333,76.7406926156775,1173,25.2112442693104,1.65264183876734,0.0158473957731735,NaN,NaN,NaN,NaN,NaN,NaN,NaN,NaN,NaN,NaN,1,0,1,0,1,0,0.00297081811711488,0.00799895078653361,17.3333333333333,1.43421757658315,89.8666666666667,0.94047935889175,5.2757819,0,1
sb_cf,fixed_packet,45,45,1,162.5,NaN,NaN,no_stable_q,NaN,NaN,0,1,1,0,0,0,0,NaN,0,NaN,NaN,NaN,NaN,NaN,NaN,NaN,NaN,NaN,NaN,NaN,NaN,NaN,NaN,NaN,NaN,NaN,NaN,NaN,NaN,NaN,NaN,NaN,NaN,NaN,NaN,NaN,NaN,NaN,NaN,NaN,NaN,NaN,NaN,NaN,NaN,NaN,NaN,NaN,NaN,NaN,NaN,NaN,NaN,NaN,NaN,NaN,NaN,NaN,NaN,NaN,NaN,NaN,NaN,NaN,NaN,NaN,NaN,NaN,NaN,NaN,NaN,NaN,NaN,NaN,NaN,NaN,NaN,NaN,NaN,NaN,NaN,NaN,NaN,NaN,NaN,NaN,NaN,NaN,NaN,NaN,NaN,NaN,NaN,NaN,NaN,NaN,NaN,NaN,NaN,NaN,NaN,NaN,NaN,NaN,NaN,NaN,NaN,NaN,NaN,NaN,NaN,NaN,NaN,NaN,NaN,NaN,NaN,656.6284051,0,1
sf_cb,fixed_packet,8,8,5,812.5,0.661825303382485,0.8,self_stable,0.793725393319377,0.8,0,1,1,0,0,0,1,NaN,1,316.333333333333,48.7633976038272,316.333333333333,48.7633976038272,316.333333333333,48.7633976038272,316.333333333333,48.7633976038272,0,0,0,0,1,0,0,0,553.24872092461,135.749172208271,1.09931170108161,4.72995649150432,552.149409223528,137.510128155112,553.24872092461,135.749172208271,456.833333333333,12.7476046574023,1051.3,405.15446474048,2128.67499999999,3156.0491365331,456.833333333333,12.7476046574023,1051.3,405.15446474048,2128.67499999999,3156.0491365331,NaN,NaN,NaN,NaN,NaN,NaN,NaN,NaN,NaN,NaN,NaN,NaN,NaN,NaN,NaN,NaN,316.333333333333,48.7633976038272,316.333333333333,48.7633976038272,316.333333333333,50.9298719009959,1581.66666666667,243.816988019136,316.333333333333,50.9298719009959,NaN,NaN,0.0514041666666667,0.00827610418391183,0,0,0,0,0.0514041666666667,0.00827610418391183,0.0309793792557531,0.123384316918001,1,0,787028804680945,181171687980515,0.888206993723963,0.0358839550919782,453.333333333333,115.568038444769,53.3333333333333,115.487915772425,1.16895078743331,0.387611655214404,NaN,NaN,NaN,NaN,NaN,NaN,NaN,NaN,NaN,NaN,1,0,1,0,1,0,0.00207618034398826,0.0044851771251322,3,0,15.8166666666667,2.43816988019136,2.5517073,0,0
sb_cb,fixed_packet,8,8,5,812.5,0.528840463202608,0.528840463202608,self_stable,0.0003,0.9,0,1,1,0,0,0,1,NaN,1,316.333333333333,48.7633976038272,316.333333333333,48.7633976038272,316.333333333333,48.7633976038272,316.333333333333,48.7633976038272,0,0,0,0,1,0,0,0,406.176033657334,52.6662528424097,0.448496864774248,1.73597633933259,405.727536792559,53.2143768771933,406.176033657334,52.6662528424097,370,0,571.75,189.240308155449,1271.17,1632.02291946575,370,0,571.75,189.240308155449,1271.17,1632.02291946575,0,0,37.2259006721795,1.48052748600195,0,0,33.0404113674098,27.9041051195825,10.46122475297,24.8671919141373,162.5,0,162.5,0,0,0,316.333333333333,48.7633976038272,316.333333333333,48.7633976038272,316.333333333333,50.9298719009959,1581.66666666667,243.816988019136,316.333333333333,50.9298719009959,NaN,NaN,0.051432,0.00821435014232311,0.128479666666667,0.0206456424186193,0.076831,0.0163202176488807,0.0516486666666667,0.00809789805383554,0.0248917593558028,0.103474306874239,1,0,0.00110719023951562,0.00343740499350747,0.888206993723963,0.0358839550919782,428.333333333333,37.6191743556697,25,58.2052072743165,1.08087109305737,0.193491309249502,522,468.259958664937,NaN,NaN,522,468.259958664937,NaN,NaN,NaN,NaN,1,0,1,0,1,0,0.00207618034398826,0.0044851771251322,3,0,15.8166666666667,2.43816988019136,122.4494451,0,0
unslotted,fixed_packet,8,8,5,812.5,0.4,0.4,self_stable,0.0003,0.9,0,1,1,0,0,0,1,NaN,1,316.333333333333,48.7633976038272,316.333333333333,48.7633976038272,316.333333333333,48.7633976038272,316.333333333333,48.7633976038272,0,0,0,0,1,0,0,0,381.905698330392,67.7223078653655,0.337602012252791,1.45258421958838,381.56809631814,68.1764265746081,381.905698330392,67.7223078653655,339.925300824883,2.76873459286125,578.353013500794,333.400903410873,1077.04964721996,711.764494249632,339.925300824883,2.76873459286125,578.353013500794,333.400903410873,1077.04964721996,711.764494249632,0,0,0,0,20.1322755190278,4.69358713982467,19.4534922080216,27.1450549360473,16.9823285910902,37.7592480930398,162.5,0,162.5,0,0,0,316.333333333333,48.7633976038272,316.333333333333,48.7633976038272,316.333333333333,50.9298719009959,1581.66666666667,243.816988019136,316.333333333333,50.9298719009959,NaN,NaN,0.051446803724818,0.00818202920872245,0.120801714116413,0.0233044091551602,0.0689215770582614,0.0200670691419634,0.0518801370581513,0.00760320738632086,0.0474053984480126,0.12675895893635,1,0,0.000988341688701213,0.00359715182455557,0.888206993723963,0.0358839550919782,450,109.893266010843,39.3333333333333,83.1475193346738,1.1258926124732,0.27677518963524,797.5,1123.56988493141,NaN,NaN,797.5,1123.56988493141,NaN,NaN,NaN,NaN,1,0,1,0,1,0,0.00207618034398826,0.0044851771251322,3,0,15.8166666666667,2.43816988019136,8.3951686,0,0
s7_clean,fixed_packet,8,8,5,812.5,0.928317766722556,0.928317766722556,self_stable,0.0002,0.963492483998996,0,1,1,0,0,0,1,NaN,1,316.333333333333,48.7633976038272,316.333333333333,48.7633976038272,316.333333333333,48.7633976038272,316.333333333333,48.7633976038272,0,0,0,0,1,0,0,0,299.447539371609,9.08990132108068,0.235791543756077,1.01452912939392,299.211747827853,10.0627717742276,299.447539371609,9.08990132108068,281.899999999907,0,381.049999999983,174.706245760383,546.679999999984,76.4823481898291,281.899999999907,0,381.049999999983,174.706245760383,546.679999999984,76.4823481898291,0.0119960668633922,0.0516149098360314,35.2299563163918,4.59887631402273,0.775975627448136,0.275790536050436,14.1948034237074,15.4024190518527,3.09901639344262,11.0646526738836,83.3179941002949,0.352842908221402,162.5,0,0,0,316.333333333333,48.7633976038272,316.333333333333,48.7633976038272,316.666666666667,50.1976151804104,1581.66666666667,243.816988019136,316.666666666667,50.1976151804104,NaN,NaN,0.0514583333333333,0.00815711246681669,0.0948269999999823,0.0124213666477292,0.043368666666649,0.00431668112923227,0.0514583333333333,0.00815711246681669,0.0185760185760185,0.0752918756422458,1,0,0.00146604631433882,0.00630788817632874,0.887743666473456,0.0348871918823281,404,39.0412886854702,11.3333333333333,40.4642573805096,1.03617518577623,0.135261068059492,409.4,1080.39567205961,204.7,540.197836029803,409.4,1080.39567205961,151.299999999775,540.197836028796,302.59999999955,1080.39567205759,1,0,1,0,1,0,0.000983284169124877,0.00423073031440458,3,0,15.8166666666667,2.43816988019136,22.72616,0,0
s7_busy,fixed_packet,8,8,5,812.5,0.7,0.7,self_stable,0.003,0.9,0,1,1,0,0,0,1,NaN,1,316.333333333333,48.7633976038272,316.333333333333,48.7633976038272,316.333333333333,48.7633976038272,316.333333333333,48.7633976038272,0,0,0,0,1,0,0,0,803.5635330528,240.055978130626,3.11625062462678,9.93276921006215,800.447282428173,231.398194040041,803.5635330528,240.055978130626,578.899999999946,118.303390939057,1968.19999999991,571.337200716947,3735.91999999993,3008.2083683788,578.899999999946,118.303390939057,1968.19999999991,571.337200716947,3735.91999999993,3008.2083683788,0.0373254670604357,0.0745454681404543,65.4021954639973,16.797669888878,7.50602060060931,1.37502038473367,404.23683737119,171.185514931168,77.3649035253155,42.110696219407,83.0628347599012,0.926906389859655,162.5,0,0,0,316.333333333333,48.7633976038272,316.333333333333,48.7633976038272,316.333333333333,50.9298719009959,1581.66666666667,243.816988019136,316.333333333333,50.9298719009959,NaN,NaN,0.0514041666666667,0.00827610418391183,0.255016033333316,0.115253157474722,0.203611866666649,0.107581614545288,0.0514041666666667,0.00827610418391183,-0.0651560651560653,0.605774096331205,1,0,0.00422500551442678,0.0100871429635921,0.888206993723963,0.0358839550919782,768,264.195958094563,295.666666666667,202.077134013644,1.92359398423521,0.494049114378763,71502.6000000004,8928.48985430622,32841.0000000005,4452.77456580095,71502.6000000004,8928.48985430622,26495.2999999714,4046.09630694595,57654.1999999376,8466.00601611666,1,0,1,0,1,0,0.00207618034398826,0.0044851771251322,3,0,15.8166666666667,2.43816988019136,84.631204,0,0
sf_cb,fixed_packet,15,15,5,812.5,0.524148278841779,0.660385449778925,self_stable,0.660385449778925,0.660385449778925,0,1,1,0,0,0,1,NaN,1,589,38.803471516211,589,38.803471516211,589,38.803471516211,589,38.803471516211,0,0,0,0,1,0,0,0,686.218665395264,37.9279269577193,6.24067208725966,17.2944692752521,679.977993308005,20.6758732859439,686.218665395264,37.9279269577193,542,36.6988786246622,1467.825,83.7032081939859,3050.86666666664,2488.76838943638,542,36.6988786246622,1467.825,83.7032081939859,3050.86666666664,2488.76838943638,NaN,NaN,NaN,NaN,NaN,NaN,NaN,NaN,NaN,NaN,NaN,NaN,NaN,NaN,NaN,NaN,589,38.803471516211,589,38.803471516211,588.333333333333,39.6166099442618,2945,194.017357581055,588.333333333333,39.6166099442618,NaN,NaN,0.0956375,0.00629492762325757,0,0,0,0,0.0956375,0.00629492762325757,0.0174299428688662,0.333675097465908,1,0,1.81964265004209e+15,56956836875740.3,0.951910306596561,0.0314196979083245,895.666666666667,147.012548643609,150,77.0082690642602,1.24938518156581,0.134761451301633,NaN,NaN,NaN,NaN,NaN,NaN,NaN,NaN,NaN,NaN,1,0,1,0,1,0,0.00114211845372025,0.00245889515298195,5,0,29.45,1.94017357581055,2.987218,0,0
sb_cb,fixed_packet,15,15,5,812.5,0.6,0.6,self_stable,0.002,0.863081414249492,0,1,1,0,0,0,1,NaN,1,589,38.803471516211,589,38.803471516211,589,38.803471516211,589,38.803471516211,0,0,0,0,1,0,0,0,538.156671113297,131.436904259332,4.31515235746913,6.00221062546832,533.841518755828,129.434120276416,538.156671113297,131.436904259332,370,0,1444.3,640.419145500089,3479.26,2715.70242759513,370,0,1444.3,640.419145500089,3479.26,2715.70242759513,0,0,41.0627059152446,4.06435550760333,0,0,88.1437386369125,52.0986638338985,80.3721080476785,74.0570697948211,161.762966155992,1.04049681415792,162.5,0,0,0,589,38.803471516211,589,38.803471516211,588.666666666667,40.4642573805096,2945,194.017357581055,588.666666666667,40.4642573805096,NaN,NaN,0.0957011666666667,0.00639257936395798,0.316882666666667,0.0603031816572609,0.218635666666667,0.0627639434149327,0.098247,0.00549361494680512,0.260706557410067,0.835934387864479,1,0,0.00153763866597381,0.00274191250066021,0.952188811980908,0.0324680863214691,1115,585.41908430927,336,286.839929750279,1.56929316413508,0.522839520122002,5601.83333333333,8039.83219951114,NaN,NaN,5601.83333333333,8039.83219951114,NaN,NaN,NaN,NaN,1,0,1,0,1,0,0.00169860148098791,0.000113613291473262,5,0,29.45,1.94017357581055,291.2994247,0,0
unslotted,fixed_packet,15,15,5,812.5,0.1,0.224492409661875,self_stable,0.224492409661875,0.282842712474619,0,1,1,0,0,0,1,NaN,1,589,38.803471516211,589,38.803471516211,589,38.803471516211,589,38.803471516211,0,0,0,0,1,0,0,0,512.359465885735,29.571628822235,4.813291475487,3.90780095443339,507.546174410247,26.3077050589304,512.359465885735,29.571628822235,409.711883867121,9.60361692989312,1054.70736208359,45.4107680747271,1882.94287079358,362.276515376304,409.711883867121,9.60361692989312,1054.70736208359,45.4107680747271,1882.94287079358,362.276515376304,0,0,0,0,107.191625781485,10.0967808677962,50.0891503931505,14.8318888888147,26.101729215243,8.39198245692636,161.663669020369,1.43012568039779,162.5,0,0,0,589,38.803471516211,589,38.803471516211,588.666666666667,40.4642573805096,2945,194.017357581055,588.666666666667,40.4642573805096,NaN,NaN,0.0956583333333333,0.00657544182433281,0.302094640036903,0.00883590178738363,0.204865473370237,0.00884178947177044,0.0972291666666667,0.00559830186720011,-0.0604096788840799,0.616031487485114,1,0,0.00177531549540611,0.00278521626044789,0.952188811980908,0.0324680863214691,851.333333333333,101.038567006822,119,21.5132636487473,1.19725048407585,0.0431210373267946,1885,1185.38082704598,NaN,NaN,1885,1185.38082704598,NaN,NaN,NaN,NaN,1,0,1,0,1,0,0.00169860148098791,0.000113613291473262,5,0,29.45,1.94017357581055,83.2571984,0,0
s7_clean,fixed_packet,15,15,5,812.5,0.692820323027551,0.692820323027551,self_stable,0.0003,0.963492483998996,0,1,1,0,0,0,1,NaN,1,589,38.803471516211,589,38.803471516211,589,38.803471516211,589,38.803471516211,0,0,0,0,1,0,0,0,319.152740760926,12.9755154024255,1.91499638609319,4.27859626090459,317.237744374833,9.01070057644104,319.152740760926,12.9755154024255,281.900000000023,0,518.749999999943,12.2625602799437,783.349999999914,203.826591909004,281.900000000023,0,518.749999999943,12.2625602799437,783.349999999914,203.826591909004,0.0490445131393837,0.102108979996278,35.1539310554966,0.491899672212384,4.29807604988563,0.358307192833007,28.5769369634684,7.49471469350157,3.25975579284316,1.63384028697855,82.9707692079925,0.733984503047231,162.5,0,0,0,589,38.803471516211,589,38.803471516211,589,39.0412886854702,2945,194.017357581055,589,39.0412886854702,NaN,NaN,0.0957066333333333,0.00632894086304498,0.188389433333301,0.00864784665939733,0.0926827999999678,0.00576196322175944,0.0957066333333333,0.00632894086304498,0.0497320497320498,0.181519050731607,1,0,0.0027294064672762,0.00492858767820599,0.952595731926886,0.0324679956962755,734,44.783429475148,23,11.3837491007903,1.03393914869108,0.0144676374180112,890,1279.83177520349,418.3,601.831310806165,890,1279.83177520349,293.699999999701,114.880827884194,614.099999999356,303.946100990349,1,0,1,0,1,0,0.0011148303192833,0.00239837391835334,5,0,29.45,1.94017357581055,28.5434202,0,0
s7_busy,fixed_packet,15,15,5,812.5,0.5,0.5,self_stable,0.006,0.729942725678815,0,1,1,0,0,0,1,NaN,1,589,38.803471516211,589,38.803471516211,589,38.803471516211,589,38.803471516211,0,0,0,0,1,0,0,0,1103.77423162556,57.7156470219858,11.2078923891336,9.7090368403352,1092.56633923642,52.3628687816818,1103.77423162556,57.7156470219858,788.899999999985,71.8684696028322,3003.30833333334,293.614413704747,5238.85999999994,722.51656905152,788.899999999985,71.8684696028322,3003.30833333334,293.614413704747,5238.85999999994,722.51656905152,0.093718478122043,0.0832002784054124,73.7454921600901,4.35362842996242,19.8728227385462,1.25211832726609,654.369814635987,39.1205136456514,98.584491223679,10.121656184252,82.3088630748946,0.812689814592917,162.5,0,0,0,589,38.803471516211,589,38.803471516211,588.666666666667,40.4642573805096,2945,194.017357581055,588.666666666667,40.4642573805096,NaN,NaN,0.0956344666666667,0.00651408164487717,0.650877466666635,0.072239226073058,0.555242999999968,0.066058903887768,0.0956344666666667,0.00651408164487717,0.278872278872279,0.950413198304147,1,0,0.00137393744897925,0.00156626541622318,0.952050780948496,0.0319471730531668,1532.33333333333,82.7756037114835,696.666666666667,112.373486952219,2.16898506353206,0.128047894998895,88528.2999999994,4728.44674485988,39613.8999999999,2163.84307135126,88528.2999999994,4728.44674485988,32591.7999999662,1340.27632531497,72721.8999999247,3277.1813126307,1,0,1,0,1,0,0.00169860148098791,0.000113613291473262,5,0,29.45,1.94017357581055,136.6955299,0,0
sf_cb,fixed_packet,25,25,5,812.5,0.3,0.356359487256136,self_stable,0.356359487256136,0.356359487256136,0,1,1,0,0,0,1,NaN,1,979.666666666667,86.1366766570841,979.666666666667,86.1366766570841,979.666666666667,86.1366766570841,979.666666666667,86.1366766570841,0,0,0,0,1,0,0,0,1218.58586755989,229.625594616421,33.1834187703409,44.4378634554403,1185.40244878955,185.187860061483,1218.58586755989,229.625594616421,856.75,26.877233558547,3224.45,563.916947459886,5594.52166666667,4422.7386587566,856.75,26.877233558547,3224.45,563.916947459886,5594.52166666667,4422.7386587566,NaN,NaN,NaN,NaN,NaN,NaN,NaN,NaN,NaN,NaN,NaN,NaN,NaN,NaN,NaN,NaN,979.666666666667,86.1366766570841,979.666666666667,86.1366766570841,979.333333333333,88.9214897481555,4898.33333333333,430.68338328542,979.333333333333,88.9214897481555,NaN,NaN,0.159175,0.0143133279441787,0,0,0,0,0.159175,0.0143133279441787,0.201380592543525,1.70818589171621,1,0,5.36683909554574e+15,525705088898420,0.959891742311454,0.0228274469184102,1647.66666666667,307.324415392426,434.333333333333,324.171246644419,1.42293211963775,0.368264808667245,NaN,NaN,NaN,NaN,NaN,NaN,NaN,NaN,NaN,NaN,1,0,1,0,1,0,0.00168900942014651,0.00134814240183402,9.33333333333333,1.43421757658315,48.9833333333333,4.30683383285421,2.3523423,0,0
sb_cb,fixed_packet,25,25,5,812.5,0.09,0.09,self_stable,0.0003,0.1,0,1,1,0,0,0,1,NaN,1,979.666666666667,86.1366766570841,979.666666666667,86.1366766570841,979.666666666667,86.1366766570841,979.666666666667,86.1366766570841,0,0,0,0,1,0,0,0,728.909760124651,126.122885707475,11.8630384036202,20.2359973922425,717.046721721031,106.634942981031,728.909760124651,126.122885707475,509.5,29.5758477347779,1817.35,619.548041534497,3609.10666666667,1784.89479272148,509.5,29.5758477347779,1817.35,619.548041534497,3609.10666666667,1784.89479272148,0,0,53.6336148412928,5.93987037685749,0,0,289.28199306843,69.7642528011746,51.0042413725331,32.3118293677536,160.626872438775,1.60390842015604,162.5,0,0,0,979.666666666667,86.1366766570841,979.666666666667,86.1366766570841,980,87.8626550580287,4898.33333333333,430.68338328542,980,87.8626550580287,NaN,NaN,0.1592255,0.0142004286843923,0.717109666666667,0.182885679317736,0.553605,0.165543287379121,0.163504666666667,0.0176977220051724,-0.128720186608648,1.45347263566435,1,0,0.00274978586877089,0.00373638517649171,0.959814616116513,0.0230686558123952,1633.66666666667,349.658009556085,404.666666666667,278.648212287153,1.39938312710629,0.243402562692044,6177,3737.58455697163,NaN,NaN,6177,3737.58455697163,NaN,NaN,NaN,NaN,1,0,1,0,1,0,0.000998075998075998,0.00246455811019013,9.33333333333333,1.43421757658315,48.9833333333333,4.30683383285421,654.7562581,0,0
unslotted,fixed_packet,25,25,5,812.5,0.06,0.06,self_stable,0.0003,0.07,0,1,1,0,0,0,1,NaN,1,979.666666666667,86.1366766570841,979.666666666667,86.1366766570841,979.666666666667,86.1366766570841,979.666666666667,86.1366766570841,0,0,0,0,1,0,0,0,740.346676852935,4.22601494004507,13.5164998911128,9.28726111002814,726.830176961823,13.380494216596,740.346676852935,4.22601494004507,528.925952129726,26.7667936845647,1886.58460368425,51.5163739941798,3629.33203028489,546.340408089628,528.925952129726,26.7667936845647,1886.58460368425,51.5163739941798,3629.33203028489,546.340408089628,0,0,0,0,251.877691376275,14.1600734987717,97.5786824424823,10.8332991027499,54.5943440520032,8.73956747513129,160.279459091062,1.02837405659052,162.5,0,0,0,979.666666666667,86.1366766570841,979.666666666667,86.1366766570841,979.333333333333,88.1898043735305,4898.33333333333,430.68338328542,979.333333333333,88.1898043735305,NaN,NaN,0.159148548748327,0.0143267524618049,0.727471263599937,0.0645672208974094,0.562581048184943,0.0500889882694281,0.164890215414994,0.0144948714580657,-0.0638511202240157,0.681890872017296,1,0,0.00298892126235312,0.000603217363846167,0.959945993726527,0.0227125795500602,1674,112.556386628837,412.666666666667,69.6149769391975,1.4077832050069,0.0732699219091428,6597.5,637.258796333384,NaN,NaN,6597.5,637.258796333384,NaN,NaN,NaN,NaN,1,0,1,0,1,0,0.00102162125275834,9.11678467038509e-05,9.33333333333333,1.43421757658315,48.9833333333333,4.30683383285421,49.1751646,0,0
s7_clean,fixed_packet,25,25,5,812.5,0.56079315911044,0.56079315911044,self_stable,0.0002,0.9,0,1,1,0,0,0,1,NaN,1,979.666666666667,86.1366766570841,979.666666666667,86.1366766570841,979.666666666667,86.1366766570841,979.666666666667,86.1366766570841,0,0,0,0,1,0,0,0,363.125493309769,14.6796957433865,1.3133942206586,1.81054136470454,361.812099089111,14.8416223238079,363.125493309769,14.6796957433865,290.899999999907,0,663.199999999949,85.1436162294828,1237.30999999993,325.213412936618,290.899999999907,0,663.199999999949,85.1436162294828,1237.30999999993,325.213412936618,0.0480518209016798,0.0366999547650468,36.8823160888783,1.79013932533984,7.30845627981653,1.01081845123937,64.2588843261016,9.08638862685632,7.41439057341289,4.54582055101826,83.0557612446003,0.403489977035527,162.5,0,0,0,979.666666666667,86.1366766570841,979.666666666667,86.1366766570841,979.666666666667,86.8146008962485,4898.33333333333,430.68338328542,979.666666666667,86.8146008962485,NaN,NaN,0.159190166666667,0.0140151576821775,0.356419366666612,0.0371979834148733,0.197229199999945,0.0248330281721477,0.159190166666667,0.0140151576821775,-0.085840085840086,0.233522084803825,1,0,0.00182569110089677,0.0022031391939117,0.95984211324857,0.0230443861667768,1275,139.885850900122,87,53.1047988238319,1.08477400261407,0.0526511566276427,2928.1,2776.48473719872,1415.1,1331.4947314954,2928.1,2776.48473719872,1139.19999999869,690.347859172991,2322.89999999731,1417.89812859345,1,0,1,0,1,0,0.000667388167388167,0.00143594454491074,9.33333333333333,1.43421757658315,48.9833333333333,4.30683383285421,35.5071745,0,0
s7_busy,fixed_packet,25,25,5,812.5,0.4,0.4,self_stable,0.006,0.489897948556636,0,1,1,0,0,0,1,NaN,1,979.666666666667,86.1366766570841,979.666666666667,86.1366766570841,979.666666666667,86.1366766570841,979.666666666667,86.1366766570841,0,0,0,0,1,0,0,0,1640.04292698307,188.276257495621,63.6871765687058,50.2896568886586,1576.35575041437,139.825426927716,1640.04292698307,188.276257495621,1093.39999999991,107.415619835364,4785.94999999991,243.640061597812,7635.54666666662,2405.29540451453,1093.39999999991,107.415619835364,4785.94999999991,243.640061597812,7635.54666666662,2405.29540451453,0.245655892846101,0.082793128073247,91.5105573727253,14.2543756776901,37.2415505633226,3.42032304585826,1057.27435552767,97.4896730206107,144.183631057808,35.0815619279454,80.2863832035246,1.13398415420368,162.5,0,0,0,979.666666666667,86.1366766570841,979.666666666667,86.1366766570841,978.333333333333,85.669742869375,4898.33333333333,430.68338328542,978.333333333333,85.669742869375,NaN,NaN,0.158979166666667,0.0139213332162734,1.61089149999995,0.323541047377175,1.45191233333328,0.309650343144927,0.158979166666667,0.0139213332162734,0.765440765440765,0.800347835288337,1,0,0.00433168851984345,0.00327854340681726,0.959706827163394,0.020699168888379,3168.33333333333,239.720361779828,1696.66666666667,527.160322575595,2.69148698155074,0.419246343461475,130465.099999998,6018.67858156631,55393.5999999982,3064.20666463404,130465.099999998,6018.67858156631,45674.7999999523,4928.87992305618,107494.199999888,13466.5617371371,1,0,1,0,1,0,0.00201418951418951,0.00664731139501585,9.33333333333333,1.43421757658315,48.9833333333333,4.30683383285421,199.5124616,0,0
sf_cb,fixed_packet,30,30,5,812.5,0.2,0.3,self_stable,0.003,0.3,0,1,1,0,0,0,1,NaN,1,1224.66666666667,108.461370754149,1224.66666666667,108.461370754149,1224.66666666667,108.461370754149,1224.66666666667,108.461370754149,0,0,0,0,1,0,0,0,1844.31881485036,183.931898243112,91.9159830908471,48.2908524606887,1752.40283175951,153.973595281617,1844.31881485036,183.931898243112,1293.08333333333,19.5831105642903,5116.59166666666,1326.70518140176,8554.195,3832.70548931007,1293.08333333333,19.5831105642903,5116.59166666666,1326.70518140176,8554.195,3832.70548931007,NaN,NaN,NaN,NaN,NaN,NaN,NaN,NaN,NaN,NaN,NaN,NaN,NaN,NaN,NaN,NaN,1224.66666666667,108.461370754149,1224.66666666667,108.461370754149,1225.66666666667,103.452729478092,6123.33333333333,542.306853770744,1225.66666666667,103.452729478092,NaN,NaN,0.1990875,0.016880230987275,0,0,0,0,0.1990875,0.016880230987275,0.810922863845414,4.37663545811282,1,0,1.01626097487419e+16,205014783586505,0.968856947985695,0.0336692208456263,2179.33333333333,188.946939294993,656.333333333333,222.872058401125,1.49368092108661,0.232936054322686,NaN,NaN,NaN,NaN,NaN,NaN,NaN,NaN,NaN,NaN,1,0,1,0,1,0,0.00191819578135763,0.0013662914956447,11.6666666666667,1.43421757658315,61.2333333333333,5.42306853770744,6.5129744,0,0
sb_cb,fixed_packet,30,30,5,812.5,0.0660385449778925,0.07,self_stable,0.0003,0.0894427190999916,0,1,1,0,0,0,1,NaN,1,1224.66666666667,108.461370754149,1224.66666666667,108.461370754149,1224.66666666667,108.461370754149,1224.66666666667,108.461370754149,0,0,0,0,1,0,0,0,954.150974448117,418.286681956121,42.6263401819649,131.244261070327,911.524634266152,287.520044334243,954.150974448117,418.286681956121,610,25.8159163784968,2455.9,1385.47495716201,7191.76,9876.91276894914,610,25.8159163784968,2455.9,1385.47495716201,7191.76,9876.91276894914,0,0,66.8698475056966,16.2169694598159,0,0,450.848468539314,209.24488772052,71.491425315523,65.4653001872765,159.814892905618,3.30362683829133,162.5,0,0,0,1224.66666666667,108.461370754149,1224.66666666667,108.461370754149,1222.33333333333,102.101787098831,6123.33333333333,542.306853770744,1222.33333333333,102.101787098831,NaN,NaN,0.198629166666667,0.0165915404035599,1.162687,0.418546233178075,0.957503666666667,0.426254831524871,0.205183333333333,0.00792405211062189,-0.0147704966712128,1.82336810908578,1,0,0.00650428988639981,0.0117841941362738,0.968935056875382,0.0332400440516359,2250.33333333333,290.91292594921,695.333333333333,493.101857221651,1.55564915603739,0.440432289498594,10575.3333333333,5573.48589777587,NaN,NaN,10575.3333333333,5573.48589777587,NaN,NaN,NaN,NaN,1,0,1,0,1,0,0.00238983752179422,0.00860877809708647,11.6666666666667,1.43421757658315,61.2333333333333,5.42306853770744,900.7840582,0,0
unslotted,fixed_packet,30,30,5,812.5,0.03,0.0559344471040699,self_stable,0.0559344471040699,0.0559344471040699,0,1,1,0,0,0,1,NaN,1,1224.66666666667,108.461370754149,1224.66666666667,108.461370754149,1224.66666666667,108.461370754149,1224.66666666667,108.461370754149,0,0,0,0,1,0,0,0,1069.50987991673,76.5268644254978,26.8419082229711,5.31820148536417,1042.66797169376,78.2735958509088,1069.50987991673,76.5268644254978,769.168681343484,15.3994795060411,2732.3609597924,324.999980997164,5355.71464740006,2131.81644615424,769.168681343484,15.3994795060411,2732.3609597924,324.999980997164,5355.71464740006,2131.81644615424,0,0,0,0,631.725658812312,54.8331002661179,37.5523739489091,21.1910183930038,52.1976355730201,12.4438924354546,158.692303359521,0.449341269760775,162.5,0,0,0,1224.66666666667,108.461370754149,1224.66666666667,108.461370754149,1225,106.644468844112,6123.33333333333,542.306853770744,1225,106.644468844112,NaN,NaN,0.199011272179946,0.017192747645594,1.31360645055817,0.0222356703808034,1.10944934504489,0.00536851269057325,0.20415710551328,0.0175319771778967,0.248884489565661,0.557382950462984,1,0,0.00358790444883535,0.00207181743061426,0.968803430756964,0.0329786824814926,2067.33333333333,151.559547031179,519.333333333333,69.5706408916438,1.40120010764265,0.076968511184509,8105.5,661.239243849635,NaN,NaN,8105.5,661.239243849635,NaN,NaN,NaN,NaN,1,0,1,0,1,0,0.000817253919047612,7.37086446631795e-05,11.6666666666667,1.43421757658315,61.2333333333333,5.42306853770744,142.0576206,0,0
s7_clean,fixed_packet,30,30,5,812.5,0.528840463202608,0.528840463202608,self_stable,0.0002,0.9,0,1,1,0,0,0,1,NaN,1,1224.66666666667,108.461370754149,1224.66666666667,108.461370754149,1224.66666666667,108.461370754149,1224.66666666667,108.461370754149,0,0,0,0,1,0,0,0,377.914761233566,4.53149593750037,2.71035332700428,1.78184310448771,375.204407906562,3.45975690075803,377.914761233566,4.53149593750037,290.900000000023,0,713.899999999948,116.171623703248,1272.82999999994,153.091812422479,290.900000000023,0,713.899999999948,116.171623703248,1272.82999999994,153.091812422479,0.0715670738542072,0.0466068046890748,36.5921459524474,0.867661929246006,8.95139322906126,0.341525610765459,76.7614545132514,3.14515285138199,6.92784713794753,1.92969044457559,82.8305344042325,0.370912308237631,162.5,0,0,0,1224.66666666667,108.461370754149,1224.66666666667,108.461370754149,1224.66666666667,108.062369877195,6123.33333333333,542.306853770744,1224.66666666667,108.062369877195,NaN,NaN,0.199029533333333,0.017617179140402,0.464258533333266,0.0415640910512232,0.265228999999933,0.0242863840976196,0.199029533333333,0.017617179140402,0.162176162176162,0.229909676005085,1,0,0.00309647059341811,0.00289307415871197,0.969071091030079,0.0338009683870979,1604.66666666667,156.664884514323,102,36.7618810377801,1.07623958683669,0.0255194685072353,3818.1,1306.48007903797,1842.3,589.522621735978,3818.1,1306.48007903797,1308.29999999849,403.448208476755,2723.39999999688,981.542223708629,1,0,1,0,1,0,0.0005335659757852,0.00114793658427433,11.6666666666667,1.43421757658315,61.2333333333333,5.42306853770744,42.2739573,0,0
s7_busy,fixed_packet,30,30,5,812.5,0.251984209978975,0.282842712474619,self_stable,0.004,0.3,0,1,1,0,0,0,1,NaN,1,1224.66666666667,108.461370754149,1224.66666666667,108.461370754149,1224.66666666667,108.461370754149,1224.66666666667,108.461370754149,0,0,0,0,1,0,0,0,3617.88366004966,2456.34311327165,508.66201943989,924.811023978963,3109.22164060977,1536.05067343786,3617.88366004966,2456.34311327165,1808.98333333326,93.3295805870059,11492.6166666666,6611.01273024781,39501.5766666666,74325.5213787681,1808.98333333326,93.3295805870059,11492.6166666666,6611.01273024781,39501.5766666666,74325.5213787681,0.51205866873937,0.0920865004550939,156.898088356214,148.724437974533,124.754045408616,115.810382970162,2272.95632807475,911.2399821569,308.201120101448,364.380887751853,76.6606613370309,1.10946838835676,162.5,0,0,0,1224.66666666667,108.461370754149,1224.66666666667,108.461370754149,1210.33333333333,80.8140562087541,6123.33333333333,542.306853770744,1210.33333333333,80.8140562087541,NaN,NaN,0.1966525,0.0131599762064382,3.88563229999992,1.21923626824035,3.68897979999992,1.20788328480679,0.1966525,0.0131599762064382,7.35963535963536,24.0028453578976,1,0,0.142788420854714,0.590611066329847,0.968558382449341,0.0318072162097001,6297.33333333333,5781.5551989511,4566.66666666667,5698.42583201387,4.61464965753571,4.37424817572155,219767.699999997,165185.940924853,79156.5999999956,33651.608116499,219767.699999997,165185.940924853,63321.599999929,14899.5468471351,168663.299999802,63458.703107546,1,0,1,0,1,0,0.0125005501108685,0.0501682605479627,11.6666666666667,1.43421757658315,61.2333333333333,5.42306853770744,278.5934859,0,0
sf_cb,fixed_packet,45,45,5,812.5,0.1,0.1,self_stable,0.004,0.1,0,1,1,0,0,0,1,NaN,1,1797.33333333333,18.8095871778349,1797.33333333333,18.8095871778349,1797.33333333333,18.8095871778349,1797.33333333333,18.8095871778349,0,0,0,0,1,0,0,0,5665.46261998638,764.941797071484,1151.59635465616,352.385150250949,4513.86626533022,442.750664100365,5665.46261998638,764.941797071484,3584.33333333333,299.314327414244,18223.7833333333,6988.06996762388,29346.56,16067.8615293684,3584.33333333333,299.314327414244,18223.7833333333,6988.06996762388,29346.56,16067.8615293684,NaN,NaN,NaN,NaN,NaN,NaN,NaN,NaN,NaN,NaN,NaN,NaN,NaN,NaN,NaN,NaN,1797.33333333333,18.8095871778349,1797.33333333333,18.8095871778349,1804.33333333333,42.2546883725189,8986.66666666667,94.0479358891743,1804.33333333333,42.2546883725189,NaN,NaN,0.2931875,0.0068310964131044,0,0,0,0,0.2931875,0.0068310964131044,-1.73602094742342,42.8715591366203,1,0,4.58635672328314e+16,6.52553308637014e+15,0.976114075762261,0.0110135116239386,3959.33333333333,578.379246434856,1892,476.624401927577,1.86684514955259,0.268335394584251,NaN,NaN,NaN,NaN,NaN,NaN,NaN,NaN,NaN,NaN,1,0,1,0,1,0,0.00649102987718382,0.00697142549772235,17.3333333333333,1.43421757658315,89.8666666666667,0.94047935889175,2.9390184,0,0
sb_cb,fixed_packet,45,45,5,812.5,0.0158113883008419,0.0214593554733139,self_stable,0.0214593554733139,0.0214593554733139,0,1,1,0,0,0,1,NaN,1,1797.33333333333,18.8095871778349,1797.33333333333,18.8095871778349,1797.33333333333,18.8095871778349,1797.33333333333,18.8095871778349,0,0,0,0,1,0,0,0,2979.39542789384,1143.3069279169,377.255299759889,357.924293257739,2602.14012813395,813.918685866036,2979.39542789384,1143.3069279169,1883.5,469.812442118374,9202.15,4144.35668047526,16329.7733333333,11817.6746020574,1883.5,469.812442118374,9202.15,4144.35668047526,16329.7733333333,11817.6746020574,0,0,193.063837481103,65.5145013019685,0,0,2006.3688884183,702.622316953417,94.3430151948641,53.272235407488,145.864387039679,5.18512026583554,162.5,0,0,0,1797.33333333333,18.8095871778349,1797.33333333333,18.8095871778349,1801.33333333333,22.2650442113236,8986.66666666667,94.0479358891743,1801.33333333333,22.2650442113236,NaN,NaN,0.292716666666667,0.00361806968434006,5.411788,2.14500087700417,5.10520466666667,2.12830966156223,0.306583333333333,0.0174016665203418,-2.97836043968156,16.1089120206539,1,0,0.00990773838228905,0.0153557353324986,0.976399349111611,0.0121767450956394,3580.33333333333,784.0842699928,1385.66666666667,705.150978964011,1.66837348057725,0.361088191895542,21846.6666666667,10351.0549818107,NaN,NaN,21846.6666666667,10351.0549818107,NaN,NaN,NaN,NaN,1,0,1,0,1,0,0.00260147084195997,0.0100167180406064,17.3333333333333,1.43421757658315,89.8666666666667,0.94047935889175,1275.7686884,0,0
unslotted,fixed_packet,45,45,5,812.5,0.01,0.0134164078649987,self_stable,0.0007,0.0134164078649987,0,1,1,0,0,0,1,NaN,1,1797.33333333333,18.8095871778349,1797.33333333333,18.8095871778349,1797.33333333333,18.8095871778349,1797.33333333333,18.8095871778349,0,0,0,0,1,0,0,0,3532.27860786729,993.194566267905,465.53710325691,288.124574130584,3066.74150461038,715.286120684171,3532.27860786729,993.194566267905,2386.20694011326,619.156635794821,10605.6848805298,3673.65264762388,17937.8611739997,7015.88907034102,2386.20694011326,619.156635794821,10605.6848805298,3673.65264762388,17937.8611739997,7015.88907034102,0,0,0,0,5131.41985461053,1460.67955036489,-2457.02490229653,787.350552467363,87.0529227558519,46.6844236847453,142.793629540521,4.55693961052405,162.5,0,0,0,1797.33333333333,18.8095871778349,1797.33333333333,18.8095871778349,1804,26.2896424309137,8986.66666666667,94.0479358891743,1804,26.2896424309137,NaN,NaN,0.29315,0.00427206689502345,6.43379037936575,1.93221352281657,6.12699037936575,1.91397950158445,0.3068,0.0182368797967806,2.16534216534217,20.6476231471413,1,0,0.0125894877427641,0.0181887952574022,0.976311270373876,0.0129718178899244,3436.66666666667,539.751926768346,1285.66666666667,581.587164257972,1.59402053734239,0.301635609753479,20217.8333333333,7148.88808230974,NaN,NaN,20217.8333333333,7148.88808230974,NaN,NaN,NaN,NaN,1,0,1,0,1,0,0.00370868318289956,0.00972842971656271,17.3333333333333,1.43421757658315,89.8666666666667,0.94047935889175,256.5776123,0,0
s7_clean,fixed_packet,45,45,5,812.5,0.489897948556636,0.4,self_stable,0.0005,0.7,0,1,1,0,0,0,1,NaN,1,1797.33333333333,18.8095871778349,1797.33333333333,18.8095871778349,1797.33333333333,18.8095871778349,1797.33333333333,18.8095871778349,0,0,0,0,1,0,0,0,555.201194186149,194.404187821873,13.4992233116815,18.8780005377668,541.701970874468,175.601289475646,555.201194186149,194.404187821873,338.899999999926,34.1512473023077,1514.29999999994,966.550115697113,3236.29999999994,3342.2161150948,338.899999999926,34.1512473023077,1514.29999999994,966.550115697113,3236.29999999994,3342.2161150948,0.125462014683206,0.0998938163711451,47.7789598800326,18.3098350403627,13.03242839851,4.88576039102588,199.812568194665,106.856784471612,35.0525523865774,45.7095735318811,82.1464256720915,0.878802058077037,162.5,0,0,0,1797.33333333333,18.8095871778349,1797.33333333333,18.8095871778349,1801,19.4017357581055,8986.66666666667,94.0479358891743,1801,19.4017357581055,NaN,NaN,0.292674966666667,0.0030801109920152,1.01762456666657,0.414500640294302,0.7249495999999,0.412869992478054,0.292674966666667,0.0030801109920152,0.0540520540520538,0.676530037792848,1,0,0.0170837305264036,0.0557115272870675,0.976435071405521,0.0125746422354761,3094,1259.73217205053,755,981.206095430211,1.40526352588331,0.538524560010668,26308.4000000001,34534.7216506106,11044.9,11492.932288708,26308.4000000001,34534.7216506106,8988.9999999895,10308.6652270442,20861.5999999752,29222.8415634777,1,0,1,0,1,0,0.00204384986993683,0.00879397622208177,17.3333333333333,1.43421757658315,89.8666666666667,0.94047935889175,152.3481143,0,0
s7_busy,fixed_packet,45,45,5,812.5,0.0793725393319378,0.0793725393319378,self_stable,0.02,0.153261886478711,0,1,1,0,0,0,1,NaN,1,1797.33333333333,18.8095871778349,1797.33333333333,18.8095871778349,1797.33333333333,18.8095871778349,1797.33333333333,18.8095871778349,0,0,0,0,1,0,0,0,9496.49201853057,615.552924972785,2820.71564083108,329.252472035322,6675.77637769949,291.925697860452,9496.49201853057,615.552924972785,6744.14999999995,565.487910501156,27681.5333333333,2165.77383909512,43190.1199999999,2862.30916540089,6744.14999999995,565.487910501156,27681.5333333333,2165.77383909512,43190.1199999999,2862.30916540089,1.7958415447655,0.212411111826427,93.5017393711782,7.20085613986578,290.895857002578,26.637806059174,5873.26016416624,238.728118471179,170.422775614752,20.2106559090646,58.9314909604323,2.65590700947368,162.5,0,0,0,1797.33333333333,18.8095871778349,1797.33333333333,18.8095871778349,1801.33333333333,37.3723087150026,8986.66666666667,94.0479358891743,1801.33333333333,37.3723087150026,NaN,NaN,0.292699,0.00603983832883482,17.2889485333333,1.54535776482031,16.9962495333333,1.53932551299801,0.292699,0.00603983832883482,-1.34378134378134,48.1551876099378,1,0,0.0125306586064052,0.0228055504820726,0.976424530956917,0.0113644500277471,5833,203.289907090309,3673,456.250287436977,2.75005115797583,0.211789886466641,205118.299999995,7381.73263237687,82867.8999999952,3522.38764745898,205118.299999995,7381.73263237687,69847.1999999263,5671.20467340304,173042.699999817,16349.0393074013,1,0,1,0,1,0,0.00520048216585123,0.0098350086071975,17.3333333333333,1.43421757658315,89.8666666666667,0.94047935889175,188.9980286,0,0
sf_cb,fixed_packet,8,8,10,1625,0.692820323027551,0.692820323027551,self_stable,0.692820323027551,0.7,0,1,1,0,0,0,1,NaN,1,316.333333333333,48.7633976038272,316.333333333333,48.7633976038272,316.333333333333,48.7633976038272,316.333333333333,48.7633976038272,0,0,0,0,1,0,0,0,545.097657849348,50.4754669944876,0.525565388397247,2.26132535304925,544.572092460951,52.3854953665349,545.097657849348,50.4754669944876,456.166666666667,29.1114373309835,992.091666666667,275.826694868085,2274.505,2929.97054334745,456.166666666667,29.1114373309835,992.091666666667,275.826694868085,2274.505,2929.97054334745,0,0,0,0,14.153166658607,7.01627673709852,169.351820687654,24.7070276989713,36.2268887921724,27.3599698106714,162.340216322517,0.687493676090724,162.5,0,0,0,316.333333333333,48.7633976038272,316.333333333333,48.7633976038272,316,51.6915572798604,3163.33333333333,487.633976038272,316,51.6915572798604,NaN,NaN,0.0513833333333333,0.00832315505552717,0,0,0,0,0.0513833333333333,0.00832315505552717,0.0353884602351672,0.0801933128267236,1,0,775563390629597,68627203094755.4,0.88774979868289,0.0348998265056713,465,27.6621868476912,69.6666666666667,44.4607448740778,1.2219514160904,0.17245096082505,NaN,NaN,NaN,NaN,NaN,NaN,NaN,NaN,NaN,NaN,1,0,1,0,1,0,0.00316907651885165,0.00815835710881361,3,0,15.8166666666667,2.43816988019136,3.9888332,0,0
sb_cb,fixed_packet,8,8,10,1625,0.282842712474619,0.282842712474619,self_stable,0.0002,0.9,0,1,1,0,0,0,1,NaN,1,316.333333333333,48.7633976038272,316.333333333333,48.7633976038272,316.333333333333,48.7633976038272,316.333333333333,48.7633976038272,0,0,0,0,1,0,0,0,421.356303496301,47.6590065228279,0.513403291584055,1.8347744198391,420.842900204716,48.1861680007569,421.356303496301,47.6590065228279,379,0,606.4,214.21086214648,1133.62,674.790240262737,379,0,606.4,214.21086214648,1133.62,674.790240262737,0,0,37.1211535051663,1.71391544847918,0,0,48.2754581943034,33.5003218297004,10.4462885052469,16.6586655815461,162.5,0,162.5,0,0,0,316.333333333333,48.7633976038272,316.333333333333,48.7633976038272,316.333333333333,50.9298719009959,3163.33333333333,487.633976038272,316.333333333333,50.9298719009959,NaN,NaN,0.05142,0.00824081797372496,0.133273666666667,0.0203145045694728,0.0814745,0.0156450311208864,0.0517991666666667,0.00742410315983824,0.0305085925622897,0.115284518722715,1,0,0.0011612913852696,0.00321840986744033,0.888206993723963,0.0358839550919782,418.333333333333,39.9269275572206,22.3333333333333,38.5108117427122,1.07201831165272,0.129611673210022,377,381.199815248249,NaN,NaN,377,381.199815248249,NaN,NaN,NaN,NaN,1,0,1,0,1,0,0.00207618034398826,0.0044851771251322,3,0,15.8166666666667,2.43816988019136,137.709049,0,0
unslotted,fixed_packet,8,8,10,1625,0.7,0.7,self_stable,0.0001,0.9,0,1,1,0,0,0,1,NaN,1,316.333333333333,48.7633976038272,316.333333333333,48.7633976038272,316.333333333333,48.7633976038272,316.333333333333,48.7633976038272,0,0,0,0,1,0,0,0,385.573435382766,64.2984349351034,0.331965165665763,1.42833082623353,385.2414702171,65.7116671256425,385.573435382766,64.2984349351034,331.225511407227,0.900377181119404,508.34037580462,209.674631097358,1250.68774189868,1862.63041306497,331.225511407227,0.900377181119404,508.34037580462,209.674631097358,1250.68774189868,1862.63041306497,0,0,0,0,8.83923026521788,2.46950756375528,21.5647046502913,15.7217431995831,29.8375353015906,53.3092226411373,162.5,0,162.5,0,0,0,316.333333333333,48.7633976038272,316.333333333333,48.7633976038272,316.333333333333,50.9298719009959,3163.33333333333,487.633976038272,316.333333333333,50.9298719009959,NaN,NaN,0.0514513340815333,0.00817221175853903,0.121736535020714,0.00329177100546075,0.0700685342725142,0.00982472116436879,0.0516680007482,0.00771529476525899,-0.014377156656193,0.267369018955364,1,0,0.000957554587836358,0.00375268092058742,0.888206993723963,0.0358839550919782,479,62.6968012652072,68.6666666666667,109.113704775342,1.22316359591856,0.366230454124569,1227.66666666667,1457.51227778226,NaN,NaN,1227.66666666667,1457.51227778226,NaN,NaN,NaN,NaN,1,0,1,0,1,0,0.00207618034398826,0.0044851771251322,3,0,15.8166666666667,2.43816988019136,10.1660285,0,0
s7_clean,fixed_packet,8,8,10,1625,0.8,0.8,self_stable,0.0004,0.9,0,1,1,0,0,0,1,NaN,1,316.333333333333,48.7633976038272,316.333333333333,48.7633976038272,316.333333333333,48.7633976038272,316.333333333333,48.7633976038272,0,0,0,0,1,0,0,0,298.804045972509,15.839484433421,0.235791543756077,1.01452912939392,298.568254428753,16.0666601114292,298.804045972509,15.839484433421,281.900000000023,0,390.799999999984,171.572694842205,597.679999999942,321.750918306058,281.900000000023,0,390.799999999984,171.572694842205,597.679999999942,321.750918306058,0.0119960668633922,0.0516149098360314,34.412469977594,1.23435150210178,2.65643406354272,0.553085489331783,14.4935838289494,14.1908125878154,1.09377049180328,2.71707652668823,83.3179941002949,0.352842908221402,162.5,0,0,0,316.333333333333,48.7633976038272,316.333333333333,48.7633976038272,316.666666666667,50.1976151804104,3163.33333333333,487.633976038272,316.666666666667,50.1976151804104,NaN,NaN,0.0514583333333333,0.00815711246681669,0.0946589999999823,0.0149954887579435,0.043200666666649,0.00770098930855171,0.0514583333333333,0.00815711246681669,0.0331200331200331,0.108384696888925,1,0,0.00151539089448921,0.00652020076881114,0.887743666473456,0.0348871918823281,400.666666666667,48.0623408084604,4,9.93655084700132,1.01213146992924,0.0363044559441698,320.4,265.305907614935,160.2,132.652953807468,320.4,265.305907614935,53.3999999999069,132.652953807236,106.799999999814,265.305907614472,1,0,1,0,1,0,0.000983284169124877,0.00423073031440458,3,0,15.8166666666667,2.43816988019136,29.4550513,0,0
s7_busy,fixed_packet,8,8,10,1625,0.524148278841779,0.524148278841779,self_stable,0.002,0.963492483998996,0,1,1,0,0,0,1,NaN,1,316.333333333333,48.7633976038272,316.333333333333,48.7633976038272,316.333333333333,48.7633976038272,316.333333333333,48.7633976038272,0,0,0,0,1,0,0,0,927.254983316352,45.1218310526907,4.73732224317703,11.1247931218004,922.517661073175,39.5304669172438,927.254983316352,45.1218310526907,665.899999999907,112.528970628764,2422.09999999995,249.994028390257,3890.92999999992,1120.81928230412,665.899999999907,112.528970628764,2422.09999999995,249.994028390257,3890.92999999992,1120.81928230412,0.0439921337270769,0.0958033536296928,65.9456517884488,6.41793718361453,16.8307848541999,4.18894732832166,515.008114834639,28.4594201303974,78.7891174621597,15.4831397401084,82.9716872189176,0.951542021675709,162.5,0,0,0,316.333333333333,48.7633976038272,316.333333333333,48.7633976038272,316,51.6915572798604,3163.33333333333,487.633976038272,316,51.6915572798604,NaN,NaN,0.05135,0.00839987805797732,0.292993399999982,0.0549791427669132,0.241643399999982,0.0470362588943209,0.05135,0.00839987805797732,-0.00235600235600257,0.517881909625875,1,0,0.00790753966690297,0.0164471542352617,0.887284652429253,0.0339862987200791,747.666666666667,74.703325860278,298,29.2875516860096,1.93957799377791,0.188762858341604,68939.4000000006,1705.24843261112,31781.9000000006,1114.4690369674,68939.4000000006,1705.24843261112,26315.3999999725,1250.43164793317,57107.4999999405,2677.50594636586,1,0,1,0,1,0,0.00316907651885165,0.00815835710881361,3,0,15.8166666666667,2.43816988019136,109.2966496,0,0
sf_cb,fixed_packet,15,15,10,1625,0.489897948556636,0.489897948556636,self_stable,0.007,0.5,0,1,1,0,0,0,1,NaN,1,589,38.803471516211,589,38.803471516211,589,38.803471516211,589,38.803471516211,0,0,0,0,1,0,0,0,718.021013136016,57.68546116267,5.2179196444725,11.9673579766933,712.803093491544,45.7186685133553,718.021013136016,57.68546116267,566.833333333333,3.99269275572206,1574.83333333333,130.901423010968,2631.31666666666,947.664290502798,566.833333333333,3.99269275572206,1574.83333333333,130.901423010968,2631.31666666666,947.664290502798,0,0,0,0,42.4219697338447,18.2106978448998,303.881782116591,14.2307178896225,42.6202610620691,20.1224504713955,161.379080579038,2.57588920084851,162.5,0,0,0,589,38.803471516211,589,38.803471516211,588.666666666667,38.1889887323409,5890,388.03471516211,588.666666666667,38.1889887323409,NaN,NaN,0.09565,0.00646837990291047,0,0,0,0,0.09565,0.00646837990291047,0.109422072414459,0.336706833629107,1,0,1.90355972309876e+15,32444444986325,0.952168731841017,0.0314295350562899,889,81.9765444877609,154,62.6968012652072,1.25538056394528,0.108003216501777,NaN,NaN,NaN,NaN,NaN,NaN,NaN,NaN,NaN,NaN,1,0,1,0,1,0,0.000558347292015634,0.00240237450013929,5,0,29.45,1.94017357581055,2.7793381,0,0
sb_cb,fixed_packet,15,15,10,1625,0.5,0.5,self_stable,0.0003,0.8,0,1,1,0,0,0,1,NaN,1,589,38.803471516211,589,38.803471516211,589,38.803471516211,589,38.803471516211,0,0,0,0,1,0,0,0,516.864898229861,69.5906150144458,10.1414158732273,20.2653983101237,506.723482356633,52.0506308198191,516.864898229861,69.5906150144458,370,0,1157.65,358.145832458921,3142.20999999999,1815.98053436281,370,0,1157.65,358.145832458921,3142.20999999999,1815.98053436281,0,0,41.1816287274343,1.82388539801333,0,0,85.4261126353598,26.1643419168779,55.9479405946455,24.0905887725218,161.667800399194,0.738800286391345,162.5,0,0,0,589,38.803471516211,589,38.803471516211,588.333333333333,39.6166099442618,5890,388.03471516211,588.333333333333,39.6166099442618,NaN,NaN,0.0956898333333333,0.00634261829860243,0.304799666666667,0.0417994837587909,0.206509833333333,0.0383869607764277,0.0982898333333333,0.00749131672846708,-0.0941000941000941,1.12004924241908,1,0,0.0014950472272315,0.00300633725828745,0.951910306596561,0.0314196979083245,969.666666666667,170.201204879549,237,84.1312568316221,1.39795223479137,0.156043558598595,3562.16666666667,2422.28341303168,NaN,NaN,3562.16666666667,2422.28341303168,NaN,NaN,NaN,NaN,1,0,1,0,1,0,0.00114211845372025,0.00245889515298195,5,0,29.45,1.94017357581055,408.3054519,0,0
unslotted,fixed_packet,15,15,10,1625,0.31748021039364,0.3,self_stable,0.0008,0.356359487256136,0,1,1,0,0,0,1,NaN,1,589,38.803471516211,589,38.803471516211,589,38.803471516211,589,38.803471516211,0,0,0,0,1,0,0,0,501.229900128292,213.112457521546,11.8906193557071,40.3693800223368,489.339280772585,172.949378285734,501.229900128292,213.112457521546,348.683890108524,3.16601815649985,1016.58953050732,262.857235140866,4180.23023761138,7893.58303015626,348.683890108524,3.16601815649985,1016.58953050732,262.857235140866,4180.23023761138,7893.58303015626,0,0,0,0,36.3892072026993,15.7134920091119,58.3549689828354,67.8110595885771,70.2372756172812,90.5083655883482,161.857828969769,1.0218749162372,162.5,0,0,0,589,38.803471516211,589,38.803471516211,588.666666666667,38.1889887323409,5890,388.03471516211,588.666666666667,38.1889887323409,NaN,NaN,0.0956969376942589,0.00630384755173433,0.296147314434704,0.139814174892994,0.196062876740445,0.128663231107515,0.100084437694259,0.0124773845147874,0.217878496986412,0.737986279645015,1,0,0.00151106411266074,0.00288395736838955,0.952317226542538,0.0314529740814994,1018.66666666667,360.682196294254,295.666666666667,404.116094289522,1.49523232166101,0.655828916954958,4074.5,4396.21073042737,NaN,NaN,4074.5,4396.21073042737,NaN,NaN,NaN,NaN,1,0,1,0,1,0,0.000558347292015634,0.00240237450013929,5,0,29.45,1.94017357581055,96.341356,0,0
s7_clean,fixed_packet,15,15,10,1625,0.861773876012753,0.861773876012753,self_stable,0.0002,0.963492483998996,0,1,1,0,0,0,1,NaN,1,589,38.803471516211,589,38.803471516211,589,38.803471516211,589,38.803471516211,0,0,0,0,1,0,0,0,325.088210777714,30.3385374357469,1.9461085470694,3.92193285586243,323.142102230645,26.4254940603287,325.088210777714,30.3385374357469,281.900000000023,0,523.849999999946,62.203100961696,975.259999999907,578.26302810825,281.900000000023,0,523.849999999946,62.203100961696,975.259999999907,578.26302810825,0.0490445131393837,0.102108979996278,37.7481150401993,5.5144182131179,1.65281810495043,0.822642846443188,28.1689880640948,7.26408497552206,9.62313650826076,14.2594517009351,82.9707692079925,0.733984503047231,162.5,0,0,0,589,38.803471516211,589,38.803471516211,589,39.0412886854702,5890,388.03471516211,589,39.0412886854702,NaN,NaN,0.0957066333333333,0.00632894086304498,0.191821433333301,0.0104523794394929,0.0961147999999678,0.0135640632163913,0.0957066333333333,0.00632894086304498,0.0725840725840726,0.159661372000949,1,0,0.00262394538695731,0.00486493042197031,0.952595731926886,0.0324679956962755,776.333333333333,125.819388484122,67.3333333333333,95.7709458764717,1.11023867765292,0.162188770974056,2020.3,3437.69133763061,987.900000000001,1650.18355109597,2020.3,3437.69133763061,889.999999998778,1262.52816104544,1797.79999999754,2557.08425489933,1,0,1,0,1,0,0.0011148303192833,0.00239837391835334,5,0,29.45,1.94017357581055,35.0877051,0,0
s7_busy,fixed_packet,15,15,10,1625,0.56079315911044,0.56079315911044,self_stable,0.001,0.863081414249492,0,1,1,0,0,0,1,NaN,1,589,38.803471516211,589,38.803471516211,589,38.803471516211,589,38.803471516211,0,0,0,0,1,0,0,0,1074.77328589401,241.478067732461,18.2290914529087,7.02224326961412,1056.5441944411,237.585816923162,1074.77328589401,241.478067732461,764.899999999907,152.182582648404,3026.44999999992,1025.94945388317,4626.19999999993,2954.43532222063,764.899999999907,152.182582648404,3026.44999999992,1025.94945388317,4626.19999999993,2954.43532222063,0.117557721143095,0.0846353604647986,76.4400789861222,20.6489679996253,15.884036927663,3.99123332530095,612.725195355995,172.415087930707,105.477325450177,49.6884058624968,82.0256918275459,0.963165939084018,162.5,0,0,0,589,38.803471516211,589,38.803471516211,588,38.803471516211,5890,388.03471516211,588,38.803471516211,NaN,NaN,0.0955502,0.00630470535627161,0.635009533333301,0.179528452966137,0.539459333333301,0.173286677008341,0.0955502,0.00630470535627161,-0.278248278248278,0.5564641690891,1,0,0.00163475788893991,0.00345628895356269,0.952048360313531,0.0319380605851751,1568,379.154615193092,747,389.487127158552,2.24823761723889,0.607322588224274,88118.8999999993,14939.8579530015,39729.5999999999,7065.87137301473,88118.8999999993,14939.8579530015,33099.0999999657,6782.29442641437,73513.9999999247,14887.9426622314,1,0,1,0,1,0,0.00169860148098791,0.000113613291473262,5,0,29.45,1.94017357581055,166.462967,0,0
sf_cb,fixed_packet,25,25,10,1625,0.31748021039364,0.356359487256136,self_stable,0.003,0.356359487256136,0,1,1,0,0,0,1,NaN,1,979.666666666667,86.1366766570841,979.666666666667,86.1366766570841,979.666666666667,86.1366766570841,979.666666666667,86.1366766570841,0,0,0,0,1,0,0,0,1334.82810026151,496.611963712279,45.0083704434661,42.1201779344978,1289.81972981804,454.979464386232,1334.82810026151,496.611963712279,870.833333333333,141.412325732044,3582.54166666667,1349.2532357061,8385.16166666667,6742.77875527155,870.833333333333,141.412325732044,3582.54166666667,1349.2532357061,8385.16166666667,6742.77875527155,0,0,0,0,242.871908639045,213.764819631375,609.789348532514,150.461017103801,115.808896585663,91.6495445406192,158.849576060821,0.690006371491397,162.5,0,0,0,979.666666666667,86.1366766570841,979.666666666667,86.1366766570841,978.333333333333,92.3261899794709,9796.66666666667,861.366766570841,978.333333333333,92.3261899794709,NaN,NaN,0.158979166666667,0.015003005871664,0,0,0,0,0.158979166666667,0.015003005871664,1.71779762448574,7.80532137036676,1,0,5.87034153388576e+15,1.74179302240631e+15,0.960127164534847,0.0221435912625608,1933.66666666667,519.311548427805,693.333333333333,497.133824926488,1.69020598551682,0.561674390163679,NaN,NaN,NaN,NaN,NaN,NaN,NaN,NaN,NaN,NaN,1,0,1,0,1,0,0.00208432050886886,0.00466085189266907,9.33333333333333,1.43421757658315,48.9833333333333,4.30683383285421,3.3027742,0,0
sb_cb,fixed_packet,25,25,10,1625,0.2,0.2,self_stable,0.2,0.249804953296681,0,1,1,0,0,0,1,NaN,1,979.666666666667,86.1366766570841,979.666666666667,86.1366766570841,979.666666666667,86.1366766570841,979.666666666667,86.1366766570841,0,0,0,0,1,0,0,0,798.09756281695,316.130532736862,27.7308091350732,52.6119888769018,770.366753681877,269.380219902032,798.09756281695,316.130532736862,433,22.357239405753,2512.6,1444.4253219773,6306.14166666667,7491.75387371044,433,22.357239405753,2512.6,1444.4253219773,6306.14166666667,7491.75387371044,0,0,57.9854691786546,18.8674709402628,0,0,274.847097914779,164.114604040687,114.412117285782,87.000808758798,160.622069302662,0.96952477287909,162.5,0,0,0,979.666666666667,86.1366766570841,979.666666666667,86.1366766570841,979,87.8626550580287,9796.66666666667,861.366766570841,979,87.8626550580287,NaN,NaN,0.159167166666667,0.0141064347718164,0.786222,0.373418345009944,0.616438166666667,0.351515512658077,0.169783833333333,0.0226633862031633,-0.855101525380885,4.9731015184078,1,0,0.00227065693757797,0.00222063529591687,0.95981645383175,0.0223812779553617,2186.33333333333,599.991685602411,846.333333333333,701.518613204499,1.84686028980662,0.642651651629703,13422.1666666667,6909.9586258404,NaN,NaN,13422.1666666667,6909.9586258404,NaN,NaN,NaN,NaN,1,0,1,0,1,0,0.00135832158945868,0.00142662112842572,9.33333333333333,1.43421757658315,48.9833333333333,4.30683383285421,831.9304211,0,0
unslotted,fixed_packet,25,25,10,1625,0.0661825303382485,0.0661825303382485,self_stable,0.0002,0.07,0,1,1,0,0,0,1,NaN,1,979.666666666667,86.1366766570841,979.666666666667,86.1366766570841,979.666666666667,86.1366766570841,979.666666666667,86.1366766570841,0,0,0,0,1,0,0,0,766.38536042242,225.524170467631,20.1746277379683,56.4468240167638,746.210732684451,169.247383552726,766.38536042242,225.524170467631,514.530167182432,18.5235268808199,2113.50567103664,1055.62219702835,4501.29792517164,4766.05760106925,514.530167182432,18.5235268808199,2113.50567103664,1055.62219702835,4501.29792517164,4766.05760106925,0,0,0,0,240.258588256812,61.8992433963353,117.38932259969,48.9428350699071,65.3246497403154,59.864906540262,160.738172087634,1.44337154319009,162.5,0,0,0,979.666666666667,86.1366766570841,979.666666666667,86.1366766570841,979.333333333333,88.1898043735305,9796.66666666667,861.366766570841,979.333333333333,88.1898043735305,NaN,NaN,0.159194128210404,0.0141144025901282,0.753993025430811,0.274163199042323,0.587648897220407,0.256602709078855,0.166344128210404,0.0191895280655662,-0.335610057446366,2.03486403932557,1,0,0.00233603782891405,0.00256503468409766,0.959918635304196,0.0227995840686435,1731.66666666667,445.217728994282,498.666666666667,448.208481964412,1.49550121425786,0.411407560977463,7240.33333333333,5044.12868909921,NaN,NaN,7240.33333333333,5044.12868909921,NaN,NaN,NaN,NaN,1,0,1,0,1,0,0.00102162125275834,9.11678467038509e-05,9.33333333333333,1.43421757658315,48.9833333333333,4.30683383285421,92.1695329,0,0
s7_clean,fixed_packet,25,25,10,1625,0.427965277573465,0.427965277573465,self_stable,0.0005,0.9,0,1,1,0,0,0,1,NaN,1,979.666666666667,86.1366766570841,979.666666666667,86.1366766570841,979.666666666667,86.1366766570841,979.666666666667,86.1366766570841,0,0,0,0,1,0,0,0,366.030065855734,6.30551629517072,2.04690476318213,4.03832603955072,363.983161092552,5.29583320961595,366.030065855734,6.30551629517072,299.899999999907,0,677.974999999984,89.7085682169685,1122.43999999994,257.565618943195,299.899999999907,0,677.974999999984,89.7085682169685,1122.43999999994,257.565618943195,0.0500690166689063,0.0347807854120099,35.8427669999934,0.374397848753878,12.7790505058172,0.741316716165418,64.4045111448687,5.68117971367748,5.00676342520391,1.30911788119562,82.9134356277211,0.487996941201317,162.5,0,0,0,979.666666666667,86.1366766570841,979.666666666667,86.1366766570841,979.666666666667,86.8146008962485,9796.66666666667,861.366766570841,979.666666666667,86.8146008962485,NaN,NaN,0.159208166666667,0.0140584527235174,0.359508033333279,0.030368134713142,0.200299866666612,0.016882109159539,0.159208166666667,0.0140584527235174,-0.0449960449960451,0.139463515961452,1,0,0.00261183624354868,0.00258201728522866,0.95984211324857,0.0230443861667768,1233.66666666667,64.6512449670033,58.6666666666667,10.0395230360821,1.05419902941157,0.0110117014339375,1869,698.792795304325,925.6,333.835946198667,1869,698.792795304325,774.299999999135,132.652953807742,1566.39999999824,268.055265063651,1,0,1,0,1,0,0.000667388167388167,0.00143594454491074,9.33333333333333,1.43421757658315,48.9833333333333,4.30683383285421,42.4925505,0,0
s7_busy,fixed_packet,25,25,10,1625,0.3,0.3,self_stable,0.005,0.457885697021333,0,1,1,0,0,0,1,NaN,1,979.666666666667,86.1366766570841,979.666666666667,86.1366766570841,979.666666666667,86.1366766570841,979.666666666667,86.1366766570841,0,0,0,0,1,0,0,0,1962.72366579227,573.362430569572,104.148731589972,72.0066364735053,1858.5749342023,501.991413009635,1962.72366579227,573.362430569572,1285.48333333332,207.26584031461,5665.71666666659,1812.79310111494,10357.5799999999,6172.72307351257,1285.48333333332,207.26584031461,5665.71666666659,1812.79310111494,10357.5799999999,6172.72307351257,0.291217276251822,0.0833769672293224,89.3888963901451,24.3260654047901,56.2283561284624,18.5371151600859,1327.05278152579,399.424030569297,139.713682881648,60.9361718580599,79.5520217930022,1.26939926528464,162.5,0,0,0,979.666666666667,86.1366766570841,979.666666666667,86.1366766570841,979,87.8626550580287,9796.66666666667,861.366766570841,979,87.8626550580287,NaN,NaN,0.1590875,0.0142776814469297,1.93673343333328,0.726566297034868,1.77764593333328,0.712613033813672,0.1590875,0.0142776814469297,0.872468872468872,1.68471216033302,1,0,0.00454094394154718,0.00388188601248743,0.960231038431397,0.0217623310479011,3071.33333333333,896.06236746209,1647.33333333333,849.23485253364,2.62908518794544,0.715472511905591,125454.399999998,26597.6064073254,54094.1999999983,9316.68640426228,125454.399999998,26597.6064073254,45064.6999999526,9485.14998788094,104947.89999989,27615.2615894205,1,0,1,0,1,0,0.00135832158945868,0.00142662112842572,9.33333333333333,1.43421757658315,48.9833333333333,4.30683383285421,268.1800077,0,0
sf_cb,fixed_packet,30,30,10,1625,0.173205080756888,0.249804953296681,self_stable,0.003,0.249804953296681,0,1,1,0,0,0,1,NaN,1,1224.66666666667,108.461370754149,1224.66666666667,108.461370754149,1224.66666666667,108.461370754149,1224.66666666667,108.461370754149,0,0,0,0,1,0,0,0,2021.37831662177,227.83448093925,102.615243148186,27.0419570118205,1918.76307347358,212.612171717939,2021.37831662177,227.83448093925,1394.66666666667,31.52833031633,5738.71666666666,1518.94610942486,9240.33333333333,3163.34615759156,1394.66666666667,31.52833031633,5738.71666666666,1518.94610942486,9240.33333333333,3163.34615759156,0,0,0,0,397.320910251753,131.521068397056,1124.31814128188,42.1487166869131,80.2211186070105,41.7935389633949,154.402903332935,1.0977296216498,162.5,0,0,0,1224.66666666667,108.461370754149,1224.66666666667,108.461370754149,1225,101.72839655999,12246.6666666667,1084.61370754149,1225,101.72839655999,NaN,NaN,0.199129166666667,0.016673425098725,0,0,0,0,0.199129166666667,0.016673425098725,0.482362747465531,2.98324306197294,1,0,1.11371699431064e+16,392463298352361,0.968992883311465,0.0342272174421051,2091,88.2830529371149,601.666666666667,257.109253219654,1.44384013501505,0.257038403776591,NaN,NaN,NaN,NaN,NaN,NaN,NaN,NaN,NaN,NaN,1,0,1,0,1,0,0.00244855908021735,0.00196530902146973,11.6666666666667,1.43421757658315,61.2333333333333,5.42306853770744,3.6170022,0,0
sb_cb,fixed_packet,30,30,10,1625,0.07,0.1200936955176,self_stable,0.1200936955176,0.173205080756888,0,1,1,0,0,0,1,NaN,1,1224.66666666667,108.461370754149,1224.66666666667,108.461370754149,1224.66666666667,108.461370754149,1224.66666666667,108.461370754149,0,0,0,0,1,0,0,0,855.299307394267,117.851102844331,18.0768547254026,16.0210403004172,837.222452668864,102.916057354361,855.299307394267,117.851102844331,586,22.357239405753,2317,320.072468356771,4322.45333333334,2131.34331617743,586,22.357239405753,2317,320.072468356771,4322.45333333334,2131.34331617743,0,0,62.3475460718704,7.01627993798188,0,0,396.532686064695,77.676653122838,55.9562446211723,18.9146669960102,159.885975911127,0.906491754011381,162.5,0,0,0,1224.66666666667,108.461370754149,1224.66666666667,108.461370754149,1225,106.644468844112,12246.6666666667,1084.61370754149,1225,106.644468844112,NaN,NaN,0.199011,0.0175487902579378,1.05199833333333,0.194384769284839,0.848220666666667,0.182360107370174,0.203777666666667,0.0175425225359553,0.512222754195978,0.895564094734668,1,0,0.00392914028355607,0.00446671743906344,0.969016129201666,0.0338571389522641,2155.33333333333,325.055217750607,578,256.684881138582,1.4554276599915,0.190106206116518,9275.16666666667,3410.56939711474,NaN,NaN,9275.16666666667,3410.56939711474,NaN,NaN,NaN,NaN,1,0,1,0,1,0,0.000817253919047612,7.37086446631795e-05,11.6666666666667,1.43421757658315,61.2333333333333,5.42306853770744,1155.2990735,0,0
unslotted,fixed_packet,30,30,10,1625,0.0387298334620742,0.0421716332650875,self_stable,0.0005,0.0421716332650875,0,1,1,0,0,0,1,NaN,1,1224.66666666667,108.461370754149,1224.66666666667,108.461370754149,1224.66666666667,108.461370754149,1224.66666666667,108.461370754149,0,0,0,0,1,0,0,0,981.099438784037,127.96853593011,19.2687570591768,13.5829221322951,961.83068172486,117.738783630748,981.099438784037,127.96853593011,684.48747238512,88.1596520393603,2530.48947185246,278.076130459511,4954.12997106781,1995.28100172859,684.48747238512,88.1596520393603,2530.48947185246,278.076130459511,4954.12997106781,1995.28100172859,0,0,0,0,484.225729140829,74.8530644106266,92.5594486314365,22.9941586408798,63.0639538724995,22.3544890361087,159.481550080096,1.50553129526163,162.5,0,0,0,1224.66666666667,108.461370754149,1224.66666666667,108.461370754149,1222.33333333333,97.6532618203792,12246.6666666667,1084.61370754149,1222.33333333333,97.6532618203792,NaN,NaN,0.198629166666667,0.0158686550458114,1.19500491662859,0.233737073806865,0.989853889021966,0.216490035276715,0.205151027606624,0.0183746643153686,1.11143106479608,0.385574235116424,1,0,0.012426118299044,0.0338531108778415,0.969217896199896,0.0337737929558196,2188,401.885577116195,631.333333333333,284.976542244497,1.49511563040171,0.197659185268948,9545.83333333333,3406.19178682058,NaN,NaN,9545.83333333333,3406.19178682058,NaN,NaN,NaN,NaN,1,0,1,0,1,0,0.00348757670717876,0.00967620467203156,11.6666666666667,1.43421757658315,61.2333333333333,5.42306853770744,140.650461,0,0
s7_clean,fixed_packet,30,30,10,1625,0.387298334620742,0.387298334620742,self_stable,0.0002,0.9,0,1,1,0,0,0,1,NaN,1,1224.66666666667,108.461370754149,1224.66666666667,108.461370754149,1224.66666666667,108.461370754149,1224.66666666667,108.461370754149,0,0,0,0,1,0,0,0,382.461294444004,5.21924786463809,2.72213768550636,2.43177031742572,379.739156758498,7.249954637997,382.461294444004,5.21924786463809,302.899999999984,12.9079581890814,722.900000000014,89.428957623048,1269.43999999998,211.874136948531,302.899999999984,12.9079581890814,722.900000000014,89.428957623048,1269.43999999998,211.874136948531,0.0731846819156901,0.0426773230574176,35.5899153814597,1.25635838706395,15.1117646550885,1.58401990470566,78.5711979635112,3.40677703177907,4.49309407652228,2.69071288462928,82.8068748297644,0.42226950885784,162.5,0,0,0,1224.66666666667,108.461370754149,1224.66666666667,108.461370754149,1224.66666666667,108.062369877195,12246.6666666667,1084.61370754149,1224.66666666667,108.062369877195,NaN,NaN,0.199011666666667,0.0175723035475792,0.469856533333266,0.0468001793841778,0.2708448666666,0.0292627685262115,0.199011666666667,0.0175723035475792,0.142052142052142,0.293751534840719,1,0,0.00302109507435095,0.00279670527073469,0.969071091030079,0.0338009683870979,1554.33333333333,133.690312719732,66.3333333333333,44.7374741736901,1.04676221710176,0.0369517172665868,2474.2,709.207568979235,1192.6,313.446700985948,2474.2,709.207568979235,854.399999999208,566.693667078975,1771.09999999837,1194.49056043712,1,0,1,0,1,0,0.0005335659757852,0.00114793658427433,11.6666666666667,1.43421757658315,61.2333333333333,5.42306853770744,46.0167165,0,0
s7_busy,fixed_packet,30,30,10,1625,0.249804953296681,0.326660066636101,self_stable,0.326660066636101,0.355689330449006,0,1,1,0,0,0,1,NaN,1,1224.66666666667,108.461370754149,1224.66666666667,108.461370754149,1224.66666666667,108.461370754149,1224.66666666667,108.461370754149,0,0,0,0,1,0,0,0,2897.63577834216,481.771763890577,276.802094439115,202.739333362266,2620.83368390304,298.467438831416,2897.63577834216,481.771763890577,1789.39999999993,297.65370948348,8855.09999999993,1520.39389447567,17276.7933333332,6472.60201001447,1789.39999999993,297.65370948348,8855.09999999993,1520.39389447567,17276.7933333332,6472.60201001447,0.491133483899126,0.0915873633073576,110.676085492558,17.5475332409184,88.8560770876431,11.332567931443,1980.47441610732,229.016804675155,194.43597173162,43.9257457035434,77.0459556236543,1.07899327989169,162.5,0,0,0,1224.66666666667,108.461370754149,1224.66666666667,108.461370754149,1225,104.007971423627,12246.6666666667,1084.61370754149,1225,104.007971423627,NaN,NaN,0.1990625,0.0169012953563395,3.56576883333326,0.709099850325797,3.36670633333326,0.699950566446272,0.1990625,0.0169012953563395,2.13407013407013,0.827931445636912,1,0,0.00461518773401781,0.00468479176099231,0.96919441171565,0.0351466743145549,4712,888.790313978624,2852.66666666667,603.887354828644,3.25517898507523,0.51610391885054,171734.399999996,32516.415782776,69731.4999999966,11111.6810959885,171734.399999996,32516.415782776,58330.5999999385,7391.85697291646,144455.899999846,22113.523260926,1,0,1,0,1,0,0.00189968948752508,0.00105376829512902,11.6666666666667,1.43421757658315,61.2333333333333,5.42306853770744,288.5323537,0,0
sf_cb,fixed_packet,45,45,10,1625,0.0863081414249492,0.0863081414249492,self_stable,0.003,0.134164078649987,0,1,1,0,0,0,1,NaN,1,1797.33333333333,18.8095871778349,1797.33333333333,18.8095871778349,1797.33333333333,18.8095871778349,1797.33333333333,18.8095871778349,0,0,0,0,1,0,0,0,6115.12350247902,366.378269195122,1333.95195274787,238.692228858577,4781.17154973115,146.933521421192,6115.12350247902,366.378269195122,4003.66666666667,413.07909407638,19317.1333333333,1510.68427606079,30157.5833333333,1901.21256241311,4003.66666666667,413.07909407638,19317.1333333333,1510.68427606079,30157.5833333333,1901.21256241311,0,0,0,0,1567.47589525204,105.892449960932,2768.74583380788,125.808398134621,152.290816228012,6.50653140426201,130.159004443221,3.97639612811368,162.5,0,0,0,1797.33333333333,18.8095871778349,1797.33333333333,18.8095871778349,1804.66666666667,32.4209316509691,17973.3333333333,188.095871778349,1804.66666666667,32.4209316509691,NaN,NaN,0.29325,0.00500684334037353,0,0,0,0,0.29325,0.00500684334037353,1.41236792859754,20.1926599807141,1,0,4.94959079822902e+16,2.55811334797659e+15,0.976501136595731,0.0132003429348024,3681.66666666667,105.432064515119,1684.33333333333,54.5568523876712,1.7381527425922,0.0224920908559438,NaN,NaN,NaN,NaN,NaN,NaN,NaN,NaN,NaN,NaN,1,0,1,0,1,0,0.00482762887180228,0.0148124239953258,17.3333333333333,1.43421757658315,89.8666666666667,0.94047935889175,3.4290785,0,0
sb_cb,fixed_packet,45,45,10,1625,0.0135720880829745,0.0158113883008419,self_stable,0.0009,0.0158113883008419,0,1,1,0,0,0,1,NaN,1,1797.33333333333,18.8095871778349,1797.33333333333,18.8095871778349,1797.33333333333,18.8095871778349,1797.33333333333,18.8095871778349,0,0,0,0,1,0,0,0,3397.24772806841,513.979033266179,454.56460791067,149.884681855421,2942.68312015774,407.153076451164,3397.24772806841,513.979033266179,2186.5,145.894192429361,10327.7666666667,2347.59920123296,18648.22,8841.62520249271,2186.5,145.894192429361,10327.7666666667,2347.59920123296,18648.22,8841.62520249271,0,0,215.660311245453,31.1829662662559,0,0,2322.79077515647,342.840054304297,98.0383898145743,31.8501782444117,143.693643941241,5.54544477193655,162.5,0,0,0,1797.33333333333,18.8095871778349,1797.33333333333,18.8095871778349,1799.66666666667,23.0815474948677,17973.3333333333,188.095871778349,1799.66666666667,23.0815474948677,NaN,NaN,0.292494666666667,0.00354193119454554,6.16133966666667,0.97838506803907,5.8511325,0.970418725535563,0.310207166666667,0.00796758285723434,0.579693592038282,7.37984858333892,1,0,0.00885267490344445,0.0140004142997959,0.975824577877609,0.0125831602039299,3535.66666666667,576.739173347947,1418.33333333333,446.96764320706,1.67312941690864,0.24578347985209,21435.8333333333,7387.02722273707,NaN,NaN,21435.8333333333,7387.02722273707,NaN,NaN,NaN,NaN,1,0,1,0,1,0,0.00315683002187679,0.00763130069058316,17.3333333333333,1.43421757658315,89.8666666666667,0.94047935889175,1063.901001,0,0
unslotted,fixed_packet,45,45,10,1625,0.01,0.01,self_stable,0.0009,0.0135720880829745,0,1,1,0,0,0,1,NaN,1,1797.33333333333,18.8095871778349,1797.33333333333,18.8095871778349,1797.33333333333,18.8095871778349,1797.33333333333,18.8095871778349,0,0,0,0,1,0,0,0,3583.3166824353,1139.98966715316,529.009223120391,342.537771223456,3054.30745931491,797.506633663614,3583.3166824353,1139.98966715316,2358.39553793934,627.788057186543,10743.2887924069,4053.28779196256,21202.9544378179,11604.9736602632,2358.39553793934,627.788057186543,10743.2887924069,4053.28779196256,21202.9544378179,11604.9736602632,0,0,0,0,5119.52196482403,1523.46608794938,-2456.97464106729,775.25359061786,86.7385115958675,52.5521290686201,142.521623962296,6.13576341690534,162.5,0,0,0,1797.33333333333,18.8095871778349,1797.33333333333,18.8095871778349,1798.33333333333,22.5404985320661,17973.3333333333,188.095871778349,1798.33333333333,22.5404985320661,NaN,NaN,0.29220151013116,0.00395867696971933,6.49149732744829,2.1440468317508,6.1850499839838,2.12616923399004,0.306447343464494,0.0178998460744159,1.65250499212169,13.3030607269069,1,0,0.00740650933054468,0.0097812585588438,0.976561208353099,0.0102970532059362,3405.33333333333,784.99275769247,1304.66666666667,682.773433324379,1.60281561963343,0.340746855429959,19652.3333333333,10476.4538991287,NaN,NaN,19652.3333333333,10476.4538991287,NaN,NaN,NaN,NaN,1,0,1,0,1,0,0.0024150538401044,0.004866956504546,17.3333333333333,1.43421757658315,89.8666666666667,0.94047935889175,121.1148272,0,0
s7_clean,fixed_packet,45,45,10,1625,0.421716332650875,0.459192951084223,self_stable,0.0002,0.5,0,1,1,0,0,0,1,NaN,1,1797.33333333333,18.8095871778349,1797.33333333333,18.8095871778349,1797.33333333333,18.8095871778349,1797.33333333333,18.8095871778349,0,0,0,0,1,0,0,0,518.292419498085,85.3415437179518,8.67076027696508,9.29512023883947,509.62165922112,76.305001985777,518.292419498085,85.3415437179518,341.899999999946,25.8159163784133,1282.09999999994,354.694156443933,2431.67333333328,1324.35629152733,341.899999999946,25.8159163784133,1282.09999999994,354.694156443933,2431.67333333328,1324.35629152733,0.115344290863455,0.0611441065303096,42.4056386216791,6.33772581470371,15.654194812234,1.20898427638387,183.76793066696,53.1773718635643,21.7785508293842,15.8884927790896,82.2399862602647,0.345237156683623,162.5,0,0,0,1797.33333333333,18.8095871778349,1797.33333333333,18.8095871778349,1797.66666666667,16.5402039763223,17973.3333333333,188.095871778349,1797.66666666667,16.5402039763223,NaN,NaN,0.2921695,0.00275568392630751,0.9358268999999,0.155064599872378,0.6436573999999,0.154743043682189,0.2921695,0.00275568392630751,0.122844122844123,1.45439423729331,1,0,0.00455818925973034,0.00189068145449067,0.976316217896737,0.0130459489762964,2684,347.344283502768,469.333333333333,341.551621239762,1.2472246653435,0.186403700432462,15299.1,9495.57974703533,6781.79999999997,2869.72216076746,15299.1,9495.57974703533,5580.29999999384,3088.99144331735,12531.1999999859,9119.42828708448,1,0,1,0,1,0,0.000556179019273054,0.00138470233591993,17.3333333333333,1.43421757658315,89.8666666666667,0.94047935889175,69.0202441,0,0
s7_busy,fixed_packet,45,45,10,1625,0.0863081414249492,0.0863081414249492,self_stable,0.002,0.134164078649987,0,1,1,0,0,0,1,NaN,1,1797.33333333333,18.8095871778349,1797.33333333333,18.8095871778349,1797.33333333333,18.8095871778349,1797.33333333333,18.8095871778349,0,0,0,0,1,0,0,0,9583.23183707101,1993.58993754677,2865.76828760866,1200.80453570541,6717.46354946233,795.910390710455,9583.23183707101,1993.58993754677,6534.14999999993,1690.05548384109,28023.0833333333,6544.67875092679,44160.2866666666,7235.07855914516,6534.14999999993,1690.05548384109,28023.0833333333,6544.67875092679,44160.2866666666,7235.07855914516,1.77033538993156,0.20711556871259,104.047333174458,13.1550826891314,289.971816049692,39.7742934084434,5879.53247631616,707.944294259538,196.241588532118,35.3943362718292,58.9803993134649,3.16357452757029,162.5,0,0,0,1797.33333333333,18.8095871778349,1797.33333333333,18.8095871778349,1806,43.6671559964753,17973.3333333333,188.095871778349,1806,43.6671559964753,NaN,NaN,0.2934905,0.00703020935239193,17.5415246999999,3.96098868244677,17.2480341999999,3.95552720375666,0.2934905,0.00703020935239193,2.81039481039481,41.2606096679865,1,0,0.0175717962037785,0.0368751092116604,0.976222083496482,0.0130596227783795,6488.66666666667,979.135833302499,4230,807.482327609533,3.06021568160171,0.386914196739158,223149.699999994,34596.2574185816,88474.8999999946,10736.7659709213,223149.699999994,34596.2574185816,75187.199999924,8250.11795085056,190709.199999808,28122.29584821,1,0,1,0,1,0,0.00705317443341963,0.0148202880685356,17.3333333333333,1.43421757658315,89.8666666666667,0.94047935889175,192.3895635,0,0
sf_cb,fixed_packet,8,8,15,2437.5,0.661825303382485,0.661825303382485,self_stable,0.006,0.793725393319377,0,1,1,0,0,0,1,NaN,1,316.333333333333,48.7633976038272,316.333333333333,48.7633976038272,316.333333333333,48.7633976038272,316.333333333333,48.7633976038272,0,0,0,0,1,0,0,0,657.757723616551,545.817742438159,14.8586891693667,59.5090008939887,642.899034447185,486.334236885909,657.757723616551,545.817742438159,461.833333333333,17.6239606389707,1026.45833333333,394.372794782101,5998.20166666669,18543.6425537321,461.833333333333,17.6239606389707,1026.45833333333,394.372794782101,5998.20166666669,18543.6425537321,0,0,0,0,42.8235972081177,153.480429675249,188.592652771733,47.5346092388625,86.9799474507149,288.553688916467,162.002837016619,1.19323767331926,162.5,0,0,0,316.333333333333,48.7633976038272,316.333333333333,48.7633976038272,316,51.6915572798604,4745,731.450964057408,316,51.6915572798604,NaN,NaN,0.05135,0.00839987805797732,0,0,0,0,0.05135,0.00839987805797732,0.115147506630501,0.165531382700838,1,0,949984051197967,949362954945899,0.88774979868289,0.0348998265056713,572,652.477579272262,178.666666666667,607.849429361358,1.53220175056821,1.76943716478994,NaN,NaN,NaN,NaN,NaN,NaN,NaN,NaN,NaN,NaN,1,0,1,0,1,0,0.00316907651885165,0.00815835710881361,3,0,15.8166666666667,2.43816988019136,2.4662921,0,0
sb_cb,fixed_packet,8,8,15,2437.5,0.559344471040698,0.559344471040698,self_stable,0.0002,0.9,0,1,1,0,0,0,1,NaN,1,316.333333333333,48.7633976038272,316.333333333333,48.7633976038272,316.333333333333,48.7633976038272,316.333333333333,48.7633976038272,0,0,0,0,1,0,0,0,408.419469026549,83.4279391211421,0.431784257781646,1.60393032015669,407.987684768767,83.6906142408641,408.419469026549,83.4279391211421,367,12.9079581892484,583.9,276.386332874836,1240.69,2250.67749942441,367,12.9079581892484,583.9,276.386332874836,1240.69,2250.67749942441,0,0,37.0663942485936,1.70151767469539,0,0,32.7292760771797,38.4214429890664,13.1920144429937,44.7675174422179,162.5,0,162.5,0,0,0,316.333333333333,48.7633976038272,316.333333333333,48.7633976038272,316.333333333333,50.9298719009959,4745,731.450964057408,316.333333333333,50.9298719009959,NaN,NaN,0.051432,0.00821435014232311,0.129181666666667,0.0283189947526491,0.077533,0.0245957603200678,0.0516486666666667,0.00780037499819948,0.0274838960743765,0.146866764802755,1,0,0.00110965216714347,0.00341592738822697,0.888206993723963,0.0358839550919782,429.333333333333,79.3499587549732,28.6666666666667,89.7847695508811,1.09256411496365,0.296732250541733,531.666666666667,949.1343206783,NaN,NaN,531.666666666667,949.1343206783,NaN,NaN,NaN,NaN,1,0,1,0,1,0,0.00207618034398826,0.0044851771251322,3,0,15.8166666666667,2.43816988019136,133.2108033,0,0
unslotted,fixed_packet,8,8,15,2437.5,0.457885697021333,0.457885697021333,self_stable,0.0001,0.692820323027551,0,1,1,0,0,0,1,NaN,1,316.333333333333,48.7633976038272,316.333333333333,48.7633976038272,316.333333333333,48.7633976038272,316.333333333333,48.7633976038272,0,0,0,0,1,0,0,0,403.231734659615,87.6038808847644,0.338747595047904,1.45751326452893,402.892987064567,88.9339953308141,403.231734659615,87.6038808847644,337.762351739608,1.44896527571039,545.118082272014,129.982540669727,1767.37527784425,2268.44117829341,337.762351739608,1.44896527571039,545.118082272014,129.982540669727,1767.37527784425,2268.44117829341,0,0,0,0,18.0709517620098,5.57563652010021,25.6283903788371,28.6708014971862,34.1936449237204,59.6519444433396,162.5,0,162.5,0,0,0,316.333333333333,48.7633976038272,316.333333333333,48.7633976038272,316.333333333333,50.9298719009959,4745,731.450964057408,316.333333333333,50.9298719009959,NaN,NaN,0.0514439814970634,0.00818816258785511,0.127230936899399,0.0125776537913569,0.0745952887356685,0.0154559420225372,0.0526356481637301,0.00568981866834666,-0.00663150979005514,0.248266208472267,1,0,0.0010008721798482,0.00358639493485393,0.888206993723963,0.0358839550919782,491.666666666667,25.0064379175031,73,115.157936883874,1.23704241017457,0.387195343634726,1305,672.909072355336,NaN,NaN,1305,672.909072355336,NaN,NaN,NaN,NaN,1,0,1,0,1,0,0.00207618034398826,0.0044851771251322,3,0,15.8166666666667,2.43816988019136,20.8303922,0,0
s7_clean,fixed_packet,8,8,15,2437.5,0.692820323027551,0.692820323027551,self_stable,0.0001,0.963492483998996,0,1,1,0,0,0,1,NaN,1,316.333333333333,48.7633976038272,316.333333333333,48.7633976038272,316.333333333333,48.7633976038272,316.333333333333,48.7633976038272,0,0,0,0,1,0,0,0,300.292077308647,20.0193349341636,0.235791543756077,1.01452912939392,300.056285764891,20.196828496735,300.292077308647,20.0193349341636,281.900000000023,0,395.899999999955,173.658816693567,613.279999999942,397.694191810778,281.900000000023,0,395.899999999955,173.658816693567,613.279999999942,397.694191810778,0.0119960668633922,0.0516149098360314,34.412469977594,1.99437668758343,3.90056579138256,0.170828369623573,14.7374834372477,14.0984743461454,1.09377049180328,4.70611459227679,83.3179941002949,0.352842908221402,162.5,0,0,0,316.333333333333,48.7633976038272,316.333333333333,48.7633976038272,316.666666666667,50.1976151804104,4745,731.450964057408,316.666666666667,50.1976151804104,NaN,NaN,0.0514583333333333,0.00815711246681669,0.0951239999999823,0.0155138301776807,0.043665666666649,0.00860619331389138,0.0514583333333333,0.00815711246681669,0.0323960323960324,0.107268734008646,1,0,0.00144906174562194,0.00623480947537576,0.887743666473456,0.0348871918823281,393.333333333333,34.8074884695988,4,17.2106109189978,1.01213146992924,0.0586581378701009,124.6,426.419586311116,62.3,213.209793155558,124.6,426.419586311116,53.3999999999845,229.761655768554,106.799999999969,459.523311537109,1,0,1,0,1,0,0.000983284169124877,0.00423073031440458,3,0,15.8166666666667,2.43816988019136,29.6059866,0,0
s7_busy,fixed_packet,8,8,15,2437.5,0.729942725678815,0.729942725678815,self_stable,0.002,0.9,0,1,1,0,0,0,1,NaN,1,316.333333333333,48.7633976038272,316.333333333333,48.7633976038272,316.333333333333,48.7633976038272,316.333333333333,48.7633976038272,0,0,0,0,1,0,0,0,823.309660363921,203.562276357292,0.589773844641033,2.53759204257957,822.719886519279,201.348234806668,823.309660363921,203.562276357292,602.899999999907,158.615645750736,2027.59999999995,581.746295813144,3469.78999999995,2474.06965935441,602.899999999907,158.615645750736,2027.59999999995,581.746295813144,3469.78999999995,2474.06965935441,0.0119960668633922,0.0516149098360314,67.6836597514387,12.1150898485701,6.45361961410126,2.04201546454348,419.964569208642,157.225472461873,82.706041878234,30.0207544032686,83.3179941002949,0.352842908221402,162.5,0,0,0,316.333333333333,48.7633976038272,316.333333333333,48.7633976038272,316.333333333333,50.9298719009959,4745,731.450964057408,316.333333333333,50.9298719009959,NaN,NaN,0.0514041666666667,0.00827610418391183,0.261471033333316,0.103847921195967,0.210066866666649,0.0959042238399074,0.0514041666666667,0.00827610418391183,0.00437200437200431,0.135113687743337,1,0,0.000833099680761493,0.00197578818222743,0.888206993723963,0.0358839550919782,792.666666666667,182.230310431295,315.333333333333,159.958666313441,1.99069587504231,0.356326172016767,72081.1000000004,6418.37904822248,32930.0000000006,2301.76129362275,72081.1000000004,6418.37904822248,26940.2999999725,1609.69863830095,58748.89999994,5341.37513917239,1,0,1,0,1,0,0.00207618034398826,0.0044851771251322,3,0,15.8166666666667,2.43816988019136,113.3988431,0,0
sf_cb,fixed_packet,15,15,15,2437.5,0.387298334620742,0.528840463202608,self_stable,0.002,0.528840463202608,0,1,1,0,0,0,1,NaN,1,589,38.803471516211,589,38.803471516211,589,38.803471516211,589,38.803471516211,0,0,0,0,1,0,0,0,798.355306442444,39.4267633210939,6.43418084669776,7.03466854119596,791.921125595746,45.5917219699125,798.355306442444,39.4267633210939,622.5,13.9974051319289,1845.03333333333,192.321130388036,2980.42,807.373144067829,622.5,13.9974051319289,1845.03333333333,192.321130388036,2980.42,807.373144067829,0,0,0,0,42.6443187701461,4.79728746277694,400.806239728066,21.4490849857581,24.9582406941083,20.836993629146,161.012326403425,2.33367482779455,162.5,0,0,0,589,38.803471516211,589,38.803471516211,588.333333333333,39.6166099442618,8835,582.052072743165,588.333333333333,39.6166099442618,NaN,NaN,0.0956375,0.00652182254723377,0,0,0,0,0.0956375,0.00652182254723377,0.0792393954443734,0.637070297121822,1,0,2.11847525031657e+15,242303425023920,0.951910306596561,0.0314196979083245,801.333333333333,57.7439578862124,91,80.3801863581713,1.14443425906175,0.142071402403568,NaN,NaN,NaN,NaN,NaN,NaN,NaN,NaN,NaN,NaN,1,0,1,0,1,0,0.00114211845372025,0.00245889515298195,5,0,29.45,1.94017357581055,4.893415,0,0
sb_cb,fixed_packet,15,15,15,2437.5,0.661825303382485,0.661825303382485,self_stable,0.0004,0.827677252914336,0,1,1,0,0,0,1,NaN,1,589,38.803471516211,589,38.803471516211,589,38.803471516211,589,38.803471516211,0,0,0,0,1,0,0,0,617.644531931353,253.739265600358,16.5592097217835,28.5720506427616,601.085322209569,225.416764245934,617.644531931353,253.739265600358,364,12.9079581892484,1780.6,800.572077425789,5442.45999999999,7052.08531085442,364,12.9079581892484,1780.6,800.572077425789,5442.45999999999,7052.08531085442,0,0,43.4277597834602,6.9491686119183,0,0,111.724210946232,85.6837795579241,121.670385323885,131.876928578045,161.762966155992,1.04049681415792,162.5,0,0,0,589,38.803471516211,589,38.803471516211,588.333333333333,39.6166099442618,8835,582.052072743165,588.333333333333,39.6166099442618,NaN,NaN,0.0957018333333333,0.00637370030670686,0.364163333333333,0.151828736684133,0.2655365,0.151225264923164,0.0986268333333333,0.0066996911238706,-0.23011623011623,2.12913320323504,1,0,0.0014919961220997,0.0030217270719097,0.951910306596561,0.0314196979083245,1248,572.883305788606,506,564.6538460083,1.85450740012627,0.948996005637757,7569,8199.99005237045,NaN,NaN,7569,8199.99005237045,NaN,NaN,NaN,NaN,1,0,1,0,1,0,0.00114211845372025,0.00245889515298195,5,0,29.45,1.94017357581055,588.8780153,0,0
unslotted,fixed_packet,15,15,15,2437.5,0.457885697021333,0.8,self_stable,0.7,0.8,0,1,1,0,0,0,1,NaN,1,589,38.803471516211,589,38.803471516211,589,38.803471516211,589,38.803471516211,0,0,0,0,1,0,0,0,552.557017527277,55.3290192283666,16.731775238849,16.1908546086032,535.825242288428,45.4109058113091,552.557017527277,55.3290192283666,340.297952043572,1.62724362610275,1310.27761666529,654.433844876741,5544.93848674374,4565.33373255154,340.297952043572,1.62724362610275,1310.27761666529,654.433844876741,5544.93848674374,4565.33373255154,0,0,0,0,25.9871844102321,1.91945532717182,70.2398163337025,22.4153166036022,115.788023734199,23.8394996118467,161.310217810294,1.52645418083835,162.5,0,0,0,589,38.803471516211,589,38.803471516211,588.666666666667,40.4642573805096,8835,582.052072743165,588.666666666667,40.4642573805096,NaN,NaN,0.0957092240084779,0.00635819051918865,0.326261624603867,0.0429262023039955,0.224864900595389,0.0367230170044472,0.101396724008478,0.00874631209537597,0.490057992650886,1.17567648842339,1,0,0.00232846249389572,0.00436268408249319,0.952188811980908,0.0324680863214691,1259.66666666667,329.748423486789,478.666666666667,113.085122868771,1.80561342163138,0.185076417541846,7322.5,4485.61056835523,NaN,NaN,7322.5,4485.61056835523,NaN,NaN,NaN,NaN,1,0,1,0,1,0,0.00169860148098791,0.000113613291473262,5,0,29.45,1.94017357581055,92.169762,0,0
s7_clean,fixed_packet,15,15,15,2437.5,0.9,0.9,self_stable,0.0004,0.963492483998996,0,1,1,0,0,0,1,NaN,1,589,38.803471516211,589,38.803471516211,589,38.803471516211,589,38.803471516211,0,0,0,0,1,0,0,0,326.938521730952,32.9129522346084,2.00979612911654,4.70018482000621,324.928725601836,28.2298019877728,326.938521730952,32.9129522346084,281.899999999984,1.66964910699658e-10,521.749999999971,89.7567289100249,990.859999999945,874.71502256895,281.899999999984,1.66964910699658e-10,521.749999999971,89.7567289100249,990.859999999945,874.71502256895,0.0490445131393837,0.102108979996278,38.0906246094808,4.57067492990128,1.17989338263377,0.513100456756802,29.2458707624951,11.4597835580089,10.4632923340867,11.9303132926288,82.9707692079925,0.733984503047231,162.5,0,0,0,589,38.803471516211,589,38.803471516211,589,39.0412886854702,8835,582.052072743165,589,39.0412886854702,NaN,NaN,0.0957066333333333,0.00632894086304498,0.192898433333301,0.0109737016375152,0.0971917999999678,0.0147245862331774,0.0957066333333333,0.00632894086304498,0.07993207993208,0.113920956798132,1,0,0.00260682603915901,0.00482392066199715,0.952595731926886,0.0324679956962755,806.666666666667,213.149052351913,73.3333333333333,78.6076846826574,1.12031248851414,0.134431615585332,2830.2,5782.20820208919,1326.1,2511.07988824095,2830.2,5782.20820208919,934.499999999049,869.863589660726,1957.99999999814,2098.82518102963,1,0,1,0,1,0,0.0011148303192833,0.00239837391835334,5,0,29.45,1.94017357581055,33.9694113,0,0
s7_busy,fixed_packet,15,15,15,2437.5,0.459192951084223,0.459192951084223,self_stable,0.005,0.8,0,1,1,0,0,0,1,NaN,1,589,38.803471516211,589,38.803471516211,589,38.803471516211,589,38.803471516211,0,0,0,0,1,0,0,0,1047.60182422332,135.887031848522,10.1026255992906,6.31582243819304,1037.49919862403,137.51893819474,1047.60182422332,135.887031848522,773.899999999985,78.5160444162024,2631.04999999993,524.278853063058,3925.96999999992,258.466351775174,773.899999999985,78.5160444162024,2631.04999999993,524.278853063058,3925.96999999992,258.466351775174,0.104091319171057,0.0758456069249494,68.0051318539687,8.29325784723735,20.0255341273994,2.78239483150845,618.818897419282,108.012678762624,84.645543904211,19.7884854507157,82.1670442317003,0.823325752800889,162.5,0,0,0,589,38.803471516211,589,38.803471516211,588.333333333333,37.6191743556697,8835,582.052072743165,588.333333333333,37.6191743556697,NaN,NaN,0.0955983,0.00613813786334268,0.618673499999968,0.104924468917174,0.523075199999968,0.101020018360727,0.0955983,0.00613813786334268,-0.112056112056112,0.935815598749697,1,0,0.00338106775208563,0.00495337238650046,0.95227849064099,0.0310152470844313,1409.66666666667,162.939993848783,598.333333333333,165.271407619824,2.00015093688143,0.243919348448157,85342.0999999995,7008.14899783766,38554.8,2996.45963430146,85342.0999999995,7008.14899783766,31977.6999999672,2419.17433159749,70657.0999999271,6025.25331383118,1,0,1,0,1,0,0.00111669458403127,0.00480474900027857,5,0,29.45,1.94017357581055,178.3324302,0,0
sf_cb,fixed_packet,25,25,15,2437.5,0.3,0.3,self_stable,0.004,0.31748021039364,0,1,1,0,0,0,1,NaN,1,979.666666666667,86.1366766570841,979.666666666667,86.1366766570841,979.666666666667,86.1366766570841,979.666666666667,86.1366766570841,0,0,0,0,1,0,0,0,1159.37668980811,68.3559487466891,28.8102570988464,23.6349262790711,1130.56643270926,59.6841134182597,1159.37668980811,68.3559487466891,840.416666666667,32.6992958008111,3054.30833333333,136.558344201595,4889.01,634.450092919139,840.416666666667,32.6992958008111,3054.30833333333,136.558344201595,4889.01,634.450092919139,0,0,0,0,150.443876051773,9.2302723181981,600.877976602598,37.3305202076604,57.2626253361508,17.0750850246476,159.481954718737,2.67736871418233,162.5,0,0,0,979.666666666667,86.1366766570841,979.666666666667,86.1366766570841,978.666666666667,85.9214840683133,14695,1292.05014985626,978.666666666667,85.9214840683133,NaN,NaN,0.159066666666667,0.013989285843519,0,0,0,0,0.159066666666667,0.013989285843519,0.449664242517916,0.838724585967694,1,0,5.1177712711537e+15,726479651470898,0.959924753070912,0.020759480099898,1571,140.677663927878,346,126.496038923153,1.33381280033777,0.0985880035717516,NaN,NaN,NaN,NaN,NaN,NaN,NaN,NaN,NaN,NaN,1,0,1,0,1,0,0.00167748917748918,0.00523061282435253,9.33333333333333,1.43421757658315,48.9833333333333,4.30683383285421,3.0128177,0,0
sb_cb,fixed_packet,25,25,15,2437.5,0.0830312652444971,0.0963492483998996,self_stable,0.0002,0.173205080756888,0,1,1,0,0,0,1,NaN,1,979.666666666667,86.1366766570841,979.666666666667,86.1366766570841,979.666666666667,86.1366766570841,979.666666666667,86.1366766570841,0,0,0,0,1,0,0,0,727.10933677011,57.9864772084031,10.7715579169817,10.4775695993391,716.337778853128,53.7268259124321,727.10933677011,57.9864772084031,520,56.264485314382,1829.35,383.06472791061,3356.71,459.740320666079,520,56.264485314382,1829.35,383.06472791061,3356.71,459.740320666079,0,0,53.5359275092405,5.96334651886862,0,0,294.505505152098,48.7340555814873,45.4007022907328,10.8718465241075,160.395643901057,1.34906114148412,162.5,0,0,0,979.666666666667,86.1366766570841,979.666666666667,86.1366766570841,979.666666666667,86.8146008962485,14695,1292.05014985626,979.666666666667,86.8146008962485,NaN,NaN,0.159208666666667,0.0141202458690751,0.714951,0.116806682612293,0.5525465,0.103669899702801,0.1624045,0.013276431703342,0.345848546068517,0.916210256741142,1,0,0.00299159237579761,0.00243996318964571,0.95984211324857,0.0230443861667768,1603.66666666667,218.05767814308,368,95.8246261373295,1.362461663086,0.0742441622702962,5872.5,2216.62038413221,NaN,NaN,5872.5,2216.62038413221,NaN,NaN,NaN,NaN,1,0,1,0,1,0,0.000667388167388167,0.00143594454491074,9.33333333333333,1.43421757658315,48.9833333333333,4.30683383285421,1291.3263986,0,0
unslotted,fixed_packet,25,25,15,2437.5,0.056079315911044,0.0726848237132856,self_stable,0.0660385449778925,0.08,0,1,1,0,0,0,1,NaN,1,979.666666666667,86.1366766570841,979.666666666667,86.1366766570841,979.666666666667,86.1366766570841,979.666666666667,86.1366766570841,0,0,0,0,1,0,0,0,758.47109618955,116.784739768607,15.1793403743811,18.833941314578,743.291755815169,98.0988874231195,758.47109618955,116.784739768607,539.197514055889,10.9079397729352,1814.33877081192,447.882612780427,4478.37859462311,4942.23943043571,539.197514055889,10.9079397729352,1814.33877081192,447.882612780427,4478.37859462311,4942.23943043571,0,0,0,0,270.584563433448,40.1235440311538,97.438166915944,34.9044115935961,52.1375139409339,24.4419077703597,160.631511524843,1.56315483825285,162.5,0,0,0,979.666666666667,86.1366766570841,979.666666666667,86.1366766570841,979,87.8626550580287,14695,1292.05014985626,979,87.8626550580287,NaN,NaN,0.15913703781721,0.0140573126918972,0.745633798780708,0.17933620109982,0.581459260963498,0.162276519004426,0.16417453781721,0.017091693000359,0.163944060091384,1.02725003307206,1,0,0.00199679965001986,0.00173475268918225,0.95981645383175,0.0223812779553617,1615.66666666667,253.969926658106,407,221.464743195463,1.40217137086159,0.18615059524229,5848.33333333333,2485.72777553659,NaN,NaN,5848.33333333333,2485.72777553659,NaN,NaN,NaN,NaN,1,0,1,0,1,0,0.00135832158945868,0.00142662112842572,9.33333333333333,1.43421757658315,48.9833333333333,4.30683383285421,128.2240141,0,0
s7_clean,fixed_packet,25,25,15,2437.5,0.6,0.6,self_stable,0.0002,0.9,0,1,1,0,0,0,1,NaN,1,979.666666666667,86.1366766570841,979.666666666667,86.1366766570841,979.666666666667,86.1366766570841,979.666666666667,86.1366766570841,0,0,0,0,1,0,0,0,363.156445476674,1.64684305388022,2.04313184856966,4.09050678319008,361.113313628104,5.40035392129886,363.156445476674,1.64684305388022,290.899999999907,0,674.89999999995,71.8684696030856,1244.86999999995,27.4114100328861,290.899999999907,0,674.89999999995,71.8684696030856,1244.86999999995,27.4114100328861,0.054103408203321,0.0372466977180284,37.0644433045602,1.86433464420214,6.49918394128012,0.246807890782306,63.6182365709069,5.5793405418317,7.97734640315405,4.29504213519424,82.9395527615613,0.73193662136914,162.5,0,0,0,979.666666666667,86.1366766570841,979.666666666667,86.1366766570841,979.666666666667,86.8146008962485,14695,1292.05014985626,979.666666666667,86.8146008962485,NaN,NaN,0.159196166666667,0.0140216429270698,0.356645699999945,0.0307783203156736,0.197449533333279,0.0167717168244783,0.159196166666667,0.0140216429270698,-0.0301080301080302,0.241738157682105,1,0,0.00246447600054303,0.0039545310518985,0.95984211324857,0.0230443861667768,1282.33333333333,99.5309798726806,93.6666666666667,51.1716289806726,1.09013068542824,0.0548333718882986,3177.3,350.966726452699,1539.7,213.209793155558,3177.3,350.966726452699,1219.29999999867,664.369290649732,2500.89999999727,1366.28249378322,1,0,1,0,1,0,0.000667388167388167,0.00143594454491074,9.33333333333333,1.43421757658315,48.9833333333333,4.30683383285421,42.4906097,0,0
s7_busy,fixed_packet,25,25,15,2437.5,0.3,0.489897948556636,self_stable,0.489897948556636,0.489897948556636,0,1,1,0,0,0,1,NaN,1,979.666666666667,86.1366766570841,979.666666666667,86.1366766570841,979.666666666667,86.1366766570841,979.666666666667,86.1366766570841,0,0,0,0,1,0,0,0,1878.85719039167,546.608096072181,101.492513594267,101.142923975637,1777.3646767974,446.516686316289,1878.85719039167,546.608096072181,1256.89999999993,239.058731116641,5791.39999999997,2768.44048268212,8888.87666666657,5994.57639195049,1256.89999999993,239.058731116641,5791.39999999997,2768.44048268212,8888.87666666657,5994.57639195049,0.308683897578985,0.171345853093512,86.6877898845752,29.5231770181333,52.3715398443215,17.6289999697812,1259.01745114402,326.54510949829,133.079212026903,74.4437532349873,79.5608372782018,2.13786947460266,162.5,0,0,0,979.666666666667,86.1366766570841,979.666666666667,86.1366766570841,979,87.8626550580287,14695,1292.05014985626,979,87.8626550580287,NaN,NaN,0.1590907,0.0142807218680038,1.85220009999994,0.694347428898467,1.69310939999994,0.680537605365676,0.1590907,0.0142807218680038,0.00058000058000011,1.07077227245661,1,0,0.00357478090362844,0.00222738153748442,0.95976841595474,0.0224248125230737,2995.33333333333,819.066326205422,1570.66666666667,1000.9698231688,2.54964087895809,0.868328735827448,124519.899999998,24502.7936277401,53480.0999999984,7087.62882547339,124519.899999998,24502.7936277401,44250.1333332855,10389.4770665082,103122.966666554,32481.5623585838,1,0,1,0,1,0,0.00135832158945868,0.00142662112842572,9.33333333333333,1.43421757658315,48.9833333333333,4.30683383285421,277.2221217,0,0
sf_cb,fixed_packet,30,30,15,2437.5,0.175078203371357,0.224492409661875,self_stable,0.004,0.224492409661875,0,1,1,0,0,0,1,NaN,1,1224.66666666667,108.461370754149,1224.66666666667,108.461370754149,1224.66666666667,108.461370754149,1224.66666666667,108.461370754149,0,0,0,0,1,0,0,0,2149.50788208883,218.471242436438,106.116690377651,31.2059461946517,2043.39119171118,212.191591944789,2149.50788208883,218.471242436438,1454.83333333333,127.675575998515,6076.725,653.879841112465,10283.2266666667,654.023480283159,1454.83333333333,127.675575998515,6076.725,653.879841112465,10283.2266666667,654.023480283159,0,0,0,0,431.02358566448,72.1554338647849,1200.8812913237,130.997944163353,94.2937963548303,16.3505648222612,154.69251836817,3.45662148742829,162.5,0,0,0,1224.66666666667,108.461370754149,1224.66666666667,108.461370754149,1224.33333333333,102.584160431862,18370,1626.92056131223,1224.33333333333,102.584160431862,NaN,NaN,0.1989125,0.0165627681400646,0,0,0,0,0.1989125,0.0165627681400646,1.6556344608463,3.12618055958156,1,0,1.18494892841689e+16,1.13950670610262e+15,0.968716225427303,0.033869652343568,2212,205.193383875613,710,104.894167258177,1.53222347521846,0.107465566991207,NaN,NaN,NaN,NaN,NaN,NaN,NaN,NaN,NaN,NaN,1,0,1,0,1,0,0.0018964868105996,0.00298189224027897,11.6666666666667,1.43421757658315,61.2333333333333,5.42306853770744,3.8611603,0,0
sb_cb,fixed_packet,30,30,15,2437.5,0.0827677252914336,0.0827677252914336,self_stable,0.0827677252914336,0.09,0,1,1,0,0,0,1,NaN,1,1224.66666666667,108.461370754149,1224.66666666667,108.461370754149,1224.66666666667,108.461370754149,1224.66666666667,108.461370754149,0,0,0,0,1,0,0,0,888.724109181955,28.7414267830169,22.3009474532299,13.1919654419745,866.423161728725,37.3654796820329,888.724109181955,28.7414267830169,565,34.1512473023708,2457.7,100.242575017575,6103.81,1963.08805881488,565,34.1512473023708,2457.7,100.242575017575,6103.81,1963.08805881488,0,0,65.9228408101393,4.56125184815781,0,0,401.519942529257,23.1731280772074,76.7181844218033,12.7200535840239,159.762193967525,0.647642974765029,162.5,0,0,0,1224.66666666667,108.461370754149,1224.66666666667,108.461370754149,1224,106.296714215405,18370,1626.92056131223,1224,106.296714215405,NaN,NaN,0.1989,0.0172732160600033,1.091385,0.0946422809794411,0.884143333333333,0.0763906233120924,0.207241666666667,0.0189783267590711,0.199349681093518,0.293172454740048,1,0,0.00282205742978626,0.00284665216053372,0.968910846897228,0.0331403048334495,2309,196.372618071372,746.333333333333,101.373923494518,1.59280991779914,0.0836145399090264,11252,987.105652083943,NaN,NaN,11252,987.105652083943,NaN,NaN,NaN,NaN,1,0,1,0,1,0,0.00106392927464492,0.00301618754094887,11.6666666666667,1.43421757658315,61.2333333333333,5.42306853770744,764.4384692,0,0
unslotted,fixed_packet,30,30,15,2437.5,0.03,0.03,self_stable,0.0001,0.0341995189335339,0,1,1,0,0,0,1,NaN,1,1224.66666666667,108.461370754149,1224.66666666667,108.461370754149,1224.66666666667,108.461370754149,1224.66666666667,108.461370754149,0,0,0,0,1,0,0,0,1088.40149322029,134.040069138724,22.7694670001399,12.8676556635056,1065.63202622015,136.164770809263,1088.40149322029,134.040069138724,781.335720461696,63.572727098162,2881.98501808165,417.607828822624,4902.70724091485,1622.82501784301,781.335720461696,63.572727098162,2881.98501808165,417.607828822624,4902.70724091485,1622.82501784301,0,0,0,0,652.278380318757,117.965780410733,36.2347075979166,4.27753841054612,55.666636868015,19.2760655158497,158.952301435462,1.80629860590999,162.5,0,0,0,1224.66666666667,108.461370754149,1224.66666666667,108.461370754149,1224.33333333333,107.173581810895,18370,1626.92056131223,1224.33333333333,107.173581810895,NaN,NaN,0.198969675600479,0.017456863692842,1.33895851937372,0.277853057061771,1.13500551043991,0.25983052393565,0.203953008933812,0.0180626566221833,0.550055689175463,0.913897984262847,1,0,0.00337296465407302,0.00329207487540179,0.968966285513693,0.0333687384026242,2113,344.534766211198,566.333333333333,244.865088734412,1.43920949374836,0.172930424162279,8661.33333333333,3026.82300887672,NaN,NaN,8661.33333333333,3026.82300887672,NaN,NaN,NaN,NaN,1,0,1,0,1,0,0.00079874762521506,0.00197629124967186,11.6666666666667,1.43421757658315,61.2333333333333,5.42306853770744,102.1421562,0,0
s7_clean,fixed_packet,30,30,15,2437.5,0.6,0.6,self_stable,0.0002,0.9,0,1,1,0,0,0,1,NaN,1,1224.66666666667,108.461370754149,1224.66666666667,108.461370754149,1224.66666666667,108.461370754149,1224.66666666667,108.461370754149,0,0,0,0,1,0,0,0,385.059110049894,17.324910525587,3.28050198818042,3.64331076209299,381.778608061713,13.7029236426958,385.059110049894,17.324910525587,290.899999999907,0,797.149999999946,83.466195368236,1431.88999999991,307.206394840288,290.899999999907,0,797.149999999946,83.466195368236,1431.88999999991,307.206394840288,0.0715670738541742,0.0466068046889341,38.895540029523,2.39925070319179,6.74245264324286,0.444965880505863,77.6122179310162,7.32929949644928,12.5568303840767,6.25228931475815,82.8516413354005,0.387892378553206,162.5,0,0,0,1224.66666666667,108.461370754149,1224.66666666667,108.461370754149,1224.66666666667,108.062369877195,18370,1626.92056131223,1224.66666666667,108.062369877195,NaN,NaN,0.199029666666667,0.0176208296469033,0.4728048666666,0.0378956461493515,0.273775199999933,0.0246119431501269,0.199029666666667,0.0176208296469033,0.191872191872192,0.356932358676568,1,0,0.00280308210359735,0.00214410927605315,0.969071091030079,0.0338009683870979,1682,81.4479016535151,183.666666666667,79.5053439405158,1.14398647145656,0.0705661971526999,5882.89999999999,1643.95138161935,2821.3,802.340217817975,5882.89999999999,1643.95138161935,2358.49999999783,1015.32239240055,4903.89999999546,2122.79268320927,1,0,1,0,1,0,0.0005335659757852,0.00114793658427433,11.6666666666667,1.43421757658315,61.2333333333333,5.42306853770744,44.7475145,0,0
s7_busy,fixed_packet,30,30,15,2437.5,0.224492409661875,0.31748021039364,self_stable,0.004,0.31748021039364,0,1,1,0,0,0,1,NaN,1,1224.66666666667,108.461370754149,1224.66666666667,108.461370754149,1224.66666666667,108.461370754149,1224.66666666667,108.461370754149,0,0,0,0,1,0,0,0,2821.0994666324,473.123885369373,210.766296123048,93.2526167415622,2610.33317050935,408.287468999999,2821.0994666324,473.123885369373,1861.4833333333,282.086616716506,8680.8916666666,2357.96613922723,14017.01,6654.58731407155,1861.4833333333,282.086616716506,8680.8916666666,2357.96613922723,14017.01,6654.58731407155,0.458020111833829,0.0494566404652561,100.775168020745,23.5795002907427,91.809156425528,21.7895132618413,2001.62013504944,308.031766029272,169.7706909018,57.5022825337421,77.4248683020273,0.726234372303101,162.5,0,0,0,1224.66666666667,108.461370754149,1224.66666666667,108.461370754149,1224.33333333333,101.950577379043,18370,1626.92056131223,1224.33333333333,101.950577379043,NaN,NaN,0.1989243,0.0165086112031754,3.46678256666659,0.532260487927304,3.26785826666659,0.529774765313937,0.1989243,0.0165086112031754,0.902904902904903,4.67148955384627,1,0,0.00648612730204409,0.00967371085492419,0.968571130305675,0.0338211143274411,4374.33333333333,808.342890065984,2490.66666666667,821.841712600303,2.96397553002191,0.693514714433607,162255.899999997,29467.9960444956,67346.2999999969,10270.4002691318,162255.899999997,29467.9960444956,55609.7666666047,9151.1204002027,134109.666666515,25867.5603184678,1,0,1,0,1,0,0.0034971847379552,0.00483940786343971,11.6666666666667,1.43421757658315,61.2333333333333,5.42306853770744,360.7018996,0,0
sf_cb,fixed_packet,45,45,15,2437.5,0.0963492483998996,0.0963492483998996,self_stable,0.002,0.1,0,1,1,0,0,0,1,NaN,1,1797.33333333333,18.8095871778349,1797.33333333333,18.8095871778349,1797.33333333333,18.8095871778349,1797.33333333333,18.8095871778349,0,0,0,0,1,0,0,0,5638.55274965054,2216.1924411224,1192.06179937734,1256.92118916625,4446.49095027319,964.0655965844,5638.55274965054,2216.1924411224,3610.33333333333,921.64152509719,17380.5166666667,7246.86436981255,30470.87,28777.8724596424,3610.33333333333,921.64152509719,17380.5166666667,7246.86436981255,30470.87,28777.8724596424,0,0,0,0,1513.99235605174,587.420643302599,2476.49958333835,331.418589390188,160.46972034016,60.3687797062905,133.029290542947,11.3357085689005,162.5,0,0,0,1797.33333333333,18.8095871778349,1797.33333333333,18.8095871778349,1807.66666666667,29.4276843123716,26960,282.143807667523,1807.66666666667,29.4276843123716,NaN,NaN,0.293729166666667,0.00479870506853237,0,0,0,0,0.293729166666667,0.00479870506853237,0.914498373226977,11.0911600824234,1,0,4.56464562007953e+16,1.80279938487536e+16,0.976547626073348,0.0142146860925113,3860,543.299715807565,1775,669.354121650819,1.80614775928066,0.302303065706195,NaN,NaN,NaN,NaN,NaN,NaN,NaN,NaN,NaN,NaN,1,0,1,0,1,0,0.00574924405024253,0.0125691385949434,17.3333333333333,1.43421757658315,89.8666666666667,0.94047935889175,3.1212908,0,0
sb_cb,fixed_packet,45,45,15,2437.5,0.0135720880829745,0.0184201574932019,self_stable,0.0002,0.0184201574932019,0,1,1,0,0,0,1,NaN,1,1797.33333333333,18.8095871778349,1797.33333333333,18.8095871778349,1797.33333333333,18.8095871778349,1797.33333333333,18.8095871778349,0,0,0,0,1,0,0,0,3063.76363091438,854.390399843281,362.591254582613,295.046092032817,2701.17237633177,564.766586690376,3063.76363091438,854.390399843281,2032.08333333333,245.147653774204,9250.9,4004.23483846021,15054.4133333333,9780.77176683842,2032.08333333333,245.147653774204,9250.9,4004.23483846021,15054.4133333333,9780.77176683842,0,0,198.600355546968,44.9316308909143,0,0,2116.02858992993,486.289017102684,78.7191162463534,36.9963552575056,145.324314608511,2.32306810387178,162.5,0,0,0,1797.33333333333,18.8095871778349,1797.33333333333,18.8095871778349,1799,17.2106109189978,26960,282.143807667523,1799,17.2106109189978,NaN,NaN,0.292286166666667,0.00269309095549834,5.54808766666667,1.5902355206649,5.2437765,1.57598230073784,0.304311166666667,0.0143381529205252,2.32751832751833,9.28428780474517,1,0,0.00724275471881975,0.0082023021880949,0.976386774303099,0.0125059591611598,3271.33333333333,384.955860125566,1178,433.124209894322,1.54945484155071,0.21985846791056,17849.5,5096.16129078637,NaN,NaN,17849.5,5096.16129078637,NaN,NaN,NaN,NaN,1,0,1,0,1,0,0.00241196256347293,0.00576875635449421,17.3333333333333,1.43421757658315,89.8666666666667,0.94047935889175,1161.9081336,0,0
unslotted,fixed_packet,45,45,15,2437.5,0.0135720880829745,0.0158113883008419,self_stable,0.0005,0.0158113883008419,0,1,1,0,0,0,1,NaN,1,1797.33333333333,18.8095871778349,1797.33333333333,18.8095871778349,1797.33333333333,18.8095871778349,1797.33333333333,18.8095871778349,0,0,0,0,1,0,0,0,3277.46014064574,1382.93542501968,481.48816629267,552.337252813721,2795.97197435307,857.835273743937,3277.46014064574,1382.93542501968,1964.31089147075,372.625204615519,10281.8926291397,5231.08843324264,21654.0900304907,24189.0780237504,1964.31089147075,372.625204615519,10281.8926291397,5231.08843324264,21654.0900304907,24189.0780237504,0,0,0,0,3686.93195625003,1124.87697886272,-1317.36851010502,332.905275903557,119.035739944148,66.8856374445272,144.872788263909,3.81770225580808,162.5,0,0,0,1797.33333333333,18.8095871778349,1797.33333333333,18.8095871778349,1799.66666666667,14.5557186654918,26960,282.143807667523,1799.66666666667,14.5557186654918,NaN,NaN,0.292386450664792,0.0024256747829006,5.94298399593967,2.56053886759383,5.62903921194155,2.53728855232381,0.313944783998126,0.0233824342840418,9.607023298114,13.4146547799898,1,0,0.00839202823845541,0.0040057222491079,0.976249731750964,0.0112029282969374,3895,642.133982344846,1681,834.681360974937,1.82632690421097,0.433191888574542,25776.1666666667,8603.60326331564,NaN,NaN,25776.1666666667,8603.60326331564,NaN,NaN,NaN,NaN,1,0,1,0,1,0,0.00204158807783049,0.00524587650436632,17.3333333333333,1.43421757658315,89.8666666666667,0.94047935889175,123.4391148,0,0
s7_clean,fixed_packet,45,45,15,2437.5,0.3,0.3,self_stable,0.0005,0.5,0,1,1,0,0,0,1,NaN,1,1797.33333333333,18.8095871778349,1797.33333333333,18.8095871778349,1797.33333333333,18.8095871778349,1797.33333333333,18.8095871778349,0,0,0,0,1,0,0,0,512.754088921727,54.4464939548911,7.54175030088957,3.44203286646492,505.212338620838,51.6250041510443,512.754088921727,54.4464939548911,356.983333333298,12.732467975122,1223.61666666661,261.311342966475,2242.69999999994,582.930251639805,356.983333333298,12.732467975122,1223.61666666661,261.311342966475,2242.69999999994,582.930251639805,0.126781389393096,0.0712745700938658,39.0956488829814,1.55478193375303,24.0304742101301,2.10280065340342,182.430639182972,45.0988430017961,13.6287949553606,4.19059970837736,82.2705320105415,0.413125290080855,162.5,0,0,0,1797.33333333333,18.8095871778349,1797.33333333333,18.8095871778349,1797.33333333333,18.8095871778349,26960,282.143807667523,1797.33333333333,18.8095871778349,NaN,NaN,0.292067,0.00305568326322078,0.925535266666567,0.0991412892573376,0.633468266666567,0.0988625159349501,0.292067,0.00305568326322078,0.0705760705760706,1.04510962883518,1,0,0.00425524858430452,0.001349252418321,0.976389054118669,0.0127426165462086,2457.66666666667,74.7033258602781,293.666666666667,88.9561817930731,1.14987202597004,0.0457288804045007,9282.69999999998,2614.92363010509,4360.99999999999,1063.98364456293,9282.69999999998,2614.92363010509,3702.39999999572,943.453820426657,7840.89999999081,2375.13005386958,1,0,1,0,1,0,0,0,17.3333333333333,1.43421757658315,89.8666666666667,0.94047935889175,67.1282266,0,0
s7_busy,fixed_packet,45,45,15,2437.5,0.1,0.1,self_stable,0.0863081414249492,0.102811198957876,0,1,1,0,0,0,1,NaN,1,1797.33333333333,18.8095871778349,1797.33333333333,18.8095871778349,1797.33333333333,18.8095871778349,1797.33333333333,18.8095871778349,0,0,0,0,1,0,0,0,9024.15630209543,973.967895865751,2597.63655463213,802.743162276781,6426.5197474633,178.838749120786,9024.15630209543,973.967895865751,6151.48333333326,402.625932326408,27132.2166666666,6436.71155135912,40817.1066666666,6955.56357849676,6151.48333333326,402.625932326408,27132.2166666666,6436.71155135912,40817.1066666666,6955.56357849676,1.67194562724807,0.166081482496989,115.846525136931,0.617781337021782,274.467392953672,6.56773550308189,5564.8873633964,169.54322030461,223.746520349069,3.8636225178108,60.4181913103436,2.67235941573483,162.5,0,0,0,1797.33333333333,18.8095871778349,1797.33333333333,18.8095871778349,1804.33333333333,28.791716915859,26960,282.143807667523,1804.33333333333,28.791716915859,NaN,NaN,0.2931893,0.00474238478212275,16.4377192333332,1.7662601699257,16.1445299333332,1.76410444687492,0.2931893,0.00474238478212275,6.85351885351885,34.7651471388361,1,0,0.0132697677722943,0.0219151917732756,0.975816801863927,0.0143765237521083,7125.33333333333,221.552962290544,4822,133.405365158195,3.40725073932149,0.0181700393241694,242480.499999994,5837.23241921187,94464.5999999939,3219.39727660522,242480.499999994,5837.23241921187,80506.8333332485,2352.3112895891,208067.966666447,2401.84196305106,1,0,1,0,1,0,0.00426630415492271,0.0105811577340085,17.3333333333333,1.43421757658315,89.8666666666667,0.94047935889175,212.7700454,0,0
