protocol,load_mode,lambda_base,lambda_effective,M,Tp_us,best_q,q_tuning_best_q,q_selection_mode,q_stable_basin_left,q_stable_basin_right,q_search_boundary_hit,q_refinement_passes,q_preferred_neighbor_radius,q_neighbor_radius_used,q_validation_runs,q_validation_candidates_tested,q_validation_passed,q_validation_selected_rank,stable_fraction,n_arrived,n_arrived_ci95,n_completed,n_completed_ci95,n_eligible,n_eligible_ci95,n_completed_eligible,n_completed_eligible_ci95,n_structural_censored,n_structural_censored_ci95,n_censored,n_censored_ci95,raw_completion_ratio,raw_completion_ratio_ci95,final_backlog,final_backlog_ci95,mean_delay_us,mean_delay_us_ci95,mean_queue_delay_us,mean_queue_delay_us_ci95,mean_access_delay_us,mean_access_delay_us_ci95,conditional_mean_delay_us,conditional_mean_delay_us_ci95,p50_delay_us,p50_delay_us_ci95,p95_delay_us,p95_delay_us_ci95,p99_delay_us,p99_delay_us_ci95,conditional_p50_delay_us,conditional_p50_delay_us_ci95,conditional_p95_delay_us,conditional_p95_delay_us_ci95,conditional_p99_delay_us,conditional_p99_delay_us_ci95,mean_boundary_wait_us,mean_boundary_wait_us_ci95,mean_difs_wait_us,mean_difs_wait_us_ci95,mean_probability_wait_us,mean_probability_wait_us_ci95,mean_busy_nav_wait_us,mean_busy_nav_wait_us_ci95,mean_collision_delay_us,mean_collision_delay_us_ci95,mean_control_delay_us,mean_control_delay_us_ci95,mean_data_delay_us,mean_data_delay_us_ci95,mean_other_access_delay_us,mean_other_access_delay_us_ci95,arrival_rate_pkt_s,arrival_rate_pkt_s_ci95,eligible_arrival_rate_pkt_s,eligible_arrival_rate_pkt_s_ci95,goodput_pkt_s,goodput_pkt_s_ci95,normalized_offered_units_s,normalized_offered_units_s_ci95,normalized_goodput_units_s,normalized_goodput_units_s_ci95,goodput_bit_s,goodput_bit_s_ci95,payload_airtime,payload_airtime_ci95,mean_system_packets,mean_system_packets_ci95,mean_waiting_packets,mean_waiting_packets_ci95,mean_service_packets,mean_service_packets_ci95,backlog_slope_pkt_s,backlog_slope_pkt_s_ci95,completion_ratio,completion_ratio_ci95,little_relative_error,little_relative_error_ci95,jain_fairness,jain_fairness_ci95,attempts_total,attempts_total_ci95,retransmissions_completed_cohort,retransmissions_completed_cohort_ci95,mean_attempts_completed,mean_attempts_completed_ci95,collision_waste_us_total,collision_waste_us_total_ci95,collision_channel_time_us_total,collision_channel_time_us_total_ci95,collision_tx_airtime_us_total,collision_tx_airtime_us_total_ci95,collision_channel_time_us_measure,collision_channel_time_us_measure_ci95,collision_tx_airtime_us_measure,collision_tx_airtime_us_measure_ci95,stability_rate_ok,stability_rate_ok_ci95,stability_censor_ok,stability_censor_ok_ci95,stability_slope_ok,stability_slope_ok_ci95,stability_rate_relative_error,stability_rate_relative_error_ci95,stability_allowed_censored,stability_allowed_censored_ci95,stability_slope_limit_pkt_s,stability_slope_limit_pkt_s_ci95,condition_elapsed_s,timeout_exceeded,fixed_M_baseline
sf_cb,fixed_packet,8,8,1,162.5,0.7,0.7,self_stable,0.7,0.729942725678815,0,1,1,0,0,0,1,NaN,1,316.333333333333,48.7633976038272,316.333333333333,48.7633976038272,316.333333333333,48.7633976038272,316.333333333333,48.7633976038272,0,0,0,0,1,0,0,0,532.311820365266,110.142471327817,0.365781710914454,1.5738316769585,531.946038654351,110.658743840628,532.311820365266,110.142471327817,452.333333333333,14.5026277214238,929.933333333333,308.335940414018,1989.22666666666,3137.94343024242,452.333333333333,14.5026277214238,929.933333333333,308.335940414018,1989.22666666666,3137.94343024242,NaN,NaN,NaN,NaN,NaN,NaN,NaN,NaN,NaN,NaN,NaN,NaN,NaN,NaN,NaN,NaN,316.333333333333,48.7633976038272,316.333333333333,48.7633976038272,316.333333333333,50.9298719009959,316.333333333333,48.7633976038272,316.333333333333,50.9298719009959,NaN,NaN,0.0514041666666667,0.00827610418391183,0,0,0,0,0.0514041666666667,0.00827610418391183,0.0298592670463294,0.0152265846756738,1,0,757511462123221,157151818727801,0.888206993723963,0.0358839550919782,453.666666666667,119.195474970996,50.3333333333333,130.513799469067,1.1628350822896,0.432707433016511,NaN,NaN,NaN,NaN,NaN,NaN,NaN,NaN,NaN,NaN,1,0,1,0,1,0,0,0,3,0,15.8166666666667,2.43816988019136,4.5308273,0,0
sb_cb,fixed_packet,8,8,1,162.5,0.31748021039364,0.31748021039364,self_stable,0.0002,0.9,0,1,1,0,0,0,1,NaN,1,316.333333333333,48.7633976038272,316.333333333333,48.7633976038272,316.333333333333,48.7633976038272,316.333333333333,48.7633976038272,0,0,0,0,1,0,0,0,415.992804294212,53.5283124149151,0.631407063526605,2.16425322631793,415.361397230685,53.5996004176641,415.992804294212,53.5283124149151,379,0,622,291.288318707401,1012.84,685.935128655088,379,0,622,291.288318707401,1012.84,685.935128655088,0,0,37.2943227428793,1.92457020632938,0,0,44.3372777535987,30.9411861261815,8.72979673420701,21.473316084786,162.5,0,162.5,0,0,0,316.333333333333,48.7633976038272,316.333333333333,48.7633976038272,316.333333333333,50.9298719009959,316.333333333333,48.7633976038272,316.333333333333,50.9298719009959,NaN,NaN,0.051408,0.00826752352181478,0.131617666666667,0.0242691653032921,0.079993,0.0186975330589747,0.0516246666666667,0.00815816375935795,0.0270342324365778,0.148434272743456,1,0,0.00129269405483394,0.00326662860265884,0.888206993723963,0.0358839550919782,418,54.4813933579366,21.6666666666667,48.4459930749101,1.06961329529152,0.161298216762711,386.666666666667,534.667483267701,NaN,NaN,386.666666666667,534.667483267701,NaN,NaN,NaN,NaN,1,0,1,0,1,0,0,0,3,0,15.8166666666667,2.43816988019136,79.38561,0,0
unslotted,fixed_packet,8,8,1,162.5,0.459192951084223,0.459192951084223,self_stable,0.0002,0.9,0,1,1,0,0,0,1,NaN,1,316.333333333333,48.7633976038272,316.333333333333,48.7633976038272,316.333333333333,48.7633976038272,316.333333333333,48.7633976038272,0,0,0,0,1,0,0,0,390.366968403737,99.9134979889278,0.378417840668454,1.3103406826592,389.988550563068,100.368187110829,390.366968403737,99.9134979889278,336.831610556711,2.27168218234473,660.479289716106,678.010556955425,1698.65317068718,2360.51412352462,336.831610556711,2.27168218234473,660.479289716106,678.010556955425,1698.65317068718,2360.51412352462,0,0,0,0,17.1466676834339,5.99834452770732,24.445262062384,41.5926665415493,23.3966208172503,53.840438392081,162.5,0,162.5,0,0,0,316.333333333333,48.7633976038272,316.333333333333,48.7633976038272,316.333333333333,50.9298719009959,316.333333333333,48.7633976038272,316.333333333333,50.9298719009959,NaN,NaN,0.0514486961566126,0.00817792402206752,0.123341796328888,0.0271478998526918,0.0713514335056089,0.0264247686357237,0.0519903628232793,0.00739002259543694,0.0206245629937789,0.111425239070871,1,0,0.00100798782660903,0.00379337592855918,0.888206993723963,0.0358839550919782,460,96.8813707582628,55,126.934332575252,1.177587568709,0.422295115517361,908.666666666667,1268.5654464878,NaN,NaN,908.666666666667,1268.5654464878,NaN,NaN,NaN,NaN,1,0,1,0,1,0,0,0,3,0,15.8166666666667,2.43816988019136,10.0193855,0,0
s7_clean,fixed_packet,8,8,1,162.5,0.729942725678815,0.729942725678815,self_stable,0.0001,0.9,0,1,1,0,0,0,1,NaN,1,316.333333333333,48.7633976038272,316.333333333333,48.7633976038272,316.333333333333,48.7633976038272,316.333333333333,48.7633976038272,0,0,0,0,1,0,0,0,300.21481212819,17.7593431173859,0.244641101278201,1.05260570222356,299.970171026912,17.8978436384697,300.21481212819,17.7593431173859,281.900000000023,0,390.949999999985,179.994291576245,591.649999999946,242.404272144402,281.900000000023,0,390.949999999985,179.994291576245,591.649999999946,242.404272144402,0.0119960668633922,0.0516149098360314,34.4459016393443,1.10768107802638,3.68217031771362,1.27555239556537,14.8363325111874,14.9592088076256,1.09377049180328,2.71707652668823,83.3999999999999,4.32356006612146e-14,162.5,0,0,0,316.333333333333,48.7633976038272,316.333333333333,48.7633976038272,316.666666666667,50.1976151804104,316.333333333333,48.7633976038272,316.666666666667,50.1976151804104,NaN,NaN,0.0514583333333333,0.00815711246681669,0.095051666666649,0.015416924707515,0.0435933333333156,0.00828043490159097,0.0514583333333333,0.00815711246681669,0.0238800238800239,0.120050104809018,1,0,0.000916809150404186,0.00394471139364554,0.887743666473456,0.0348871918823281,395.666666666667,31.0600007521514,4,9.93655084700132,1.01311475409836,0.0325788552360698,178,276.139143669757,89,138.069571834878,178,276.139143669757,53.3999999999651,132.652953807453,106.79999999993,265.305907614906,1,0,1,0,1,0,0,0,3,0,15.8166666666667,2.43816988019136,27.4055282,0,0
s7_busy,fixed_packet,8,8,1,162.5,0.692820323027551,0.692820323027551,self_stable,0.01,0.9,0,1,1,0,0,0,1,NaN,1,316.333333333333,48.7633976038272,316.333333333333,48.7633976038272,316.333333333333,48.7633976038272,316.333333333333,48.7633976038272,0,0,0,0,1,0,0,0,833.874089656117,44.2752466281756,3.61453842061969,14.3429887763703,830.259551235497,45.7908662274821,833.874089656117,44.2752466281756,614.899999999907,118.303390939112,2074.69999999995,296.777090008278,3515.47999999997,819.661656679761,614.899999999907,118.303390939112,2074.69999999995,296.777090008278,3515.47999999997,819.661656679761,0.024660766961914,0.0677953114891089,67.3461643857698,2.85410011122974,7.89656172929058,1.14742736989849,427.295984654263,35.5861227235936,81.7961796992117,7.00093968460473,83.3999999999999,4.32356006612146e-14,162.5,0,0,0,316.333333333333,48.7633976038272,316.333333333333,48.7633976038272,316.333333333333,50.9298719009959,316.333333333333,48.7633976038272,316.333333333333,50.9298719009959,NaN,NaN,0.0514041666666667,0.00827610418391183,0.263816699999982,0.0438849026093434,0.212412533333316,0.0360572577953014,0.0514041666666667,0.00827610418391183,-0.0145720145720147,0.402515331789788,1,0,0.000978747751051677,0.00211809988452206,0.888206993723963,0.0358839550919782,803,80.5335837999161,310,38.5641878067797,1.98076954075793,0.0839441209185219,72116.7000000003,1384.93749706227,32974.5000000006,831.068373564027,72116.7000000003,1384.93749706227,26784.0999999726,1307.70896099422,58285.1999999406,2789.54475441799,1,0,1,0,1,0,0,0,3,0,15.8166666666667,2.43816988019136,100.2295567,0,0
sf_cb,fixed_packet,15,15,1,162.5,0.528840463202608,0.661825303382485,self_stable,0.625732474567597,0.7,0,1,1,0,0,0,1,NaN,1,589,38.803471516211,589,38.803471516211,589,38.803471516211,589,38.803471516211,0,0,0,0,1,0,0,0,710.086242240547,93.2847983492585,5.48374380810869,5.272404548184,704.602498432438,89.162759164325,710.086242240547,93.2847983492585,544,34.6223212423016,1600.275,456.138381112964,3563.01833333333,3542.74397073818,544,34.6223212423016,1600.275,456.138381112964,3563.01833333333,3542.74397073818,NaN,NaN,NaN,NaN,NaN,NaN,NaN,NaN,NaN,NaN,NaN,NaN,NaN,NaN,NaN,NaN,589,38.803471516211,589,38.803471516211,588,38.803471516211,589,38.803471516211,588,38.803471516211,NaN,NaN,0.0955833333333333,0.00616244340253593,0,0,0,0,0.0955833333333333,0.00616244340253593,0.268110522720412,0.486245657796019,1,0,1.88184861989515e+15,123251864579183,0.952048360313531,0.0319380605851751,936.666666666667,227.625285623699,204.666666666667,237.872670576944,1.35051885875282,0.432353486603298,NaN,NaN,NaN,NaN,NaN,NaN,NaN,NaN,NaN,NaN,1,0,1,0,1,0,0,0,5,0,29.45,1.94017357581055,5.3756349,0,0
sb_cb,fixed_packet,15,15,1,162.5,0.528840463202608,0.528840463202608,self_stable,0.0005,0.8,0,1,1,0,0,0,1,NaN,1,589,38.803471516211,589,38.803471516211,589,38.803471516211,589,38.803471516211,0,0,0,0,1,0,0,0,500.032319631541,93.963790153875,7.92719718688522,12.932614826908,492.105122444656,82.5909691923919,500.032319631541,93.963790153875,370,0,1165.9,500.394442876354,2979.91,2157.46035044768,370,0,1165.9,500.394442876354,2979.91,2157.46035044768,0,0,40.4146472586063,3.28912274523499,0,0,73.8246466023753,35.3774424666964,52.865828583674,44.1837349116963,162.5,0,162.5,0,0,0,589,38.803471516211,589,38.803471516211,588.333333333333,39.6166099442618,589,38.803471516211,588.333333333333,39.6166099442618,NaN,NaN,0.0956868333333333,0.00637599232174057,0.294215666666667,0.0468658828497634,0.196253833333333,0.0464112005355495,0.0979618333333333,0.00647017229104322,-0.0146360146360147,0.386736297794145,1,0,0.000729849297622323,0.00145407341551052,0.951910306596561,0.0314196979083245,978.666666666667,343.802625083412,218.666666666667,168.744703409544,1.37260165911172,0.300935615815023,3673.33333333333,4606.80598203629,NaN,NaN,3673.33333333333,4606.80598203629,NaN,NaN,NaN,NaN,1,0,1,0,1,0,0,0,5,0,29.45,1.94017357581055,323.7007421,0,0
unslotted,fixed_packet,15,15,1,162.5,0.387298334620742,0.249804953296681,self_stable,0.0005,0.387298334620742,0,1,1,0,0,0,1,NaN,1,589,38.803471516211,589,38.803471516211,589,38.803471516211,589,38.803471516211,0,0,0,0,1,0,0,0,466.564582510736,51.0540076434213,4.88603758161549,11.8333491707459,461.67854492912,39.3771804201979,466.564582510736,51.0540076434213,343.376885396816,0.616386944462924,1004.924983645,87.9790502539104,2717.67292368413,1584.40095362138,343.376885396816,0.616386944462924,1004.924983645,87.9790502539104,2717.67292368413,1584.40095362138,0,0,0,0,26.9940620487027,3.61281839315135,49.7947489327838,10.4174841669781,59.8897339476336,29.1611937382068,162.5,0,162.5,0,0,0,589,38.803471516211,589,38.803471516211,588.666666666667,40.4642573805096,589,38.803471516211,588.666666666667,40.4642573805096,NaN,NaN,0.0957087823235232,0.00636007555809352,0.274779449111154,0.0372305309001326,0.175766500120964,0.0298656306756852,0.0990129489901899,0.0097474436749851,0.0901542519469121,0.319202592554932,1,0,0.000619072474806855,0.00139973114910783,0.952188811980908,0.0324680863214691,1079,464.228115897501,256,107.336598134771,1.43452554386255,0.174789551321826,4872,6460.24442096678,NaN,NaN,4872,6460.24442096678,NaN,NaN,NaN,NaN,1,0,1,0,1,0,0,0,5,0,29.45,1.94017357581055,66.7139467,0,0
s7_clean,fixed_packet,15,15,1,162.5,0.830312652444971,0.830312652444971,self_stable,0.0004,0.963492483998996,0,1,1,0,0,0,1,NaN,1,589,38.803471516211,589,38.803471516211,589,38.803471516211,589,38.803471516211,0,0,0,0,1,0,0,0,321.774805291001,20.8669435017598,1.72495186152519,3.10475648763299,320.049853429476,17.8346569047641,321.774805291001,20.8669435017598,281.900000000023,0,524.899999999967,59.1516954696897,910.039999999936,528.027652291736,281.900000000023,0,524.899999999967,59.1516954696897,910.039999999936,528.027652291736,0.0490445131393837,0.102108979996278,36.5955626362355,2.69936635864392,2.1941394637097,0.669140644080098,28.9443443498607,8.21470941874392,6.36676246653059,6.62138689149715,83.3999999999998,2.49620856803274e-14,162.5,0,0,0,589,38.803471516211,589,38.803471516211,589,39.0412886854702,589,38.803471516211,589,39.0412886854702,NaN,NaN,0.0957066333333333,0.00632894086304498,0.189418433333301,0.0073800431993305,0.0937117999999678,0.00784122516382557,0.0957066333333333,0.00632894086304498,0.0276280276280276,0.155023077963939,1,0,0.000683768057384619,0.0016205801186483,0.952595731926886,0.0324679956962755,764,108.024292931025,44.6666666666667,43.6200246756756,1.07634007753634,0.0793931281954095,1602,2858.20175231265,765.4,1303.67104530206,1602,2858.20175231265,587.399999999189,566.693667078924,1192.59999999837,1164.65465883996,1,0,1,0,1,0,0,0,5,0,29.45,1.94017357581055,32.7690738,0,0
s7_busy,fixed_packet,15,15,1,162.5,0.528840463202608,0.528840463202608,self_stable,0.004,0.827677252914336,0,1,1,0,0,0,1,NaN,1,589,38.803471516211,589,38.803471516211,589,38.803471516211,589,38.803471516211,0,0,0,0,1,0,0,0,1064.94515546158,66.5472074390038,16.1208090620381,21.1613904321056,1048.82434639954,73.7699570891377,1064.94515546158,66.5472074390038,782.899999999985,51.6318327569101,2734.54999999991,257.774058043083,4098.64999999995,492.148318685291,782.899999999985,51.6318327569101,2734.54999999991,257.774058043083,4098.64999999995,492.148318685291,0.0971130245885572,0.0837006156136969,73.3440590720266,7.74894576799233,17.3719931268575,2.90472740714898,615.602518628803,44.1796860486998,96.5086625472651,19.0077081485459,83.3999999999998,2.49620856803274e-14,162.5,0,0,0,589,38.803471516211,589,38.803471516211,588.333333333333,39.6166099442618,589,38.803471516211,588.333333333333,39.6166099442618,NaN,NaN,0.0956041666666667,0.00643769911594254,0.626746499999968,0.0525159241915949,0.531142333333301,0.0484016582044268,0.0956041666666667,0.00643769911594254,0.136904136904137,0.874616194639392,1,0,0.00093717304622573,0.00150590273141348,0.951910306596561,0.0314196979083245,1530.66666666667,148.848017097078,681.666666666667,147.410777495871,2.15717820800078,0.227910169646833,88101.0999999994,6617.4858151984,39667.2999999999,3017.18650129351,88101.0999999994,6617.4858151984,33036.7999999666,3720.39708102711,73051.1999999264,7563.2544320984,1,0,1,0,1,0,0,0,5,0,29.45,1.94017357581055,154.4584491,0,0
sf_cb,fixed_packet,25,25,1,162.5,0.224492409661875,0.282842712474619,self_stable,0.003,0.282842712474619,0,1,1,0,0,0,1,NaN,1,979.666666666667,86.1366766570841,979.666666666667,86.1366766570841,979.666666666667,86.1366766570841,979.666666666667,86.1366766570841,0,0,0,0,1,0,0,0,1669.01934975546,502.387086318489,81.7554436373246,111.842812388854,1587.26390611814,394.124550972673,1669.01934975546,502.387086318489,1136.16666666667,73.4406581578302,4749.70833333333,2001.74448786662,9319.18999999998,8322.93129985295,1136.16666666667,73.4406581578302,4749.70833333333,2001.74448786662,9319.18999999998,8322.93129985295,NaN,NaN,NaN,NaN,NaN,NaN,NaN,NaN,NaN,NaN,NaN,NaN,NaN,NaN,NaN,NaN,979.666666666667,86.1366766570841,979.666666666667,86.1366766570841,979,89.566858950296,979.666666666667,86.1366766570841,979,89.566858950296,NaN,NaN,0.1590875,0.0145546145794231,0,0,0,0,0.1590875,0.0145546145794231,-1.0640543392981,2.7174702120998,1,0,7.38475196858288e+15,2.83541908878322e+15,0.960191917689144,0.022315152090453,1820.66666666667,645.351694130269,560.666666666667,543.30728792904,1.56744359617633,0.511737371777027,NaN,NaN,NaN,NaN,NaN,NaN,NaN,NaN,NaN,NaN,1,0,1,0,1,0,0,0,9.33333333333333,1.43421757658315,48.9833333333333,4.30683383285421,4.1522912,0,0
sb_cb,fixed_packet,25,25,1,162.5,0.0963492483998996,0.0963492483998996,self_stable,0.0007,0.1,0,1,1,0,0,0,1,NaN,1,979.666666666667,86.1366766570841,979.666666666667,86.1366766570841,979.666666666667,86.1366766570841,979.666666666667,86.1366766570841,0,0,0,0,1,0,0,0,757.813698239416,242.739409341026,15.6625001980741,34.4794760968353,742.151198041342,209.28918196794,757.813698239416,242.739409341026,502,12.9079581892484,1977.1,1027.13531203574,4096.36,5051.78609092175,502,12.9079581892484,1977.1,1027.13531203574,4096.36,5051.78609092175,0,0,56.3733605665991,14.5847572685017,0,0,296.844371808771,130.596233669709,63.933465665971,64.1381486797367,162.5,0,162.5,0,0,0,979.666666666667,86.1366766570841,979.666666666667,86.1366766570841,979.333333333333,88.1898043735305,979.666666666667,86.1366766570841,979.333333333333,88.1898043735305,NaN,NaN,0.159141666666667,0.0143308432106987,0.744113666666667,0.293831855885993,0.580042833333333,0.276947691571424,0.164070833333333,0.0182025957143683,-0.08214620497905,1.07045606861686,1,0,0.000322546695971068,0.000148877144785396,0.959918635304196,0.0227995840686435,1774.66666666667,592.373529844471,497.333333333333,544.572243852851,1.50369244542996,0.514985470322356,7946,7019.27991260164,NaN,NaN,7946,7019.27991260164,NaN,NaN,NaN,NaN,1,0,1,0,1,0,0,0,9.33333333333333,1.43421757658315,48.9833333333333,4.30683383285421,1004.1387133,0,0
unslotted,fixed_packet,25,25,1,162.5,0.05,0.0863081414249492,self_stable,0.0729942725678815,0.09,0,1,1,0,0,0,1,NaN,1,979.666666666667,86.1366766570841,979.666666666667,86.1366766570841,979.666666666667,86.1366766570841,979.666666666667,86.1366766570841,0,0,0,0,1,0,0,0,791.936982525435,89.3394378894461,17.5127515645666,26.0356935269134,774.424230960868,63.5199144929904,791.936982525435,89.3394378894461,566.261675082317,10.0447939827596,1962.53829517972,349.975859184323,3684.0560514205,1761.5626659505,566.261675082317,10.0447939827596,1962.53829517972,349.975859184323,3684.0560514205,1761.5626659505,0,0,0,0,317.555753437674,48.8702374357042,86.163648094897,4.12747982487594,45.7048294282971,18.9544044775916,162.5,0,162.5,0,0,0,979.666666666667,86.1366766570841,979.666666666667,86.1366766570841,979.333333333333,88.1898043735305,979.666666666667,86.1366766570841,979.333333333333,88.1898043735305,NaN,NaN,0.159196522534277,0.0141201367434243,0.776098485709457,0.128155848988215,0.612947796508514,0.115406417495422,0.163150689200944,0.0156501488735989,-0.139436894284903,1.85537189015361,1,0,0.000152986486527245,0.000312633541342782,0.959918635304196,0.0227995840686435,1628.33333333333,186.332408297017,367.333333333333,142.276985984174,1.3745302322348,0.127680171980472,5853.16666666667,2138.36658280336,NaN,NaN,5853.16666666667,2138.36658280336,NaN,NaN,NaN,NaN,1,0,1,0,1,0,0,0,9.33333333333333,1.43421757658315,48.9833333333333,4.30683383285421,165.540718,0,0
s7_clean,fixed_packet,25,25,1,162.5,0.625732474567597,0.625732474567597,self_stable,0.0008,0.9,0,1,1,0,0,0,1,NaN,1,979.666666666667,86.1366766570841,979.666666666667,86.1366766570841,979.666666666667,86.1366766570841,979.666666666667,86.1366766570841,0,0,0,0,1,0,0,0,366.89997757285,15.2584812110798,2.00495411263023,3.22837772373125,364.895023460219,13.1199530570421,366.89997757285,15.2584812110798,290.899999999907,0,703.549999999924,232.474978802564,1279.03999999991,165.879467083783,290.899999999907,0,703.549999999924,232.474978802564,1279.03999999991,165.879467083783,0.0520862124361329,0.0349739851545645,37.8849828301741,2.06565904585029,5.86098128315185,1.38404879380933,65.6673387804421,5.8958125167276,9.52963435401533,5.06694013011512,83.4000000000001,1.47677690437386e-13,162.5,0,0,0,979.666666666667,86.1366766570841,979.666666666667,86.1366766570841,979.666666666667,86.8146008962485,979.666666666667,86.1366766570841,979.666666666667,86.8146008962485,NaN,NaN,0.159187166666667,0.0140000087803961,0.359391366666612,0.0313039952419155,0.200204199999945,0.0199490931202847,0.159187166666667,0.0140000087803961,-0.0621600621600623,0.143666764398983,1,0,5.88984563493026e-05,0.000157588147575388,0.95984211324857,0.0230443861667768,1310,95.469778634281,111.666666666667,55.3429607524146,1.11426420088747,0.0607546778191263,3738,2068.91833983922,1780,865.638875080876,3738,2068.91833983922,1415.09999999831,578.220820206635,2981.49999999635,1477.65705208456,1,0,1,0,1,0,0,0,9.33333333333333,1.43421757658315,48.9833333333333,4.30683383285421,39.2783255,0,0
s7_busy,fixed_packet,25,25,1,162.5,0.282842712474619,0.282842712474619,self_stable,0.02,0.282842712474619,0,1,1,0,0,0,1,NaN,1,979.666666666667,86.1366766570841,979.666666666667,86.1366766570841,979.666666666667,86.1366766570841,979.666666666667,86.1366766570841,0,0,0,0,1,0,0,0,2046.93753174291,433.560742309151,88.0603491170216,48.9287086726538,1958.87718262589,395.966572798347,2046.93753174291,433.560742309151,1337.89999999997,169.286284600399,6126.79999999996,1234.61836707053,9838.30999999995,2105.02469646394,1337.89999999997,169.286284600399,6126.79999999996,1234.61836707053,9838.30999999995,2105.02469646394,0.296117361947522,0.161551282847632,90.7538373973018,22.8245132252555,61.4781256469354,16.5146849902391,1421.23527754514,301.458223230746,139.213824674558,55.9871883231269,83.4000000000001,1.47677690437386e-13,162.5,0,0,0,979.666666666667,86.1366766570841,979.666666666667,86.1366766570841,979.333333333333,91.3518915576907,979.666666666667,86.1366766570841,979.333333333333,91.3518915576907,NaN,NaN,0.159141666666667,0.0148446823781248,2.00794639999994,0.550299515177369,1.84880473333328,0.539061678138679,0.159141666666667,0.0148446823781248,0.543976543976544,2.80990912356984,1,0,0.00247927621879389,0.00394400105495195,0.960158619765543,0.0213433529253591,3136,936.75709938482,1639,744.027237347215,2.66923051168535,0.671309212507515,127590.399999998,24589.3579470811,54619.2999999982,8339.83469401969,127590.399999998,24589.3579470811,45087.3999999528,5855.66761277608,105304.799999891,18305.5068322752,1,0,1,0,1,0,0,0,9.33333333333333,1.43421757658315,48.9833333333333,4.30683383285421,233.4594904,0,0
sf_cb,fixed_packet,30,30,1,162.5,0.1200936955176,0.144224957030741,self_stable,0.004,0.20800838230519,0,1,1,0,0,0,1,NaN,1,1224.66666666667,108.461370754149,1224.66666666667,108.461370754149,1224.66666666667,108.461370754149,1224.66666666667,108.461370754149,0,0,0,0,1,0,0,0,3121.24413666965,557.241769283622,266.624453286831,127.273448099501,2854.61968338281,477.328844870611,3121.24413666965,557.241769283622,2132.08333333333,495.031966434515,9228.86666666666,2020.79030863618,15473.3616666667,6039.19436712464,2132.08333333333,495.031966434515,9228.86666666666,2020.79030863618,15473.3616666667,6039.19436712464,NaN,NaN,NaN,NaN,NaN,NaN,NaN,NaN,NaN,NaN,NaN,NaN,NaN,NaN,NaN,NaN,1224.66666666667,108.461370754149,1224.66666666667,108.461370754149,1225,95.469778634281,1224.66666666667,108.461370754149,1225,95.469778634281,NaN,NaN,0.1990625,0.0155138390280706,0,0,0,0,0.1990625,0.0155138390280706,0.777769283750959,2.75056662472278,1,0,1.72143272802802e+16,3.44004642628128e+15,0.969167454576653,0.034360295023206,2254,465.064814892808,653,278.876960278828,1.53331479106049,0.221407914253298,NaN,NaN,NaN,NaN,NaN,NaN,NaN,NaN,NaN,NaN,1,0,1,0,1,0,0,0,11.6666666666667,1.43421757658315,61.2333333333333,5.42306853770744,4.6509691,0,0
sb_cb,fixed_packet,30,30,1,162.5,0.06,0.07,self_stable,0.07,0.07,0,1,1,0,0,0,1,NaN,1,1224.66666666667,108.461370754149,1224.66666666667,108.461370754149,1224.66666666667,108.461370754149,1224.66666666667,108.461370754149,0,0,0,0,1,0,0,0,964.509539601972,399.129898613431,36.3741142931546,87.1742988056047,928.135425308818,311.982789348289,964.509539601972,399.129898613431,628,12.9079581892484,2468.5,1248.82410845009,7092.28,13085.939522789,628,12.9079581892484,2468.5,1248.82410845009,7092.28,13085.939522789,0,0,69.0327777931779,21.3666427811662,0,0,469.690916936489,223.072552211821,64.4117305791511,68.9989778323939,162.5,0,162.5,0,0,0,1224.66666666667,108.461370754149,1224.66666666667,108.461370754149,1224.33333333333,107.173581810895,1224.66666666667,108.461370754149,1224.33333333333,107.173581810895,NaN,NaN,0.198954166666667,0.0174157070442704,1.17657166666667,0.375372866337822,0.971225833333333,0.388210533578474,0.205345833333333,0.0129322249489262,0.290419305656221,1.88414031938191,1,0,0.000476660119894023,0.00103147151152435,0.969097439218551,0.0339097080020058,2202,486.085515321253,632.333333333333,580.248699013236,1.521350009822,0.53010125207957,9526.5,7838.71603360879,NaN,NaN,9526.5,7838.71603360879,NaN,NaN,NaN,NaN,1,0,1,0,1,0,0,0,11.6666666666667,1.43421757658315,61.2333333333333,5.42306853770744,1436.3284131,0,0
unslotted,fixed_packet,30,30,1,162.5,0.03,0.03,self_stable,0.0007,0.0369862238859465,0,1,1,0,0,0,1,NaN,1,1224.66666666667,108.461370754149,1224.66666666667,108.461370754149,1224.66666666667,108.461370754149,1224.66666666667,108.461370754149,0,0,0,0,1,0,0,0,1085.27809874918,187.996896033429,23.9663373199982,21.2947720328319,1061.31176142918,171.714184498475,1085.27809874918,187.996896033429,765.470756985383,57.4216006998746,3013.38959462194,1194.1736779218,5040.48823193546,2842.92248238358,765.470756985383,57.4216006998746,3013.38959462194,1194.1736779218,5040.48823193546,2842.92248238358,0,0,0,0,665.458496156757,158.468134363534,19.7463630798534,14.386954224345,51.1069021925728,24.975939212171,162.5,0,162.5,0,0,0,1224.66666666667,108.461370754149,1224.66666666667,108.461370754149,1225,106.644468844112,1224.66666666667,108.461370754149,1225,106.644468844112,NaN,NaN,0.1990625,0.0173297261871682,1.32699523949225,0.120998743240991,1.12343690615891,0.13208040804494,0.203558333333333,0.0142852880971481,0.426107347891799,1.19626028165136,1,0,0.000341607380925389,0.00044918683113702,0.969016129201666,0.0338571389522641,2075.33333333333,55.8976985801088,523,190.356929697242,1.42888581431904,0.196280990822865,7888,1661.22100985683,NaN,NaN,7888,1661.22100985683,NaN,NaN,NaN,NaN,1,0,1,0,1,0,0,0,11.6666666666667,1.43421757658315,61.2333333333333,5.42306853770744,114.7534575,0,0
s7_clean,fixed_packet,30,30,1,162.5,0.5,0.5,self_stable,0.0006,0.9,0,1,1,0,0,0,1,NaN,1,1224.66666666667,108.461370754149,1224.66666666667,108.461370754149,1224.66666666667,108.461370754149,1224.66666666667,108.461370754149,0,0,0,0,1,0,0,0,385.62467434535,16.8497340416371,3.50076507198104,0.955037456537438,382.123909273369,16.2316815103613,385.62467434535,16.8497340416371,299.899999999907,0,782.899999999975,164.797778177784,1427.74999999998,108.669140124568,299.899999999907,0,782.899999999975,164.797778177784,1427.74999999998,108.669140124568,0.0800440386890049,0.0435182425049777,37.5794537465174,1.64725010900528,9.85020291425066,0.850093487165515,79.9340190898074,10.1193843996514,8.78018948410435,4.04060762032471,83.4000000000004,9.33995722750812e-14,162.5,0,0,0,1224.66666666667,108.461370754149,1224.66666666667,108.461370754149,1224.66666666667,108.062369877195,1224.66666666667,108.461370754149,1224.66666666667,108.062369877195,NaN,NaN,0.199026666666667,0.0176127275984001,0.4722928666666,0.0478973432276233,0.273266199999933,0.0328528648273128,0.199026666666667,0.0176127275984001,0.122312122312122,0.289764946883931,1,0,0.000174069326382381,0.000397768782287945,0.969071091030079,0.0338009683870979,1640.66666666667,134.449770326099,129,62.4996410246101,1.10527805136816,0.0484485326178021,4521.2,1363.05885776938,2171.6,727.57857660063,4521.2,1363.05885776938,1646.49999999843,880.753013779389,3444.29999999665,1668.74041535646,1,0,1,0,1,0,0,0,11.6666666666667,1.43421757658315,61.2333333333333,5.42306853770744,42.4367037,0,0
s7_busy,fixed_packet,30,30,1,162.5,0.134164078649987,0.175078203371357,self_stable,0.02,0.175078203371357,0,1,1,0,0,0,1,NaN,1,1224.66666666667,108.461370754149,1224.66666666667,108.461370754149,1224.66666666667,108.461370754149,1224.66666666667,108.461370754149,0,0,0,0,1,0,0,0,4991.10799863405,1412.72092635347,671.105344166878,337.977066797792,4320.00265446717,1113.95318375108,4991.10799863405,1412.72092635347,3329.9,1128.17326819808,15157.2499999999,4239.28284224323,23352.7099999999,8556.68125142242,3329.9,1128.17326819808,15157.2499999999,4239.28284224323,23352.7099999999,8556.68125142242,0.823037368924029,0.272379805218825,107.377929415127,33.1187893827898,185.527493611477,58.260525239264,3600.38244956512,941.151282463936,179.991744506517,81.2384421919019,83.4000000000004,9.33995722750812e-14,162.5,0,0,0,1224.66666666667,108.461370754149,1224.66666666667,108.461370754149,1223.33333333333,91.1490123377233,1224.66666666667,108.461370754149,1223.33333333333,91.1490123377233,NaN,NaN,0.1987768,0.0148756273660245,6.103067,2.0355264113239,5.9042902,2.02626288504402,0.1987768,0.0148756273660245,7.11514311514312,14.8830898598986,1,0,0.0077066597377571,0.0175197185519741,0.968664321507778,0.0338721845015308,4887.66666666667,948.154503740272,2648.33333333333,1316.36408294225,3.15817439456255,0.974082040670287,175018.499999996,25548.7832718555,71992.0999999964,7266.10515087541,175018.499999996,25548.7832718555,57938.9999999361,13917.6593915615,138724.299999845,40774.0274758633,1,0,1,0,1,0,0,0,11.6666666666667,1.43421757658315,61.2333333333333,5.42306853770744,228.9962489,0,0
sf_cb,fixed_packet,45,45,1,162.5,0.0489897948556636,0.0489897948556636,self_stable,0.007,0.09,0,1,1,0,0,0,1,NaN,1,1797.33333333333,18.8095871778349,1797.33333333333,18.8095871778349,1797.33333333333,18.8095871778349,1797.33333333333,18.8095871778349,0,0,0,0,1,0,0,0,107970.861048145,42478.1602331677,87354.3596618811,41368.2450809425,20616.501386264,1526.81757499708,107970.861048145,42478.1602331677,79368.75,32786.338894528,303766.1,134835.999527056,391706.073333333,97380.387254491,79368.75,32786.338894528,303766.1,134835.999527056,391706.073333333,97380.387254491,NaN,NaN,NaN,NaN,NaN,NaN,NaN,NaN,NaN,NaN,NaN,NaN,NaN,NaN,NaN,NaN,1797.33333333333,18.8095871778349,1797.33333333333,18.8095871778349,1510,95.469778634281,1797.33333333333,18.8095871778349,1510,95.469778634281,NaN,NaN,0.2454,0.0153653318048898,0,0,0,0,0.2454,0.0153653318048898,7.76622784608221,16.2873809213452,1,0,8.74355606308093e+17,3.53758119095438e+17,0.978363189331416,0.0091070538002101,9368,673.361715573435,6791,567.107475606598,4.77807827301476,0.277466665848058,NaN,NaN,NaN,NaN,NaN,NaN,NaN,NaN,NaN,NaN,1,0,1,0,1,0,0,0,17.3333333333333,1.43421757658315,89.8666666666667,0.94047935889175,4.1636268,0,0
sb_cb,fixed_packet,45,45,1,162.5,0.0102811198957876,0.0102811198957876,self_stable,0.002,0.0117446029235066,0,1,1,0,0,0,1,NaN,1,1797.33333333333,18.8095871778349,1797.33333333333,18.8095871778349,1797.33333333333,18.8095871778349,1797.33333333333,18.8095871778349,0,0,0,0,1,0,0,0,5400.85952044432,1957.63122975017,1153.20649643985,873.308341158842,4247.65302400447,1088.08907134488,5400.85952044432,1957.63122975017,3409,935.893731640017,16871.2,7404.93550005668,28468.96,12946.5540697748,3409,935.893731640017,16871.2,7404.93550005668,28468.96,12946.5540697748,0,0,342.393919690832,104.787238159714,0,0,3466.67960003037,930.250919302626,113.579504283265,54.1300512802176,162.5,0,162.5,0,0,0,1797.33333333333,18.8095871778349,1797.33333333333,18.8095871778349,1795,41.7896646119117,1797.33333333333,18.8095871778349,1795,41.7896646119117,NaN,NaN,0.291722166666667,0.00672025097349226,9.69226966666667,3.34714243952595,9.38771,3.34010175396838,0.304559666666667,0.00728176162157146,11.3436673436673,38.511799146378,1,0,0.00607278833212225,0.0110100373984111,0.975411213663767,0.0143079592860099,4198.33333333333,670.580694052898,1742,749.419513248492,1.96935233115244,0.420389417315227,27119.8333333333,8539.87965305155,NaN,NaN,27119.8333333333,8539.87965305155,NaN,NaN,NaN,NaN,1,0,1,0,1,0,0,0,17.3333333333333,1.43421757658315,89.8666666666667,0.94047935889175,1338.0929668,0,0
unslotted,fixed_packet,45,45,1,162.5,0.00863081414249491,0.00863081414249491,self_stable,0.002,0.009,0,1,1,0,0,0,1,NaN,1,1797.33333333333,18.8095871778349,1797.33333333333,18.8095871778349,1797.33333333333,18.8095871778349,1797.33333333333,18.8095871778349,0,0,0,0,1,0,0,0,6243.84542590285,2100.29486736732,1438.647087528,1056.62124446477,4805.19833837485,1052.96383594105,6243.84542590285,2100.29486736732,3743.53016357095,488.76411765474,20573.9138109572,11538.4529243669,36340.3579790828,29591.7608257934,3743.53016357095,488.76411765474,20573.9138109572,11538.4529243669,36340.3579790828,29591.7608257934,0,0,0,0,10633.629749953,2705.90085298111,-6302.75435196666,1732.36035804985,149.322940388531,62.6242503692881,162.5,0,162.5,0,0,0,1797.33333333333,18.8095871778349,1797.33333333333,18.8095871778349,1804.66666666667,44.5300884226471,1797.33333333333,18.8095871778349,1804.66666666667,44.5300884226471,NaN,NaN,0.293257102964854,0.00724142497926362,11.3324992206774,3.79386048535362,11.0219629510459,3.78294265188197,0.310536269631521,0.0119587639042932,26.4884704884705,52.3251337329881,1,0,0.0127149470469168,0.0342512239218853,0.976213776396353,0.0156172956230023,4693.66666666667,1132.42444953433,2242,880.692511121389,2.24690493281715,0.476824265794625,33383.8333333333,14734.7911653062,NaN,NaN,33383.8333333333,14734.7911653062,NaN,NaN,NaN,NaN,1,0,1,0,1,0,0,0,17.3333333333333,1.43421757658315,89.8666666666667,0.94047935889175,146.1238041,0,0
s7_clean,fixed_packet,45,45,1,162.5,0.3,0.3,self_stable,0.001,0.6,0,1,1,0,0,0,1,NaN,1,1797.33333333333,18.8095871778349,1797.33333333333,18.8095871778349,1797.33333333333,18.8095871778349,1797.33333333333,18.8095871778349,0,0,0,0,1,0,0,0,528.889838515511,67.9495890880476,9.11784025127178,9.58242564522682,519.771998264239,58.3730484147597,528.889838515511,67.9495890880476,365.899999999907,12.9079581892484,1310.29999999995,323.225170383067,2453.47999999996,1833.14379529141,365.899999999907,12.9079581892484,1310.29999999995,323.225170383067,2453.47999999996,1833.14379529141,0.121106761333914,0.0734957168576518,39.9849276488875,3.13841297756541,25.0234823789709,0.870627005222991,194.061806006894,46.8921353083891,14.6806754681533,7.69834242143985,83.4000000000007,0,162.5,0,0,0,1797.33333333333,18.8095871778349,1797.33333333333,18.8095871778349,1798,16.289580330703,1797.33333333333,18.8095871778349,1798,16.289580330703,NaN,NaN,0.2921276,0.00265965033293918,0.950735866666567,0.123235739238613,0.658608266666567,0.122742039062335,0.2921276,0.00265965033293918,0.0387800387800388,1.02961300546151,1,0,0.000576271468191021,0.00131572635436743,0.976509059713872,0.0122609074456918,2536,189.235212928159,316.333333333333,164.860175581847,1.17602728379081,0.0923062640460415,10493.1,5448.46877402616,4948.39999999998,2350.92822791774,10493.1,5448.46877402616,4004.99999999608,1918.88813839819,8446.09999999169,4401.76668803095,1,0,1,0,1,0,0,0,17.3333333333333,1.43421757658315,89.8666666666667,0.94047935889175,61.557114,0,0
s7_busy,fixed_packet,45,45,1,162.5,NaN,NaN,no_stable_q,NaN,NaN,0,1,1,0,0,0,0,NaN,0,NaN,NaN,NaN,NaN,NaN,NaN,NaN,NaN,NaN,NaN,NaN,NaN,NaN,NaN,NaN,NaN,NaN,NaN,NaN,NaN,NaN,NaN,NaN,NaN,NaN,NaN,NaN,NaN,NaN,NaN,NaN,NaN,NaN,NaN,NaN,NaN,NaN,NaN,NaN,NaN,NaN,NaN,NaN,NaN,NaN,NaN,NaN,NaN,NaN,NaN,NaN,NaN,NaN,NaN,NaN,NaN,NaN,NaN,NaN,NaN,NaN,NaN,NaN,NaN,NaN,NaN,NaN,NaN,NaN,NaN,NaN,NaN,NaN,NaN,NaN,NaN,NaN,NaN,NaN,NaN,NaN,NaN,NaN,NaN,NaN,NaN,NaN,NaN,NaN,NaN,NaN,NaN,NaN,NaN,NaN,NaN,NaN,NaN,NaN,NaN,NaN,NaN,NaN,NaN,NaN,NaN,NaN,NaN,104.8727212,0,0
sf_cf,fixed_packet,8,8,1,162.5,0.7,0.7,self_stable,0.660385449778925,0.726848237132856,0,1,1,0,0,0,1,NaN,1,316.333333333333,48.7633976038272,316.333333333333,48.7633976038272,316.333333333333,48.7633976038272,316.333333333333,48.7633976038272,0,0,0,0,1,0,0,0,333.353376210971,33.175513735131,0.205998033431662,0.88633800086776,333.147378177539,33.057575877518,333.353376210971,33.175513735131,281.166666666667,10.7087178586719,697.7,195.550783811125,976.126666666667,183.828322455748,281.166666666667,10.7087178586719,697.7,195.550783811125,976.126666666667,183.828322455748,NaN,NaN,NaN,NaN,NaN,NaN,NaN,NaN,NaN,NaN,NaN,NaN,NaN,NaN,NaN,NaN,316.333333333333,48.7633976038272,316.333333333333,48.7633976038272,316.666666666667,50.1976151804104,316.333333333333,48.7633976038272,316.666666666667,50.1976151804104,NaN,NaN,0.0514583333333333,0.00815711246681669,0,0,0,0,0.0514583333333333,0.00815711246681669,0.0312130594799823,0.0400257947237716,1,0,475023175496406,92145033715258.5,0.887743666473456,0.0348871918823281,426,47.9123130686647,26.6666666666667,51.7114501254226,1.0852394538743,0.172400180763343,NaN,NaN,NaN,NaN,NaN,NaN,NaN,NaN,NaN,NaN,1,0,1,0,1,0,0,0,3,0,15.8166666666667,2.43816988019136,4.1135437,0,1
sb_cf,fixed_packet,8,8,1,162.5,0.0244948974278318,0.028039657955522,self_stable,0.028039657955522,0.028039657955522,0,1,1,0,0,0,1,NaN,1,316.333333333333,48.7633976038272,316.333333333333,48.7633976038272,316.333333333333,48.7633976038272,316.333333333333,48.7633976038272,0,0,0,0,1,0,0,0,697.166473233715,212.414821565043,1.4084304527943,3.09362754891178,695.758042780921,209.582030788896,697.166473233715,212.414821565043,468.5,22.357239405753,1894.55,1023.52030474767,3992.12,3987.81078941818,468.5,22.357239405753,1894.55,1023.52030474767,3992.12,3987.81078941818,0,0,42.9652755613585,14.2180885800446,0,0,447.444023727775,130.397475227191,42.8487434917872,67.9540998310954,0,0,162.5,0,0,0,316.333333333333,48.7633976038272,316.333333333333,48.7633976038272,316.333333333333,50.9298719009959,316.333333333333,48.7633976038272,316.333333333333,50.9298719009959,NaN,NaN,0.0514041666666667,0.00827610418391183,0.2204965,0.0718062183397836,0.2204965,0.0718062183397836,0,0,0.00730653370473134,0.264433268713429,1,0,0.00261328848275602,0.00562206549062722,0.888206993723963,0.0358839550919782,492.333333333333,110.462689167002,83.6666666666667,129.897680531283,1.26368457533407,0.418179075883664,16791.6666666667,14578.8520892675,NaN,NaN,16791.6666666667,14578.8520892675,NaN,NaN,NaN,NaN,1,0,1,0,1,0,0,0,3,0,15.8166666666667,2.43816988019136,836.5215459,0,1
sf_cf,fixed_packet,15,15,1,162.5,0.5,0.591607978309962,self_stable,0.004,0.591607978309962,0,1,1,0,0,0,1,NaN,1,589,38.803471516211,589,38.803471516211,589,38.803471516211,589,38.803471516211,0,0,0,0,1,0,0,0,499.584298143803,41.6140224420162,3.74794231737632,4.8868522888362,495.836355826427,45.7236373039713,499.584298143803,41.6140224420162,381.833333333333,61.1311583279633,1213.26666666667,130.719372928,2083.68,223.970094765228,381.833333333333,61.1311583279633,1213.26666666667,130.719372928,2083.68,223.970094765228,NaN,NaN,NaN,NaN,NaN,NaN,NaN,NaN,NaN,NaN,NaN,NaN,NaN,NaN,NaN,NaN,589,38.803471516211,589,38.803471516211,588.333333333333,37.3723087150026,589,38.803471516211,588.333333333333,37.3723087150026,NaN,NaN,0.0956375,0.00615396235533987,0,0,0,0,0.0956375,0.00615396235533987,0.082323604288481,0.235294961768381,1,0,1.32589801089471e+15,190749865226960,0.952455280259508,0.0319545283902524,887.666666666667,79.2332198885235,165.666666666667,43.4073004481243,1.28190187339981,0.0926670716708499,NaN,NaN,NaN,NaN,NaN,NaN,NaN,NaN,NaN,NaN,1,0,1,0,1,0,0,0,5,0,29.45,1.94017357581055,4.2923582,0,1
sb_cf,fixed_packet,15,15,1,162.5,0.00863081414249491,0.0153261886478711,self_stable,0.0153261886478711,0.0153261886478711,0,1,1,0,0,0,1,NaN,1,589,38.803471516211,589,38.803471516211,589,38.803471516211,589,38.803471516211,0,0,0,0,1,0,0,0,1622.72941306029,163.413031875429,21.493474142066,26.2573509868452,1601.23593891822,151.425206940804,1622.72941306029,163.413031875429,1155.5,78.5160444162161,4716.05,664.012833228628,7619.41999999999,1581.61129523514,1155.5,78.5160444162161,4716.05,664.012833228628,7619.41999999999,1581.61129523514,0,0,44.2777390567378,4.47125334995982,0,0,1345.33665289914,125.958415982624,49.1215469623496,21.3699608637786,0,0,162.5,0,0,0,589,38.803471516211,589,38.803471516211,588.666666666667,38.1889887323409,589,38.803471516211,588.666666666667,38.1889887323409,NaN,NaN,0.0956396666666667,0.00615930365567344,0.952835666666667,0.0592754916790046,0.952835666666667,0.0592754916790046,0,0,0.0271440271440273,0.200308185159206,1,0,0.00326751929940201,0.00740522074336014,0.95279293025527,0.0317123756017048,943,75.7967367315064,177.666666666667,70.3205521663479,1.30228644284523,0.131507451469407,38837.5,11954.4288050728,NaN,NaN,38837.5,11954.4288050728,NaN,NaN,NaN,NaN,1,0,1,0,1,0,0,0,5,0,29.45,1.94017357581055,1223.7406457,0,1
sf_cf,fixed_packet,25,25,1,162.5,0.3,0.421716332650875,self_stable,0.421716332650875,0.421716332650875,0,1,1,0,0,0,1,NaN,1,979.666666666667,86.1366766570841,979.666666666667,86.1366766570841,979.666666666667,86.1366766570841,979.666666666667,86.1366766570841,0,0,0,0,1,0,0,0,824.969287767866,97.6303099916411,14.6042159359906,11.1094572174558,810.365071831876,95.2351874043837,824.969287767866,97.6303099916411,587.25,86.9958184966233,2250.46666666667,410.850963387954,3722.22166666667,548.699035296387,587.25,86.9958184966233,2250.46666666667,410.850963387954,3722.22166666667,548.699035296387,NaN,NaN,NaN,NaN,NaN,NaN,NaN,NaN,NaN,NaN,NaN,NaN,NaN,NaN,NaN,NaN,979.666666666667,86.1366766570841,979.666666666667,86.1366766570841,979,87.8626550580287,979.666666666667,86.1366766570841,979,87.8626550580287,NaN,NaN,0.1590875,0.0142776814469297,0,0,0,0,0.1590875,0.0142776814469297,0.144087916039822,0.387785201884107,1,0,3.63946469346934e+15,518482866616968,0.959919239443511,0.0228020596564637,1566.33333333333,183.83178548914,318,213.679166801039,1.32388123939665,0.206394679104889,NaN,NaN,NaN,NaN,NaN,NaN,NaN,NaN,NaN,NaN,1,0,1,0,1,0,0,0,9.33333333333333,1.43421757658315,48.9833333333333,4.30683383285421,4.5154122,0,1
sb_cf,fixed_packet,25,25,1,162.5,0.0020800838230519,0.0020800838230519,self_stable,0.0008,0.00249804953296681,0,1,1,0,0,0,1,NaN,1,979.666666666667,86.1366766570841,979.666666666667,86.1366766570841,979.666666666667,86.1366766570841,979.666666666667,86.1366766570841,0,0,0,0,1,0,0,0,10329.6638715606,3468.77730635296,2084.63941512373,1560.44772361148,8245.02445643687,1983.98693088742,10329.6638715606,3468.77730635296,6974,1366.3700225274,31967,17998.1343295951,50255.48,31233.9969549226,6974,1366.3700225274,31967,17998.1343295951,50255.48,31233.9969549226,0,0,61.2356473239045,11.8265170738789,0,0,7891.11843587372,1916.03136924569,130.170373239249,56.5237948383917,0,0,162.5,0,0,0,979.666666666667,86.1366766570841,979.666666666667,86.1366766570841,977.666666666667,72.5237754512132,979.666666666667,86.1366766570841,977.666666666667,72.5237754512132,NaN,NaN,0.158870833333333,0.0117851135108221,10.1229098333333,3.75608401339883,10.1229098333333,3.75608401339883,0,0,17.006605006605,61.3846669121011,1,0,0.00619082404781428,0.00934740869782686,0.958183699642134,0.0173272448094389,2116.33333333333,328.47340064117,786,379.545026776043,1.80104845070307,0.347838737467026,153779.166666667,45628.075365657,NaN,NaN,153779.166666667,45628.075365657,NaN,NaN,NaN,NaN,1,0,1,0,1,0,0,0,9.33333333333333,1.43421757658315,48.9833333333333,4.30683383285421,1310.8867712,0,1
sf_cf,fixed_packet,30,30,1,162.5,0.282842712474619,0.3,self_stable,0.004,0.3,0,1,1,0,0,0,1,NaN,1,1224.66666666667,108.461370754149,1224.66666666667,108.461370754149,1224.66666666667,108.461370754149,1224.66666666667,108.461370754149,0,0,0,0,1,0,0,0,990.191024613485,187.366421591287,24.5523556086737,22.4799538546735,965.638669004812,165.541888920164,990.191024613485,187.366421591287,657,49.729310004305,2915.54166666667,1236.85740276255,5456.24166666666,4099.65946533703,657,49.729310004305,2915.54166666667,1236.85740276255,5456.24166666666,4099.65946533703,NaN,NaN,NaN,NaN,NaN,NaN,NaN,NaN,NaN,NaN,NaN,NaN,NaN,NaN,NaN,NaN,1224.66666666667,108.461370754149,1224.66666666667,108.461370754149,1224.33333333333,107.173581810895,1224.66666666667,108.461370754149,1224.33333333333,107.173581810895,NaN,NaN,0.1989875,0.0175043596523154,0,0,0,0,0.1989875,0.0175043596523154,-0.178288941129023,1.14565087905657,1,0,5.4515442985372e+15,539780168687864,0.969097439218551,0.0339097080020058,2241.33333333333,209.159871514236,666,365.328747865664,1.54719661566179,0.352854496877647,NaN,NaN,NaN,NaN,NaN,NaN,NaN,NaN,NaN,NaN,1,0,1,0,1,0,0,0,11.6666666666667,1.43421757658315,61.2333333333333,5.42306853770744,4.2178635,0,1
sb_cf,fixed_packet,30,30,1,162.5,NaN,NaN,no_stable_q,NaN,NaN,0,1,1,0,0,0,0,NaN,0,NaN,NaN,NaN,NaN,NaN,NaN,NaN,NaN,NaN,NaN,NaN,NaN,NaN,NaN,NaN,NaN,NaN,NaN,NaN,NaN,NaN,NaN,NaN,NaN,NaN,NaN,NaN,NaN,NaN,NaN,NaN,NaN,NaN,NaN,NaN,NaN,NaN,NaN,NaN,NaN,NaN,NaN,NaN,NaN,NaN,NaN,NaN,NaN,NaN,NaN,NaN,NaN,NaN,NaN,NaN,NaN,NaN,NaN,NaN,NaN,NaN,NaN,NaN,NaN,NaN,NaN,NaN,NaN,NaN,NaN,NaN,NaN,NaN,NaN,NaN,NaN,NaN,NaN,NaN,NaN,NaN,NaN,NaN,NaN,NaN,NaN,NaN,NaN,NaN,NaN,NaN,NaN,NaN,NaN,NaN,NaN,NaN,NaN,NaN,NaN,NaN,NaN,NaN,NaN,NaN,NaN,NaN,NaN,1416.4680864,0,1
sf_cf,fixed_packet,45,45,1,162.5,0.0963492483998996,0.1200936955176,self_stable,0.006,0.1200936955176,0,1,1,0,0,0,1,NaN,1,1797.33333333333,18.8095871778349,1797.33333333333,18.8095871778349,1797.33333333333,18.8095871778349,1797.33333333333,18.8095871778349,0,0,0,0,1,0,0,0,3147.4777561644,20.4916910187841,334.719250958016,54.04774912369,2812.75850520639,63.5564251463662,3147.4777561644,20.4916910187841,2202.58333333333,143.254932841685,9170.61666666666,416.645778673008,14319.9666666667,665.157948649658,2202.58333333333,143.254932841685,9170.61666666666,416.645778673008,14319.9666666667,665.157948649658,NaN,NaN,NaN,NaN,NaN,NaN,NaN,NaN,NaN,NaN,NaN,NaN,NaN,NaN,NaN,NaN,1797.33333333333,18.8095871778349,1797.33333333333,18.8095871778349,1801.33333333333,24.5079206918534,1797.33333333333,18.8095871778349,1801.33333333333,24.5079206918534,NaN,NaN,0.292716666666667,0.00398253711242618,0,0,0,0,0.292716666666667,0.00398253711242618,-1.78328455290125,9.18712961269988,1,0,2.54773292145963e+16,420861511037498,0.976245192215198,0.0119883666708059,3505.33333333333,76.7406926156775,1173,25.2112442693104,1.65264183876734,0.0158473957731735,NaN,NaN,NaN,NaN,NaN,NaN,NaN,NaN,NaN,NaN,1,0,1,0,1,0,0,0,17.3333333333333,1.43421757658315,89.8666666666667,0.94047935889175,4.5188995,0,1
sb_cf,fixed_packet,45,45,1,162.5,NaN,NaN,no_stable_q,NaN,NaN,0,1,1,0,0,0,0,NaN,0,NaN,NaN,NaN,NaN,NaN,NaN,NaN,NaN,NaN,NaN,NaN,NaN,NaN,NaN,NaN,NaN,NaN,NaN,NaN,NaN,NaN,NaN,NaN,NaN,NaN,NaN,NaN,NaN,NaN,NaN,NaN,NaN,NaN,NaN,NaN,NaN,NaN,NaN,NaN,NaN,NaN,NaN,NaN,NaN,NaN,NaN,NaN,NaN,NaN,NaN,NaN,NaN,NaN,NaN,NaN,NaN,NaN,NaN,NaN,NaN,NaN,NaN,NaN,NaN,NaN,NaN,NaN,NaN,NaN,NaN,NaN,NaN,NaN,NaN,NaN,NaN,NaN,NaN,NaN,NaN,NaN,NaN,NaN,NaN,NaN,NaN,NaN,NaN,NaN,NaN,NaN,NaN,NaN,NaN,NaN,NaN,NaN,NaN,NaN,NaN,NaN,NaN,NaN,NaN,NaN,NaN,NaN,NaN,1319.1583578,0,1
sf_cb,fixed_packet,8,8,5,812.5,0.5,0.5,self_stable,0.007,1,0,1,1,0,0,0,1,NaN,1,316.333333333333,48.7633976038272,237,53.7401153701776,237,53.7401153701776,237,53.7401153701776,79.3333333333333,15.178332134387,0,0,0.748440446830117,0.0672438908509771,80.6666666666667,13.6815636966388,175162.605693664,16029.7103388362,131192.619403768,14592.0414558785,43969.9862898958,3949.50182982975,175162.605693664,16029.7103388362,127539,47882.5533227409,526977.3,61730.9967182424,661503.25,28329.7491278904,127539,47882.5533227409,526977.3,61730.9967182424,661503.25,28329.7491278904,NaN,NaN,NaN,NaN,NaN,NaN,NaN,NaN,NaN,NaN,NaN,NaN,NaN,NaN,NaN,NaN,316.333333333333,48.7633976038272,237,53.7401153701776,301.666666666667,51.7114501254226,1581.66666666667,243.816988019136,301.666666666667,51.7114501254226,NaN,NaN,0.0490208333333333,0.00840311064538117,0,0,0,0,0.0490208333333333,0.00840311064538117,0.0119140087549302,0.0292235995932313,1,0,1.86553173316921e+17,2.55573641712209e+16,0.825482326324268,0.0680032658391744,62.3333333333333,10.0395230360821,0,0,0.11508203477972,0.0120483351962761,NaN,NaN,NaN,NaN,NaN,NaN,NaN,NaN,NaN,NaN,1,0,1,0,1,0,0,0,2,0,11.85,2.68700576850888,1.1815888,0,0
sb_cb,fixed_packet,8,8,5,812.5,0.5,0.5,self_stable,0.0002,1,0,1,1,0,0,0,1,NaN,1,316.333333333333,48.7633976038272,237,53.7401153701776,237,53.7401153701776,237,53.7401153701776,79.3333333333333,15.178332134387,0,0,0.748440446830117,0.0672438908509771,80.6666666666667,13.6815636966388,175011.426602439,16103.3689518571,130677.551928739,14640.6603973699,44333.8746737001,3960.32336042625,175011.426602439,16103.3689518571,127492.833333333,47846.0587593674,526636.625,61621.0581726415,661425.455,28213.2201234724,127492.833333333,47846.0587593674,526636.625,61621.0581726415,661425.455,28213.2201234724,0,0,4.17606935131734,0.451185358484684,0,0,44148.4977736971,3960.73430422318,0,0,18.7008306517045,1.95785446939486,162.5,0,0,0,316.333333333333,48.7633976038272,237,53.7401153701776,301.666666666667,51.7114501254226,1581.66666666667,243.816988019136,301.666666666667,51.7114501254226,NaN,NaN,0.0490208333333333,0.00840311064538117,82.800716,1.05404258341465,82.7514243333333,1.05249763972245,0.0492916666666667,0.00815711246681669,-16.8081631743636,48.6005351740578,1,0,0.500193135270031,0.065671283709387,0.825482326324268,0.0680032658391744,65.3333333333333,17.4480098702703,0,0,0.11508203477972,0.0120483351962761,48.3333333333333,207.961548604557,NaN,NaN,48.3333333333333,207.961548604557,NaN,NaN,NaN,NaN,1,0,1,0,1,0,0,0,2,0,11.85,2.68700576850888,5.0763015,0,0
unslotted,fixed_packet,8,8,5,812.5,0.948683298050514,0.948683298050514,self_stable,0.0002,1,0,1,1,0,0,0,1,NaN,1,316.333333333333,48.7633976038272,237,53.7401153701776,237,53.7401153701776,237,53.7401153701776,79.3333333333333,15.178332134387,0,0,0.748440446830117,0.0672438908509771,80.6666666666667,13.6815636966388,174963.843610974,16101.4697051937,130635.033724526,14643.4313771605,44328.8098864485,3959.6300799172,174963.843610974,16101.4697051937,127452.033555879,47872.9724627145,526602.736109542,61616.9505850953,661364.454097703,28289.2408289378,127452.033555879,47872.9724627145,526602.736109542,61616.9505850953,661364.454097703,28289.2408289378,0,0,0,0,0.415786743913821,0.117617391415176,44147.1932690529,3959.87195226229,0,0,18.7008306517045,1.95785446939486,162.5,0,0,0,316.333333333333,48.7633976038272,237,53.7401153701776,301.666666666667,51.7114501254226,1581.66666666667,243.816988019136,301.666666666667,51.7114501254226,NaN,NaN,0.0490208333333334,0.00840311064538134,82.7862200783126,1.06032004867194,82.7371992449793,1.05762170047643,0.0490208333333334,0.00840311064538134,-16.8289403112394,48.5805525752669,1,0,0.500241433668589,0.0656727233467771,0.825482326324268,0.0680032658391744,66.6666666666667,22.4031947253764,0,0,0.11508203477972,0.0120483351962761,72.5,311.942322906836,NaN,NaN,72.5,311.942322906836,NaN,NaN,NaN,NaN,1,0,1,0,1,0,0,0,2,0,11.85,2.68700576850888,0.7358664,0,0
s7_clean,fixed_packet,8,8,5,812.5,0.5,0.5,self_stable,0.0002,1,0,1,1,0,0,0,1,NaN,1,316.333333333333,48.7633976038272,237,53.7401153701776,237,53.7401153701776,237,53.7401153701776,79.3333333333333,15.178332134387,0,0,0.748440446830117,0.0672438908509771,80.6666666666667,13.6815636966388,174919.427960851,16099.7186852974,130977.354122574,14659.6074021379,43942.073838277,3954.68804919622,174919.427960851,16099.7186852974,127410.733333333,47878.0780566073,526571.775,61628.3820560686,661326.345,28266.8757443191,127410.733333333,47878.0780566073,526571.775,61628.3820560686,661326.345,28266.8757443191,4.66904792584021,0.0393550449836301,3.91278918251049,0.409643396673387,1.15153151053009,0.632536487738359,43714.2404696582,4060.95487150744,0,0,9.59784170062866,1.00483115536942,162.5,0,0,0,316.333333333333,48.7633976038272,237,53.7401153701776,301.666666666667,51.7114501254226,1581.66666666667,243.816988019136,301.666666666667,51.7114501254226,NaN,NaN,0.0490208333333333,0.00840311064538117,83.1781661666667,1.3679113509323,83.1291453333333,1.36065505855472,0.0490208333333333,0.00840311064538117,-17.1330771330771,48.081562659998,1,0,0.502787190399401,0.0603394495796897,0.825482326324268,0.0680032658391744,63.6666666666667,12.2539603459267,0,0,0.11508203477972,0.0120483351962761,53.4,229.761655768621,26.7,114.880827884311,53.4,229.761655768621,26.6999999999534,114.88082788411,53.3999999999069,229.761655768221,1,0,1,0,1,0,0,0,2,0,11.85,2.68700576850888,47.7266743,0,0
s7_busy,fixed_packet,8,8,5,812.5,0.528840463202608,0.528840463202608,self_stable,0.004,1,0,1,1,0,0,0,1,NaN,1,316.333333333333,48.7633976038272,237,53.7401153701776,237,53.7401153701776,237,53.7401153701776,79.3333333333333,15.178332134387,0,0,0.748440446830117,0.0672438908509771,80.6666666666667,13.6815636966388,175384.774446833,16202.2641145965,131391.968925029,14756.2339820568,43992.8055218037,3957.14279105385,175384.774446833,16202.2641145965,127596.733333333,48213.6403838297,527175.825,62065.4183607002,661465.065,28162.6292853522,127596.733333333,48213.6403838297,527175.825,62065.4183607002,661465.065,28162.6292853522,4.66904792584021,0.0393550449836301,6.51439877325565,0.684531285810231,1.19286665153458,0.122222342463985,43755.9476131629,4063.14204534818,6.3815952902396,2.65673045589496,9.59784170062866,1.00483115536942,162.5,0,0,0,316.333333333333,48.7633976038272,237,53.7401153701776,301.666666666667,51.7114501254226,1581.66666666667,243.816988019136,301.666666666667,51.7114501254226,NaN,NaN,0.0490208333333333,0.00840311064538117,83.3257961666666,1.36489893976895,83.2767753333333,1.3577155111842,0.0490208333333333,0.00840311064538117,-17.1221971221971,47.8959141759061,1,0,0.502349602807324,0.0603790865845707,0.825482326324268,0.0680032658391744,108.333333333333,5.17114501254226,18,4.96827542350066,0.191599963919284,0.0201332731120656,105019.999999998,4869.61627777949,48941.0999999989,2507.28119652746,105019.999999998,4869.61627777949,22045.2999999759,1317.09977095958,47445.8999999484,2865.88717019472,1,0,1,0,1,0,0,0,2,0,11.85,2.68700576850888,83.1639192,0,0
sf_cb,fixed_packet,15,15,5,812.5,0.96548938460563,0.96548938460563,self_stable,0.002,1,0,1,1,0,0,0,1,NaN,1,589,38.803471516211,506.666666666667,22.5404985320661,506.666666666667,22.5404985320661,506.666666666667,22.5404985320661,82.3333333333333,21.1273441862595,0,0,0.860376500607219,0.0281531044368339,82.3333333333333,21.1273441862595,116439.340695933,10973.1727426522,76324.8400155232,10966.1359229634,40114.5006804094,5085.02236324982,116439.340695933,10973.1727426522,85519.5833333333,22297.1091246031,366352.916666667,35942.1066197438,457480.478333333,37024.2031924561,85519.5833333333,22297.1091246031,366352.916666667,35942.1066197438,457480.478333333,37024.2031924561,NaN,NaN,NaN,NaN,NaN,NaN,NaN,NaN,NaN,NaN,NaN,NaN,NaN,NaN,NaN,NaN,589,38.803471516211,506.666666666667,22.5404985320661,592.333333333333,31.0600007521514,2945,194.017357581055,592.333333333333,31.0600007521514,NaN,NaN,0.0962875,0.00504597638430266,0,0,0,0,0.0962875,0.00504597638430266,-0.0939437289384489,0.426284600103523,1,0,2.65584092979474e+17,1.52082773967625e+16,0.942123891435044,0.00799884322095502,185.666666666667,134.839336707234,30.3333333333333,113.738065652391,0.220946226245171,0.224212533983442,NaN,NaN,NaN,NaN,NaN,NaN,NaN,NaN,NaN,NaN,1,0,1,0,1,0,0,0,4.66666666666667,1.43421757658315,25.3333333333333,1.1270249266033,1.1460951,0,0
sb_cb,fixed_packet,15,15,5,812.5,0.948683298050514,0.948683298050514,self_stable,0.0009,0.948683298050514,0,1,1,0,0,0,1,NaN,1,589,38.803471516211,506.666666666667,22.5404985320661,506.666666666667,22.5404985320661,506.666666666667,22.5404985320661,82.3333333333333,21.1273441862595,0,0,0.860376500607219,0.0281531044368339,82.3333333333333,21.1273441862595,116843.885845655,8998.3852802594,76338.5837297797,9215.03872928535,40505.3021158754,5078.91964449367,116843.885845655,8998.3852802594,85455.25,22339.0702074633,366520.425,35488.9784195065,461358.618333333,20247.6322800254,85455.25,22339.0702074633,366520.425,35488.9784195065,461358.618333333,20247.6322800254,0,0,6.68223315378344,3.15710817023657,0,0,40246.9841172843,5074.05049657374,62.8336751903004,270.109117363508,26.3020902470604,1.5772348414075,162.5,0,0,0,589,38.803471516211,506.666666666667,22.5404985320661,592.666666666667,31.0600007521514,2945,194.017357581055,592.666666666667,31.0600007521514,NaN,NaN,0.0963206666666667,0.00504875404378019,83.2828886666667,5.36764289864404,83.1857555,5.36389171322198,0.0971331666666667,0.00625741732356518,-1.44438305339095,57.4583335519612,1,0,0.289037372513476,0.0594077819596624,0.941999257968101,0.00747393076336789,383,1095.11035232103,219.666666666667,942.998874597884,0.588419675354064,1.83373627530066,3736.16666666667,15857.5692264185,NaN,NaN,3736.16666666667,15857.5692264185,NaN,NaN,NaN,NaN,1,0,1,0,1,0,0,0,4.66666666666667,1.43421757658315,25.3333333333333,1.1270249266033,10.3236746,0,0
unslotted,fixed_packet,15,15,5,812.5,0.173205080756888,0.173205080756888,self_stable,0.0009,0.173205080756888,0,1,1,0,0,0,1,NaN,1,589,38.803471516211,506.666666666667,22.5404985320661,506.666666666667,22.5404985320661,506.666666666667,22.5404985320661,82.3333333333333,21.1273441862595,0,0,0.860376500607219,0.0281531044368339,82.3333333333333,21.1273441862595,116412.896482621,11162.2399144969,75948.0416861388,11160.1027684321,40464.8547964822,5076.66865330455,116412.896482621,11162.2399144969,85513.3528330171,22420.1658532404,366284.868697856,35959.1033802738,456927.90814968,39336.4065249291,85513.3528330171,22420.1658532404,366284.868697856,35959.1033802738,456927.90814968,39336.4065249291,0,0,0,0,9.17102209649303,1.41169402406224,40260.4934325497,5066.29567895467,6.3882515889342,8.43577767876115,26.3020902470604,1.5772348414075,162.5,0,0,0,589,38.803471516211,506.666666666667,22.5404985320661,592.666666666667,31.0600007521514,2945,194.017357581055,592.666666666667,31.0600007521514,NaN,NaN,0.0963282528365403,0.0050499558681947,83.0459690865963,5.08668512891401,82.9485575004264,5.08520725197818,0.0974115861698737,0.00547641298973836,3.02794835005204,47.9274434269729,1,0,0.289754810681979,0.0623744155104239,0.941999257968101,0.00747393076336789,147,13.1448212154569,16,8.9566858950296,0.193479394318155,0.0280504881681742,285.166666666667,198.382673601263,NaN,NaN,285.166666666667,198.382673601263,NaN,NaN,NaN,NaN,1,0,1,0,1,0,0,0,4.66666666666667,1.43421757658315,25.3333333333333,1.1270249266033,4.103754,0,0
s7_clean,fixed_packet,15,15,5,812.5,0.948683298050514,0.948683298050514,self_stable,0.002,0.948683298050514,0,1,1,0,0,0,1,NaN,1,589,38.803471516211,506.666666666667,22.5404985320661,506.666666666667,22.5404985320661,506.666666666667,22.5404985320661,82.3333333333333,21.1273441862595,0,0,0.860376500607219,0.0281531044368339,82.3333333333333,21.1273441862595,116237.954672684,11143.4593117866,76156.0299790227,11125.8995283294,40081.924693661,5079.61168735037,116237.954672684,11143.4593117866,85349.15,22429.2931128394,366221,35960.0414078007,456658.47,40119.0781106999,85349.15,22429.2931128394,366221,35960.0414078007,456658.47,40119.0781106999,4.45517866319384,0.0584196926923668,5.50320657476957,0.33000605912526,0.0891261028444192,0.0790054118856377,39825.9771823203,5079.3401737193,0,0,13.4990420098759,0.809485450913143,162.5,0,0,0,589,38.803471516211,506.666666666667,22.5404985320661,592.666666666667,31.0600007521514,2945,194.017357581055,592.666666666667,31.0600007521514,NaN,NaN,0.0963470333333334,0.00505383693469132,82.9568118333333,5.03070731377767,82.8604648,5.02733660590801,0.0963470333333334,0.00505383693469132,3.21910321910322,47.6826965036761,1,0,0.290064417202557,0.0621578836628466,0.941999257968101,0.00747393076336789,124.333333333333,3.79458303359676,0,0,0.161859016904987,0.00970606056250767,0,0,0,0,0,0,0,0,0,0,1,0,1,0,1,0,0,0,4.66666666666667,1.43421757658315,25.3333333333333,1.1270249266033,42.6809067,0,0
s7_busy,fixed_packet,15,15,5,812.5,0.793725393319377,0.793725393319377,self_stable,0.625732474567597,0.793725393319377,0,1,1,0,0,0,1,NaN,1,589,38.803471516211,506.666666666667,22.5404985320661,506.666666666667,22.5404985320661,506.666666666667,22.5404985320661,82.3333333333333,21.1273441862595,0,0,0.860376500607219,0.0281531044368339,82.3333333333333,21.1273441862595,116677.653328144,11301.6695500337,76523.312684903,11192.4715975815,40154.3406432407,5113.24965818083,116677.653328144,11301.6695500337,86207.4,22504.1067791491,366873.95,35444.7383521868,456763.14,39929.4441934737,86207.4,22504.1067791491,366873.95,35444.7383521868,456763.14,39929.4441934737,4.4579284955212,0.0541833554258116,10.0302441512464,2.80905190403745,0.777992202123374,0.602808076630491,39882.0699215131,5103.81716580642,11.1045568787698,6.1453297818435,13.4990420098759,0.809485450913143,162.5,0,0,0,589,38.803471516211,506.666666666667,22.5404985320661,592.666666666667,31.0600007521514,2945,194.017357581055,592.666666666667,31.0600007521514,NaN,NaN,0.0963410333333334,0.0050524568482547,83.2163118333333,4.93847231628212,83.1199708,4.93515797731959,0.0963410333333334,0.0050524568482547,3.05170305170305,47.6208597685999,1,0,0.28961414635284,0.0622421181390313,0.941999257968101,0.00747393076336789,225.666666666667,44.1822823547412,67.3333333333333,34.8960197405405,0.295007180919013,0.0826191736481602,107236.099999998,3640.31062333373,49893.3999999988,2176.00718194964,107236.099999998,3640.31062333373,22917.4999999754,1430.76731717477,49466.1999999469,3473.33802255949,1,0,1,0,1,0,0,0,4.66666666666667,1.43421757658315,25.3333333333333,1.1270249266033,109.3559697,0,0
sf_cb,fixed_packet,25,25,5,812.5,0.692820323027551,0.861773876012753,self_stable,0.002,0.9,0,1,1,0,0,0,1,NaN,1,979.666666666667,86.1366766570841,911.333333333333,69.0363874491039,911.333333333333,69.0363874491039,911.333333333333,69.0363874491039,68.3333333333333,17.4480098702702,0,0,0.930357871258509,0.011899737769782,68.3333333333333,17.4480098702702,75424.8455011483,10117.5715748679,46314.2229942404,7426.35314472806,29110.6225069079,2698.58472485881,75424.8455011483,10117.5715748679,57845.1666666667,7155.247489951,222916.816666667,46293.0634959746,326425.213333333,114454.571323334,57845.1666666667,7155.247489951,222916.816666667,46293.0634959746,326425.213333333,114454.571323334,NaN,NaN,NaN,NaN,NaN,NaN,NaN,NaN,NaN,NaN,NaN,NaN,NaN,NaN,NaN,NaN,979.666666666667,86.1366766570841,911.333333333333,69.0363874491039,996.333333333333,78.9601580083687,4898.33333333333,430.68338328542,996.333333333333,78.9601580083687,NaN,NaN,0.161895833333333,0.0125789114251771,0,0,0,0,0.161895833333333,0.0125789114251771,0.0601955900062549,0.0960369905438743,1,0,3.09225274158386e+17,1.76413556383052e+16,0.959603021166658,0.00738757113611921,310,299.346324885111,30,52.5792848618274,0.215574559815188,0.0497697533845086,NaN,NaN,NaN,NaN,NaN,NaN,NaN,NaN,NaN,NaN,1,0,1,0,1,0,0,0,8.66666666666667,1.43421757658315,45.5666666666667,3.4518193724552,2.8484846,0,0
sb_cb,fixed_packet,25,25,5,812.5,0.356359487256136,0.356359487256136,self_stable,0.0006,0.660385449778925,0,1,1,0,0,0,1,NaN,1,979.666666666667,86.1366766570841,911.333333333333,69.0363874491039,911.333333333333,69.0363874491039,911.333333333333,69.0363874491039,68.3333333333333,17.4480098702702,0,0,0.930357871258509,0.011899737769782,68.3333333333333,17.4480098702702,75328.3042977291,10065.2050430653,45887.3557624758,7388.27746112145,29440.9485352533,2680.86954990265,75328.3042977291,10065.2050430653,57711.5,7186.19307344917,222837.4,46072.9890419206,326033.153333333,114874.449778077,57711.5,7186.19307344917,222837.4,46072.9890419206,326033.153333333,114874.449778077,0,0,7.20335325615995,0.439824019901849,0,0,29236.4355016969,2685.20179348969,5.09369439204936,4.48071208639523,29.7159859081562,1.48220957602537,162.5,0,0,0,979.666666666667,86.1366766570841,911.333333333333,69.0363874491039,996.333333333333,76.6602375602373,4898.33333333333,430.68338328542,996.333333333333,76.6602375602373,NaN,NaN,0.161895666666667,0.0124305013943909,81.213773,1.07218558184596,81.0502523333333,1.08494352102097,0.163520666666667,0.0140891522860027,0.265440874916467,16.7536383373339,1,0,0.155667200496497,0.0401336930122945,0.959634279136815,0.0072076607915069,273,141.813588971911,30.6666666666667,47.5459891328499,0.216301308168459,0.0447061008877045,710.5,1847.58358126056,NaN,NaN,710.5,1847.58358126056,NaN,NaN,NaN,NaN,1,0,1,0,1,0,0,0,8.66666666666667,1.43421757658315,45.5666666666667,3.4518193724552,44.4308881,0,0
unslotted,fixed_packet,25,25,5,812.5,0.282842712474619,0.282842712474619,self_stable,0.0008,0.282842712474619,0,1,1,0,0,0,1,NaN,1,979.666666666667,86.1366766570841,911.333333333333,69.0363874491039,911.333333333333,69.0363874491039,911.333333333333,69.0363874491039,68.3333333333333,17.4480098702702,0,0,0.930357871258509,0.011899737769782,68.3333333333333,17.4480098702702,75280.5956348513,10057.2636403336,45844.1468117797,7383.6266345412,29436.4488230716,2676.38125472769,75280.5956348513,10057.2636403336,57791.8961542904,7366.90075778496,222788.882977156,45856.5985588195,326000.656636768,114947.747172461,57791.8961542904,7366.90075778496,222788.882977156,45856.5985588195,326000.656636768,114947.747172461,0,0,0,0,5.96886616491743,1.20464676540424,29234.0577360932,2683.77085096979,4.2062349053235,6.2981615138723,29.7159859081562,1.48220957602537,162.5,0,0,0,979.666666666667,86.1366766570841,911.333333333333,69.0363874491039,996.333333333333,76.6602375602373,4898.33333333333,430.68338328542,996.333333333333,76.6602375602373,NaN,NaN,0.161908320090949,0.0123731703331415,81.1568309714575,1.14527043747816,80.9932976513665,1.15956229615558,0.163533320090949,0.0157740729183486,0.281223760750986,16.0190376352804,1,0,0.155608384528433,0.0401191665036254,0.959634279136815,0.0072076607915069,258,88.8404889598907,25.3333333333333,36.8736195357035,0.210390706503645,0.0371890039891075,497.833333333333,1058.9715707937,NaN,NaN,497.833333333333,1058.9715707937,NaN,NaN,NaN,NaN,1,0,1,0,1,0,0,0,8.66666666666667,1.43421757658315,45.5666666666667,3.4518193724552,6.5872735,0,0
s7_clean,fixed_packet,25,25,5,812.5,0.6,0.6,self_stable,0.6,0.6,0,1,1,0,0,0,1,NaN,1,979.666666666667,86.1366766570841,911.333333333333,69.0363874491039,911.333333333333,69.0363874491039,911.333333333333,69.0363874491039,68.3333333333333,17.4480098702702,0,0,0.930357871258509,0.011899737769782,68.3333333333333,17.4480098702702,75158.4822155429,10125.8944698191,46084.5636655088,7441.57516488164,29073.9185500341,2686.80415958429,75158.4822155429,10125.8944698191,57621.9,7159.83209437605,222681.216666666,45944.1271259523,325933.473333333,114920.738175789,57621.9,7159.83209437605,222681.216666666,45944.1271259523,325933.473333333,114920.738175789,4.37233908129073,0.104640017036004,6.34023670146166,0.259892928186604,1.07080814084687,0.304556870041122,28815.934096743,2687.84765163358,0.301069367491647,0.937465170551984,15.2511583060937,0.760715560864717,162.5,0,0,0,979.666666666667,86.1366766570841,911.333333333333,69.0363874491039,996.666666666667,75.2383487113394,4898.33333333333,430.68338328542,996.666666666667,75.2383487113394,NaN,NaN,0.161943666666667,0.0121062710264431,81.0682046666666,1.27156320135184,80.906261,1.28059080143315,0.161943666666667,0.0121062710264431,0.283036283036272,16.5495565591812,1,0,0.156059494839872,0.0416321821775786,0.959595517387911,0.00719330581345313,226,27.3255148292536,3.33333333333333,10.3422900250845,0.18647755004299,0.00764390965254721,151.3,540.197836029803,71.2,251.107988824095,151.3,540.197836029803,71.2000000000116,251.107988824237,151.300000000027,540.197836030103,1,0,1,0,1,0,0,0,8.66666666666667,1.43421757658315,45.5666666666667,3.4518193724552,49.9062399,0,0
s7_busy,fixed_packet,25,25,5,812.5,0.661825303382485,0.661825303382485,self_stable,0.008,0.963492483998996,0,1,1,0,0,0,1,NaN,1,979.666666666667,86.1366766570841,911.333333333333,69.0363874491039,911.333333333333,69.0363874491039,911.333333333333,69.0363874491039,68.3333333333333,17.4480098702702,0,0,0.930357871258509,0.011899737769782,68.3333333333333,17.4480098702702,75741.2445365731,10010.6675215819,46566.5482415908,7346.36525342263,29174.6962949823,2667.04016120963,75741.2445365731,10010.6675215819,58018.2333333333,6533.94336514037,223121.316666667,45774.4992033468,326523.365,114165.345169388,58018.2333333333,6533.94336514037,223121.316666667,45774.4992033468,326523.365,114165.345169388,4.37530686992664,0.117047691460499,11.6975559453051,2.56741158801083,1.48800231040888,0.113781689764351,28897.7931715205,2674.0562290774,13.4422583362136,5.76877079921199,15.2511583060937,0.760715560864717,162.5,0,0,0,979.666666666667,86.1366766570841,911.333333333333,69.0363874491039,996.333333333333,81.2709232318851,4898.33333333333,430.68338328542,996.333333333333,81.2709232318851,NaN,NaN,0.161903833333333,0.0130214851834821,81.6455665,1.21046658975994,81.4836626666666,1.21870287943536,0.161903833333333,0.0130214851834821,0.544276544276537,17.3601959293995,1,0,0.155502693400021,0.0412416524072893,0.959656807326922,0.00773732703928505,418,83.4685057551137,147.333333333333,72.9479774044997,0.34404576309721,0.0755121055297302,111454.699999997,7916.31810350534,51735.6999999986,4067.78359634126,111454.699999997,7916.31810350534,24563.9999999735,653.240039518612,53257.5999999429,1303.67104530069,1,0,1,0,1,0,0,0,8.66666666666667,1.43421757658315,45.5666666666667,3.4518193724552,124.3460093,0,0
sf_cb,fixed_packet,30,30,5,812.5,0.660385449778925,0.762547434397549,self_stable,0.002,0.8,0,1,1,0,0,0,1,NaN,1,1224.66666666667,108.461370754149,1143.33333333333,114.225323380696,1143.33333333333,114.225323380696,1143.33333333333,114.225323380696,81.3333333333333,23.6102010885463,0,0,0.933505224138459,0.0205430543857902,81.3333333333333,23.6102010885463,62564.7168028177,5220.76943504577,38961.356063331,3639.26819889114,23603.3607394867,1808.2057570796,62564.7168028177,5220.76943504577,45262.1666666667,3742.65259715124,185670.108333333,20832.1502088371,260816.448333333,24641.7645288725,45262.1666666667,3742.65259715124,185670.108333333,20832.1502088371,260816.448333333,24641.7645288725,NaN,NaN,NaN,NaN,NaN,NaN,NaN,NaN,NaN,NaN,NaN,NaN,NaN,NaN,NaN,NaN,1224.66666666667,108.461370754149,1143.33333333333,114.225323380696,1220.66666666667,128.272302060045,6123.33333333333,542.306853770744,1220.66666666667,128.272302060045,NaN,NaN,0.198391666666667,0.0209558940017285,0,0,0,0,0.198391666666667,0.0209558940017285,0.0206573915976249,0.253154902704984,1,0,3.2194368570286e+17,2.27439496246057e+16,0.96589927542234,0.0394445182270071,310.666666666667,42.2546883725189,19.3333333333333,7.58916606719352,0.202629786173111,0.000646987073975637,NaN,NaN,NaN,NaN,NaN,NaN,NaN,NaN,NaN,NaN,1,0,1,0,1,0,0,0,10.6666666666667,1.43421757658315,57.1666666666667,5.71126616903478,2.8462507,0,0
sb_cb,fixed_packet,30,30,5,812.5,0.3,0.3,self_stable,0.0001,0.9,0,1,1,0,0,0,1,NaN,1,1224.66666666667,108.461370754149,1143.33333333333,114.225323380696,1143.33333333333,114.225323380696,1143.33333333333,114.225323380696,81.3333333333333,23.6102010885463,0,0,0.933505224138459,0.0205430543857902,81.3333333333333,23.6102010885463,62479.5655478385,5276.37505466013,38556.2230553431,3681.98597195005,23923.3424924955,1819.52008191155,62479.5655478385,5276.37505466013,45183.1666666667,3618.68705491709,185540.291666667,20737.8838014406,260709.533333333,24713.6462895195,45183.1666666667,3618.68705491709,185540.291666667,20737.8838014406,260709.533333333,24713.6462895195,0,0,7.46749772939275,0.25002114675513,0,0,23718.5817055539,1824.03179886552,4.62239756935847,7.71117757738293,30.1708916428797,1.15377629597489,162.5,0,0,0,1224.66666666667,108.461370754149,1143.33333333333,114.225323380696,1220.66666666667,128.272302060045,6123.33333333333,542.306853770744,1220.66666666667,128.272302060045,NaN,NaN,0.198400833333333,0.0209866640610575,82.7383123333333,3.00369652893496,82.5382865,2.99083491834206,0.200025833333333,0.0238157758538913,0.719923700459397,45.7464931890962,1,0,0.137296271887364,0.0304147293387055,0.96589927542234,0.0394445182270071,314.333333333333,66.7180998178518,30.3333333333333,42.7627790333518,0.211952503486441,0.0341990923011368,483.333333333333,615.861193753519,NaN,NaN,483.333333333333,615.861193753519,NaN,NaN,NaN,NaN,1,0,1,0,1,0,0,0,10.6666666666667,1.43421757658315,57.1666666666667,5.71126616903478,173.6161641,0,0
unslotted,fixed_packet,30,30,5,812.5,0.20800838230519,0.20800838230519,self_stable,0.0002,0.928317766722556,0,1,1,0,0,0,1,NaN,1,1224.66666666667,108.461370754149,1143.33333333333,114.225323380696,1143.33333333333,114.225323380696,1143.33333333333,114.225323380696,81.3333333333333,23.6102010885463,0,0,0.933505224138459,0.0205430543857902,81.3333333333333,23.6102010885463,62983.3980915866,7343.66299570033,38983.7465420525,5313.09903983748,23999.6515495341,2165.48454973958,62983.3980915866,7343.66299570033,45496.9148701609,4309.2481808199,185768.707082874,21540.115389015,263810.842528889,38060.4308623919,45496.9148701609,4309.2481808199,185768.707082874,21540.115389015,263810.842528889,38060.4308623919,0,0,0,0,18.6833826337648,42.7856062023057,23741.854652873,1948.51917137319,46.4426223844842,175.265065303417,30.1708916428797,1.15377629597489,162.5,0,0,0,1224.66666666667,108.461370754149,1143.33333333333,114.225323380696,1220.66666666667,128.272302060045,6123.33333333333,542.306853770744,1220.66666666667,128.272302060045,NaN,NaN,0.198398765994469,0.0209797220206921,83.3003535423397,3.6636845137046,83.0932881096786,3.65177300575964,0.207065432661135,0.011985887489736,-5.61278187707191,58.1718194026114,1,0,0.136479893441163,0.0287575570800263,0.96589927542234,0.0394445182270071,626.666666666667,1135.81430055979,318.333333333333,1212.70792795236,0.475197646076671,1.10544554607779,4799.5,16115.5575112199,NaN,NaN,4799.5,16115.5575112199,NaN,NaN,NaN,NaN,1,0,1,0,1,0,0,0,10.6666666666667,1.43421757658315,57.1666666666667,5.71126616903478,23.2987153,0,0
s7_clean,fixed_packet,30,30,5,812.5,0.761166261102025,0.761166261102025,self_stable,0.0002,0.9,0,1,1,0,0,0,1,NaN,1,1224.66666666667,108.461370754149,1143.33333333333,114.225323380696,1143.33333333333,114.225323380696,1143.33333333333,114.225323380696,81.3333333333333,23.6102010885463,0,0,0.933505224138459,0.0205430543857902,81.3333333333333,23.6102010885463,62322.2487081516,5249.04912702084,38764.4897215412,3651.37195959795,23557.7589866104,1818.90671384635,62322.2487081516,5249.04912702084,45009.8166666666,3508.0700812271,185412.891666667,20786.9033315189,260622.213333333,24718.9157422895,45009.8166666666,3508.0700812271,185412.891666667,20786.9033315189,260622.213333333,24718.9157422895,4.3567298890614,0.0283187972058244,6.8118747217191,0.35849524318227,0.550005509853671,0.253583884200746,23298.9158784222,1818.32084981777,1.22449806761058,0.862010093261638,15.4846299262533,0.592153495903411,162.5,0,0,0,1224.66666666667,108.461370754149,1143.33333333333,114.225323380696,1221,129.389955884376,6123.33333333333,542.306853770744,1221,129.389955884376,NaN,NaN,0.198436333333333,0.0211139628508175,82.6648273333333,2.69343628948446,82.466391,2.68463039184152,0.198436333333333,0.0211139628508175,0.973756973756978,45.1948258295303,1,0,0.138703567992142,0.0328746824241003,0.965975210693459,0.0397482604857168,294.666666666667,14.3421757658315,16.6666666666667,10.3422900250845,0.20034925652115,0.010543977740655,445,276.139143669757,222.5,138.069571834878,445,276.139143669757,222.49999999969,138.06957183473,444.999999999379,276.13914366946,1,0,1,0,1,0,0,0,10.6666666666667,1.43421757658315,57.1666666666667,5.71126616903478,47.5160248,0,0
s7_busy,fixed_packet,30,30,5,812.5,0.625732474567597,0.625732474567597,self_stable,0.003,0.963492483998996,0,1,1,0,0,0,1,NaN,1,1224.66666666667,108.461370754149,1143.33333333333,114.225323380696,1143.33333333333,114.225323380696,1143.33333333333,114.225323380696,81.3333333333333,23.6102010885463,0,0,0.933505224138459,0.0205430543857902,81.3333333333333,23.6102010885463,62941.4165850733,5368.20096569437,39276.6494188044,3779.32440106972,23664.7671662691,1816.61959960467,62941.4165850733,5368.20096569437,45580.8999999999,3356.08774640035,186097.3,20658.5396293152,261336.873333333,24318.5298439177,45580.8999999999,3356.08774640035,186097.3,20658.5396293152,261336.873333333,24318.5298439177,4.36749963937715,0.0291548299070616,12.0949322577738,1.04532256209985,1.81587313548351,0.346834655111386,23386.4053338011,1814.46965370781,14.1835274354624,3.09230187239,15.4846299262533,0.592153495903411,162.5,0,0,0,1224.66666666667,108.461370754149,1143.33333333333,114.225323380696,1220.33333333333,127.161001206817,6123.33333333333,542.306853770744,1220.33333333333,127.161001206817,NaN,NaN,0.198274966666667,0.0205667505592784,83.4146221666666,2.8946587751212,83.2163472,2.88677112543907,0.198274966666667,0.0205667505592784,1.26481726481727,45.3964898060723,1,0,0.137967794607517,0.0328296931172965,0.965646896367826,0.0384377064954162,530.666666666667,78.3324422571613,194.333333333333,42.6182283807456,0.355733301699229,0.0307447812382309,113110.099999997,3122.51453315137,52305.2999999985,1734.66246062657,113110.099999997,3122.51453315137,24919.9999999728,1658.60404016366,54334.4999999408,3733.77418644582,1,0,1,0,1,0,0,0,10.6666666666667,1.43421757658315,57.1666666666667,5.71126616903478,130.0178401,0,0
sf_cb,fixed_packet,45,45,5,812.5,0.591607978309962,0.661825303382485,self_stable,0.661825303382485,0.661825303382485,0,1,1,0,0,0,1,NaN,1,1797.33333333333,18.8095871778349,1727.66666666667,7.98538551144412,1727.66666666667,7.98538551144412,1727.66666666667,7.98538551144412,69.6666666666667,18.644828495581,0,0,0.961249058245709,0.00999969608752725,69.6666666666667,18.644828495581,44320.453914607,2624.64600793386,27218.4325464691,2099.69966622413,17102.0213681379,525.267565910253,44320.453914607,2624.64600793386,34240.5833333333,3518.37354377253,128451.15,4708.54462558802,177585.885,13809.1873163072,34240.5833333333,3518.37354377253,128451.15,4708.54462558802,177585.885,13809.1873163072,NaN,NaN,NaN,NaN,NaN,NaN,NaN,NaN,NaN,NaN,NaN,NaN,NaN,NaN,NaN,NaN,1797.33333333333,18.8095871778349,1727.66666666667,7.98538551144412,1809.66666666667,27.3631273932776,8986.66666666667,94.0479358891743,1809.66666666667,27.3631273932776,NaN,NaN,0.2940625,0.00420243493723692,0,0,0,0,0.2940625,0.00420243493723692,-0.132839290074539,0.63852933971314,1,0,3.44837487461218e+17,1.92677549141488e+16,0.9737358828873,0.0124221491475614,515.666666666667,110.880881131824,85.6666666666667,112.70249266033,0.240787952514454,0.0668386182995847,NaN,NaN,NaN,NaN,NaN,NaN,NaN,NaN,NaN,NaN,1,0,1,0,1,0,0,0,17,0,86.3833333333333,0.399269275572203,5.0201509,0,0
sb_cb,fixed_packet,45,45,5,812.5,0.3,0.3,self_stable,0.0007,0.31748021039364,0,1,1,0,0,0,1,NaN,1,1797.33333333333,18.8095871778349,1727.66666666667,7.98538551144412,1727.66666666667,7.98538551144412,1727.66666666667,7.98538551144412,69.6666666666667,18.644828495581,0,0,0.961249058245709,0.00999969608752725,69.6666666666667,18.644828495581,44243.3111360022,2553.1703338417,26828.5113485986,2038.34358622396,17414.7997874036,514.946875469536,44243.3111360022,2553.1703338417,34224.4166666667,3559.82060588488,128453.191666667,4797.3410877534,177689.658333333,14018.153663277,34224.4166666667,3559.82060588488,128453.191666667,4797.3410877534,177689.658333333,14018.153663277,0,0,8.64575256043451,1.45377839047557,0,0,17199.2151467897,529.39199384905,13.3686053188219,21.412815943132,31.0702827346184,0.28603510216559,162.5,0,0,0,1797.33333333333,18.8095871778349,1727.66666666667,7.98538551144412,1810.66666666667,23.0815474948677,8986.66666666667,94.0479358891743,1810.66666666667,23.0815474948677,NaN,NaN,0.294212333333333,0.00369813363665879,83.4889093333333,3.56572906747903,83.189822,3.57210067315467,0.299087333333333,0.0149160020114539,-3.49807653929614,32.5892934232713,1,0,0.0845065435171147,0.0211990771041171,0.973911354624177,0.0131771206524451,586,207.525881405167,148,192.628822474372,0.276877091870206,0.112999325630747,2339.33333333333,2864.0616684598,NaN,NaN,2339.33333333333,2864.0616684598,NaN,NaN,NaN,NaN,1,0,1,0,1,0,0,0,17,0,86.3833333333333,0.399269275572203,324.3804347,0,0
unslotted,fixed_packet,45,45,5,812.5,0.3,0.6,self_stable,0.6,0.625732474567597,0,1,1,0,0,0,1,NaN,1,1797.33333333333,18.8095871778349,1727.66666666667,7.98538551144412,1727.66666666667,7.98538551144412,1727.66666666667,7.98538551144412,69.6666666666667,18.644828495581,0,0,0.961249058245709,0.00999969608752725,69.6666666666667,18.644828495581,44331.4768690046,2066.73225101407,26905.5980414805,1623.38350383802,17425.8788275241,443.461797508297,44331.4768690046,2066.73225101407,34182.4708623552,3203.70342088694,128286.568656594,4899.27217508353,177581.625284938,13348.6134655459,34182.4708623552,3203.70342088694,128286.568656594,4899.27217508353,177581.625284938,13348.6134655459,0,0,0,0,9.51231445630643,12.1517967542844,17195.3431492974,504.726885406809,27.4530810358242,70.1384216431787,31.0702827346184,0.28603510216559,162.5,0,0,0,1797.33333333333,18.8095871778349,1727.66666666667,7.98538551144412,1810.66666666667,23.0815474948677,8986.66666666667,94.0479358891743,1810.66666666667,23.0815474948677,NaN,NaN,0.294188500799771,0.00368163563561098,83.6442893010315,3.04507491269506,83.3422466335651,3.04801933026358,0.302042667466438,0.0249683892653595,-1.73007933103839,38.3087520505285,1,0,0.0843554783992825,0.0202497341919894,0.973911354624177,0.0131771206524451,776.333333333333,721.710768278008,307.333333333333,745.250973998031,0.3690481162574,0.432650173315627,4959,9918.85027219496,NaN,NaN,4959,9918.85027219496,NaN,NaN,NaN,NaN,1,0,1,0,1,0,0,0,17,0,86.3833333333333,0.399269275572203,152.7097759,0,0
s7_clean,fixed_packet,45,45,5,812.5,0.625732474567597,0.625732474567597,self_stable,0.0004,0.9,0,1,1,0,0,0,1,NaN,1,1797.33333333333,18.8095871778349,1727.66666666667,7.98538551144412,1727.66666666667,7.98538551144412,1727.66666666667,7.98538551144412,69.6666666666667,18.644828495581,0,0,0.961249058245709,0.00999969608752725,69.6666666666667,18.644828495581,43959.7308212269,2695.63274383381,26926.2858248909,2162.57120283839,17033.4449963362,533.624271191995,43959.7308212269,2695.63274383381,33935.0666666666,3654.3182056894,128453.8,5127.76802038634,177349.943333333,14000.3812150959,33935.0666666666,3654.3182056894,128453.8,5127.76802038634,177349.943333333,14000.3812150959,4.35319010663582,0.032835693226949,6.93394698690369,0.459803464262387,1.07473147743668,0.258075287517771,16774.1207887937,533.915823302028,1.06233897153452,1.04091232618882,15.9462251081057,0.146802015511447,162.5,0,0,0,1797.33333333333,18.8095871778349,1727.66666666667,7.98538551144412,1810.33333333333,22.2650442113236,8986.66666666667,94.0479358891743,1810.33333333333,22.2650442113236,NaN,NaN,0.2941531,0.00369553769255491,83.0180365,3.85001564076952,82.7238834,3.84930729647547,0.2941531,0.00369553769255491,-2.51629451629453,33.222079493819,1,0,0.085220053584377,0.0214065659844584,0.974023588134057,0.0129392471061435,440,23.6971634495683,22,21.5132636487473,0.203939617261873,0.0135236313018349,676.4,680.722088705281,329.3,333.835946198666,676.4,680.722088705281,302.599999999608,313.446700985564,622.999999999185,654.361482471677,1,0,1,0,1,0,0,0,17,0,86.3833333333333,0.399269275572203,55.8917136,0,0
s7_busy,fixed_packet,45,45,5,812.5,0.421716332650875,0.421716332650875,self_stable,0.009,0.9,0,1,1,0,0,0,1,NaN,1,1797.33333333333,18.8095871778349,1727.66666666667,7.98538551144412,1727.66666666667,7.98538551144412,1727.66666666667,7.98538551144412,69.6666666666667,18.644828495581,0,0,0.961249058245709,0.00999969608752725,69.6666666666667,18.644828495581,44914.4880100961,2764.43396229854,27716.0610311872,2231.25842922491,17198.4269789091,534.81338482236,44914.4880100961,2764.43396229854,35027.6499999999,4167.60592836534,129264.933333333,6911.51245119982,177722.191666667,14336.2239484763,35027.6499999999,4167.60592836534,129264.933333333,6911.51245119982,177722.191666667,14336.2239484763,4.38957869276724,0.0400039779788924,13.2504232740656,2.39042972409429,4.65349390553838,0.781525108034544,16913.6771992903,532.310572809716,16.556283746514,5.96417995088857,15.9462251081057,0.146802015511447,162.5,0,0,0,1797.33333333333,18.8095871778349,1727.66666666667,7.98538551144412,1810.33333333333,24.8827449681701,8986.66666666667,94.0479358891743,1810.33333333333,24.8827449681701,NaN,NaN,0.294154833333333,0.0040083436341747,84.7515651666666,3.79124415902224,84.4574103333332,3.7912989388314,0.294154833333333,0.0040083436341747,-2.73223473223473,35.0566532590995,1,0,0.0844789328860896,0.0212530154590004,0.973762587674658,0.01318445494933,836,148.488279775776,343,124.430257127794,0.389718331590164,0.0703067565910086,120363.599999997,8889.72757945411,55491.4999999982,4534.68128883139,120363.599999997,8889.72757945411,27981.5999999697,3022.77051649056,61267.5999999336,6347.3895492272,1,0,1,0,1,0,0,0,17,0,86.3833333333333,0.399269275572203,162.0108124,0,0
sf_cb,fixed_packet,60,60,5,812.5,0.427965277573465,0.427965277573465,self_stable,0.003,0.524148278841779,0,1,1,0,0,0,1,NaN,1,2448,187.02109209629,2374.33333333333,219.313393736827,2374.33333333333,219.313393736827,2374.33333333333,219.313393736827,73.6666666666667,32.4209316509691,0,0,0.969780551667002,0.0154452006500224,73.6666666666667,32.4209316509691,33628.7849318033,3186.35179347857,20779.6088172911,2114.71008890127,12849.1761145123,1073.22777542641,33628.7849318033,3186.35179347857,26520.6666666667,3773.38608766654,96167.4666666667,7924.22345850722,131150.765,15628.3134127115,26520.6666666667,3773.38608766654,96167.4666666667,7924.22345850722,131150.765,15628.3134127115,0,0,0,0,28.7515566094266,30.4949552341118,12605.4542418896,1071.41926413256,21.0600032508032,25.0522588204791,31.4103127624363,0.378419124442156,162.5,0,0,0,2448,187.02109209629,2374.33333333333,219.313393736827,2440.33333333333,226.946521556783,12240,935.105460481448,2440.33333333333,226.946521556783,NaN,NaN,0.396579166666667,0.0367456988562922,0,0,0,0,0.396579166666667,0.0367456988562922,0.776447534140604,4.84384524733456,1,0,3.59255114651099e+17,2.15999923348543e+15,0.981003790141225,0.00591469090503952,913.333333333333,369.663842058371,307.333333333333,361.331756391046,0.322894252389166,0.153794058701773,NaN,NaN,NaN,NaN,NaN,NaN,NaN,NaN,NaN,NaN,1,0,1,0,1,0,0,0,23,2.48413771175033,118.716666666667,10.9656696868413,4.5155514,0,0
sb_cb,fixed_packet,60,60,5,812.5,0.026207413942089,0.0861773876012754,self_stable,0.0861773876012754,0.09,0,1,1,0,0,0,1,NaN,1,2448,187.02109209629,2374.33333333333,219.313393736827,2374.33333333333,219.313393736827,2374.33333333333,219.313393736827,73.6666666666667,32.4209316509691,0,0,0.969780551667002,0.0154452006500224,73.6666666666667,32.4209316509691,33730.66749173,2824.39602062594,20540.1668293341,1800.54470488804,13190.5006623959,1023.85238979866,33730.66749173,2824.39602062594,26622.3333333333,3246.71247422887,96390.7166666667,7861.4038371517,131696.756666667,16716.0458405256,26622.3333333333,3246.71247422887,96390.7166666667,7861.4038371517,131696.756666667,16716.0458405256,0,0,13.8164578700136,3.72559530078099,0,0,12974.1817148189,1037.05457311595,8.59217694457711,10.7713748363074,31.4103127624363,0.378419124442156,162.5,0,0,0,2448,187.02109209629,2374.33333333333,219.313393736827,2449,220.697147170576,12240,935.105460481448,2449,220.697147170576,NaN,NaN,0.397981333333333,0.0356188207146126,85.919985,0.557520304095865,85.5136078333333,0.57238926762255,0.406377166666667,0.0479049371172829,6.48015848015847,7.68293246889053,1,0,0.0686491179250471,0.0112253611358146,0.981792301156876,0.00502780261296478,699.666666666667,134.907966941021,103.666666666667,108.347520438565,0.236545627286397,0.0437122921571198,1585.33333333333,1080.79999717947,NaN,NaN,1585.33333333333,1080.79999717947,NaN,NaN,NaN,NaN,1,0,1,0,1,0,0,0,23,2.48413771175033,118.716666666667,10.9656696868413,904.1944739,0,0
unslotted,fixed_packet,60,60,5,812.5,0.03,0.0625732474567597,self_stable,0.0625732474567597,0.0625732474567597,0,1,1,0,0,0,1,NaN,1,2448,187.02109209629,2374.33333333333,219.313393736827,2374.33333333333,219.313393736827,2374.33333333333,219.313393736827,73.6666666666667,32.4209316509691,0,0,0.969780551667002,0.0154452006500224,73.6666666666667,32.4209316509691,33919.0103635776,3216.02437787762,20710.6664285334,2136.17063717073,13208.3439350443,1095.39076439145,33919.0103635776,3216.02437787762,26869.8056204146,3592.30788765237,96969.5925289873,9348.32396878451,131575.662579444,17148.2656347503,26869.8056204146,3592.30788765237,96969.5925289873,9348.32396878451,131575.662579444,17148.2656347503,0,0,0,0,125.744344897202,53.4603965505084,12867.7887031061,1088.70269448162,20.9005742785413,15.5283401659215,31.4103127624363,0.378419124442156,162.5,0,0,0,2448,187.02109209629,2374.33333333333,219.313393736827,2449,220.669184275668,12240,935.105460481448,2449,220.669184275668,NaN,NaN,0.398062155374842,0.035697941458691,86.3578906966847,1.23633501892103,85.9424952079765,1.26516035784755,0.415395488708175,0.0373949072315857,8.75602075602075,4.43293661512097,1,0,0.0682928777662824,0.010573388678367,0.981552815746227,0.0047815418416056,856.666666666667,130.537438277388,260,171.801067626505,0.30326493914581,0.0755052820538193,3625,2107.40069875859,NaN,NaN,3625,2107.40069875859,NaN,NaN,NaN,NaN,1,0,1,0,1,0,0,0,23,2.48413771175033,118.716666666667,10.9656696868413,163.8516085,0,0
s7_clean,fixed_packet,60,60,5,812.5,0.661825303382485,0.661825303382485,self_stable,0.0002,0.9,0,1,1,0,0,0,1,NaN,1,2448,187.02109209629,2374.33333333333,219.313393736827,2374.33333333333,219.313393736827,2374.33333333333,219.313393736827,73.6666666666667,32.4209316509691,0,0,0.969780551667002,0.0154452006500224,73.6666666666667,32.4209316509691,32847.7575060868,3087.08850519485,20136.0495466692,2033.38495606461,12711.7079594178,1053.81697114222,32847.7575060868,3087.08850519485,25748.3166666666,3202.49410221394,95728.8333333333,7868.26864397324,130601.75,15266.3007108409,25748.3166666666,3202.49410221394,95728.8333333333,7868.26864397324,130601.75,15266.3007108409,4.36682883419029,0.029121592303944,8.71053551118844,1.40646315806967,1.18018739004162,0.189531180618309,12446.3047154388,1056.31866754325,5.24569224365917,3.39110736813201,16.1207389808442,0.194216338329079,162.5,0,0,0,2448,187.02109209629,2374.33333333333,219.313393736827,2452.33333333333,214.217571854337,12240,935.105460481448,2452.33333333333,214.217571854337,NaN,NaN,0.398585233333333,0.0349004041856455,83.7641914999999,1.27707178618196,83.3656062666666,1.30419411740007,0.398585233333333,0.0349004041856455,7.1103671103671,9.94562207614977,1,0,0.0697664812313847,0.011350744302172,0.981283881132179,0.00390835755227524,739,106.644468844112,149.666666666667,100.025751670012,0.256192220917307,0.0413665634726372,4378.8,2493.20512069226,2055.9,1061.22363045974,4378.8,2493.20512069226,1940.19999999786,1262.52816104387,4147.39999999552,2885.26527571517,1,0,1,0,1,0,0,0,23,2.48413771175033,118.716666666667,10.9656696868413,108.1960786,0,0
s7_busy,fixed_packet,60,60,5,812.5,0.524148278841779,0.524148278841779,self_stable,0.005,0.8,0,1,1,0,0,0,1,NaN,1,2448,187.02109209629,2374.33333333333,219.313393736827,2374.33333333333,219.313393736827,2374.33333333333,219.313393736827,73.6666666666667,32.4209316509691,0,0,0.969780551667002,0.0154452006500224,73.6666666666667,32.4209316509691,34108.0749919373,2842.77898861911,21194.1598283474,1828.6040944191,12913.9151635903,1014.47538827597,34108.0749919373,2842.77898861911,27001.0666666666,3490.78476414502,96814.7916666666,8226.97602454921,130998.8,15235.5068121598,27001.0666666666,3490.78476414502,96814.7916666666,8226.97602454921,130998.8,15235.5068121598,4.41551399987253,0.0376603382150301,18.2906603775544,2.51187792930166,4.44334028224601,0.816984957641575,12612.1204739265,1022.92569657377,28.745175004098,5.97019337993359,16.1207389808442,0.194216338329079,162.5,0,0,0,2448,187.02109209629,2374.33333333333,219.313393736827,2453.66666666667,221.873041903803,12240,935.105460481448,2453.66666666667,221.873041903803,NaN,NaN,0.398747233333333,0.0360715615381314,86.8331048333333,1.06192013858274,86.4343576,1.06734880035636,0.398747233333333,0.0360715615381314,5.4999254999255,3.76282372248044,1,0,0.0681213210144596,0.0118957283927811,0.981724369131077,0.00567814662486786,1568.66666666667,237.626091884203,820,246.956274893759,0.537960599339836,0.0738787626265193,140228.399999996,1559.73024936027,63056.4999999973,138.069571834863,140228.399999996,1559.73024936027,34095.8999999641,3872.58028251949,77536.7999999181,9365.66492434185,1,0,1,0,1,0,0,0,23,2.48413771175033,118.716666666667,10.9656696868413,470.766629,0,0
sf_cb,fixed_packet,80,80,5,812.5,0.251984209978975,0.251984209978975,self_stable,0.003,0.251984209978975,0,1,1,0,0,0,1,NaN,1,3220,66.2384968242672,3146.33333333333,78.4111815388174,3146.33333333333,78.4111815388174,3146.33333333333,78.4111815388174,73.6666666666667,12.2539603459267,0,0,0.977112754047277,0.00425487689333428,73.6666666666667,12.2539603459267,27283.6096154727,835.67703900776,17231.5983392019,477.910220569229,10052.0112762708,372.234480223173,27283.6096154727,835.67703900776,21622.3333333333,1122.72209761623,73319.55,4057.76504894452,102901.46,12872.1687467165,21622.3333333333,1122.72209761623,73319.55,4057.76504894452,102901.46,12872.1687467165,0,0,0,0,74.5850746838652,29.6363873577679,9757.55608377647,332.839549127279,25.7092274528852,10.0031214738558,31.6608903575672,0.438343769041898,162.5,0,0,0,3220,66.2384968242672,3146.33333333333,78.4111815388174,3225.66666666667,33.3590499089259,16100,331.192484121336,3225.66666666667,33.3590499089259,NaN,NaN,0.524154166666667,0.0054078454634891,0,0,0,0,0.524154166666667,0.0054078454634891,0.341053769588431,1.62763460707277,1,0,3.86573950741328e+17,4.20994180107596e+15,0.988586204164692,0.00147570432431066,1456.33333333333,312.471874517807,497.333333333333,182.923193135519,0.353046878833553,0.0642551338663819,NaN,NaN,NaN,NaN,NaN,NaN,NaN,NaN,NaN,NaN,1,0,1,0,1,0,0,0,31,0,157.316666666667,3.92055907694088,10.4036318,0,0
sb_cb,fixed_packet,80,80,5,812.5,0.0135720880829745,0.027037093678005,self_stable,0.027037093678005,0.027037093678005,0,1,1,0,0,0,1,NaN,1,3220,66.2384968242672,3146.33333333333,78.4111815388174,3146.33333333333,78.4111815388174,3146.33333333333,78.4111815388174,73.6666666666667,12.2539603459267,0,0,0.977112754047277,0.00425487689333428,73.6666666666667,12.2539603459267,27988.5255612833,636.836234815458,17550.8309523773,872.300514500134,10437.694608906,287.783362249487,27988.5255612833,636.836234815458,22462.5833333333,473.440223951525,74641.325,4686.70101722078,103220.043333333,10816.29513929,22462.5833333333,473.440223951525,74641.325,4686.70101722078,103220.043333333,10816.29513929,0,0,28.1504183381864,5.83448228420107,0,0,10198.584154597,302.22502947923,16.7991456132457,11.3690639461378,31.6608903575672,0.438343769041898,162.5,0,0,0,3220,66.2384968242672,3146.33333333333,78.4111815388174,3233.33333333333,61.0680345459459,16100,331.192484121336,3233.33333333333,61.0680345459459,NaN,NaN,0.525402,0.00997139893892241,93.7666966666667,4.32226304518249,93.2174613333333,4.29248049000373,0.549235333333333,0.0297827489456918,-1.91563236955988,8.76325335602549,1,0,0.0607815285089538,0.0164369527120807,0.989791182569079,0.00336071357696313,1123,372.430157509058,259.333333333333,170.418606450415,0.277120592902931,0.0495591645457199,4611,4287.28759260554,NaN,NaN,4611,4287.28759260554,NaN,NaN,NaN,NaN,1,0,1,0,1,0,0,0,31,0,157.316666666667,3.92055907694088,1154.5286245,0,0
unslotted,fixed_packet,80,80,5,812.5,0.00761166261102025,0.0117446029235066,self_stable,0.0117446029235066,0.0117446029235066,0,1,1,0,0,0,1,NaN,1,3220,66.2384968242672,3146.33333333333,78.4111815388174,3146.33333333333,78.4111815388174,3146.33333333333,78.4111815388174,73.6666666666667,12.2539603459267,0,0,0.977112754047277,0.00425487689333428,73.6666666666667,12.2539603459267,29128.2443614056,2005.02362292013,18548.7553040173,1540.28423815352,10579.4890573883,464.842832705954,29128.2443614056,2005.02362292013,23637.1671667119,2663.45830545052,75976.0376896553,3641.76228445541,105254.544090287,6913.7390523343,23637.1671667119,2663.45830545052,75976.0376896553,3641.76228445541,105254.544090287,6913.7390523343,0,0,0,0,930.903139994605,306.056914430568,9440.9859343998,146.067282690436,13.4390926363416,12.9148092417412,31.6608903575672,0.438343769041898,162.5,0,0,0,3220,66.2384968242672,3146.33333333333,78.4111815388174,3228.33333333333,50.0128758350062,16100,331.192484121336,3228.33333333333,50.0128758350062,NaN,NaN,0.524650580986588,0.00805543581233116,97.2848315809501,4.45695894145509,96.7436601666302,4.44349401695378,0.541171414319921,0.0135716909568977,-2.78411078411079,51.3802441569625,1,0,0.0581019305852591,0.0149489175399633,0.988859702591254,0.00219505044224945,1049.66666666667,160.728381238699,237.666666666667,172.827681253344,0.270476819906265,0.0589877275326136,3707.16666666667,2100.72047198681,NaN,NaN,3707.16666666667,2100.72047198681,NaN,NaN,NaN,NaN,1,0,1,0,1,0,0,0,31,0,157.316666666667,3.92055907694088,119.08594,0,0
s7_clean,fixed_packet,80,80,5,812.5,0.421716332650875,0.421716332650875,self_stable,0.0005,0.9,0,1,1,0,0,0,1,NaN,1,3220,66.2384968242672,3146.33333333333,78.4111815388174,3146.33333333333,78.4111815388174,3146.33333333333,78.4111815388174,73.6666666666667,12.2539603459267,0,0,0.977112754047277,0.00425487689333428,73.6666666666667,12.2539603459267,25330.7731485319,495.646796767764,15541.7985625563,189.825832869834,9788.97458597582,350.502005062933,25330.7731485319,495.646796767764,19710.9833333333,822.093918364808,71277.475,4377.78459278234,99922.6016666665,11830.1541171867,19710.9833333333,822.093918364808,71277.475,4377.78459278234,99922.6016666665,11830.1541171867,4.40188209972041,0.017451559429783,8.24269108899195,0.45108017781322,3.15204554431794,0.334814679980564,9523.30847397844,349.633395715373,3.96949326437029,0.977827612169029,16.2493431127452,0.224971509772894,162.5,0,0,0,3220,66.2384968242672,3146.33333333333,78.4111815388174,3229.66666666667,50.6869617472589,16100,331.192484121336,3229.66666666667,50.6869617472589,NaN,NaN,0.524893533333333,0.0082655140062848,84.9783576666666,0.674136466813842,84.4534641333332,0.672689301764988,0.524893533333333,0.0082655140062848,4.45460845460845,22.9402118828871,1,0,0.0621631682773412,0.012942817064502,0.988898343519582,0.000711673637521654,964.666666666667,89.6472034288916,149.666666666667,33.9094655199968,0.242432090852704,0.01326706405333,5544.69999999999,1869.34010336569,2581,791.298312252939,5544.69999999999,1869.34010336569,2118.19999999788,579.48746098307,4521.19999999555,1646.62519967633,1,0,1,0,1,0,0,0,31,0,157.316666666667,3.92055907694088,69.7566559,0,0
s7_busy,fixed_packet,80,80,5,812.5,0.31748021039364,0.31748021039364,self_stable,0.02,0.356359487256136,0,1,1,0,0,0,1,NaN,1,3220,66.2384968242672,3146.33333333333,78.4111815388174,3146.33333333333,78.4111815388174,3146.33333333333,78.4111815388174,73.6666666666667,12.2539603459267,0,0,0.977112754047277,0.00425487689333428,73.6666666666667,12.2539603459267,28180.8962406676,1185.37856660764,18038.5919081197,771.006960215989,10142.3043325484,431.317558790334,28180.8962406676,1185.37856660764,22672.9833333333,1851.31647670983,74341.8499999999,5297.02690836959,103178.861666667,9704.67557863628,22672.9833333333,1851.31647670983,74341.8499999999,5297.02690836959,103178.861666667,9704.67557863628,4.5213853019708,0.0582645451082659,22.6883491475376,7.9253472852156,12.9055353707647,4.80544879669265,9816.88521999071,400.602257182242,39.4038427373911,19.2312502702804,16.2493431127452,0.224971509772894,162.5,0,0,0,3220,66.2384968242672,3146.33333333333,78.4111815388174,3232.33333333333,60.1517075420799,16100,331.192484121336,3232.33333333333,60.1517075420799,NaN,NaN,0.525281033333333,0.00973252350196477,94.2889891666666,1.61492924921463,93.7637081333333,1.61752921429437,0.525281033333333,0.00973252350196477,-0.759416759416762,43.3245688059766,1,0,0.0597238546640379,0.0147135851105336,0.989324440688265,0.00176809324378606,2701.66666666667,317.681621337484,1485.33333333333,699.902585814361,0.667304386692282,0.233098449565165,170826.599999994,9133.56769142609,73736.4999999962,3028.10211298507,170826.599999994,9133.56769142609,43093.7999999553,3979.58861422041,102794.999999895,13350.5823667731,1,0,1,0,1,0,0,0,31,0,157.316666666667,3.92055907694088,275.1088915,0,0
sf_cb,fixed_packet,90,90,5,812.5,0.173205080756888,0.249804953296681,self_stable,0.004,0.249804953296681,0,1,1,0,0,0,1,NaN,1,3577.66666666667,166.684221297727,3496.66666666667,153.461280694397,3496.66666666667,153.461280694397,3496.66666666667,153.461280694397,81,30.5255952572913,0,0,0.977376081975251,0.00813234899101658,81,30.5255952572913,26895.0699030522,1391.26997271253,17493.0661118484,788.921676198241,9402.00379120384,608.323181702949,26895.0699030522,1391.26997271253,22058.3333333333,464.650527316619,69652.3916666666,7281.41384536845,94231.5716666666,16731.02635664,22058.3333333333,464.650527316619,69652.3916666666,7281.41384536845,94231.5716666666,16731.02635664,0,0,0,0,140.787066736913,28.1805553183618,9038.15218908139,591.946457181712,28.8084416187378,9.48427418282775,31.7560937668032,0.137018785633385,162.5,0,0,0,3577.66666666667,166.684221297727,3496.66666666667,153.461280694397,3577,198.622306181407,17888.3333333333,833.421106488635,3577,198.622306181407,NaN,NaN,0.581245833333333,0.0325445792359103,0,0,0,0,0.581245833333333,0.0325445792359103,1.83828129783184,15.632269124784,1,0,4.23428581080562e+17,3.56058126167549e+15,0.987304798717081,0.00468420205481632,1631,249.566221963829,619.333333333333,188.603701250416,0.372704833141791,0.058694001595476,NaN,NaN,NaN,NaN,NaN,NaN,NaN,NaN,NaN,NaN,1,0,1,0,1,0,0,0,34.3333333333333,1.43421757658315,174.833333333333,7.67306403471986,4.3701726,0,0
sb_cb,fixed_packet,90,90,5,812.5,0.005,0.009,self_stable,0.0008,0.00928317766722556,0,1,1,0,0,0,1,NaN,1,3577.66666666667,166.684221297727,3496.66666666667,153.461280694397,3496.66666666667,153.461280694397,3496.66666666667,153.461280694397,81,30.5255952572913,0,0,0.977376081975251,0.00813234899101658,81,30.5255952572913,35873.1810248211,12119.6596307241,25638.8519267546,12265.4213453677,10234.3290980665,330.473539219536,35873.1810248211,12119.6596307241,30916.3333333333,11273.6317496276,84821.4416666666,25472.4199261052,116944.395,31765.829122774,30916.3333333333,11273.6317496276,84821.4416666666,25472.4199261052,116944.395,31765.829122774,0,0,98.8096920052785,86.3156158872072,0,0,9914.1776655064,386.445602535919,27.0856467879973,31.3819906638155,31.7560937668032,0.137018785633385,162.5,0,0,0,3577.66666666667,166.684221297727,3496.66666666667,153.461280694397,3559.33333333333,194.340450823319,17888.3333333333,833.421106488635,3559.33333333333,194.340450823319,NaN,NaN,0.578298333333333,0.0315510199319295,130.881060666667,48.8504855313211,130.2651165,48.7782408614367,0.615944166666667,0.0722836621725708,69.969973969974,214.330525215228,1,0,0.0404637392563171,0.0237190002061954,0.98668746461794,0.000436066403489287,1428.33333333333,593.289545104651,509,581.908927582315,0.340265477935,0.159545236906124,7424,6859.70554176038,NaN,NaN,7424,6859.70554176038,NaN,NaN,NaN,NaN,1,0,1,0,1,0,0,0,34.3333333333333,1.43421757658315,174.833333333333,7.67306403471986,1183.5440855,0,0
unslotted,fixed_packet,90,90,5,812.5,0.00427965277573465,0.00692820323027551,self_stable,0.001,0.00726848237132856,0,1,1,0,0,0,1,NaN,1,3577.66666666667,166.684221297727,3496.66666666667,153.461280694397,3496.66666666667,153.461280694397,3496.66666666667,153.461280694397,81,30.5255952572913,0,0,0.977376081975251,0.00813234899101658,81,30.5255952572913,33963.1570323984,3862.8217184277,23806.4752340884,3289.58699689418,10156.6817983101,633.41413254212,33963.1570323984,3862.8217184277,29821.7932758335,3250.82240570713,80960.0297484912,12362.1441265339,108433.75639926,16396.1655817963,29821.7932758335,3250.82240570713,80960.0297484912,12362.1441265339,108433.75639926,16396.1655817963,0,0,0,0,3845.24529236802,636.302905569203,6095.58346872663,323.641732022284,21.5969434486276,21.2582179436859,31.7560937668032,0.137018785633385,162.5,0,0,0,3577.66666666667,166.684221297727,3496.66666666667,153.461280694397,3577.66666666667,220.380026602585,17888.3333333333,833.421106488635,3577.66666666667,220.380026602585,NaN,NaN,0.581373735118261,0.0354750193581381,124.239073263249,8.24348266840602,123.627366194797,8.2305796812825,0.611707068451594,0.0264256206072655,45.8409698409698,255.115741579321,1,0,0.044653579304031,0.0155127429270891,0.986763922187823,0.00405714345012748,1341.66666666667,299.7926443888,416.333333333333,293.131758634625,0.314880195032498,0.087401317339446,6307.5,3803.30914675785,NaN,NaN,6307.5,3803.30914675785,NaN,NaN,NaN,NaN,1,0,1,0,1,0,0,0,34.3333333333333,1.43421757658315,174.833333333333,7.67306403471986,141.7724429,0,0
s7_clean,fixed_packet,90,90,5,812.5,0.282842712474619,0.282842712474619,self_stable,0.0008,0.8,0,1,1,0,0,0,1,NaN,1,3577.66666666667,166.684221297727,3496.66666666667,153.461280694397,3496.66666666667,153.461280694397,3496.66666666667,153.461280694397,81,30.5255952572913,0,0,0.977376081975251,0.00813234899101658,81,30.5255952572913,23453.7155627148,1823.42659852706,14464.231233062,1195.95883655005,8989.48432965301,657.78379873314,23453.7155627148,1823.42659852706,18195.3999999999,690.345624449462,65777.1666666666,7055.75869001211,89973.8883333331,18135.8976610912,18195.3999999999,690.345624449462,65777.1666666666,7055.75869001211,89973.8883333331,18135.8976610912,4.43029941475149,0.0297194423158708,8.63756462681107,0.759902505504303,5.83270269421083,0.649762730044119,8719.79452941143,654.841045129987,4.88923350582986,1.86490113410401,16.2982044317008,0.0703222567496878,162.5,0,0,0,3577.66666666667,166.684221297727,3496.66666666667,153.461280694397,3569.33333333333,201.603246367386,17888.3333333333,833.421106488635,3569.33333333333,201.603246367386,NaN,NaN,0.579969466666667,0.0325744353273773,86.5353653333332,2.60727521288987,85.9553958666666,2.63112176726182,0.579969466666667,0.0325744353273773,6.04267004267004,24.2717541612244,1,0,0.0526514147262295,0.0131545216877681,0.987609714794667,0.00365903761586493,1099,48.8687409921091,204.666666666667,70.888661146916,0.25404601843562,0.022350073691303,6888.59999999999,1067.42362652395,3150.59999999999,303.946100991098,6888.59999999999,1067.42362652395,2669.99999999728,289.110410103193,5865.09999999394,1296.90454089526,1,0,1,0,1,0,0,0,34.3333333333333,1.43421757658315,174.833333333333,7.67306403471986,78.6156209,0,0
s7_busy,fixed_packet,90,90,5,812.5,0.144224957030741,0.4,self_stable,0.4,0.4,0,1,1,0,0,0,1,NaN,1,3577.66666666667,166.684221297727,3496.66666666667,153.461280694397,3496.66666666667,153.461280694397,3496.66666666667,153.461280694397,81,30.5255952572913,0,0,0.977376081975251,0.00813234899101658,81,30.5255952572913,31284.2719491887,658.148046961092,21547.194308646,1068.18139208795,9737.07764054322,661.39933100677,31284.2719491887,658.148046961092,26597.3166666666,1428.32171491458,76058.2583333333,7559.30155922452,102437.15,9935.51213104316,26597.3166666666,1428.32171491458,76058.2583333333,7559.30155922452,102437.15,9935.51213104316,4.67889879827718,0.083590705141532,27.1436233836009,3.39674949463266,42.8875867611295,4.1863690161843,9366.1840245557,674.575509399241,50.2835070445438,8.27151641170118,16.2982044317008,0.0703222567496878,162.5,0,0,0,3577.66666666667,166.684221297727,3496.66666666667,153.461280694397,3556.33333333333,247.422277646503,17888.3333333333,833.421106488635,3556.33333333333,247.422277646503,NaN,NaN,0.577880166666667,0.0405875767071404,114.288590166667,8.35400686406544,113.71071,8.3146429768888,0.577880166666667,0.0405875767071404,32.4353964353965,229.477916489263,1,0,0.0426755067960206,0.0216196068233095,0.986896415543057,0.00228571651227518,3320.66666666667,766.570176016413,2109.66666666667,433.240548909463,0.798341864223556,0.0999043969009605,187549.699999994,24982.3175198372,79494.7999999956,8690.87783911052,187549.699999994,24982.3175198372,48691.8999999466,6256.28983409827,119687.199999868,17618.6811469441,1,0,1,0,1,0,0,0,34.3333333333333,1.43421757658315,174.833333333333,7.67306403471986,440.4473572,0,0
sf_cb,fixed_packet,95,95,5,812.5,0.1200936955176,0.2,self_stable,0.004,0.2,0,1,1,0,0,0,1,NaN,1,3800.33333333333,181.636733988208,3717.33333333333,187.42211297776,3717.33333333333,187.42211297776,3717.33333333333,187.42211297776,83,6.57241060772843,0,0,0.978146466278627,0.00272092009372689,83,6.57241060772843,34959.6733388005,30442.6047175474,25363.3634456847,28697.1821685338,9596.30989311583,1774.08205637498,34959.6733388005,30442.6047175474,25796.0833333333,12930.5565912262,107729.6,160722.884895876,145894.27,209950.093376461,25796.0833333333,12930.5565912262,107729.6,160722.884895876,145894.27,209950.093376461,0,0,0,0,659.240754962697,2021.60235195624,8652.95792217296,668.651809839389,89.8031819660098,277.466276570014,31.8080340141643,0.235552875658202,162.5,0,0,0,3800.33333333333,181.636733988208,3717.33333333333,187.42211297776,3687.66666666667,385.500503471316,19001.6666666667,908.183669941041,3687.66666666667,385.500503471316,NaN,NaN,0.599229166666667,0.0629116790418494,0,0,0,0,0.599229166666667,0.0629116790418494,20.071118159038,94.8138620160905,1,0,5.87289153954878e+17,5.35746220024331e+17,0.989961345666288,0.00323943899992766,3115.66666666667,6497.74944119652,2080,6476.78064351985,0.748376713724148,1.70858296120092,NaN,NaN,NaN,NaN,NaN,NaN,NaN,NaN,NaN,NaN,1,0,1,0,1,0,0,0,36.6666666666667,1.43421757658315,185.866666666667,9.37110564888802,4.5399358,0,0
sb_cb,fixed_packet,95,95,5,812.5,0.00387298334620742,0.00625732474567597,self_stable,0.006,0.00625732474567597,0,1,1,0,0,0,1,NaN,1,3800.33333333333,181.636733988208,3717.33333333333,187.42211297776,3717.33333333333,187.42211297776,3717.33333333333,187.42211297776,83,6.57241060772843,0,0,0.978146466278627,0.00272092009372689,83,6.57241060772843,44959.0729482007,15903.4898503551,34798.0454894746,15685.0471395679,10161.0274587262,353.88899766311,44959.0729482007,15903.4898503551,39068.25,11712.0625248732,104402.875,46396.1991565927,140581.251666667,67156.1090645239,39068.25,11712.0625248732,104402.875,46396.1991565927,140581.251666667,67156.1090645239,0,0,158.946978903122,95.6795030279553,0,0,9771.71078006657,300.497992356019,36.0616657422877,31.3973853400708,31.8080340141643,0.235552875658202,162.5,0,0,0,3800.33333333333,181.636733988208,3717.33333333333,187.42211297776,3726.33333333333,126.601692737453,19001.6666666667,908.183669941041,3726.33333333333,126.601692737453,NaN,NaN,0.605548166666667,0.0205303764547369,170.658306333333,58.6765952853995,170.0034665,58.6307042948445,0.654839833333333,0.0469610503844042,95.4825074825075,246.382908627709,1,0,0.020988430535051,0.0469176849667724,0.987423805893613,0.00580794772805692,1697.33333333333,506.69305486838,705.333333333333,517.663147136372,0.384976387115492,0.134664790990488,10150,6067.09774849092,NaN,NaN,10150,6067.09774849092,NaN,NaN,NaN,NaN,1,0,1,0,1,0,0,0,36.6666666666667,1.43421757658315,185.866666666667,9.37110564888802,1230.6471584,0,0
unslotted,fixed_packet,95,95,5,812.5,0.00282842712474619,0.00282842712474619,self_stable,0.002,0.00356359487256136,0,1,1,0,0,0,1,NaN,0.666666666666667,3800.33333333333,181.636733988208,3717.33333333333,187.42211297776,3717.33333333333,187.42211297776,3717.33333333333,187.42211297776,83,6.57241060772843,0,0,0.978146466278627,0.00272092009372689,83,6.57241060772843,NaN,NaN,NaN,NaN,NaN,NaN,63566.0066371475,48659.5676501555,NaN,NaN,NaN,NaN,NaN,NaN,51822.3942346325,26667.5288985034,157942.283749891,169735.72010921,230533.941353094,317266.915966791,NaN,NaN,NaN,NaN,NaN,NaN,NaN,NaN,NaN,NaN,NaN,NaN,NaN,NaN,NaN,NaN,3800.33333333333,181.636733988208,3717.33333333333,187.42211297776,3648,271.351539740717,19001.6666666667,908.183669941041,3648,271.351539740717,NaN,NaN,0.59278503851865,0.0439990372828488,235.382587212122,159.829501301215,234.746044721363,159.827836572788,0.636542490759427,0.0197295714243705,158.27747027747,673.481137141381,1,0,NaN,NaN,0.986389673876672,0.00474380024999325,1557.66666666667,569.481910795809,594.666666666667,570.445504911796,0.35498212168996,0.147200965597839,8265,6421.56841846222,NaN,NaN,8265,6421.56841846222,NaN,NaN,NaN,NaN,1,0,1,0,0.666666666666667,1.43421757658315,0,0,36.6666666666667,1.43421757658315,185.866666666667,9.37110564888802,240.8977438,0,0
s7_clean,fixed_packet,95,95,5,812.5,0.3,0.3,self_stable,0.0008,0.8,0,1,1,0,0,0,1,NaN,1,3800.33333333333,181.636733988208,3717.33333333333,187.42211297776,3717.33333333333,187.42211297776,3717.33333333333,187.42211297776,83,6.57241060772843,0,0,0.978146466278627,0.00272092009372689,83,6.57241060772843,22527.9126453332,1230.90450330172,13947.3999866982,742.344826200462,8580.51265863532,511.818078643561,22527.9126453332,1230.90450330172,17259.9833333332,1667.41259728565,63381.0666666666,3751.15565068514,87545.6466666666,12656.0639737471,17259.9833333332,1667.41259728565,63381.0666666666,3751.15565068514,87545.6466666666,12656.0639737471,4.42642522448702,0.00964490663926886,8.79195001055614,1.2986624265065,5.417089558812,0.833392895407148,8310.73591940393,516.669590216913,5.24127443755614,3.06826301517547,16.324861764808,0.120892983568573,162.5,0,0,0,3800.33333333333,181.636733988208,3717.33333333333,187.42211297776,3807.33333333333,207.620023297547,19001.6666666667,908.183669941041,3807.33333333333,207.620023297547,NaN,NaN,0.618638833333333,0.0338512461660256,88.4016488333332,1.28658109159396,87.7830099999999,1.28125177581968,0.618638833333333,0.0338512461660256,-0.234012234012239,10.8168770952688,1,0,0.052960054649711,0.00495022597375059,0.990492092916227,0.00385279078545563,1169.33333333333,225.992826954215,234.333333333333,147.891409303816,0.258586765016357,0.0381959537207795,7280.19999999999,5027.41277785843,3373.09999999999,2065.01639007587,7280.19999999999,5027.41277785843,2928.09999999623,1593.67678285016,6336.79999999176,3948.70062840463,1,0,1,0,1,0,0,0,36.6666666666667,1.43421757658315,185.866666666667,9.37110564888802,143.4230747,0,0
s7_busy,fixed_packet,95,95,5,812.5,0.0928317766722556,0.173205080756888,self_stable,0.0559344471040699,0.173205080756888,0,1,1,0,0,0,1,NaN,1,3800.33333333333,181.636733988208,3717.33333333333,187.42211297776,3717.33333333333,187.42211297776,3717.33333333333,187.42211297776,83,6.57241060772843,0,0,0.978146466278627,0.00272092009372689,83,6.57241060772843,42376.0905854617,11531.2598464314,32692.1179517077,11329.2591455173,9683.97263375428,310.217078159593,42376.0905854617,11531.2598464314,36826.8166666667,9751.18152496589,98222.1999999999,26527.7462070651,133839.88,40372.9185219894,36826.8166666667,9751.18152496589,98222.1999999999,26527.7462070651,133839.88,40372.9185219894,4.84791454748208,0.0843627809726904,36.104523512354,23.3755503092771,93.0065747570177,62.1207402796611,9231.87621032197,230.710868145423,72.2374106154955,57.263699757253,16.324861764808,0.120892983568573,162.5,0,0,0,3800.33333333333,181.636733988208,3717.33333333333,187.42211297776,3745.66666666667,169.018753490076,19001.6666666667,908.183669941041,3745.66666666667,169.018753490076,NaN,NaN,0.608751066666667,0.0273295125423058,162.312947,41.8069769562829,161.704195933333,41.8160471797519,0.608751066666667,0.0273295125423058,82.6047506047506,268.939528965802,1,0,0.0298456712747122,0.0489283390638059,0.989672468704531,0.00448789440753071,4615.33333333333,2371.63260992659,3228.66666666667,2638.68790345729,1.06189775036335,0.687516185566974,225890.899999993,66489.5831934406,92017.0999999942,19207.4804651441,225890.899999993,66489.5831934406,59460.8999999356,22075.3607087448,153320.299999831,72164.192414062,1,0,1,0,1,0,0,0,36.6666666666667,1.43421757658315,185.866666666667,9.37110564888802,654.1623961,0,0
sf_cb,fixed_packet,100,100,5,812.5,0.0726848237132856,0.0726848237132856,self_stable,0.004,0.1,0,1,1,0,0,0,1,NaN,1,4033,25.9351591210171,3957.66666666667,26.5620812351773,3957.66666666667,26.5620812351773,3957.66666666667,26.5620812351773,75.3333333333333,22.9474812253305,0,0,0.981322330129051,0.00563739715923762,75.3333333333333,22.9474812253305,37918.7565757328,5979.31954054767,28879.7726772563,5863.00970011035,9038.98389847647,123.723240078557,37918.7565757328,5979.31954054767,33251.25,5495.32422779491,86851.7083333333,11931.972226718,116740.305,21340.3532102061,33251.25,5495.32422779491,86851.7083333333,11931.972226718,116740.305,21340.3532102061,0,0,0,0,622.464189524493,224.951041179726,8175.23042097328,174.170296243157,46.9955280450689,17.4613759061482,31.7937599336262,0.0244962362877919,162.5,0,0,0,4033,25.9351591210171,3957.66666666667,26.5620812351773,3988,109.217339971395,20165,129.675795605086,3988,109.217339971395,NaN,NaN,0.648,0.0178331795913574,0,0,0,0,0.648,0.0178331795913574,9.47762041460224,19.8169549289965,1,0,6.75911081247266e+17,1.09991603621832e+17,0.988419187911873,0.00270946658446361,2279.33333333333,368.367833013226,1144.66666666667,427.274093524462,0.48485715679197,0.107561288666764,NaN,NaN,NaN,NaN,NaN,NaN,NaN,NaN,NaN,NaN,1,0,1,0,1,0,0,0,39,0,197.883333333333,1.32810406175884,7.4562924,0,0
sb_cb,fixed_packet,100,100,5,812.5,NaN,NaN,no_stable_q,NaN,NaN,0,1,1,0,0,0,0,NaN,0,NaN,NaN,NaN,NaN,NaN,NaN,NaN,NaN,NaN,NaN,NaN,NaN,NaN,NaN,NaN,NaN,NaN,NaN,NaN,NaN,NaN,NaN,NaN,NaN,NaN,NaN,NaN,NaN,NaN,NaN,NaN,NaN,NaN,NaN,NaN,NaN,NaN,NaN,NaN,NaN,NaN,NaN,NaN,NaN,NaN,NaN,NaN,NaN,NaN,NaN,NaN,NaN,NaN,NaN,NaN,NaN,NaN,NaN,NaN,NaN,NaN,NaN,NaN,NaN,NaN,NaN,NaN,NaN,NaN,NaN,NaN,NaN,NaN,NaN,NaN,NaN,NaN,NaN,NaN,NaN,NaN,NaN,NaN,NaN,NaN,NaN,NaN,NaN,NaN,NaN,NaN,NaN,NaN,NaN,NaN,NaN,NaN,NaN,NaN,NaN,NaN,NaN,NaN,NaN,NaN,NaN,NaN,NaN,2197.6327071,1,0
unslotted,fixed_packet,100,100,5,812.5,NaN,NaN,no_stable_q,NaN,NaN,0,1,1,0,0,0,0,NaN,0,NaN,NaN,NaN,NaN,NaN,NaN,NaN,NaN,NaN,NaN,NaN,NaN,NaN,NaN,NaN,NaN,NaN,NaN,NaN,NaN,NaN,NaN,NaN,NaN,NaN,NaN,NaN,NaN,NaN,NaN,NaN,NaN,NaN,NaN,NaN,NaN,NaN,NaN,NaN,NaN,NaN,NaN,NaN,NaN,NaN,NaN,NaN,NaN,NaN,NaN,NaN,NaN,NaN,NaN,NaN,NaN,NaN,NaN,NaN,NaN,NaN,NaN,NaN,NaN,NaN,NaN,NaN,NaN,NaN,NaN,NaN,NaN,NaN,NaN,NaN,NaN,NaN,NaN,NaN,NaN,NaN,NaN,NaN,NaN,NaN,NaN,NaN,NaN,NaN,NaN,NaN,NaN,NaN,NaN,NaN,NaN,NaN,NaN,NaN,NaN,NaN,NaN,NaN,NaN,NaN,NaN,NaN,NaN,223.6824364,0,0
s7_clean,fixed_packet,100,100,5,812.5,0.249804953296681,0.249804953296681,self_stable,0.002,0.4,0,1,1,0,0,0,1,NaN,1,4033,25.9351591210171,3957.66666666667,26.5620812351773,3957.66666666667,26.5620812351773,3957.66666666667,26.5620812351773,75.3333333333333,22.9474812253305,0,0,0.981322330129051,0.00563739715923762,75.3333333333333,22.9474812253305,21292.4128117087,772.060074212505,13235.5268340458,586.99175457981,8056.88597766323,260.599942691148,21292.4128117087,772.060074212505,16643.5666666666,1085.08370296964,60057.7083333332,1400.98564073983,81663.8633333332,7563.34169374451,16643.5666666666,1085.08370296964,60057.7083333332,1400.98564073983,81663.8633333332,7563.34169374451,4.44964448307175,0.0202645208727506,8.67729013241595,0.94576095221545,6.92592748976309,0.895054292123323,7785.96576915949,263.022301081941,4.96734639851159,2.33163140071715,16.3175358674734,0.0125722221932426,162.5,0,0,0,4033,25.9351591210171,3957.66666666667,26.5620812351773,4042.66666666667,14.5557186654918,20165,129.675795605086,4042.66666666667,14.5557186654918,NaN,NaN,0.657008366666667,0.00226092324177206,88.9582828333332,2.94215076954564,88.3012744666665,2.94006420519454,0.657008366666667,0.00226092324177206,0.766648766648767,13.9484320688055,1,0,0.0527209449372182,0.0158150150593239,0.988862443479991,0.00248989859105342,1243.33333333333,88.9214897481555,235.666666666667,109.593369109205,0.255214415659293,0.0278164985945721,7734.09999999999,2474.90503697642,3595.59999999999,1090.52776942975,7734.09999999999,2474.90503697642,2963.69999999658,1215.78440396361,6399.09999999257,2768.55115186674,1,0,1,0,1,0,0,0,39,0,197.883333333333,1.32810406175884,135.639744,0,0
s7_busy,fixed_packet,100,100,5,812.5,NaN,NaN,no_stable_q,NaN,NaN,0,1,1,0,0,0,0,NaN,0,NaN,NaN,NaN,NaN,NaN,NaN,NaN,NaN,NaN,NaN,NaN,NaN,NaN,NaN,NaN,NaN,NaN,NaN,NaN,NaN,NaN,NaN,NaN,NaN,NaN,NaN,NaN,NaN,NaN,NaN,NaN,NaN,NaN,NaN,NaN,NaN,NaN,NaN,NaN,NaN,NaN,NaN,NaN,NaN,NaN,NaN,NaN,NaN,NaN,NaN,NaN,NaN,NaN,NaN,NaN,NaN,NaN,NaN,NaN,NaN,NaN,NaN,NaN,NaN,NaN,NaN,NaN,NaN,NaN,NaN,NaN,NaN,NaN,NaN,NaN,NaN,NaN,NaN,NaN,NaN,NaN,NaN,NaN,NaN,NaN,NaN,NaN,NaN,NaN,NaN,NaN,NaN,NaN,NaN,NaN,NaN,NaN,NaN,NaN,NaN,NaN,NaN,NaN,NaN,NaN,NaN,NaN,NaN,213.1784772,0,0
