protocol,load_mode,lambda_base,lambda_effective,M,Tp_us,best_q,stable_fraction,n_arrived,n_arrived_ci95,n_completed,n_completed_ci95,n_censored,n_censored_ci95,final_backlog,final_backlog_ci95,mean_delay_us,mean_delay_us_ci95,mean_queue_delay_us,mean_queue_delay_us_ci95,mean_access_delay_us,mean_access_delay_us_ci95,conditional_mean_delay_us,conditional_mean_delay_us_ci95,p50_delay_us,p50_delay_us_ci95,p95_delay_us,p95_delay_us_ci95,p99_delay_us,p99_delay_us_ci95,conditional_p50_delay_us,conditional_p50_delay_us_ci95,conditional_p95_delay_us,conditional_p95_delay_us_ci95,conditional_p99_delay_us,conditional_p99_delay_us_ci95,mean_boundary_wait_us,mean_boundary_wait_us_ci95,mean_difs_wait_us,mean_difs_wait_us_ci95,mean_probability_wait_us,mean_probability_wait_us_ci95,mean_busy_nav_wait_us,mean_busy_nav_wait_us_ci95,mean_collision_delay_us,mean_collision_delay_us_ci95,mean_control_delay_us,mean_control_delay_us_ci95,mean_data_delay_us,mean_data_delay_us_ci95,mean_other_access_delay_us,mean_other_access_delay_us_ci95,arrival_rate_pkt_s,arrival_rate_pkt_s_ci95,goodput_pkt_s,goodput_pkt_s_ci95,normalized_offered_units_s,normalized_offered_units_s_ci95,normalized_goodput_units_s,normalized_goodput_units_s_ci95,goodput_bit_s,goodput_bit_s_ci95,payload_airtime,payload_airtime_ci95,mean_system_packets,mean_system_packets_ci95,mean_waiting_packets,mean_waiting_packets_ci95,mean_service_packets,mean_service_packets_ci95,backlog_slope_pkt_s,backlog_slope_pkt_s_ci95,completion_ratio,completion_ratio_ci95,little_relative_error,little_relative_error_ci95,jain_fairness,jain_fairness_ci95,attempts_total,attempts_total_ci95,retransmissions_completed_cohort,retransmissions_completed_cohort_ci95,mean_attempts_completed,mean_attempts_completed_ci95,collision_waste_us_total,collision_waste_us_total_ci95,collision_channel_time_us_total,collision_channel_time_us_total_ci95,collision_tx_airtime_us_total,collision_tx_airtime_us_total_ci95,collision_channel_time_us_measure,collision_channel_time_us_measure_ci95,collision_tx_airtime_us_measure,collision_tx_airtime_us_measure_ci95,condition_elapsed_s,timeout_exceeded
sf_cf,fixed_packet,5,5,1,190,0.05,1,5,NaN,5,NaN,0,NaN,0,NaN,2791,NaN,0,NaN,2791,NaN,2791,NaN,2785,NaN,5535,NaN,5535,NaN,2785,NaN,5535,NaN,5535,NaN,93,NaN,0,NaN,2508,NaN,0,NaN,0,NaN,0,NaN,190,NaN,0,NaN,100,NaN,120,NaN,100,NaN,120,NaN,NaN,NaN,0.0216,NaN,0.4001,NaN,0.3785,NaN,0.0216,NaN,-19.3997599039616,NaN,1,NaN,0.302424393901524,NaN,0.1125,NaN,8,NaN,0,NaN,1,NaN,0,NaN,0,NaN,0,NaN,0,NaN,0,NaN,0.4396855,0
sf_cb,fixed_packet,5,5,1,190,0.01,0,5,NaN,5,NaN,0,NaN,0,NaN,NaN,NaN,NaN,NaN,NaN,NaN,34179,NaN,NaN,NaN,NaN,NaN,NaN,NaN,25420,NaN,89405,NaN,89405,NaN,NaN,NaN,NaN,NaN,NaN,NaN,NaN,NaN,NaN,NaN,NaN,NaN,NaN,NaN,NaN,NaN,100,NaN,40,NaN,100,NaN,40,NaN,NaN,NaN,0.0094,NaN,2.3599,NaN,2.3505,NaN,0.0094,NaN,14.405762304922,NaN,1,NaN,NaN,NaN,0.05,NaN,10,NaN,2,NaN,1.4,NaN,190,NaN,190,NaN,380,NaN,0,NaN,0,NaN,0.08884,0
sb_cf,fixed_packet,5,5,1,190,0.025,1,5,NaN,5,NaN,0,NaN,0,NaN,360,NaN,0,NaN,360,NaN,360,NaN,310,NaN,690,NaN,690,NaN,310,NaN,690,NaN,690,NaN,0,NaN,15,NaN,155,NaN,0,NaN,0,NaN,0,NaN,190,NaN,0,NaN,100,NaN,100,NaN,100,NaN,100,NaN,NaN,NaN,0.019,NaN,0.036,NaN,0.017,NaN,0.019,NaN,0,NaN,1,NaN,1.92747052886312e-16,NaN,0.125,NaN,8,NaN,0,NaN,1,NaN,0,NaN,0,NaN,0,NaN,0,NaN,0,NaN,0.4720562,0
sb_cb,fixed_packet,5,5,1,190,0.05,1,5,NaN,5,NaN,0,NaN,0,NaN,468,NaN,0,NaN,468,NaN,468,NaN,455,NaN,510,NaN,510,NaN,455,NaN,510,NaN,510,NaN,0,NaN,15,NaN,73,NaN,0,NaN,0,NaN,190,NaN,190,NaN,0,NaN,100,NaN,100,NaN,100,NaN,100,NaN,NaN,NaN,0.019,NaN,0.0468,NaN,0.0278,NaN,0.019,NaN,4.32172869147659,NaN,1,NaN,1.48266963758701e-16,NaN,0.125,NaN,8,NaN,0,NaN,1,NaN,0,NaN,0,NaN,0,NaN,0,NaN,0,NaN,1.0501201,0
s7_clean,fixed_packet,5,5,1,190,0.05,1,5,NaN,5,NaN,0,NaN,0,NaN,469,NaN,0,NaN,469,NaN,469,NaN,444,NaN,642,NaN,642,NaN,444,NaN,642,NaN,642,NaN,3.6,NaN,36,NaN,77.4,NaN,0,NaN,0,NaN,162,NaN,190,NaN,0,NaN,100,NaN,100,NaN,100,NaN,100,NaN,NaN,NaN,0.019,NaN,0.0469,NaN,0.0279,NaN,0.019,NaN,-0.672268907563024,NaN,1,NaN,1.47950829507617e-16,NaN,0.125,NaN,8,NaN,0,NaN,1,NaN,0,NaN,0,NaN,0,NaN,0,NaN,0,NaN,0.4071886,0
s7_busy,fixed_packet,5,5,1,190,0.025,1,5,NaN,5,NaN,0,NaN,0,NaN,9285.4,NaN,0,NaN,9285.4,NaN,9285.4,NaN,8144,NaN,23938,NaN,23938,NaN,8144,NaN,23938,NaN,23938,NaN,3.6,NaN,57.6,NaN,480.6,NaN,8294.4,NaN,97.2,NaN,162,NaN,190,NaN,0,NaN,100,NaN,120,NaN,100,NaN,120,NaN,NaN,NaN,0.0228,NaN,1.21566,NaN,1.19286,NaN,0.0228,NaN,-44.4657863145258,NaN,1,NaN,0.236184459470576,NaN,0.1125,NaN,14,NaN,3,NaN,1.6,NaN,6363,NaN,2961,NaN,6363,NaN,2646,NaN,5670,NaN,1.9337961,0
sf_cf,fixed_packet,5,5,2,380,0.025,1,5,NaN,5,NaN,0,NaN,0,NaN,11645,NaN,0,NaN,11645,NaN,11645,NaN,13045,NaN,17395,NaN,17395,NaN,13045,NaN,17395,NaN,17395,NaN,245,NaN,0,NaN,11020,NaN,0,NaN,0,NaN,0,NaN,380,NaN,0,NaN,100,NaN,140,NaN,200,NaN,280,NaN,NaN,NaN,0.0532,NaN,1.6149,NaN,1.5617,NaN,0.0532,NaN,-57.5270108043217,NaN,1,NaN,0.278902718434578,NaN,0.136111111111111,NaN,8,NaN,0,NaN,1,NaN,0,NaN,0,NaN,0,NaN,0,NaN,0,NaN,0.0870246,0
sf_cb,fixed_packet,5,5,2,380,0.01,1,5,NaN,5,NaN,0,NaN,0,NaN,22627,NaN,0,NaN,22627,NaN,22627,NaN,14565,NaN,67320,NaN,67320,NaN,14565,NaN,67320,NaN,67320,NaN,169,NaN,0,NaN,21660,NaN,228,NaN,0,NaN,190,NaN,380,NaN,0,NaN,100,NaN,120,NaN,200,NaN,240,NaN,NaN,NaN,0.0456,NaN,1.6395,NaN,1.5939,NaN,0.0456,NaN,18.1512605042017,NaN,1,NaN,0.380115888990546,NaN,0.1125,NaN,8,NaN,0,NaN,1,NaN,0,NaN,0,NaN,0,NaN,0,NaN,0,NaN,0.0534454,0
sb_cf,fixed_packet,5,5,2,380,0.05,1,5,NaN,5,NaN,0,NaN,0,NaN,545,NaN,0,NaN,545,NaN,545,NaN,565,NaN,700,NaN,700,NaN,565,NaN,700,NaN,700,NaN,0,NaN,15,NaN,150,NaN,0,NaN,0,NaN,0,NaN,380,NaN,0,NaN,100,NaN,100,NaN,200,NaN,200,NaN,NaN,NaN,0.038,NaN,0.0545,NaN,0.0165,NaN,0.038,NaN,4.32172869147659,NaN,1,NaN,1.27319154200133e-16,NaN,0.125,NaN,8,NaN,0,NaN,1,NaN,0,NaN,0,NaN,0,NaN,0,NaN,0,NaN,0.1695062,0
sb_cb,fixed_packet,5,5,2,380,0.025,1,5,NaN,5,NaN,0,NaN,0,NaN,702,NaN,0,NaN,702,NaN,702,NaN,665,NaN,860,NaN,860,NaN,665,NaN,860,NaN,860,NaN,0,NaN,15,NaN,117,NaN,0,NaN,0,NaN,190,NaN,380,NaN,0,NaN,100,NaN,100,NaN,200,NaN,200,NaN,NaN,NaN,0.038,NaN,0.0702,NaN,0.0322,NaN,0.038,NaN,3.64945978391357,NaN,1,NaN,1.97689285011602e-16,NaN,0.125,NaN,8,NaN,0,NaN,1,NaN,0,NaN,0,NaN,0,NaN,0,NaN,0,NaN,0.5160686,0
s7_clean,fixed_packet,5,5,2,380,0.05,1,5,NaN,5,NaN,0,NaN,0,NaN,682.4,NaN,0,NaN,682.4,NaN,682.4,NaN,705,NaN,728,NaN,728,NaN,705,NaN,728,NaN,728,NaN,3.6,NaN,36,NaN,100.8,NaN,0,NaN,0,NaN,162,NaN,380,NaN,0,NaN,100,NaN,100,NaN,200,NaN,200,NaN,NaN,NaN,0.038,NaN,0.06824,NaN,0.03024,NaN,0.038,NaN,3.64945978391357,NaN,1,NaN,2.03367347711232e-16,NaN,0.125,NaN,8,NaN,0,NaN,1,NaN,0,NaN,0,NaN,0,NaN,0,NaN,0,NaN,0.3439042,0
s7_busy,fixed_packet,5,5,2,380,0.05,1,5,NaN,5,NaN,0,NaN,0,NaN,12081.8,NaN,0,NaN,12081.8,NaN,12081.8,NaN,7011,NaN,27620,NaN,27620,NaN,7011,NaN,27620,NaN,27620,NaN,3.6,NaN,72,NaN,540,NaN,10762.2,NaN,162,NaN,162,NaN,380,NaN,0,NaN,100,NaN,100,NaN,200,NaN,200,NaN,NaN,NaN,0.038,NaN,1.23888,NaN,1.20088,NaN,0.038,NaN,-99.3037214885955,NaN,1,NaN,0.024780446855224,NaN,0.125,NaN,14,NaN,5,NaN,2,NaN,5292,NaN,2394,NaN,5292,NaN,1764,NaN,3969,NaN,2.207472,0
sf_cf,fixed_packet,5,5,3,570,0.05,1,5,NaN,5,NaN,0,NaN,0,NaN,13317,NaN,0,NaN,13317,NaN,13317,NaN,14755,NaN,30080,NaN,30080,NaN,14755,NaN,30080,NaN,30080,NaN,321,NaN,0,NaN,12426,NaN,0,NaN,0,NaN,0,NaN,570,NaN,0,NaN,100,NaN,100,NaN,300,NaN,300,NaN,NaN,NaN,0.057,NaN,1.0745,NaN,1.0175,NaN,0.057,NaN,19.7839135654262,NaN,1,NaN,0.23936714751047,NaN,0.0892857142857143,NaN,8,NaN,0,NaN,1,NaN,0,NaN,0,NaN,0,NaN,0,NaN,0,NaN,0.0467407,0
sf_cb,fixed_packet,5,5,3,570,0.05,1,5,NaN,5,NaN,0,NaN,0,NaN,4539,NaN,0,NaN,4539,NaN,4539,NaN,4015,NaN,9625,NaN,9625,NaN,4015,NaN,9625,NaN,9625,NaN,93,NaN,0,NaN,3572,NaN,114,NaN,0,NaN,190,NaN,570,NaN,0,NaN,100,NaN,100,NaN,300,NaN,300,NaN,NaN,NaN,0.057,NaN,0.3367,NaN,0.2797,NaN,0.057,NaN,-9.21968787515006,NaN,1,NaN,0.348084348084348,NaN,0.0892857142857143,NaN,8,NaN,0,NaN,1,NaN,0,NaN,0,NaN,0,NaN,0,NaN,0,NaN,0.0322239,0
sb_cf,fixed_packet,5,5,3,570,0.05,1,5,NaN,5,NaN,0,NaN,0,NaN,644,NaN,0,NaN,644,NaN,644,NaN,640,NaN,710,NaN,710,NaN,640,NaN,710,NaN,710,NaN,0,NaN,15,NaN,59,NaN,0,NaN,0,NaN,0,NaN,570,NaN,0,NaN,100,NaN,100,NaN,300,NaN,300,NaN,NaN,NaN,0.057,NaN,0.0644,NaN,0.0074,NaN,0.057,NaN,3.64945978391357,NaN,1,NaN,0,NaN,0.125,NaN,8,NaN,0,NaN,1,NaN,0,NaN,0,NaN,0,NaN,0,NaN,0,NaN,0.1504483,0
sb_cb,fixed_packet,5,5,3,570,0.05,1,5,NaN,5,NaN,0,NaN,0,NaN,869,NaN,0,NaN,869,NaN,869,NaN,865,NaN,990,NaN,990,NaN,865,NaN,990,NaN,990,NaN,0,NaN,15,NaN,92,NaN,2,NaN,0,NaN,190,NaN,570,NaN,0,NaN,100,NaN,100,NaN,300,NaN,300,NaN,NaN,NaN,0.057,NaN,0.0869,NaN,0.0299,NaN,0.057,NaN,3.64945978391357,NaN,1,NaN,0,NaN,0.125,NaN,8,NaN,0,NaN,1,NaN,0,NaN,0,NaN,0,NaN,0,NaN,0,NaN,0.5011518,0
s7_clean,fixed_packet,5,5,3,570,0.05,1,5,NaN,5,NaN,0,NaN,0,NaN,975,NaN,0,NaN,975,NaN,975,NaN,955,NaN,1215,NaN,1215,NaN,955,NaN,1215,NaN,1215,NaN,3.6,NaN,36,NaN,133.2,NaN,70.2,NaN,0,NaN,162,NaN,570,NaN,0,NaN,100,NaN,100,NaN,300,NaN,300,NaN,NaN,NaN,0.057,NaN,0.0975,NaN,0.0405,NaN,0.057,NaN,8.16326530612245,NaN,1,NaN,0,NaN,0.125,NaN,8,NaN,0,NaN,1,NaN,0,NaN,0,NaN,0,NaN,0,NaN,0,NaN,0.2679613,0
s7_busy,fixed_packet,5,5,3,570,0.05,1,5,NaN,5,NaN,0,NaN,0,NaN,8950.8,NaN,0,NaN,8950.8,NaN,8950.8,NaN,7632,NaN,14378,NaN,14378,NaN,7632,NaN,14378,NaN,14378,NaN,3.6,NaN,43.2,NaN,275.4,NaN,7864.2,NaN,32.4,NaN,162,NaN,570,NaN,0,NaN,100,NaN,140,NaN,300,NaN,420,NaN,NaN,NaN,0.0798,NaN,1.05008,NaN,0.97028,NaN,0.0798,NaN,9.69987995198079,NaN,1,NaN,0.147607801310376,NaN,0.136111111111111,NaN,9,NaN,1,NaN,1.2,NaN,2520,NaN,1134,NaN,2520,NaN,882,NaN,1953,NaN,1.6322686,0
sf_cf,fixed_packet,5,5,4,760,0.025,1,5,NaN,4,NaN,1,NaN,1,NaN,18302.5,NaN,0,NaN,18302.5,NaN,18302.5,NaN,15137.5,NaN,35210,NaN,35210,NaN,15137.5,NaN,35210,NaN,35210,NaN,442.5,NaN,0,NaN,17100,NaN,0,NaN,0,NaN,0,NaN,760,NaN,0,NaN,100,NaN,100,NaN,400,NaN,400,NaN,NaN,NaN,0.076,NaN,2.1657,NaN,2.0897,NaN,0.076,NaN,43.1212484993998,NaN,0.8,NaN,0.154892182666113,NaN,0.125,NaN,7,NaN,0,NaN,1,NaN,0,NaN,0,NaN,0,NaN,0,NaN,0,NaN,0.0420328,0
sf_cb,fixed_packet,5,5,4,760,0.025,1,5,NaN,5,NaN,0,NaN,0,NaN,6211,NaN,0,NaN,6211,NaN,6211,NaN,5660,NaN,10890,NaN,10890,NaN,5660,NaN,10890,NaN,10890,NaN,131,NaN,0,NaN,4978,NaN,152,NaN,0,NaN,190,NaN,760,NaN,0,NaN,100,NaN,140,NaN,400,NaN,560,NaN,NaN,NaN,0.1082,NaN,0.9309,NaN,0.8227,NaN,0.1082,NaN,7.49099639855943,NaN,1,NaN,0.332796218713073,NaN,0.136111111111111,NaN,8,NaN,0,NaN,1,NaN,0,NaN,0,NaN,0,NaN,0,NaN,0,NaN,0.0240583,0
sb_cf,fixed_packet,5,5,4,760,0.025,1,5,NaN,5,NaN,0,NaN,0,NaN,954,NaN,0,NaN,954,NaN,954,NaN,950,NaN,1025,NaN,1025,NaN,950,NaN,1025,NaN,1025,NaN,0,NaN,15,NaN,179,NaN,0,NaN,0,NaN,0,NaN,760,NaN,0,NaN,100,NaN,100,NaN,400,NaN,400,NaN,NaN,NaN,0.076,NaN,0.0954,NaN,0.0194,NaN,0.076,NaN,7.68307322929172,NaN,1,NaN,1.45469473876462e-16,NaN,0.125,NaN,8,NaN,0,NaN,1,NaN,0,NaN,0,NaN,0,NaN,0,NaN,0,NaN,0.1077521,0
sb_cb,fixed_packet,5,5,4,760,0.025,1,5,NaN,5,NaN,0,NaN,0,NaN,1178,NaN,0,NaN,1178,NaN,1178,NaN,1145,NaN,1445,NaN,1445,NaN,1145,NaN,1445,NaN,1445,NaN,0,NaN,15,NaN,144,NaN,69,NaN,0,NaN,190,NaN,760,NaN,0,NaN,100,NaN,100,NaN,400,NaN,400,NaN,NaN,NaN,0.076,NaN,0.1178,NaN,0.0418,NaN,0.076,NaN,7.68307322929172,NaN,1,NaN,1.17808045906744e-16,NaN,0.125,NaN,8,NaN,0,NaN,1,NaN,0,NaN,0,NaN,0,NaN,0,NaN,0,NaN,0.4946539,0
s7_clean,fixed_packet,5,5,4,760,0.05,1,5,NaN,5,NaN,0,NaN,0,NaN,1287.4,NaN,0,NaN,1287.4,NaN,1287.4,NaN,1256,NaN,1513,NaN,1513,NaN,1256,NaN,1513,NaN,1513,NaN,3.6,NaN,36,NaN,235.8,NaN,90,NaN,0,NaN,162,NaN,760,NaN,0,NaN,100,NaN,100,NaN,400,NaN,400,NaN,NaN,NaN,0.076,NaN,0.12874,NaN,0.05274,NaN,0.076,NaN,7.68307322929172,NaN,1,NaN,2.15594031502477e-16,NaN,0.125,NaN,8,NaN,0,NaN,1,NaN,0,NaN,0,NaN,0,NaN,0,NaN,0,NaN,0.3549802,0
s7_busy,fixed_packet,5,5,4,760,0.05,1,5,NaN,5,NaN,0,NaN,0,NaN,12526.6,NaN,0,NaN,12526.6,NaN,12526.6,NaN,9203,NaN,35169,NaN,35169,NaN,9203,NaN,35169,NaN,35169,NaN,3.6,NaN,72,NaN,297,NaN,11070,NaN,162,NaN,162,NaN,760,NaN,0,NaN,100,NaN,100,NaN,400,NaN,400,NaN,NaN,NaN,0.076,NaN,1.30812,NaN,1.23212,NaN,0.076,NaN,39.7599039615846,NaN,1,NaN,0.0423967220132708,NaN,0.125,NaN,13,NaN,5,NaN,2,NaN,1953,NaN,882,NaN,1953,NaN,630,NaN,1386,NaN,1.4563641,0
sf_cf,fixed_packet,5,5,5,950,0.05,1,5,NaN,5,NaN,0,NaN,0,NaN,39309,NaN,10303,NaN,29006,NaN,39309,NaN,20670,NaN,73065,NaN,73065,NaN,20670,NaN,73065,NaN,73065,NaN,506,NaN,0,NaN,27550,NaN,0,NaN,0,NaN,0,NaN,950,NaN,0,NaN,100,NaN,60,NaN,500,NaN,300,NaN,NaN,NaN,0.057,NaN,4.0389,NaN,3.9819,NaN,0.057,NaN,-28.3313325330132,NaN,1,NaN,0.026739953947857,NaN,0.075,NaN,8,NaN,0,NaN,1,NaN,0,NaN,0,NaN,0,NaN,0,NaN,0,NaN,0.0290082,0
sf_cb,fixed_packet,5,5,5,950,0.05,1,5,NaN,5,NaN,0,NaN,0,NaN,5223,NaN,0,NaN,5223,NaN,5223,NaN,5445,NaN,7090,NaN,7090,NaN,5445,NaN,7090,NaN,7090,NaN,93,NaN,0,NaN,3800,NaN,190,NaN,0,NaN,190,NaN,950,NaN,0,NaN,100,NaN,140,NaN,500,NaN,700,NaN,NaN,NaN,0.133,NaN,0.7561,NaN,0.6231,NaN,0.133,NaN,-3.74549819927971,NaN,1,NaN,0.309218357360138,NaN,0.136111111111111,NaN,8,NaN,0,NaN,1,NaN,0,NaN,0,NaN,0,NaN,0,NaN,0,NaN,0.0253891,0
sb_cf,fixed_packet,5,5,5,950,0.05,1,5,NaN,5,NaN,0,NaN,0,NaN,1310,NaN,0,NaN,1310,NaN,1310,NaN,1075,NaN,2180,NaN,2180,NaN,1075,NaN,2180,NaN,2180,NaN,0,NaN,18,NaN,152,NaN,0,NaN,190,NaN,0,NaN,950,NaN,0,NaN,100,NaN,100,NaN,500,NaN,500,NaN,NaN,NaN,0.095,NaN,0.131,NaN,0.017,NaN,0.114,NaN,7.68307322929172,NaN,1,NaN,0,NaN,0.125,NaN,9,NaN,1,NaN,1.2,NaN,950,NaN,950,NaN,950,NaN,950,NaN,950,NaN,0.2029988,0
sb_cb,fixed_packet,5,5,5,950,0.025,1,5,NaN,5,NaN,0,NaN,0,NaN,1522,NaN,0,NaN,1522,NaN,1522,NaN,1360,NaN,1940,NaN,1940,NaN,1360,NaN,1940,NaN,1940,NaN,0,NaN,15,NaN,293,NaN,74,NaN,0,NaN,190,NaN,950,NaN,0,NaN,100,NaN,100,NaN,500,NaN,500,NaN,NaN,NaN,0.095,NaN,0.1522,NaN,0.0572,NaN,0.095,NaN,7.39495798319328,NaN,1,NaN,1.82362520470624e-16,NaN,0.125,NaN,8,NaN,0,NaN,1,NaN,0,NaN,0,NaN,0,NaN,0,NaN,0,NaN,0.5589597,0
s7_clean,fixed_packet,5,5,5,950,0.05,1,5,NaN,5,NaN,0,NaN,0,NaN,1329.8,NaN,0,NaN,1329.8,NaN,1329.8,NaN,1254,NaN,1541,NaN,1541,NaN,1254,NaN,1541,NaN,1541,NaN,3.6,NaN,36,NaN,108,NaN,70.2,NaN,0,NaN,162,NaN,950,NaN,0,NaN,100,NaN,100,NaN,500,NaN,500,NaN,NaN,NaN,0.095,NaN,0.13298,NaN,0.03798,NaN,0.095,NaN,7.68307322929172,NaN,1,NaN,0,NaN,0.125,NaN,8,NaN,0,NaN,1,NaN,0,NaN,0,NaN,0,NaN,0,NaN,0,NaN,0.3064209,0
s7_busy,fixed_packet,5,5,5,950,0.05,1,5,NaN,5,NaN,0,NaN,0,NaN,5203.4,NaN,0,NaN,5203.4,NaN,5203.4,NaN,3269,NaN,10654,NaN,10654,NaN,3269,NaN,10654,NaN,10654,NaN,3.6,NaN,50.4,NaN,95.4,NaN,3877.2,NaN,64.8,NaN,162,NaN,950,NaN,0,NaN,100,NaN,140,NaN,500,NaN,700,NaN,NaN,NaN,0.133,NaN,1.64688,NaN,1.51388,NaN,0.133,NaN,-20.1680672268908,NaN,1,NaN,0.68404498202662,NaN,0.136111111111111,NaN,14,NaN,2,NaN,1.4,NaN,3150,NaN,1449,NaN,3150,NaN,1260,NaN,2772,NaN,1.6873445,0
sf_cf,fixed_packet,5,5,6,1140,NaN,0,NaN,NaN,NaN,NaN,NaN,NaN,NaN,NaN,NaN,NaN,NaN,NaN,NaN,NaN,NaN,NaN,NaN,NaN,NaN,NaN,NaN,NaN,NaN,NaN,NaN,NaN,NaN,NaN,NaN,NaN,NaN,NaN,NaN,NaN,NaN,NaN,NaN,NaN,NaN,NaN,NaN,NaN,NaN,NaN,NaN,NaN,NaN,NaN,NaN,NaN,NaN,NaN,NaN,NaN,NaN,NaN,NaN,NaN,NaN,NaN,NaN,NaN,NaN,NaN,NaN,NaN,NaN,NaN,NaN,NaN,NaN,NaN,NaN,NaN,NaN,NaN,NaN,NaN,NaN,NaN,NaN,NaN,NaN,NaN,NaN,NaN,0.0317978,0
sf_cb,fixed_packet,5,5,6,1140,0.01,1,5,NaN,5,NaN,0,NaN,0,NaN,42501,NaN,0,NaN,42501,NaN,42501,NaN,34515,NaN,92175,NaN,92175,NaN,34515,NaN,92175,NaN,92175,NaN,93,NaN,0,NaN,38798,NaN,2280,NaN,0,NaN,190,NaN,1140,NaN,0,NaN,100,NaN,100,NaN,600,NaN,600,NaN,NaN,NaN,0.114,NaN,2.5799,NaN,2.4659,NaN,0.114,NaN,-8.73949579831932,NaN,1,NaN,0.647389433698981,NaN,0.125,NaN,8,NaN,0,NaN,1,NaN,0,NaN,0,NaN,0,NaN,0,NaN,0,NaN,0.0349415,0
sb_cf,fixed_packet,5,5,6,1140,0.025,1,5,NaN,5,NaN,0,NaN,0,NaN,1753,NaN,0,NaN,1753,NaN,1753,NaN,1500,NaN,2700,NaN,2700,NaN,1500,NaN,2700,NaN,2700,NaN,0,NaN,18,NaN,367,NaN,0,NaN,228,NaN,0,NaN,1140,NaN,0,NaN,100,NaN,100,NaN,600,NaN,600,NaN,NaN,NaN,0.114,NaN,0.1753,NaN,0.0385,NaN,0.1368,NaN,12.1008403361345,NaN,1,NaN,0,NaN,0.125,NaN,9,NaN,1,NaN,1.2,NaN,1140,NaN,1140,NaN,1140,NaN,1140,NaN,1140,NaN,0.1805351,0
sb_cb,fixed_packet,5,5,6,1140,0.05,1,5,NaN,5,NaN,0,NaN,0,NaN,1524,NaN,0,NaN,1524,NaN,1524,NaN,1395,NaN,2015,NaN,2015,NaN,1395,NaN,2015,NaN,2015,NaN,0,NaN,15,NaN,68,NaN,111,NaN,0,NaN,190,NaN,1140,NaN,0,NaN,100,NaN,100,NaN,600,NaN,600,NaN,NaN,NaN,0.114,NaN,0.1524,NaN,0.0384,NaN,0.114,NaN,7.68307322929172,NaN,1,NaN,1.82123199577618e-16,NaN,0.125,NaN,8,NaN,0,NaN,1,NaN,0,NaN,0,NaN,0,NaN,0,NaN,0,NaN,0.5608801,0
s7_clean,fixed_packet,5,5,6,1140,0.05,1,5,NaN,5,NaN,0,NaN,0,NaN,1692.6,NaN,0,NaN,1692.6,NaN,1692.6,NaN,1573,NaN,2298,NaN,2298,NaN,1573,NaN,2298,NaN,2298,NaN,3.6,NaN,36,NaN,198,NaN,153,NaN,0,NaN,162,NaN,1140,NaN,0,NaN,100,NaN,120,NaN,600,NaN,720,NaN,NaN,NaN,0.1169,NaN,0.17216,NaN,0.05526,NaN,0.1169,NaN,12.1008403361345,NaN,1,NaN,0.0168447955390334,NaN,0.1125,NaN,8,NaN,0,NaN,1,NaN,0,NaN,0,NaN,0,NaN,0,NaN,0,NaN,0.3617264,0
s7_busy,fixed_packet,5,5,6,1140,0.05,1,5,NaN,5,NaN,0,NaN,0,NaN,14652.6,NaN,0,NaN,14652.6,NaN,14652.6,NaN,13845,NaN,35684,NaN,35684,NaN,13845,NaN,35684,NaN,35684,NaN,3.6,NaN,72,NaN,228.6,NaN,12884.4,NaN,162,NaN,162,NaN,1140,NaN,0,NaN,100,NaN,80,NaN,600,NaN,480,NaN,NaN,NaN,0.11336,NaN,1.18122,NaN,1.06786,NaN,0.11336,NaN,30.5402160864346,NaN,1,NaN,0.240463249860314,NaN,0.0666666666666667,NaN,13,NaN,5,NaN,2,NaN,2898,NaN,1386,NaN,2898,NaN,1197,NaN,2457,NaN,1.5960953,0
sf_cf,fixed_packet,15,15,1,190,0.05,1,38,NaN,38,NaN,0,NaN,0,NaN,4159.47368421053,NaN,314.342105263158,NaN,3845.13157894737,NaN,4159.47368421053,NaN,2817.5,NaN,11574,NaN,13940,NaN,2817.5,NaN,11574,NaN,13940,NaN,80.1315789473684,NaN,0,NaN,3555,NaN,0,NaN,20,NaN,0,NaN,190,NaN,0,NaN,760,NaN,820,NaN,760,NaN,820,NaN,NaN,NaN,0.1558,NaN,3.2754,NaN,3.1044,NaN,0.171,NaN,-67.8031212484994,NaN,1,NaN,0.0348659705684799,NaN,0.506325301204819,NaN,46,NaN,4,NaN,1.10526315789474,NaN,380,NaN,380,NaN,760,NaN,380,NaN,760,NaN,0.106213,0
sf_cb,fixed_packet,15,15,1,190,0.05,1,38,NaN,38,NaN,0,NaN,0,NaN,5764.47368421053,NaN,438.815789473684,NaN,5325.65789473684,NaN,5764.47368421053,NaN,4952.5,NaN,13848,NaN,15535,NaN,4952.5,NaN,13848,NaN,15535,NaN,100.657894736842,NaN,0,NaN,4125,NaN,700,NaN,20,NaN,190,NaN,190,NaN,0,NaN,760,NaN,740,NaN,760,NaN,740,NaN,NaN,NaN,0.1406,NaN,4.4524,NaN,4.3118,NaN,0.1406,NaN,-41.8727490996399,NaN,1,NaN,0.0160362950318926,NaN,0.526538461538462,NaN,47,NaN,4,NaN,1.10526315789474,NaN,380,NaN,380,NaN,950,NaN,380,NaN,950,NaN,0.1089926,0
sb_cf,fixed_packet,15,15,1,190,0.05,0,38,NaN,9,NaN,29,NaN,29,NaN,NaN,NaN,NaN,NaN,NaN,NaN,338.888888888889,NaN,NaN,NaN,NaN,NaN,NaN,NaN,315,NaN,565,NaN,565,NaN,NaN,NaN,NaN,NaN,NaN,NaN,NaN,NaN,NaN,NaN,NaN,NaN,NaN,NaN,NaN,NaN,760,NaN,180,NaN,760,NaN,180,NaN,NaN,NaN,0.0342,NaN,13.136,NaN,8.5869,NaN,4.5491,NaN,809.411764705883,NaN,0.236842105263158,NaN,NaN,NaN,0.155769230769231,NaN,5659,NaN,1,NaN,1.11111111111111,NaN,1071720,NaN,139580,NaN,1071720,NaN,39580,NaN,225745,NaN,1.391912,0
sb_cb,fixed_packet,15,15,1,190,0.05,1,38,NaN,38,NaN,0,NaN,0,NaN,713.815789473684,NaN,0,NaN,713.815789473684,NaN,713.815789473684,NaN,550,NaN,1848,NaN,3100,NaN,550,NaN,1848,NaN,3100,NaN,0,NaN,20.1315789473684,NaN,158.157894736842,NaN,103.947368421053,NaN,51.5789473684211,NaN,190,NaN,190,NaN,0,NaN,760,NaN,780,NaN,760,NaN,780,NaN,NaN,NaN,0.1482,NaN,0.5464,NaN,0.3944,NaN,0.152,NaN,-27.3709483793517,NaN,1,NaN,0.00713762811127382,NaN,0.493831168831169,NaN,55,NaN,13,NaN,1.34210526315789,NaN,390,NaN,360,NaN,390,NaN,360,NaN,390,NaN,1.7433296,0
s7_clean,fixed_packet,15,15,1,190,0.025,1,38,NaN,38,NaN,0,NaN,0,NaN,1022.13157894737,NaN,0,NaN,1022.13157894737,NaN,1022.13157894737,NaN,853.5,NaN,2422.4,NaN,2640,NaN,853.5,NaN,2422.4,NaN,2640,NaN,2.71052631578947,NaN,36,NaN,391.736842105263,NaN,239.684210526316,NaN,0,NaN,162,NaN,190,NaN,0,NaN,760,NaN,780,NaN,760,NaN,780,NaN,NaN,NaN,0.1482,NaN,0.80734,NaN,0.65914,NaN,0.1482,NaN,-37.1668667466987,NaN,1,NaN,0.0378031560433026,NaN,0.493831168831169,NaN,42,NaN,0,NaN,1,NaN,0,NaN,0,NaN,0,NaN,0,NaN,0,NaN,0.5379587,0
s7_busy,fixed_packet,15,15,1,190,0.05,1,38,NaN,38,NaN,0,NaN,0,NaN,14372.4473684211,NaN,4001.34210526316,NaN,10371.1052631579,NaN,14372.4473684211,NaN,12730.5,NaN,34891,NaN,40906,NaN,12730.5,NaN,34891,NaN,40906,NaN,4.23684210526316,NaN,75.7894736842105,NaN,418.026315789474,NaN,9342,NaN,179.052631578947,NaN,162,NaN,190,NaN,0,NaN,760,NaN,660,NaN,760,NaN,660,NaN,NaN,NaN,0.1254,NaN,10.3029,NaN,10.1775,NaN,0.1254,NaN,-144.729891956783,NaN,1,NaN,0.0601927612613926,NaN,0.513679245283019,NaN,88,NaN,42,NaN,2.10526315789474,NaN,9576,NaN,4158,NaN,9576,NaN,3276,NaN,7749,NaN,3.081781,0
sf_cf,fixed_packet,15,15,2,380,0.05,1,38,NaN,38,NaN,0,NaN,0,NaN,13769.4736842105,NaN,2660.39473684211,NaN,11109.0789473684,NaN,13769.4736842105,NaN,11395,NaN,34960,NaN,49340,NaN,11395,NaN,34960,NaN,49340,NaN,139.078947368421,NaN,0,NaN,10500,NaN,0,NaN,90,NaN,0,NaN,380,NaN,0,NaN,760,NaN,680,NaN,1520,NaN,1360,NaN,NaN,NaN,0.2584,NaN,9.862,NaN,9.5316,NaN,0.3304,NaN,-119.279711884754,NaN,1,NaN,0.0611235043601706,NaN,0.498275862068966,NaN,52,NaN,9,NaN,1.23684210526316,NaN,1900,NaN,1900,NaN,3800,NaN,1800,NaN,3600,NaN,0.0428567,0
sf_cb,fixed_packet,15,15,2,380,0.05,1,38,NaN,38,NaN,0,NaN,0,NaN,8509.47368421053,NaN,907.5,NaN,7601.97368421053,NaN,8509.47368421053,NaN,7782.5,NaN,19250,NaN,21385,NaN,7782.5,NaN,19250,NaN,21385,NaN,116.973684210526,NaN,0,NaN,4995,NaN,1890,NaN,30,NaN,190,NaN,380,NaN,0,NaN,760,NaN,720,NaN,1520,NaN,1440,NaN,NaN,NaN,0.2736,NaN,6.3548,NaN,6.0812,NaN,0.2736,NaN,-27.4669867947179,NaN,1,NaN,0.0176874173852837,NaN,0.52258064516129,NaN,48,NaN,6,NaN,1.15789473684211,NaN,570,NaN,570,NaN,1140,NaN,570,NaN,1140,NaN,0.0519221,0
sb_cf,fixed_packet,15,15,2,380,0.05,0,38,NaN,1,NaN,37,NaN,39,NaN,NaN,NaN,NaN,NaN,NaN,NaN,395,NaN,NaN,NaN,NaN,NaN,NaN,NaN,395,NaN,395,NaN,395,NaN,NaN,NaN,NaN,NaN,NaN,NaN,NaN,NaN,NaN,NaN,NaN,NaN,NaN,NaN,NaN,NaN,760,NaN,20,NaN,1520,NaN,40,NaN,NaN,NaN,0.0076,NaN,22.0384,NaN,14.1193,NaN,7.9191,NaN,809.411764705883,NaN,0.0263157894736842,NaN,NaN,NaN,0.025,NaN,3903,NaN,0,NaN,1,NaN,1478965,NaN,150305,NaN,1478965,NaN,49950,NaN,395575,NaN,1.7912447,0
sb_cb,fixed_packet,15,15,2,380,0.05,1,38,NaN,38,NaN,0,NaN,0,NaN,1606.57894736842,NaN,90.9210526315789,NaN,1515.65789473684,NaN,1606.57894736842,NaN,885,NaN,5288,NaN,6540,NaN,885,NaN,5288,NaN,6540,NaN,0,NaN,31.5789473684211,NaN,214.736842105263,NaN,486.315789473684,NaN,213.026315789474,NaN,190,NaN,380,NaN,0,NaN,760,NaN,800,NaN,1520,NaN,1600,NaN,NaN,NaN,0.2985,NaN,1.2527,NaN,0.9238,NaN,0.3289,NaN,-57.5270108043218,NaN,1,NaN,0.0253053404645963,NaN,0.512820512820513,NaN,85,NaN,42,NaN,2.10526315789474,NaN,2240,NaN,2070,NaN,2240,NaN,2070,NaN,2240,NaN,1.9156582,0
s7_clean,fixed_packet,15,15,2,380,0.05,1,38,NaN,38,NaN,0,NaN,0,NaN,1171.86842105263,NaN,0,NaN,1171.86842105263,NaN,1171.86842105263,NaN,907.5,NaN,2431,NaN,2887,NaN,907.5,NaN,2431,NaN,2887,NaN,2.71052631578947,NaN,36,NaN,203.447368421053,NaN,387.710526315789,NaN,0,NaN,162,NaN,380,NaN,0,NaN,760,NaN,780,NaN,1520,NaN,1560,NaN,NaN,NaN,0.2964,NaN,0.90316,NaN,0.60676,NaN,0.2964,NaN,-43.7935174069628,NaN,1,NaN,0.0138845830196198,NaN,0.493831168831169,NaN,42,NaN,0,NaN,1,NaN,0,NaN,0,NaN,0,NaN,0,NaN,0,NaN,0.4241909,0
s7_busy,fixed_packet,15,15,2,380,0.05,1,38,NaN,38,NaN,0,NaN,0,NaN,17999.0263157895,NaN,4089.26315789474,NaN,13909.7631578947,NaN,17999.0263157895,NaN,13906.5,NaN,63462,NaN,65479,NaN,13906.5,NaN,63462,NaN,65479,NaN,3.47368421052632,NaN,70.1052631578947,NaN,427.973684210526,NaN,12712.7368421053,NaN,153.473684210526,NaN,162,NaN,380,NaN,0,NaN,760,NaN,580,NaN,1520,NaN,1160,NaN,NaN,NaN,0.2204,NaN,10.77544,NaN,10.55504,NaN,0.2204,NaN,154.909963985594,NaN,1,NaN,0.269485051190485,NaN,0.382272727272727,NaN,81,NaN,36,NaN,1.94736842105263,NaN,10458,NaN,4662,NaN,10458,NaN,2961,NaN,6930,NaN,2.91973,0
sf_cf,fixed_packet,15,15,3,570,NaN,0,NaN,NaN,NaN,NaN,NaN,NaN,NaN,NaN,NaN,NaN,NaN,NaN,NaN,NaN,NaN,NaN,NaN,NaN,NaN,NaN,NaN,NaN,NaN,NaN,NaN,NaN,NaN,NaN,NaN,NaN,NaN,NaN,NaN,NaN,NaN,NaN,NaN,NaN,NaN,NaN,NaN,NaN,NaN,NaN,NaN,NaN,NaN,NaN,NaN,NaN,NaN,NaN,NaN,NaN,NaN,NaN,NaN,NaN,NaN,NaN,NaN,NaN,NaN,NaN,NaN,NaN,NaN,NaN,NaN,NaN,NaN,NaN,NaN,NaN,NaN,NaN,NaN,NaN,NaN,NaN,NaN,NaN,NaN,NaN,NaN,NaN,0.0168063,0
sf_cb,fixed_packet,15,15,3,570,0.05,1,38,NaN,38,NaN,0,NaN,0,NaN,7979.47368421053,NaN,992.894736842105,NaN,6986.57894736842,NaN,7979.47368421053,NaN,4820,NaN,28140,NaN,34825,NaN,4820,NaN,28140,NaN,34825,NaN,181.578947368421,NaN,0,NaN,3770,NaN,2250,NaN,25,NaN,190,NaN,570,NaN,0,NaN,760,NaN,740,NaN,2280,NaN,2220,NaN,NaN,NaN,0.4218,NaN,5.3568,NaN,4.935,NaN,0.4218,NaN,44.561824729892,NaN,1,NaN,0.132093787335723,NaN,0.468835616438356,NaN,47,NaN,5,NaN,1.13157894736842,NaN,380,NaN,380,NaN,950,NaN,380,NaN,950,NaN,0.0391266,0
sb_cf,fixed_packet,15,15,3,570,0.05,0,38,NaN,2,NaN,36,NaN,38,NaN,NaN,NaN,NaN,NaN,NaN,NaN,660,NaN,NaN,NaN,NaN,NaN,NaN,NaN,660,NaN,730,NaN,730,NaN,NaN,NaN,NaN,NaN,NaN,NaN,NaN,NaN,NaN,NaN,NaN,NaN,NaN,NaN,NaN,NaN,760,NaN,40,NaN,2280,NaN,120,NaN,NaN,NaN,0.0228,NaN,21.0802,NaN,13.1657,NaN,7.9145,NaN,809.411764705883,NaN,0.0526315789473684,NaN,NaN,NaN,0.05,NaN,2689,NaN,0,NaN,1,NaN,1526840,NaN,150185,NaN,1526840,NaN,49585,NaN,394585,NaN,1.4814338,0
sb_cb,fixed_packet,15,15,3,570,0.05,1,38,NaN,38,NaN,0,NaN,0,NaN,8008.42105263158,NaN,5.65789473684211,NaN,8002.76315789474,NaN,8008.42105263158,NaN,1707.5,NaN,29624,NaN,34690,NaN,1707.5,NaN,29624,NaN,34690,NaN,0,NaN,161.447368421053,NaN,1058.42105263158,NaN,4130,NaN,1892.89473684211,NaN,190,NaN,570,NaN,0,NaN,760,NaN,600,NaN,2280,NaN,1800,NaN,NaN,NaN,0.3336,NaN,3.983,NaN,3.4898,NaN,0.4932,NaN,474.621848739496,NaN,1,NaN,0.528094401205122,NaN,0.432692307692308,NaN,414,NaN,371,NaN,10.7631578947368,NaN,19870,NaN,16945,NaN,19870,NaN,10245,NaN,12120,NaN,6.2713948,0
s7_clean,fixed_packet,15,15,3,570,0.05,1,38,NaN,38,NaN,0,NaN,0,NaN,1794.10526315789,NaN,104.342105263158,NaN,1689.76315789474,NaN,1794.10526315789,NaN,1316,NaN,4377.6,NaN,5401,NaN,1316,NaN,4377.6,NaN,5401,NaN,2.81578947368421,NaN,36,NaN,188.526315789474,NaN,730.421052631579,NaN,0,NaN,162,NaN,570,NaN,0,NaN,760,NaN,800,NaN,2280,NaN,2400,NaN,NaN,NaN,0.44708,NaN,1.4025,NaN,0.95542,NaN,0.44708,NaN,-69.53181272509,NaN,1,NaN,0.0277932263814617,NaN,0.512820512820513,NaN,42,NaN,0,NaN,1,NaN,0,NaN,0,NaN,0,NaN,0,NaN,0,NaN,0.7332114,0
s7_busy,fixed_packet,15,15,3,570,0.05,1,38,NaN,38,NaN,0,NaN,0,NaN,25543.4473684211,NaN,5872.65789473684,NaN,19670.7894736842,NaN,25543.4473684211,NaN,18711,NaN,66943.6,NaN,78818,NaN,18711,NaN,66943.6,NaN,78818,NaN,3.5,NaN,93.7894736842105,NaN,450.473684210526,NaN,18130.9736842105,NaN,260.052631578947,NaN,162,NaN,570,NaN,0,NaN,760,NaN,520,NaN,2280,NaN,1560,NaN,NaN,NaN,0.28838,NaN,13.51722,NaN,13.22884,NaN,0.28838,NaN,128.787515006002,NaN,1,NaN,0.436169567411051,NaN,0.384090909090909,NaN,110,NaN,61,NaN,2.60526315789474,NaN,10773,NaN,4851,NaN,10773,NaN,3087,NaN,7056,NaN,2.2709451,0
sf_cf,fixed_packet,15,15,4,760,NaN,0,NaN,NaN,NaN,NaN,NaN,NaN,NaN,NaN,NaN,NaN,NaN,NaN,NaN,NaN,NaN,NaN,NaN,NaN,NaN,NaN,NaN,NaN,NaN,NaN,NaN,NaN,NaN,NaN,NaN,NaN,NaN,NaN,NaN,NaN,NaN,NaN,NaN,NaN,NaN,NaN,NaN,NaN,NaN,NaN,NaN,NaN,NaN,NaN,NaN,NaN,NaN,NaN,NaN,NaN,NaN,NaN,NaN,NaN,NaN,NaN,NaN,NaN,NaN,NaN,NaN,NaN,NaN,NaN,NaN,NaN,NaN,NaN,NaN,NaN,NaN,NaN,NaN,NaN,NaN,NaN,NaN,NaN,NaN,NaN,NaN,NaN,0.0225234,0
sf_cb,fixed_packet,15,15,4,760,0.05,1,38,NaN,38,NaN,0,NaN,0,NaN,10404.4736842105,NaN,654.078947368421,NaN,9750.3947368421,NaN,10404.4736842105,NaN,7712.5,NaN,23068,NaN,55640,NaN,7712.5,NaN,23068,NaN,55640,NaN,235.394736842105,NaN,0,NaN,4350,NaN,4140,NaN,75,NaN,190,NaN,760,NaN,0,NaN,760,NaN,680,NaN,3040,NaN,2720,NaN,NaN,NaN,0.5042,NaN,7.2932,NaN,6.789,NaN,0.5042,NaN,159.423769507803,NaN,1,NaN,0.0842154335545443,NaN,0.4515625,NaN,57,NaN,15,NaN,1.39473684210526,NaN,1140,NaN,1140,NaN,2850,NaN,1140,NaN,2850,NaN,0.0418856,0
sb_cf,fixed_packet,15,15,4,760,NaN,0,NaN,NaN,NaN,NaN,NaN,NaN,NaN,NaN,NaN,NaN,NaN,NaN,NaN,NaN,NaN,NaN,NaN,NaN,NaN,NaN,NaN,NaN,NaN,NaN,NaN,NaN,NaN,NaN,NaN,NaN,NaN,NaN,NaN,NaN,NaN,NaN,NaN,NaN,NaN,NaN,NaN,NaN,NaN,NaN,NaN,NaN,NaN,NaN,NaN,NaN,NaN,NaN,NaN,NaN,NaN,NaN,NaN,NaN,NaN,NaN,NaN,NaN,NaN,NaN,NaN,NaN,NaN,NaN,NaN,NaN,NaN,NaN,NaN,NaN,NaN,NaN,NaN,NaN,NaN,NaN,NaN,NaN,NaN,NaN,NaN,NaN,0.2985406,0
sb_cb,fixed_packet,15,15,4,760,0.05,0,38,NaN,12,NaN,26,NaN,26,NaN,NaN,NaN,NaN,NaN,NaN,NaN,16915,NaN,NaN,NaN,NaN,NaN,NaN,NaN,1737.5,NaN,86256,NaN,89190,NaN,NaN,NaN,NaN,NaN,NaN,NaN,NaN,NaN,NaN,NaN,NaN,NaN,NaN,NaN,NaN,NaN,760,NaN,220,NaN,3040,NaN,880,NaN,NaN,NaN,0.1672,NaN,13.935,NaN,13.3878,NaN,0.5472,NaN,770.996398559424,NaN,0.315789473684211,NaN,NaN,NaN,0.177941176470588,NaN,4958,NaN,154,NaN,13.8333333333333,NaN,153080,NaN,98725,NaN,153080,NaN,26255,NaN,36800,NaN,42.2383523,0
s7_clean,fixed_packet,15,15,4,760,0.025,1,38,NaN,38,NaN,0,NaN,0,NaN,3148.42105263158,NaN,258,NaN,2890.42105263158,NaN,3148.42105263158,NaN,2561.5,NaN,9096.4,NaN,10039,NaN,2561.5,NaN,9096.4,NaN,10039,NaN,2.86842105263158,NaN,36,NaN,331.578947368421,NaN,1597.97368421053,NaN,0,NaN,162,NaN,760,NaN,0,NaN,760,NaN,800,NaN,3040,NaN,3200,NaN,NaN,NaN,0.607,NaN,2.44442,NaN,1.83742,NaN,0.607,NaN,-56.0864345738295,NaN,1,NaN,0.0211174839021118,NaN,0.512820512820513,NaN,42,NaN,0,NaN,1,NaN,0,NaN,0,NaN,0,NaN,0,NaN,0,NaN,0.6638732,0
s7_busy,fixed_packet,15,15,4,760,NaN,0,NaN,NaN,NaN,NaN,NaN,NaN,NaN,NaN,NaN,NaN,NaN,NaN,NaN,NaN,NaN,NaN,NaN,NaN,NaN,NaN,NaN,NaN,NaN,NaN,NaN,NaN,NaN,NaN,NaN,NaN,NaN,NaN,NaN,NaN,NaN,NaN,NaN,NaN,NaN,NaN,NaN,NaN,NaN,NaN,NaN,NaN,NaN,NaN,NaN,NaN,NaN,NaN,NaN,NaN,NaN,NaN,NaN,NaN,NaN,NaN,NaN,NaN,NaN,NaN,NaN,NaN,NaN,NaN,NaN,NaN,NaN,NaN,NaN,NaN,NaN,NaN,NaN,NaN,NaN,NaN,NaN,NaN,NaN,NaN,NaN,NaN,0.417498,0
sf_cf,fixed_packet,15,15,5,950,0.05,0,38,NaN,36,NaN,2,NaN,2,NaN,NaN,NaN,NaN,NaN,NaN,NaN,57185.5555555556,NaN,NaN,NaN,NaN,NaN,NaN,NaN,56127.5,NaN,122949.5,NaN,136770,NaN,NaN,NaN,NaN,NaN,NaN,NaN,NaN,NaN,NaN,NaN,NaN,NaN,NaN,NaN,NaN,NaN,760,NaN,260,NaN,3800,NaN,1300,NaN,NaN,NaN,0.247,NaN,19.5448,NaN,18.8138,NaN,0.731,NaN,490.948379351741,NaN,0.947368421052632,NaN,NaN,NaN,0.281666666666667,NaN,94,NaN,50,NaN,2.38888888888889,NaN,21850,NaN,21850,NaN,51300,NaN,9400,NaN,24200,NaN,0.0857382,0
sf_cb,fixed_packet,15,15,5,950,0.05,1,38,NaN,38,NaN,0,NaN,0,NaN,15484.4736842105,NaN,2135.26315789474,NaN,13349.2105263158,NaN,15484.4736842105,NaN,13567.5,NaN,43535,NaN,44200,NaN,13567.5,NaN,43535,NaN,44200,NaN,314.210526315789,NaN,0,NaN,5155,NaN,6625,NaN,115,NaN,190,NaN,950,NaN,0,NaN,760,NaN,620,NaN,3800,NaN,3100,NaN,NaN,NaN,0.6022,NaN,10.1112,NaN,9.509,NaN,0.6022,NaN,188.043217286915,NaN,1,NaN,0.163877680196218,NaN,0.49030612244898,NaN,65,NaN,23,NaN,1.60526315789474,NaN,1900,NaN,1900,NaN,4370,NaN,1900,NaN,4370,NaN,0.0830132,0
sb_cf,fixed_packet,15,15,5,950,NaN,0,NaN,NaN,NaN,NaN,NaN,NaN,NaN,NaN,NaN,NaN,NaN,NaN,NaN,NaN,NaN,NaN,NaN,NaN,NaN,NaN,NaN,NaN,NaN,NaN,NaN,NaN,NaN,NaN,NaN,NaN,NaN,NaN,NaN,NaN,NaN,NaN,NaN,NaN,NaN,NaN,NaN,NaN,NaN,NaN,NaN,NaN,NaN,NaN,NaN,NaN,NaN,NaN,NaN,NaN,NaN,NaN,NaN,NaN,NaN,NaN,NaN,NaN,NaN,NaN,NaN,NaN,NaN,NaN,NaN,NaN,NaN,NaN,NaN,NaN,NaN,NaN,NaN,NaN,NaN,NaN,NaN,NaN,NaN,NaN,NaN,NaN,0.3002749,0
sb_cb,fixed_packet,15,15,5,950,0.05,0,38,NaN,12,NaN,26,NaN,26,NaN,NaN,NaN,NaN,NaN,NaN,NaN,12306.25,NaN,NaN,NaN,NaN,NaN,NaN,NaN,1810,NaN,68073.5,NaN,69750,NaN,NaN,NaN,NaN,NaN,NaN,NaN,NaN,NaN,NaN,NaN,NaN,NaN,NaN,NaN,NaN,NaN,760,NaN,240,NaN,3800,NaN,1200,NaN,NaN,NaN,0.2196,NaN,13.5964,NaN,13.1277,NaN,0.4687,NaN,758.991596638656,NaN,0.315789473684211,NaN,NaN,NaN,0.225,NaN,5053,NaN,105,NaN,9.75,NaN,150670,NaN,95115,NaN,150670,NaN,21935,NaN,32430,NaN,38.2787128,0
s7_clean,fixed_packet,15,15,5,950,0.025,1,38,NaN,38,NaN,0,NaN,0,NaN,5258.26315789474,NaN,137.552631578947,NaN,5120.71052631579,NaN,5258.26315789474,NaN,3961,NaN,12384.6,NaN,13337,NaN,3961,NaN,12384.6,NaN,13337,NaN,2.76315789473684,NaN,41.6842105263158,NaN,381.789473684211,NaN,3556.89473684211,NaN,25.5789473684211,NaN,162,NaN,950,NaN,0,NaN,760,NaN,780,NaN,3800,NaN,3900,NaN,NaN,NaN,0.7364,NaN,4.11662,NaN,3.38022,NaN,0.7364,NaN,22.280912364946,NaN,1,NaN,0.0292327200470288,NaN,0.507,NaN,48,NaN,6,NaN,1.15789473684211,NaN,378,NaN,189,NaN,378,NaN,189,NaN,378,NaN,0.8620682,0
s7_busy,fixed_packet,15,15,5,950,0.05,1,38,NaN,38,NaN,0,NaN,0,NaN,34676.8947368421,NaN,12427,NaN,22249.8947368421,NaN,34676.8947368421,NaN,25904.5,NaN,102459.8,NaN,104775,NaN,25904.5,NaN,102459.8,NaN,104775,NaN,3.05263157894737,NaN,103.263157894737,NaN,400.026315789474,NaN,20328.8684210526,NaN,302.684210526316,NaN,162,NaN,950,NaN,0,NaN,760,NaN,380,NaN,3800,NaN,1900,NaN,NaN,NaN,0.36408,NaN,16.00188,NaN,15.6378,NaN,0.36408,NaN,412.004801920768,NaN,1,NaN,0.646958982319578,NaN,0.334259259259259,NaN,125,NaN,71,NaN,2.86842105263158,NaN,12537,NaN,5292,NaN,12537,NaN,2583,NaN,6489,NaN,2.5315335,0
sf_cf,fixed_packet,15,15,6,1140,NaN,0,NaN,NaN,NaN,NaN,NaN,NaN,NaN,NaN,NaN,NaN,NaN,NaN,NaN,NaN,NaN,NaN,NaN,NaN,NaN,NaN,NaN,NaN,NaN,NaN,NaN,NaN,NaN,NaN,NaN,NaN,NaN,NaN,NaN,NaN,NaN,NaN,NaN,NaN,NaN,NaN,NaN,NaN,NaN,NaN,NaN,NaN,NaN,NaN,NaN,NaN,NaN,NaN,NaN,NaN,NaN,NaN,NaN,NaN,NaN,NaN,NaN,NaN,NaN,NaN,NaN,NaN,NaN,NaN,NaN,NaN,NaN,NaN,NaN,NaN,NaN,NaN,NaN,NaN,NaN,NaN,NaN,NaN,NaN,NaN,NaN,NaN,0.0178171,0
sf_cb,fixed_packet,15,15,6,1140,0.05,1,38,NaN,38,NaN,0,NaN,0,NaN,20149.4736842105,NaN,4455.65789473684,NaN,15693.8157894737,NaN,20149.4736842105,NaN,16622.5,NaN,50323,NaN,74800,NaN,16622.5,NaN,50323,NaN,74800,NaN,308.815789473684,NaN,0,NaN,6175,NaN,7800,NaN,80,NaN,190,NaN,1140,NaN,0,NaN,760,NaN,500,NaN,4560,NaN,3000,NaN,NaN,NaN,0.5908,NaN,10.953,NaN,10.3622,NaN,0.5908,NaN,269.195678271309,NaN,1,NaN,0.398119236738793,NaN,0.332446808510638,NaN,58,NaN,16,NaN,1.42105263157895,NaN,1330,NaN,1330,NaN,3040,NaN,1140,NaN,2470,NaN,0.0427005,0
sb_cf,fixed_packet,15,15,6,1140,NaN,0,NaN,NaN,NaN,NaN,NaN,NaN,NaN,NaN,NaN,NaN,NaN,NaN,NaN,NaN,NaN,NaN,NaN,NaN,NaN,NaN,NaN,NaN,NaN,NaN,NaN,NaN,NaN,NaN,NaN,NaN,NaN,NaN,NaN,NaN,NaN,NaN,NaN,NaN,NaN,NaN,NaN,NaN,NaN,NaN,NaN,NaN,NaN,NaN,NaN,NaN,NaN,NaN,NaN,NaN,NaN,NaN,NaN,NaN,NaN,NaN,NaN,NaN,NaN,NaN,NaN,NaN,NaN,NaN,NaN,NaN,NaN,NaN,NaN,NaN,NaN,NaN,NaN,NaN,NaN,NaN,NaN,NaN,NaN,NaN,NaN,NaN,0.0980744,0
sb_cb,fixed_packet,15,15,6,1140,0.05,0,38,NaN,11,NaN,27,NaN,27,NaN,NaN,NaN,NaN,NaN,NaN,NaN,10757.7272727273,NaN,NaN,NaN,NaN,NaN,NaN,NaN,4840,NaN,42750.75,NaN,43025,NaN,NaN,NaN,NaN,NaN,NaN,NaN,NaN,NaN,NaN,NaN,NaN,NaN,NaN,NaN,NaN,NaN,760,NaN,220,NaN,4560,NaN,1320,NaN,NaN,NaN,0.2431,NaN,14.2662,NaN,13.7643,NaN,0.5019,NaN,800.192076830733,NaN,0.289473684210526,NaN,NaN,NaN,0.275,NaN,4798,NaN,63,NaN,6.72727272727273,NaN,141580,NaN,93570,NaN,141580,NaN,22840,NaN,31140,NaN,34.6430475,0
s7_clean,fixed_packet,15,15,6,1140,0.05,1,38,NaN,38,NaN,0,NaN,0,NaN,7122.5,NaN,494.842105263158,NaN,6627.65789473684,NaN,7122.5,NaN,5025,NaN,19492.2,NaN,26313,NaN,5025,NaN,19492.2,NaN,26313,NaN,2.63157894736842,NaN,47.3684210526316,NaN,180.473684210526,NaN,5044.02631578947,NaN,51.1578947368421,NaN,162,NaN,1140,NaN,0,NaN,760,NaN,720,NaN,4560,NaN,4320,NaN,NaN,NaN,0.81242,NaN,5.28926,NaN,4.47684,NaN,0.81242,NaN,94.0216086434574,NaN,1,NaN,0.0234134831715592,NaN,0.490909090909091,NaN,54,NaN,12,NaN,1.31578947368421,NaN,756,NaN,378,NaN,756,NaN,378,NaN,756,NaN,1.1310493,0
s7_busy,fixed_packet,15,15,6,1140,NaN,0,NaN,NaN,NaN,NaN,NaN,NaN,NaN,NaN,NaN,NaN,NaN,NaN,NaN,NaN,NaN,NaN,NaN,NaN,NaN,NaN,NaN,NaN,NaN,NaN,NaN,NaN,NaN,NaN,NaN,NaN,NaN,NaN,NaN,NaN,NaN,NaN,NaN,NaN,NaN,NaN,NaN,NaN,NaN,NaN,NaN,NaN,NaN,NaN,NaN,NaN,NaN,NaN,NaN,NaN,NaN,NaN,NaN,NaN,NaN,NaN,NaN,NaN,NaN,NaN,NaN,NaN,NaN,NaN,NaN,NaN,NaN,NaN,NaN,NaN,NaN,NaN,NaN,NaN,NaN,NaN,NaN,NaN,NaN,NaN,NaN,NaN,0.5174062,0
sf_cf,fixed_packet,30,30,1,190,0.05,1,54,NaN,54,NaN,0,NaN,0,NaN,5019.35185185185,NaN,945.185185185185,NaN,4074.16666666667,NaN,5019.35185185185,NaN,4775,NaN,13060,NaN,20833,NaN,4775,NaN,13060,NaN,20833,NaN,84.1666666666667,NaN,0,NaN,3761.2962962963,NaN,0,NaN,38.7037037037037,NaN,0,NaN,190,NaN,0,NaN,1080,NaN,1000,NaN,1080,NaN,1000,NaN,NaN,NaN,0.19,NaN,5.0005,NaN,4.7763,NaN,0.2242,NaN,5.28211284513803,NaN,1,NaN,0.0840715928407159,NaN,0.459558823529412,NaN,70,NaN,11,NaN,1.2037037037037,NaN,950,NaN,950,NaN,2090,NaN,760,NaN,1710,NaN,0.1273591,0
sf_cb,fixed_packet,30,30,1,190,0.05,1,54,NaN,54,NaN,0,NaN,0,NaN,6388.05555555556,NaN,914.907407407407,NaN,5473.14814814815,NaN,6388.05555555556,NaN,4937.5,NaN,17598,NaN,21831.8,NaN,4937.5,NaN,17598,NaN,21831.8,NaN,121.481481481481,NaN,0,NaN,3979.44444444444,NaN,942.962962962963,NaN,49.2592592592593,NaN,190,NaN,190,NaN,0,NaN,1080,NaN,980,NaN,1080,NaN,980,NaN,NaN,NaN,0.1862,NaN,6.8567,NaN,6.6705,NaN,0.1862,NaN,-147.418967587035,NaN,1,NaN,0.00618373269940347,NaN,0.458206106870229,NaN,74,NaN,14,NaN,1.25925925925926,NaN,1330,NaN,1330,NaN,2850,NaN,1330,NaN,2850,NaN,0.1544191,0
sb_cf,fixed_packet,30,30,1,190,0.01,0,54,NaN,27,NaN,27,NaN,27,NaN,NaN,NaN,NaN,NaN,NaN,NaN,1223.7037037037,NaN,NaN,NaN,NaN,NaN,NaN,NaN,825,NaN,3617.49999999999,NaN,8080,NaN,NaN,NaN,NaN,NaN,NaN,NaN,NaN,NaN,NaN,NaN,NaN,NaN,NaN,NaN,NaN,NaN,1080,NaN,540,NaN,1080,NaN,540,NaN,NaN,NaN,0.1026,NaN,7.9431,NaN,6.4636,NaN,1.4795,NaN,858.967587034814,NaN,0.5,NaN,NaN,NaN,0.308898305084746,NaN,2677,NaN,20,NaN,1.74074074074074,NaN,502175,NaN,125030,NaN,502175,NaN,24850,NaN,68845,NaN,2.1779457,0
sb_cb,fixed_packet,30,30,1,190,0.05,1,54,NaN,54,NaN,0,NaN,0,NaN,654.444444444444,NaN,2.40740740740741,NaN,652.037037037037,NaN,654.444444444444,NaN,520,NaN,1597,NaN,2285.8,NaN,520,NaN,1597,NaN,2285.8,NaN,0,NaN,18.3333333333333,NaN,115.555555555556,NaN,100.833333333333,NaN,37.3148148148148,NaN,190,NaN,190,NaN,0,NaN,1080,NaN,1020,NaN,1080,NaN,1020,NaN,NaN,NaN,0.1938,NaN,0.6373,NaN,0.4397,NaN,0.1976,NaN,-8.93157262905163,NaN,1,NaN,0.109053820806528,NaN,0.44234693877551,NaN,73,NaN,12,NaN,1.22222222222222,NaN,410,NaN,390,NaN,410,NaN,290,NaN,310,NaN,2.6885999,0
s7_clean,fixed_packet,30,30,1,190,0.05,1,54,NaN,54,NaN,0,NaN,0,NaN,666.537037037037,NaN,7.5,NaN,659.037037037037,NaN,666.537037037037,NaN,592.5,NaN,1427.4,NaN,1963.56,NaN,592.5,NaN,1427.4,NaN,1963.56,NaN,4.03703703703704,NaN,36,NaN,141.833333333333,NaN,125.166666666667,NaN,0,NaN,162,NaN,190,NaN,0,NaN,1080,NaN,1020,NaN,1080,NaN,1020,NaN,NaN,NaN,0.19508,NaN,0.68008,NaN,0.485,NaN,0.19508,NaN,-1.15246098439377,NaN,1,NaN,0.058493118456652,NaN,0.44234693877551,NaN,59,NaN,0,NaN,1,NaN,0,NaN,0,NaN,0,NaN,0,NaN,0,NaN,1.4522058,0
s7_busy,fixed_packet,30,30,1,190,NaN,0,NaN,NaN,NaN,NaN,NaN,NaN,NaN,NaN,NaN,NaN,NaN,NaN,NaN,NaN,NaN,NaN,NaN,NaN,NaN,NaN,NaN,NaN,NaN,NaN,NaN,NaN,NaN,NaN,NaN,NaN,NaN,NaN,NaN,NaN,NaN,NaN,NaN,NaN,NaN,NaN,NaN,NaN,NaN,NaN,NaN,NaN,NaN,NaN,NaN,NaN,NaN,NaN,NaN,NaN,NaN,NaN,NaN,NaN,NaN,NaN,NaN,NaN,NaN,NaN,NaN,NaN,NaN,NaN,NaN,NaN,NaN,NaN,NaN,NaN,NaN,NaN,NaN,NaN,NaN,NaN,NaN,NaN,NaN,NaN,NaN,NaN,1.1204378,0
sf_cf,fixed_packet,30,30,2,380,NaN,0,NaN,NaN,NaN,NaN,NaN,NaN,NaN,NaN,NaN,NaN,NaN,NaN,NaN,NaN,NaN,NaN,NaN,NaN,NaN,NaN,NaN,NaN,NaN,NaN,NaN,NaN,NaN,NaN,NaN,NaN,NaN,NaN,NaN,NaN,NaN,NaN,NaN,NaN,NaN,NaN,NaN,NaN,NaN,NaN,NaN,NaN,NaN,NaN,NaN,NaN,NaN,NaN,NaN,NaN,NaN,NaN,NaN,NaN,NaN,NaN,NaN,NaN,NaN,NaN,NaN,NaN,NaN,NaN,NaN,NaN,NaN,NaN,NaN,NaN,NaN,NaN,NaN,NaN,NaN,NaN,NaN,NaN,NaN,NaN,NaN,NaN,0.0348572,0
sf_cb,fixed_packet,30,30,2,380,0.05,1,54,NaN,54,NaN,0,NaN,0,NaN,11827.6851851852,NaN,3683.88888888889,NaN,8143.7962962963,NaN,11827.6851851852,NaN,7810,NaN,29847,NaN,32031.4,NaN,7810,NaN,29847,NaN,32031.4,NaN,121.574074074074,NaN,0,NaN,5024.44444444444,NaN,2371.48148148148,NaN,56.2962962962963,NaN,190,NaN,380,NaN,0,NaN,1080,NaN,840,NaN,2160,NaN,1680,NaN,NaN,NaN,0.3192,NaN,10.6091,NaN,10.2899,NaN,0.3192,NaN,79.9039615846339,NaN,1,NaN,0.204051239030643,NaN,0.45,NaN,75,NaN,16,NaN,1.2962962962963,NaN,1520,NaN,1520,NaN,3040,NaN,1520,NaN,3040,NaN,0.0618727,0
sb_cf,fixed_packet,30,30,2,380,NaN,0,NaN,NaN,NaN,NaN,NaN,NaN,NaN,NaN,NaN,NaN,NaN,NaN,NaN,NaN,NaN,NaN,NaN,NaN,NaN,NaN,NaN,NaN,NaN,NaN,NaN,NaN,NaN,NaN,NaN,NaN,NaN,NaN,NaN,NaN,NaN,NaN,NaN,NaN,NaN,NaN,NaN,NaN,NaN,NaN,NaN,NaN,NaN,NaN,NaN,NaN,NaN,NaN,NaN,NaN,NaN,NaN,NaN,NaN,NaN,NaN,NaN,NaN,NaN,NaN,NaN,NaN,NaN,NaN,NaN,NaN,NaN,NaN,NaN,NaN,NaN,NaN,NaN,NaN,NaN,NaN,NaN,NaN,NaN,NaN,NaN,NaN,0.5055239,0
sb_cb,fixed_packet,30,30,2,380,0.025,1,54,NaN,54,NaN,0,NaN,0,NaN,1631.2037037037,NaN,34.4444444444444,NaN,1596.75925925926,NaN,1631.2037037037,NaN,1242.5,NaN,4515,NaN,6174,NaN,1242.5,NaN,4515,NaN,6174,NaN,0,NaN,25,NaN,340.740740740741,NaN,527.87037037037,NaN,133.148148148148,NaN,190,NaN,380,NaN,0,NaN,1080,NaN,1060,NaN,2160,NaN,2120,NaN,NaN,NaN,0.4008,NaN,1.736,NaN,1.3048,NaN,0.4312,NaN,-61.2725090036014,NaN,1,NaN,0.0148041474654377,NaN,0.458986928104575,NaN,97,NaN,36,NaN,1.66666666666667,NaN,2120,NaN,2005,NaN,2120,NaN,1945,NaN,2060,NaN,6.3329491,0
s7_clean,fixed_packet,30,30,2,380,0.05,1,54,NaN,54,NaN,0,NaN,0,NaN,1069.2037037037,NaN,33.6481481481481,NaN,1035.55555555556,NaN,1069.2037037037,NaN,874.5,NaN,2178.4,NaN,2463.68,NaN,874.5,NaN,2178.4,NaN,2463.68,NaN,4.05555555555556,NaN,37.3333333333333,NaN,166.833333333333,NaN,279.333333333333,NaN,6,NaN,162,NaN,380,NaN,0,NaN,1080,NaN,1040,NaN,2160,NaN,2080,NaN,NaN,NaN,0.39612,NaN,1.1071,NaN,0.71098,NaN,0.39612,NaN,-25.0660264105642,NaN,1,NaN,0.043031343148767,NaN,0.444736842105263,NaN,61,NaN,2,NaN,1.03703703703704,NaN,126,NaN,63,NaN,126,NaN,63,NaN,126,NaN,1.6120926,0
s7_busy,fixed_packet,30,30,2,380,NaN,0,NaN,NaN,NaN,NaN,NaN,NaN,NaN,NaN,NaN,NaN,NaN,NaN,NaN,NaN,NaN,NaN,NaN,NaN,NaN,NaN,NaN,NaN,NaN,NaN,NaN,NaN,NaN,NaN,NaN,NaN,NaN,NaN,NaN,NaN,NaN,NaN,NaN,NaN,NaN,NaN,NaN,NaN,NaN,NaN,NaN,NaN,NaN,NaN,NaN,NaN,NaN,NaN,NaN,NaN,NaN,NaN,NaN,NaN,NaN,NaN,NaN,NaN,NaN,NaN,NaN,NaN,NaN,NaN,NaN,NaN,NaN,NaN,NaN,NaN,NaN,NaN,NaN,NaN,NaN,NaN,NaN,NaN,NaN,NaN,NaN,NaN,0.8741508,0
sf_cf,fixed_packet,30,30,3,570,NaN,0,NaN,NaN,NaN,NaN,NaN,NaN,NaN,NaN,NaN,NaN,NaN,NaN,NaN,NaN,NaN,NaN,NaN,NaN,NaN,NaN,NaN,NaN,NaN,NaN,NaN,NaN,NaN,NaN,NaN,NaN,NaN,NaN,NaN,NaN,NaN,NaN,NaN,NaN,NaN,NaN,NaN,NaN,NaN,NaN,NaN,NaN,NaN,NaN,NaN,NaN,NaN,NaN,NaN,NaN,NaN,NaN,NaN,NaN,NaN,NaN,NaN,NaN,NaN,NaN,NaN,NaN,NaN,NaN,NaN,NaN,NaN,NaN,NaN,NaN,NaN,NaN,NaN,NaN,NaN,NaN,NaN,NaN,NaN,NaN,NaN,NaN,0.0318548,0
sf_cb,fixed_packet,30,30,3,570,0.05,1,54,NaN,54,NaN,0,NaN,0,NaN,14526.3888888889,NaN,5362.77777777778,NaN,9163.61111111111,NaN,14526.3888888889,NaN,9485,NaN,46149,NaN,52595.8,NaN,9485,NaN,46149,NaN,52595.8,NaN,156.203703703704,NaN,0,NaN,4679.62962962963,NaN,3472.77777777778,NaN,95,NaN,190,NaN,570,NaN,0,NaN,1080,NaN,740,NaN,3240,NaN,2220,NaN,NaN,NaN,0.4218,NaN,11.1153,NaN,10.6935,NaN,0.4218,NaN,254.597839135654,NaN,1,NaN,0.411432889800545,NaN,0.422530864197531,NaN,87,NaN,27,NaN,1.5,NaN,2470,NaN,2470,NaN,5320,NaN,1990,NaN,4170,NaN,0.070164,0
sb_cf,fixed_packet,30,30,3,570,NaN,0,NaN,NaN,NaN,NaN,NaN,NaN,NaN,NaN,NaN,NaN,NaN,NaN,NaN,NaN,NaN,NaN,NaN,NaN,NaN,NaN,NaN,NaN,NaN,NaN,NaN,NaN,NaN,NaN,NaN,NaN,NaN,NaN,NaN,NaN,NaN,NaN,NaN,NaN,NaN,NaN,NaN,NaN,NaN,NaN,NaN,NaN,NaN,NaN,NaN,NaN,NaN,NaN,NaN,NaN,NaN,NaN,NaN,NaN,NaN,NaN,NaN,NaN,NaN,NaN,NaN,NaN,NaN,NaN,NaN,NaN,NaN,NaN,NaN,NaN,NaN,NaN,NaN,NaN,NaN,NaN,NaN,NaN,NaN,NaN,NaN,NaN,0.6021255,0
sb_cb,fixed_packet,30,30,3,570,NaN,0,NaN,NaN,NaN,NaN,NaN,NaN,NaN,NaN,NaN,NaN,NaN,NaN,NaN,NaN,NaN,NaN,NaN,NaN,NaN,NaN,NaN,NaN,NaN,NaN,NaN,NaN,NaN,NaN,NaN,NaN,NaN,NaN,NaN,NaN,NaN,NaN,NaN,NaN,NaN,NaN,NaN,NaN,NaN,NaN,NaN,NaN,NaN,NaN,NaN,NaN,NaN,NaN,NaN,NaN,NaN,NaN,NaN,NaN,NaN,NaN,NaN,NaN,NaN,NaN,NaN,NaN,NaN,NaN,NaN,NaN,NaN,NaN,NaN,NaN,NaN,NaN,NaN,NaN,NaN,NaN,NaN,NaN,NaN,NaN,NaN,NaN,2.732539,0
s7_clean,fixed_packet,30,30,3,570,0.05,1,54,NaN,54,NaN,0,NaN,0,NaN,1540.03703703704,NaN,43.8703703703704,NaN,1496.16666666667,NaN,1540.03703703704,NaN,1345.5,NaN,3099.2,NaN,4286.28,NaN,1345.5,NaN,3099.2,NaN,4286.28,NaN,4,NaN,36,NaN,135.166666666667,NaN,589,NaN,0,NaN,162,NaN,570,NaN,0,NaN,1080,NaN,1040,NaN,3240,NaN,3120,NaN,NaN,NaN,0.59596,NaN,1.58776,NaN,0.9918,NaN,0.59596,NaN,-65.0180072028812,NaN,1,NaN,0.0475386708318636,NaN,0.456756756756757,NaN,59,NaN,0,NaN,1,NaN,0,NaN,0,NaN,0,NaN,0,NaN,0,NaN,1.1909481,0
s7_busy,fixed_packet,30,30,3,570,NaN,0,NaN,NaN,NaN,NaN,NaN,NaN,NaN,NaN,NaN,NaN,NaN,NaN,NaN,NaN,NaN,NaN,NaN,NaN,NaN,NaN,NaN,NaN,NaN,NaN,NaN,NaN,NaN,NaN,NaN,NaN,NaN,NaN,NaN,NaN,NaN,NaN,NaN,NaN,NaN,NaN,NaN,NaN,NaN,NaN,NaN,NaN,NaN,NaN,NaN,NaN,NaN,NaN,NaN,NaN,NaN,NaN,NaN,NaN,NaN,NaN,NaN,NaN,NaN,NaN,NaN,NaN,NaN,NaN,NaN,NaN,NaN,NaN,NaN,NaN,NaN,NaN,NaN,NaN,NaN,NaN,NaN,NaN,NaN,NaN,NaN,NaN,0.8727973,0
sf_cf,fixed_packet,30,30,4,760,NaN,0,NaN,NaN,NaN,NaN,NaN,NaN,NaN,NaN,NaN,NaN,NaN,NaN,NaN,NaN,NaN,NaN,NaN,NaN,NaN,NaN,NaN,NaN,NaN,NaN,NaN,NaN,NaN,NaN,NaN,NaN,NaN,NaN,NaN,NaN,NaN,NaN,NaN,NaN,NaN,NaN,NaN,NaN,NaN,NaN,NaN,NaN,NaN,NaN,NaN,NaN,NaN,NaN,NaN,NaN,NaN,NaN,NaN,NaN,NaN,NaN,NaN,NaN,NaN,NaN,NaN,NaN,NaN,NaN,NaN,NaN,NaN,NaN,NaN,NaN,NaN,NaN,NaN,NaN,NaN,NaN,NaN,NaN,NaN,NaN,NaN,NaN,0.0256608,0
sf_cb,fixed_packet,30,30,4,760,0.05,1,54,NaN,54,NaN,0,NaN,0,NaN,20177.1296296296,NaN,7617.96296296296,NaN,12559.1666666667,NaN,20177.1296296296,NaN,18420,NaN,50130,NaN,53578.6,NaN,18420,NaN,50130,NaN,53578.6,NaN,216.203703703704,NaN,0,NaN,5636.66666666667,NaN,5615.55555555556,NaN,140.740740740741,NaN,190,NaN,760,NaN,0,NaN,1080,NaN,660,NaN,4320,NaN,2640,NaN,NaN,NaN,0.511,NaN,13.6495,NaN,13.1385,NaN,0.511,NaN,332.773109243697,NaN,1,NaN,0.596490713945566,NaN,0.40634328358209,NaN,102,NaN,40,NaN,1.74074074074074,NaN,3420,NaN,3420,NaN,8170,NaN,2850,NaN,6650,NaN,0.1224852,0
sb_cf,fixed_packet,30,30,4,760,NaN,0,NaN,NaN,NaN,NaN,NaN,NaN,NaN,NaN,NaN,NaN,NaN,NaN,NaN,NaN,NaN,NaN,NaN,NaN,NaN,NaN,NaN,NaN,NaN,NaN,NaN,NaN,NaN,NaN,NaN,NaN,NaN,NaN,NaN,NaN,NaN,NaN,NaN,NaN,NaN,NaN,NaN,NaN,NaN,NaN,NaN,NaN,NaN,NaN,NaN,NaN,NaN,NaN,NaN,NaN,NaN,NaN,NaN,NaN,NaN,NaN,NaN,NaN,NaN,NaN,NaN,NaN,NaN,NaN,NaN,NaN,NaN,NaN,NaN,NaN,NaN,NaN,NaN,NaN,NaN,NaN,NaN,NaN,NaN,NaN,NaN,NaN,0.2382561,0
sb_cb,fixed_packet,30,30,4,760,0.01,1,54,NaN,54,NaN,0,NaN,0,NaN,37236.2037037037,NaN,10030.7407407407,NaN,27205.462962963,NaN,37236.2037037037,NaN,21332.5,NaN,95151,NaN,111167.6,NaN,21332.5,NaN,95151,NaN,111167.6,NaN,0,NaN,206.111111111111,NaN,6844.81481481481,NaN,16348.4259259259,NaN,2856.11111111111,NaN,190,NaN,760,NaN,0,NaN,1080,NaN,640,NaN,4320,NaN,2560,NaN,NaN,NaN,0.4857,NaN,10.8383,NaN,10.1882,NaN,0.6501,NaN,526.962785114046,NaN,1,NaN,2.71046197281862,NaN,0.376470588235294,NaN,748,NaN,688,NaN,13.7407407407407,NaN,49580,NaN,43970,NaN,49580,NaN,9800,NaN,10780,NaN,9.0087696,0
s7_clean,fixed_packet,30,30,4,760,0.05,1,54,NaN,54,NaN,0,NaN,0,NaN,5106.2037037037,NaN,770.425925925926,NaN,4335.77777777778,NaN,5106.2037037037,NaN,3846,NaN,14613.2,NaN,15687.64,NaN,3846,NaN,14613.2,NaN,15687.64,NaN,4.27777777777778,NaN,44,NaN,265.666666666667,NaN,3063.83333333333,NaN,36,NaN,162,NaN,760,NaN,0,NaN,1080,NaN,960,NaN,4320,NaN,3840,NaN,NaN,NaN,0.72358,NaN,4.82514,NaN,4.10156,NaN,0.72358,NaN,-32.8451380552221,NaN,1,NaN,0.142909843030461,NaN,0.48,NaN,71,NaN,12,NaN,1.22222222222222,NaN,756,NaN,378,NaN,756,NaN,378,NaN,756,NaN,1.4363344,0
s7_busy,fixed_packet,30,30,4,760,NaN,0,NaN,NaN,NaN,NaN,NaN,NaN,NaN,NaN,NaN,NaN,NaN,NaN,NaN,NaN,NaN,NaN,NaN,NaN,NaN,NaN,NaN,NaN,NaN,NaN,NaN,NaN,NaN,NaN,NaN,NaN,NaN,NaN,NaN,NaN,NaN,NaN,NaN,NaN,NaN,NaN,NaN,NaN,NaN,NaN,NaN,NaN,NaN,NaN,NaN,NaN,NaN,NaN,NaN,NaN,NaN,NaN,NaN,NaN,NaN,NaN,NaN,NaN,NaN,NaN,NaN,NaN,NaN,NaN,NaN,NaN,NaN,NaN,NaN,NaN,NaN,NaN,NaN,NaN,NaN,NaN,NaN,NaN,NaN,NaN,NaN,NaN,0.7517038,0
sf_cf,fixed_packet,30,30,5,950,NaN,0,NaN,NaN,NaN,NaN,NaN,NaN,NaN,NaN,NaN,NaN,NaN,NaN,NaN,NaN,NaN,NaN,NaN,NaN,NaN,NaN,NaN,NaN,NaN,NaN,NaN,NaN,NaN,NaN,NaN,NaN,NaN,NaN,NaN,NaN,NaN,NaN,NaN,NaN,NaN,NaN,NaN,NaN,NaN,NaN,NaN,NaN,NaN,NaN,NaN,NaN,NaN,NaN,NaN,NaN,NaN,NaN,NaN,NaN,NaN,NaN,NaN,NaN,NaN,NaN,NaN,NaN,NaN,NaN,NaN,NaN,NaN,NaN,NaN,NaN,NaN,NaN,NaN,NaN,NaN,NaN,NaN,NaN,NaN,NaN,NaN,NaN,0.0263384,0
sf_cb,fixed_packet,30,30,5,950,0.05,1,54,NaN,54,NaN,0,NaN,0,NaN,24920.0925925926,NaN,6763.7962962963,NaN,18156.2962962963,NaN,24920.0925925926,NaN,18630,NaN,69139,NaN,94749,NaN,18630,NaN,69139,NaN,94749,NaN,292.777777777778,NaN,0,NaN,6773.14814814815,NaN,9763.88888888889,NaN,186.481481481481,NaN,190,NaN,950,NaN,0,NaN,1080,NaN,620,NaN,5400,NaN,3100,NaN,NaN,NaN,0.5984,NaN,16.2497,NaN,15.6513,NaN,0.5984,NaN,266.794717887155,NaN,1,NaN,0.656258269383435,NaN,0.358582089552239,NaN,115,NaN,53,NaN,1.98148148148148,NaN,4560,NaN,4560,NaN,10640,NaN,3230,NaN,7220,NaN,0.0665025,0
sb_cf,fixed_packet,30,30,5,950,NaN,0,NaN,NaN,NaN,NaN,NaN,NaN,NaN,NaN,NaN,NaN,NaN,NaN,NaN,NaN,NaN,NaN,NaN,NaN,NaN,NaN,NaN,NaN,NaN,NaN,NaN,NaN,NaN,NaN,NaN,NaN,NaN,NaN,NaN,NaN,NaN,NaN,NaN,NaN,NaN,NaN,NaN,NaN,NaN,NaN,NaN,NaN,NaN,NaN,NaN,NaN,NaN,NaN,NaN,NaN,NaN,NaN,NaN,NaN,NaN,NaN,NaN,NaN,NaN,NaN,NaN,NaN,NaN,NaN,NaN,NaN,NaN,NaN,NaN,NaN,NaN,NaN,NaN,NaN,NaN,NaN,NaN,NaN,NaN,NaN,NaN,NaN,0.5519027,0
sb_cb,fixed_packet,30,30,5,950,NaN,0,NaN,NaN,NaN,NaN,NaN,NaN,NaN,NaN,NaN,NaN,NaN,NaN,NaN,NaN,NaN,NaN,NaN,NaN,NaN,NaN,NaN,NaN,NaN,NaN,NaN,NaN,NaN,NaN,NaN,NaN,NaN,NaN,NaN,NaN,NaN,NaN,NaN,NaN,NaN,NaN,NaN,NaN,NaN,NaN,NaN,NaN,NaN,NaN,NaN,NaN,NaN,NaN,NaN,NaN,NaN,NaN,NaN,NaN,NaN,NaN,NaN,NaN,NaN,NaN,NaN,NaN,NaN,NaN,NaN,NaN,NaN,NaN,NaN,NaN,NaN,NaN,NaN,NaN,NaN,NaN,NaN,NaN,NaN,NaN,NaN,NaN,2.9909842,0
s7_clean,fixed_packet,30,30,5,950,0.05,1,54,NaN,54,NaN,0,NaN,0,NaN,9525.03703703704,NaN,2234.37037037037,NaN,7290.66666666667,NaN,9525.03703703704,NaN,6622.5,NaN,27133.8,NaN,30348.96,NaN,6622.5,NaN,27133.8,NaN,30348.96,NaN,4,NaN,54.6666666666667,NaN,202.666666666667,NaN,5833.33333333333,NaN,84,NaN,162,NaN,950,NaN,0,NaN,1080,NaN,820,NaN,5400,NaN,4100,NaN,NaN,NaN,0.79486,NaN,7.71454,NaN,6.91968,NaN,0.79486,NaN,127.827130852341,NaN,1,NaN,0.333461230352036,NaN,0.472191011235955,NaN,87,NaN,28,NaN,1.51851851851852,NaN,1764,NaN,819,NaN,1764,NaN,504,NaN,1134,NaN,1.3582446,0
s7_busy,fixed_packet,30,30,5,950,NaN,0,NaN,NaN,NaN,NaN,NaN,NaN,NaN,NaN,NaN,NaN,NaN,NaN,NaN,NaN,NaN,NaN,NaN,NaN,NaN,NaN,NaN,NaN,NaN,NaN,NaN,NaN,NaN,NaN,NaN,NaN,NaN,NaN,NaN,NaN,NaN,NaN,NaN,NaN,NaN,NaN,NaN,NaN,NaN,NaN,NaN,NaN,NaN,NaN,NaN,NaN,NaN,NaN,NaN,NaN,NaN,NaN,NaN,NaN,NaN,NaN,NaN,NaN,NaN,NaN,NaN,NaN,NaN,NaN,NaN,NaN,NaN,NaN,NaN,NaN,NaN,NaN,NaN,NaN,NaN,NaN,NaN,NaN,NaN,NaN,NaN,NaN,0.7809755,0
sf_cf,fixed_packet,30,30,6,1140,NaN,0,NaN,NaN,NaN,NaN,NaN,NaN,NaN,NaN,NaN,NaN,NaN,NaN,NaN,NaN,NaN,NaN,NaN,NaN,NaN,NaN,NaN,NaN,NaN,NaN,NaN,NaN,NaN,NaN,NaN,NaN,NaN,NaN,NaN,NaN,NaN,NaN,NaN,NaN,NaN,NaN,NaN,NaN,NaN,NaN,NaN,NaN,NaN,NaN,NaN,NaN,NaN,NaN,NaN,NaN,NaN,NaN,NaN,NaN,NaN,NaN,NaN,NaN,NaN,NaN,NaN,NaN,NaN,NaN,NaN,NaN,NaN,NaN,NaN,NaN,NaN,NaN,NaN,NaN,NaN,NaN,NaN,NaN,NaN,NaN,NaN,NaN,0.0261907,0
sf_cb,fixed_packet,30,30,6,1140,NaN,0,NaN,NaN,NaN,NaN,NaN,NaN,NaN,NaN,NaN,NaN,NaN,NaN,NaN,NaN,NaN,NaN,NaN,NaN,NaN,NaN,NaN,NaN,NaN,NaN,NaN,NaN,NaN,NaN,NaN,NaN,NaN,NaN,NaN,NaN,NaN,NaN,NaN,NaN,NaN,NaN,NaN,NaN,NaN,NaN,NaN,NaN,NaN,NaN,NaN,NaN,NaN,NaN,NaN,NaN,NaN,NaN,NaN,NaN,NaN,NaN,NaN,NaN,NaN,NaN,NaN,NaN,NaN,NaN,NaN,NaN,NaN,NaN,NaN,NaN,NaN,NaN,NaN,NaN,NaN,NaN,NaN,NaN,NaN,NaN,NaN,NaN,0.0236047,0
sb_cf,fixed_packet,30,30,6,1140,NaN,0,NaN,NaN,NaN,NaN,NaN,NaN,NaN,NaN,NaN,NaN,NaN,NaN,NaN,NaN,NaN,NaN,NaN,NaN,NaN,NaN,NaN,NaN,NaN,NaN,NaN,NaN,NaN,NaN,NaN,NaN,NaN,NaN,NaN,NaN,NaN,NaN,NaN,NaN,NaN,NaN,NaN,NaN,NaN,NaN,NaN,NaN,NaN,NaN,NaN,NaN,NaN,NaN,NaN,NaN,NaN,NaN,NaN,NaN,NaN,NaN,NaN,NaN,NaN,NaN,NaN,NaN,NaN,NaN,NaN,NaN,NaN,NaN,NaN,NaN,NaN,NaN,NaN,NaN,NaN,NaN,NaN,NaN,NaN,NaN,NaN,NaN,0.3373169,0
sb_cb,fixed_packet,30,30,6,1140,NaN,0,NaN,NaN,NaN,NaN,NaN,NaN,NaN,NaN,NaN,NaN,NaN,NaN,NaN,NaN,NaN,NaN,NaN,NaN,NaN,NaN,NaN,NaN,NaN,NaN,NaN,NaN,NaN,NaN,NaN,NaN,NaN,NaN,NaN,NaN,NaN,NaN,NaN,NaN,NaN,NaN,NaN,NaN,NaN,NaN,NaN,NaN,NaN,NaN,NaN,NaN,NaN,NaN,NaN,NaN,NaN,NaN,NaN,NaN,NaN,NaN,NaN,NaN,NaN,NaN,NaN,NaN,NaN,NaN,NaN,NaN,NaN,NaN,NaN,NaN,NaN,NaN,NaN,NaN,NaN,NaN,NaN,NaN,NaN,NaN,NaN,NaN,2.8414695,0
s7_clean,fixed_packet,30,30,6,1140,0.05,1,54,NaN,54,NaN,0,NaN,0,NaN,16470.8703703704,NaN,3804.64814814815,NaN,12666.2222222222,NaN,16470.8703703704,NaN,14625.5,NaN,42353.6,NaN,46795.84,NaN,14625.5,NaN,42353.6,NaN,46795.84,NaN,3.72222222222222,NaN,58.6666666666667,NaN,284.333333333333,NaN,10915.5,NaN,102,NaN,162,NaN,1140,NaN,0,NaN,1080,NaN,720,NaN,6480,NaN,4320,NaN,NaN,NaN,0.8155,NaN,11.64814,NaN,10.83264,NaN,0.8155,NaN,235.294117647059,NaN,1,NaN,0.527157125515318,NaN,0.462857142857143,NaN,93,NaN,34,NaN,1.62962962962963,NaN,2142,NaN,1008,NaN,2142,NaN,567,NaN,1134,NaN,1.0032312,0
s7_busy,fixed_packet,30,30,6,1140,NaN,0,NaN,NaN,NaN,NaN,NaN,NaN,NaN,NaN,NaN,NaN,NaN,NaN,NaN,NaN,NaN,NaN,NaN,NaN,NaN,NaN,NaN,NaN,NaN,NaN,NaN,NaN,NaN,NaN,NaN,NaN,NaN,NaN,NaN,NaN,NaN,NaN,NaN,NaN,NaN,NaN,NaN,NaN,NaN,NaN,NaN,NaN,NaN,NaN,NaN,NaN,NaN,NaN,NaN,NaN,NaN,NaN,NaN,NaN,NaN,NaN,NaN,NaN,NaN,NaN,NaN,NaN,NaN,NaN,NaN,NaN,NaN,NaN,NaN,NaN,NaN,NaN,NaN,NaN,NaN,NaN,NaN,NaN,NaN,NaN,NaN,NaN,0.5728962,0
sf_cf,fixed_payload,5,5,1,190,0.05,1,13,NaN,13,NaN,0,NaN,0,NaN,4564.61538461538,NaN,0,NaN,4564.61538461538,NaN,4564.61538461538,NaN,3260,NaN,15066.5,NaN,16295,NaN,3260,NaN,15066.5,NaN,16295,NaN,92.3076923076923,NaN,0,NaN,4282.30769230769,NaN,0,NaN,0,NaN,0,NaN,190,NaN,0,NaN,260,NaN,240,NaN,260,NaN,240,NaN,NaN,NaN,0.0456,NaN,1.1126,NaN,1.067,NaN,0.0456,NaN,37.7430972388956,NaN,1,NaN,0.0666906345497032,NaN,0.257142857142857,NaN,14,NaN,0,NaN,1,NaN,0,NaN,0,NaN,0,NaN,0,NaN,0,NaN,0.0759547,0
sf_cb,fixed_payload,5,5,1,190,0.05,1,13,NaN,13,NaN,0,NaN,0,NaN,7414.61538461538,NaN,658.461538461538,NaN,6756.15384615385,NaN,7414.61538461538,NaN,7120,NaN,17673.5,NaN,18410,NaN,7120,NaN,17673.5,NaN,18410,NaN,91.5384615384615,NaN,0,NaN,5846.15384615385,NaN,350.769230769231,NaN,87.6923076923077,NaN,190,NaN,190,NaN,0,NaN,260,NaN,260,NaN,260,NaN,260,NaN,NaN,NaN,0.0494,NaN,1.9278,NaN,1.8784,NaN,0.0494,NaN,55.1260504201681,NaN,1,NaN,0,NaN,0.281666666666667,NaN,20,NaN,6,NaN,1.46153846153846,NaN,570,NaN,570,NaN,1140,NaN,570,NaN,1140,NaN,0.088533,0
sb_cf,fixed_payload,5,5,1,190,0.05,1,13,NaN,13,NaN,0,NaN,0,NaN,315.384615384615,NaN,0,NaN,315.384615384615,NaN,315.384615384615,NaN,265,NaN,486.75,NaN,495,NaN,265,NaN,486.75,NaN,495,NaN,0,NaN,15,NaN,110.384615384615,NaN,0,NaN,0,NaN,0,NaN,190,NaN,0,NaN,260,NaN,260,NaN,260,NaN,260,NaN,NaN,NaN,0.0494,NaN,0.082,NaN,0.0326,NaN,0.0494,NaN,-1.92076830732293,NaN,1,NaN,1.69241314729445e-16,NaN,0.281666666666667,NaN,14,NaN,0,NaN,1,NaN,0,NaN,0,NaN,0,NaN,0,NaN,0,NaN,0.2616917,0
sb_cb,fixed_payload,5,5,1,190,0.05,1,13,NaN,13,NaN,0,NaN,0,NaN,534.230769230769,NaN,0,NaN,534.230769230769,NaN,534.230769230769,NaN,475,NaN,1108,NaN,1195,NaN,475,NaN,1108,NaN,1195,NaN,0,NaN,16.1538461538462,NaN,123.846153846154,NaN,0,NaN,14.2307692307692,NaN,190,NaN,190,NaN,0,NaN,260,NaN,260,NaN,260,NaN,260,NaN,NaN,NaN,0.0494,NaN,0.1389,NaN,0.0895,NaN,0.0494,NaN,-4.3217286914766,NaN,1,NaN,0,NaN,0.281666666666667,NaN,15,NaN,1,NaN,1.07692307692308,NaN,20,NaN,20,NaN,20,NaN,20,NaN,20,NaN,1.4938275,0
s7_clean,fixed_payload,5,5,1,190,0.05,1,13,NaN,13,NaN,0,NaN,0,NaN,582,NaN,0,NaN,582,NaN,582,NaN,549,NaN,954.5,NaN,983,NaN,549,NaN,954.5,NaN,983,NaN,3.61538461538462,NaN,36,NaN,162.692307692308,NaN,27.6923076923077,NaN,0,NaN,162,NaN,190,NaN,0,NaN,260,NaN,260,NaN,260,NaN,260,NaN,NaN,NaN,0.0494,NaN,0.15132,NaN,0.10192,NaN,0.0494,NaN,-1.92076830732293,NaN,1,NaN,1.83423047948909e-16,NaN,0.281666666666667,NaN,14,NaN,0,NaN,1,NaN,0,NaN,0,NaN,0,NaN,0,NaN,0,NaN,0.44312,0
s7_busy,fixed_payload,5,5,1,190,0.05,1,13,NaN,13,NaN,0,NaN,0,NaN,5849.76923076923,NaN,0,NaN,5849.76923076923,NaN,5849.76923076923,NaN,2331,NaN,24608.6,NaN,25814,NaN,2331,NaN,24608.6,NaN,25814,NaN,3.61538461538462,NaN,63.6923076923077,NaN,310.846153846154,NaN,4995,NaN,124.615384615385,NaN,162,NaN,190,NaN,0,NaN,260,NaN,240,NaN,260,NaN,240,NaN,NaN,NaN,0.0456,NaN,1.41708,NaN,1.37148,NaN,0.0456,NaN,31.1164465786315,NaN,1,NaN,0.0732915572868152,NaN,0.257142857142857,NaN,24,NaN,10,NaN,1.76923076923077,NaN,6363,NaN,2961,NaN,6363,NaN,2583,NaN,5544,NaN,3.116607,0
sf_cf,fixed_payload,5,2.5,2,380,0.025,1,7,NaN,7,NaN,0,NaN,0,NaN,12545.7142857143,NaN,0,NaN,12545.7142857143,NaN,12545.7142857143,NaN,14280,NaN,25250,NaN,25250,NaN,14280,NaN,25250,NaN,25250,NaN,168.571428571429,NaN,0,NaN,11997.1428571429,NaN,0,NaN,0,NaN,0,NaN,380,NaN,0,NaN,140,NaN,140,NaN,280,NaN,280,NaN,NaN,NaN,0.0532,NaN,1.7564,NaN,1.7032,NaN,0.0532,NaN,-35.3421368547419,NaN,1,NaN,0,NaN,0.175,NaN,7,NaN,0,NaN,1,NaN,0,NaN,0,NaN,0,NaN,0,NaN,0,NaN,0.0434395,0
sf_cb,fixed_payload,5,2.5,2,380,0.01,1,7,NaN,7,NaN,0,NaN,0,NaN,16454.2857142857,NaN,0,NaN,16454.2857142857,NaN,16454.2857142857,NaN,10765,NaN,45665,NaN,45665,NaN,10765,NaN,45665,NaN,45665,NaN,114.285714285714,NaN,0,NaN,15498.5714285714,NaN,271.428571428571,NaN,0,NaN,190,NaN,380,NaN,0,NaN,140,NaN,100,NaN,280,NaN,200,NaN,NaN,NaN,0.038,NaN,1.5282,NaN,1.4902,NaN,0.038,NaN,14.7899159663866,NaN,1,NaN,0.507394320115168,NaN,0.125,NaN,7,NaN,0,NaN,1,NaN,0,NaN,0,NaN,0,NaN,0,NaN,0,NaN,0.0456032,0
sb_cf,fixed_payload,5,2.5,2,380,0.05,1,7,NaN,7,NaN,0,NaN,0,NaN,443.571428571429,NaN,0,NaN,443.571428571429,NaN,443.571428571429,NaN,415,NaN,615,NaN,615,NaN,415,NaN,615,NaN,615,NaN,0,NaN,15,NaN,48.5714285714286,NaN,0,NaN,0,NaN,0,NaN,380,NaN,0,NaN,140,NaN,140,NaN,280,NaN,280,NaN,NaN,NaN,0.0532,NaN,0.0621,NaN,0.00890000000000001,NaN,0.0532,NaN,1.4405762304922,NaN,1,NaN,1.11737421963079e-16,NaN,0.175,NaN,7,NaN,0,NaN,1,NaN,0,NaN,0,NaN,0,NaN,0,NaN,0,NaN,0.1703417,0
sb_cb,fixed_payload,5,2.5,2,380,0.05,1,7,NaN,7,NaN,0,NaN,0,NaN,680.714285714286,NaN,0,NaN,680.714285714286,NaN,680.714285714286,NaN,670,NaN,745,NaN,745,NaN,670,NaN,745,NaN,745,NaN,0,NaN,15,NaN,95.7142857142857,NaN,0,NaN,0,NaN,190,NaN,380,NaN,0,NaN,140,NaN,140,NaN,280,NaN,280,NaN,NaN,NaN,0.0532,NaN,0.0953,NaN,0.0421,NaN,0.0532,NaN,3.45738295318127,NaN,1,NaN,0,NaN,0.175,NaN,7,NaN,0,NaN,1,NaN,0,NaN,0,NaN,0,NaN,0,NaN,0,NaN,0.7264484,0
s7_clean,fixed_payload,5,2.5,2,380,0.05,1,7,NaN,7,NaN,0,NaN,0,NaN,619.571428571429,NaN,0,NaN,619.571428571429,NaN,619.571428571429,NaN,603,NaN,670,NaN,670,NaN,603,NaN,670,NaN,670,NaN,4.28571428571429,NaN,36,NaN,37.2857142857143,NaN,0,NaN,0,NaN,162,NaN,380,NaN,0,NaN,140,NaN,140,NaN,280,NaN,280,NaN,NaN,NaN,0.0532,NaN,0.08674,NaN,0.03354,NaN,0.0532,NaN,1.72869147659063,NaN,1,NaN,0,NaN,0.175,NaN,7,NaN,0,NaN,1,NaN,0,NaN,0,NaN,0,NaN,0,NaN,0,NaN,0.4707863,0
s7_busy,fixed_payload,5,2.5,2,380,0.05,1,7,NaN,7,NaN,0,NaN,0,NaN,2819.42857142857,NaN,0,NaN,2819.42857142857,NaN,2819.42857142857,NaN,2159,NaN,6411,NaN,6411,NaN,2159,NaN,6411,NaN,6411,NaN,4.28571428571429,NaN,41.1428571428571,NaN,96.4285714285714,NaN,2112.42857142857,NaN,23.1428571428571,NaN,162,NaN,380,NaN,0,NaN,140,NaN,140,NaN,280,NaN,280,NaN,NaN,NaN,0.0532,NaN,0.39472,NaN,0.34152,NaN,0.0532,NaN,43.9855942376951,NaN,1,NaN,1.40634250180528e-16,NaN,0.175,NaN,8,NaN,1,NaN,1.14285714285714,NaN,4095,NaN,1890,NaN,4095,NaN,1638,NaN,3591,NaN,2.2726574,0
sf_cf,fixed_payload,5,1.66666666666667,3,570,0.05,1,5,NaN,5,NaN,0,NaN,0,NaN,5363,NaN,0,NaN,5363,NaN,5363,NaN,2045,NaN,17270,NaN,17270,NaN,2045,NaN,17270,NaN,17270,NaN,347,NaN,0,NaN,4446,NaN,0,NaN,0,NaN,0,NaN,570,NaN,0,NaN,100,NaN,100,NaN,300,NaN,300,NaN,NaN,NaN,0.057,NaN,0.5363,NaN,0.4793,NaN,0.057,NaN,-52.6290516206483,NaN,1,NaN,2.07015294541331e-16,NaN,0.125,NaN,5,NaN,0,NaN,1,NaN,0,NaN,0,NaN,0,NaN,0,NaN,0,NaN,0.0844612,0
sf_cb,fixed_payload,5,1.66666666666667,3,570,0.05,1,5,NaN,5,NaN,0,NaN,0,NaN,3045,NaN,0,NaN,3045,NaN,3045,NaN,2405,NaN,6170,NaN,6170,NaN,2405,NaN,6170,NaN,6170,NaN,119,NaN,0,NaN,1938,NaN,228,NaN,0,NaN,190,NaN,570,NaN,0,NaN,100,NaN,100,NaN,300,NaN,300,NaN,NaN,NaN,0.057,NaN,0.3045,NaN,0.2475,NaN,0.057,NaN,28.5234093637455,NaN,1,NaN,1.82302631301339e-16,NaN,0.125,NaN,5,NaN,0,NaN,1,NaN,0,NaN,0,NaN,0,NaN,0,NaN,0,NaN,0.0330649,0
sb_cf,fixed_payload,5,1.66666666666667,3,570,0.01,1,5,NaN,5,NaN,0,NaN,0,NaN,1040,NaN,0,NaN,1040,NaN,1040,NaN,985,NaN,1540,NaN,1540,NaN,985,NaN,1540,NaN,1540,NaN,0,NaN,15,NaN,455,NaN,0,NaN,0,NaN,0,NaN,570,NaN,0,NaN,100,NaN,100,NaN,300,NaN,300,NaN,NaN,NaN,0.057,NaN,0.104,NaN,0.047,NaN,0.057,NaN,3.937575030012,NaN,1,NaN,1.33440267382831e-16,NaN,0.125,NaN,5,NaN,0,NaN,1,NaN,0,NaN,0,NaN,0,NaN,0,NaN,0,NaN,0.1938988,0
sb_cb,fixed_payload,5,1.66666666666667,3,570,0.025,1,5,NaN,5,NaN,0,NaN,0,NaN,869,NaN,0,NaN,869,NaN,869,NaN,850,NaN,945,NaN,945,NaN,850,NaN,945,NaN,945,NaN,0,NaN,15,NaN,94,NaN,0,NaN,0,NaN,190,NaN,570,NaN,0,NaN,100,NaN,100,NaN,300,NaN,300,NaN,NaN,NaN,0.057,NaN,0.0869,NaN,0.0299,NaN,0.057,NaN,3.45738295318127,NaN,1,NaN,0,NaN,0.125,NaN,5,NaN,0,NaN,1,NaN,0,NaN,0,NaN,0,NaN,0,NaN,0,NaN,0.9139461,0
s7_clean,fixed_payload,5,1.66666666666667,3,570,0.05,1,5,NaN,5,NaN,0,NaN,0,NaN,847.4,NaN,0,NaN,847.4,NaN,847.4,NaN,841,NaN,901,NaN,901,NaN,841,NaN,901,NaN,901,NaN,3.8,NaN,36,NaN,75.6,NaN,0,NaN,0,NaN,162,NaN,570,NaN,0,NaN,100,NaN,100,NaN,300,NaN,300,NaN,NaN,NaN,0.057,NaN,0.08474,NaN,0.02774,NaN,0.057,NaN,3.45738295318127,NaN,1,NaN,1.63769032426416e-16,NaN,0.125,NaN,5,NaN,0,NaN,1,NaN,0,NaN,0,NaN,0,NaN,0,NaN,0,NaN,0.350792,0
s7_busy,fixed_payload,5,1.66666666666667,3,570,NaN,0,NaN,NaN,NaN,NaN,NaN,NaN,NaN,NaN,NaN,NaN,NaN,NaN,NaN,NaN,NaN,NaN,NaN,NaN,NaN,NaN,NaN,NaN,NaN,NaN,NaN,NaN,NaN,NaN,NaN,NaN,NaN,NaN,NaN,NaN,NaN,NaN,NaN,NaN,NaN,NaN,NaN,NaN,NaN,NaN,NaN,NaN,NaN,NaN,NaN,NaN,NaN,NaN,NaN,NaN,NaN,NaN,NaN,NaN,NaN,NaN,NaN,NaN,NaN,NaN,NaN,NaN,NaN,NaN,NaN,NaN,NaN,NaN,NaN,NaN,NaN,NaN,NaN,NaN,NaN,NaN,NaN,NaN,NaN,NaN,NaN,NaN,0.4221583,0
sf_cf,fixed_payload,5,1.25,4,760,NaN,0,NaN,NaN,NaN,NaN,NaN,NaN,NaN,NaN,NaN,NaN,NaN,NaN,NaN,NaN,NaN,NaN,NaN,NaN,NaN,NaN,NaN,NaN,NaN,NaN,NaN,NaN,NaN,NaN,NaN,NaN,NaN,NaN,NaN,NaN,NaN,NaN,NaN,NaN,NaN,NaN,NaN,NaN,NaN,NaN,NaN,NaN,NaN,NaN,NaN,NaN,NaN,NaN,NaN,NaN,NaN,NaN,NaN,NaN,NaN,NaN,NaN,NaN,NaN,NaN,NaN,NaN,NaN,NaN,NaN,NaN,NaN,NaN,NaN,NaN,NaN,NaN,NaN,NaN,NaN,NaN,NaN,NaN,NaN,NaN,NaN,NaN,0.1023182,0
sf_cb,fixed_payload,5,1.25,4,760,NaN,0,NaN,NaN,NaN,NaN,NaN,NaN,NaN,NaN,NaN,NaN,NaN,NaN,NaN,NaN,NaN,NaN,NaN,NaN,NaN,NaN,NaN,NaN,NaN,NaN,NaN,NaN,NaN,NaN,NaN,NaN,NaN,NaN,NaN,NaN,NaN,NaN,NaN,NaN,NaN,NaN,NaN,NaN,NaN,NaN,NaN,NaN,NaN,NaN,NaN,NaN,NaN,NaN,NaN,NaN,NaN,NaN,NaN,NaN,NaN,NaN,NaN,NaN,NaN,NaN,NaN,NaN,NaN,NaN,NaN,NaN,NaN,NaN,NaN,NaN,NaN,NaN,NaN,NaN,NaN,NaN,NaN,NaN,NaN,NaN,NaN,NaN,0.0334656,0
sb_cf,fixed_payload,5,1.25,4,760,NaN,0,NaN,NaN,NaN,NaN,NaN,NaN,NaN,NaN,NaN,NaN,NaN,NaN,NaN,NaN,NaN,NaN,NaN,NaN,NaN,NaN,NaN,NaN,NaN,NaN,NaN,NaN,NaN,NaN,NaN,NaN,NaN,NaN,NaN,NaN,NaN,NaN,NaN,NaN,NaN,NaN,NaN,NaN,NaN,NaN,NaN,NaN,NaN,NaN,NaN,NaN,NaN,NaN,NaN,NaN,NaN,NaN,NaN,NaN,NaN,NaN,NaN,NaN,NaN,NaN,NaN,NaN,NaN,NaN,NaN,NaN,NaN,NaN,NaN,NaN,NaN,NaN,NaN,NaN,NaN,NaN,NaN,NaN,NaN,NaN,NaN,NaN,0.1392101,0
sb_cb,fixed_payload,5,1.25,4,760,NaN,0,NaN,NaN,NaN,NaN,NaN,NaN,NaN,NaN,NaN,NaN,NaN,NaN,NaN,NaN,NaN,NaN,NaN,NaN,NaN,NaN,NaN,NaN,NaN,NaN,NaN,NaN,NaN,NaN,NaN,NaN,NaN,NaN,NaN,NaN,NaN,NaN,NaN,NaN,NaN,NaN,NaN,NaN,NaN,NaN,NaN,NaN,NaN,NaN,NaN,NaN,NaN,NaN,NaN,NaN,NaN,NaN,NaN,NaN,NaN,NaN,NaN,NaN,NaN,NaN,NaN,NaN,NaN,NaN,NaN,NaN,NaN,NaN,NaN,NaN,NaN,NaN,NaN,NaN,NaN,NaN,NaN,NaN,NaN,NaN,NaN,NaN,0.1588221,0
s7_clean,fixed_payload,5,1.25,4,760,NaN,0,NaN,NaN,NaN,NaN,NaN,NaN,NaN,NaN,NaN,NaN,NaN,NaN,NaN,NaN,NaN,NaN,NaN,NaN,NaN,NaN,NaN,NaN,NaN,NaN,NaN,NaN,NaN,NaN,NaN,NaN,NaN,NaN,NaN,NaN,NaN,NaN,NaN,NaN,NaN,NaN,NaN,NaN,NaN,NaN,NaN,NaN,NaN,NaN,NaN,NaN,NaN,NaN,NaN,NaN,NaN,NaN,NaN,NaN,NaN,NaN,NaN,NaN,NaN,NaN,NaN,NaN,NaN,NaN,NaN,NaN,NaN,NaN,NaN,NaN,NaN,NaN,NaN,NaN,NaN,NaN,NaN,NaN,NaN,NaN,NaN,NaN,0.0673303,0
s7_busy,fixed_payload,5,1.25,4,760,NaN,0,NaN,NaN,NaN,NaN,NaN,NaN,NaN,NaN,NaN,NaN,NaN,NaN,NaN,NaN,NaN,NaN,NaN,NaN,NaN,NaN,NaN,NaN,NaN,NaN,NaN,NaN,NaN,NaN,NaN,NaN,NaN,NaN,NaN,NaN,NaN,NaN,NaN,NaN,NaN,NaN,NaN,NaN,NaN,NaN,NaN,NaN,NaN,NaN,NaN,NaN,NaN,NaN,NaN,NaN,NaN,NaN,NaN,NaN,NaN,NaN,NaN,NaN,NaN,NaN,NaN,NaN,NaN,NaN,NaN,NaN,NaN,NaN,NaN,NaN,NaN,NaN,NaN,NaN,NaN,NaN,NaN,NaN,NaN,NaN,NaN,NaN,0.3626931,0
sf_cf,fixed_payload,5,1,5,950,NaN,0,NaN,NaN,NaN,NaN,NaN,NaN,NaN,NaN,NaN,NaN,NaN,NaN,NaN,NaN,NaN,NaN,NaN,NaN,NaN,NaN,NaN,NaN,NaN,NaN,NaN,NaN,NaN,NaN,NaN,NaN,NaN,NaN,NaN,NaN,NaN,NaN,NaN,NaN,NaN,NaN,NaN,NaN,NaN,NaN,NaN,NaN,NaN,NaN,NaN,NaN,NaN,NaN,NaN,NaN,NaN,NaN,NaN,NaN,NaN,NaN,NaN,NaN,NaN,NaN,NaN,NaN,NaN,NaN,NaN,NaN,NaN,NaN,NaN,NaN,NaN,NaN,NaN,NaN,NaN,NaN,NaN,NaN,NaN,NaN,NaN,NaN,0.020358,0
sf_cb,fixed_payload,5,1,5,950,NaN,0,NaN,NaN,NaN,NaN,NaN,NaN,NaN,NaN,NaN,NaN,NaN,NaN,NaN,NaN,NaN,NaN,NaN,NaN,NaN,NaN,NaN,NaN,NaN,NaN,NaN,NaN,NaN,NaN,NaN,NaN,NaN,NaN,NaN,NaN,NaN,NaN,NaN,NaN,NaN,NaN,NaN,NaN,NaN,NaN,NaN,NaN,NaN,NaN,NaN,NaN,NaN,NaN,NaN,NaN,NaN,NaN,NaN,NaN,NaN,NaN,NaN,NaN,NaN,NaN,NaN,NaN,NaN,NaN,NaN,NaN,NaN,NaN,NaN,NaN,NaN,NaN,NaN,NaN,NaN,NaN,NaN,NaN,NaN,NaN,NaN,NaN,0.0183007,0
sb_cf,fixed_payload,5,1,5,950,NaN,0,NaN,NaN,NaN,NaN,NaN,NaN,NaN,NaN,NaN,NaN,NaN,NaN,NaN,NaN,NaN,NaN,NaN,NaN,NaN,NaN,NaN,NaN,NaN,NaN,NaN,NaN,NaN,NaN,NaN,NaN,NaN,NaN,NaN,NaN,NaN,NaN,NaN,NaN,NaN,NaN,NaN,NaN,NaN,NaN,NaN,NaN,NaN,NaN,NaN,NaN,NaN,NaN,NaN,NaN,NaN,NaN,NaN,NaN,NaN,NaN,NaN,NaN,NaN,NaN,NaN,NaN,NaN,NaN,NaN,NaN,NaN,NaN,NaN,NaN,NaN,NaN,NaN,NaN,NaN,NaN,NaN,NaN,NaN,NaN,NaN,NaN,0.1111896,0
sb_cb,fixed_payload,5,1,5,950,NaN,0,NaN,NaN,NaN,NaN,NaN,NaN,NaN,NaN,NaN,NaN,NaN,NaN,NaN,NaN,NaN,NaN,NaN,NaN,NaN,NaN,NaN,NaN,NaN,NaN,NaN,NaN,NaN,NaN,NaN,NaN,NaN,NaN,NaN,NaN,NaN,NaN,NaN,NaN,NaN,NaN,NaN,NaN,NaN,NaN,NaN,NaN,NaN,NaN,NaN,NaN,NaN,NaN,NaN,NaN,NaN,NaN,NaN,NaN,NaN,NaN,NaN,NaN,NaN,NaN,NaN,NaN,NaN,NaN,NaN,NaN,NaN,NaN,NaN,NaN,NaN,NaN,NaN,NaN,NaN,NaN,NaN,NaN,NaN,NaN,NaN,NaN,0.0867897,0
s7_clean,fixed_payload,5,1,5,950,NaN,0,NaN,NaN,NaN,NaN,NaN,NaN,NaN,NaN,NaN,NaN,NaN,NaN,NaN,NaN,NaN,NaN,NaN,NaN,NaN,NaN,NaN,NaN,NaN,NaN,NaN,NaN,NaN,NaN,NaN,NaN,NaN,NaN,NaN,NaN,NaN,NaN,NaN,NaN,NaN,NaN,NaN,NaN,NaN,NaN,NaN,NaN,NaN,NaN,NaN,NaN,NaN,NaN,NaN,NaN,NaN,NaN,NaN,NaN,NaN,NaN,NaN,NaN,NaN,NaN,NaN,NaN,NaN,NaN,NaN,NaN,NaN,NaN,NaN,NaN,NaN,NaN,NaN,NaN,NaN,NaN,NaN,NaN,NaN,NaN,NaN,NaN,0.0384551,0
s7_busy,fixed_payload,5,1,5,950,NaN,0,NaN,NaN,NaN,NaN,NaN,NaN,NaN,NaN,NaN,NaN,NaN,NaN,NaN,NaN,NaN,NaN,NaN,NaN,NaN,NaN,NaN,NaN,NaN,NaN,NaN,NaN,NaN,NaN,NaN,NaN,NaN,NaN,NaN,NaN,NaN,NaN,NaN,NaN,NaN,NaN,NaN,NaN,NaN,NaN,NaN,NaN,NaN,NaN,NaN,NaN,NaN,NaN,NaN,NaN,NaN,NaN,NaN,NaN,NaN,NaN,NaN,NaN,NaN,NaN,NaN,NaN,NaN,NaN,NaN,NaN,NaN,NaN,NaN,NaN,NaN,NaN,NaN,NaN,NaN,NaN,NaN,NaN,NaN,NaN,NaN,NaN,0.0601006,0
sf_cf,fixed_payload,5,0.833333333333333,6,1140,NaN,0,NaN,NaN,NaN,NaN,NaN,NaN,NaN,NaN,NaN,NaN,NaN,NaN,NaN,NaN,NaN,NaN,NaN,NaN,NaN,NaN,NaN,NaN,NaN,NaN,NaN,NaN,NaN,NaN,NaN,NaN,NaN,NaN,NaN,NaN,NaN,NaN,NaN,NaN,NaN,NaN,NaN,NaN,NaN,NaN,NaN,NaN,NaN,NaN,NaN,NaN,NaN,NaN,NaN,NaN,NaN,NaN,NaN,NaN,NaN,NaN,NaN,NaN,NaN,NaN,NaN,NaN,NaN,NaN,NaN,NaN,NaN,NaN,NaN,NaN,NaN,NaN,NaN,NaN,NaN,NaN,NaN,NaN,NaN,NaN,NaN,NaN,0.0281006,0
sf_cb,fixed_payload,5,0.833333333333333,6,1140,NaN,0,NaN,NaN,NaN,NaN,NaN,NaN,NaN,NaN,NaN,NaN,NaN,NaN,NaN,NaN,NaN,NaN,NaN,NaN,NaN,NaN,NaN,NaN,NaN,NaN,NaN,NaN,NaN,NaN,NaN,NaN,NaN,NaN,NaN,NaN,NaN,NaN,NaN,NaN,NaN,NaN,NaN,NaN,NaN,NaN,NaN,NaN,NaN,NaN,NaN,NaN,NaN,NaN,NaN,NaN,NaN,NaN,NaN,NaN,NaN,NaN,NaN,NaN,NaN,NaN,NaN,NaN,NaN,NaN,NaN,NaN,NaN,NaN,NaN,NaN,NaN,NaN,NaN,NaN,NaN,NaN,NaN,NaN,NaN,NaN,NaN,NaN,0.018246,0
sb_cf,fixed_payload,5,0.833333333333333,6,1140,NaN,0,NaN,NaN,NaN,NaN,NaN,NaN,NaN,NaN,NaN,NaN,NaN,NaN,NaN,NaN,NaN,NaN,NaN,NaN,NaN,NaN,NaN,NaN,NaN,NaN,NaN,NaN,NaN,NaN,NaN,NaN,NaN,NaN,NaN,NaN,NaN,NaN,NaN,NaN,NaN,NaN,NaN,NaN,NaN,NaN,NaN,NaN,NaN,NaN,NaN,NaN,NaN,NaN,NaN,NaN,NaN,NaN,NaN,NaN,NaN,NaN,NaN,NaN,NaN,NaN,NaN,NaN,NaN,NaN,NaN,NaN,NaN,NaN,NaN,NaN,NaN,NaN,NaN,NaN,NaN,NaN,NaN,NaN,NaN,NaN,NaN,NaN,0.1266243,0
sb_cb,fixed_payload,5,0.833333333333333,6,1140,NaN,0,NaN,NaN,NaN,NaN,NaN,NaN,NaN,NaN,NaN,NaN,NaN,NaN,NaN,NaN,NaN,NaN,NaN,NaN,NaN,NaN,NaN,NaN,NaN,NaN,NaN,NaN,NaN,NaN,NaN,NaN,NaN,NaN,NaN,NaN,NaN,NaN,NaN,NaN,NaN,NaN,NaN,NaN,NaN,NaN,NaN,NaN,NaN,NaN,NaN,NaN,NaN,NaN,NaN,NaN,NaN,NaN,NaN,NaN,NaN,NaN,NaN,NaN,NaN,NaN,NaN,NaN,NaN,NaN,NaN,NaN,NaN,NaN,NaN,NaN,NaN,NaN,NaN,NaN,NaN,NaN,NaN,NaN,NaN,NaN,NaN,NaN,0.102488,0
s7_clean,fixed_payload,5,0.833333333333333,6,1140,NaN,0,NaN,NaN,NaN,NaN,NaN,NaN,NaN,NaN,NaN,NaN,NaN,NaN,NaN,NaN,NaN,NaN,NaN,NaN,NaN,NaN,NaN,NaN,NaN,NaN,NaN,NaN,NaN,NaN,NaN,NaN,NaN,NaN,NaN,NaN,NaN,NaN,NaN,NaN,NaN,NaN,NaN,NaN,NaN,NaN,NaN,NaN,NaN,NaN,NaN,NaN,NaN,NaN,NaN,NaN,NaN,NaN,NaN,NaN,NaN,NaN,NaN,NaN,NaN,NaN,NaN,NaN,NaN,NaN,NaN,NaN,NaN,NaN,NaN,NaN,NaN,NaN,NaN,NaN,NaN,NaN,NaN,NaN,NaN,NaN,NaN,NaN,0.0426762,0
s7_busy,fixed_payload,5,0.833333333333333,6,1140,NaN,0,NaN,NaN,NaN,NaN,NaN,NaN,NaN,NaN,NaN,NaN,NaN,NaN,NaN,NaN,NaN,NaN,NaN,NaN,NaN,NaN,NaN,NaN,NaN,NaN,NaN,NaN,NaN,NaN,NaN,NaN,NaN,NaN,NaN,NaN,NaN,NaN,NaN,NaN,NaN,NaN,NaN,NaN,NaN,NaN,NaN,NaN,NaN,NaN,NaN,NaN,NaN,NaN,NaN,NaN,NaN,NaN,NaN,NaN,NaN,NaN,NaN,NaN,NaN,NaN,NaN,NaN,NaN,NaN,NaN,NaN,NaN,NaN,NaN,NaN,NaN,NaN,NaN,NaN,NaN,NaN,NaN,NaN,NaN,NaN,NaN,NaN,0.0878575,0
sf_cf,fixed_payload,15,15,1,190,0.05,1,22,NaN,22,NaN,0,NaN,0,NaN,3356.13636363636,NaN,0,NaN,3356.13636363636,NaN,3356.13636363636,NaN,1887.5,NaN,10671,NaN,13170,NaN,1887.5,NaN,10671,NaN,13170,NaN,100.227272727273,NaN,0,NaN,3048.63636363636,NaN,0,NaN,17.2727272727273,NaN,0,NaN,190,NaN,0,NaN,440,NaN,480,NaN,440,NaN,480,NaN,NaN,NaN,0.0912,NaN,1.8549,NaN,1.7561,NaN,0.0988,NaN,-156.062424969988,NaN,1,NaN,0.203892393120923,NaN,0.378947368421053,NaN,29,NaN,2,NaN,1.09090909090909,NaN,190,NaN,190,NaN,380,NaN,190,NaN,380,NaN,0.0761639,0
sf_cb,fixed_payload,15,15,1,190,0.05,1,22,NaN,22,NaN,0,NaN,0,NaN,5662.04545454545,NaN,880.681818181818,NaN,4781.36363636364,NaN,5662.04545454545,NaN,3600,NaN,16939,NaN,22990,NaN,3600,NaN,16939,NaN,22990,NaN,117.727272727273,NaN,0,NaN,3929.54545454545,NaN,328.181818181818,NaN,25.9090909090909,NaN,190,NaN,190,NaN,0,NaN,440,NaN,480,NaN,440,NaN,480,NaN,NaN,NaN,0.0912,NaN,2.7403,NaN,2.6491,NaN,0.0912,NaN,-95.5582232893157,NaN,1,NaN,0.0908659635806297,NaN,0.36,NaN,32,NaN,3,NaN,1.13636363636364,NaN,380,NaN,380,NaN,950,NaN,380,NaN,950,NaN,0.083854,0
sb_cf,fixed_payload,15,15,1,190,0.05,1,22,NaN,22,NaN,0,NaN,0,NaN,288.863636363636,NaN,0,NaN,288.863636363636,NaN,288.863636363636,NaN,250,NaN,446,NaN,545,NaN,250,NaN,446,NaN,545,NaN,0,NaN,15,NaN,83.8636363636364,NaN,0,NaN,0,NaN,0,NaN,190,NaN,0,NaN,440,NaN,440,NaN,440,NaN,440,NaN,NaN,NaN,0.0836,NaN,0.1271,NaN,0.0435,NaN,0.0836,NaN,11.6206482593037,NaN,1,NaN,2.18375889973477e-16,NaN,0.318421052631579,NaN,27,NaN,0,NaN,1,NaN,0,NaN,0,NaN,0,NaN,0,NaN,0,NaN,0.3721523,0
sb_cb,fixed_payload,15,15,1,190,0.05,1,22,NaN,22,NaN,0,NaN,0,NaN,490.227272727273,NaN,0,NaN,490.227272727273,NaN,490.227272727273,NaN,447.5,NaN,735,NaN,795,NaN,447.5,NaN,735,NaN,795,NaN,0,NaN,15,NaN,78.6363636363636,NaN,16.5909090909091,NaN,0,NaN,190,NaN,190,NaN,0,NaN,440,NaN,440,NaN,440,NaN,440,NaN,NaN,NaN,0.0836,NaN,0.2157,NaN,0.1321,NaN,0.0836,NaN,5.18607442977191,NaN,1,NaN,1.2867675297e-16,NaN,0.318421052631579,NaN,27,NaN,0,NaN,1,NaN,0,NaN,0,NaN,0,NaN,0,NaN,0,NaN,1.2945513,0
s7_clean,fixed_payload,15,15,1,190,0.05,1,22,NaN,22,NaN,0,NaN,0,NaN,609.590909090909,NaN,0,NaN,609.590909090909,NaN,609.590909090909,NaN,565,NaN,1114.8,NaN,1167,NaN,565,NaN,1114.8,NaN,1167,NaN,4.36363636363636,NaN,36,NaN,202.090909090909,NaN,15.1363636363636,NaN,0,NaN,162,NaN,190,NaN,0,NaN,440,NaN,440,NaN,440,NaN,440,NaN,NaN,NaN,0.0836,NaN,0.26822,NaN,0.18462,NaN,0.0836,NaN,9.89195678271309,NaN,1,NaN,2.06961267732674e-16,NaN,0.318421052631579,NaN,27,NaN,0,NaN,1,NaN,0,NaN,0,NaN,0,NaN,0,NaN,0,NaN,0.6495443,0
s7_busy,fixed_payload,15,15,1,190,0.05,1,22,NaN,22,NaN,0,NaN,0,NaN,7787.5,NaN,680.772727272727,NaN,7106.72727272727,NaN,7787.5,NaN,3854.5,NaN,29112.2,NaN,35942,NaN,3854.5,NaN,29112.2,NaN,35942,NaN,4.72727272727273,NaN,67.0909090909091,NaN,326.863636363636,NaN,6216.13636363636,NaN,139.909090909091,NaN,162,NaN,190,NaN,0,NaN,440,NaN,440,NaN,440,NaN,440,NaN,NaN,NaN,0.0836,NaN,3.54138,NaN,3.45778,NaN,0.0836,NaN,17.0948379351741,NaN,1,NaN,0.0324393315600133,NaN,0.378125,NaN,48,NaN,19,NaN,1.86363636363636,NaN,7371,NaN,3402,NaN,7371,NaN,2835,NaN,6174,NaN,3.4999891,0
sf_cf,fixed_payload,15,7.5,2,380,0.05,1,13,NaN,13,NaN,0,NaN,0,NaN,7973.84615384615,NaN,0,NaN,7973.84615384615,NaN,7973.84615384615,NaN,7150,NaN,29965.5,NaN,32160,NaN,7150,NaN,29965.5,NaN,32160,NaN,198.461538461538,NaN,0,NaN,7395.38461538462,NaN,0,NaN,0,NaN,0,NaN,380,NaN,0,NaN,260,NaN,240,NaN,520,NaN,480,NaN,NaN,NaN,0.0968,NaN,2.0224,NaN,1.9256,NaN,0.0968,NaN,-15.9423769507803,NaN,1,NaN,0.0251186708860758,NaN,0.225,NaN,14,NaN,0,NaN,1,NaN,0,NaN,0,NaN,0,NaN,0,NaN,0,NaN,0.03305,0
sf_cb,fixed_payload,15,7.5,2,380,0.05,1,13,NaN,13,NaN,0,NaN,0,NaN,6746.15384615385,NaN,0,NaN,6746.15384615385,NaN,6746.15384615385,NaN,5845,NaN,16871.75,NaN,17150,NaN,5845,NaN,16871.75,NaN,17150,NaN,183.846153846154,NaN,0,NaN,5495.38461538462,NaN,467.692307692308,NaN,29.2307692307692,NaN,190,NaN,380,NaN,0,NaN,260,NaN,240,NaN,520,NaN,480,NaN,NaN,NaN,0.0862,NaN,1.5968,NaN,1.5106,NaN,0.0862,NaN,36.1104441776711,NaN,1,NaN,0.0984468937875752,NaN,0.257142857142857,NaN,16,NaN,2,NaN,1.15384615384615,NaN,190,NaN,190,NaN,380,NaN,190,NaN,380,NaN,0.034846,0
sb_cf,fixed_payload,15,7.5,2,380,0.01,1,13,NaN,13,NaN,0,NaN,0,NaN,1182.30769230769,NaN,0,NaN,1182.30769230769,NaN,1182.30769230769,NaN,890,NaN,2831.5,NaN,2980,NaN,890,NaN,2831.5,NaN,2980,NaN,0,NaN,18.4615384615385,NaN,660.384615384615,NaN,35.7692307692308,NaN,87.6923076923077,NaN,0,NaN,380,NaN,0,NaN,260,NaN,260,NaN,520,NaN,520,NaN,NaN,NaN,0.0988,NaN,0.3074,NaN,0.1858,NaN,0.1216,NaN,-14.2136854741897,NaN,1,NaN,0,NaN,0.222368421052632,NaN,17,NaN,3,NaN,1.23076923076923,NaN,1140,NaN,850,NaN,1140,NaN,850,NaN,1140,NaN,0.5391338,0
sb_cb,fixed_payload,15,7.5,2,380,0.05,1,13,NaN,13,NaN,0,NaN,0,NaN,714.615384615385,NaN,0,NaN,714.615384615385,NaN,714.615384615385,NaN,610,NaN,1013,NaN,1025,NaN,610,NaN,1013,NaN,1025,NaN,0,NaN,15,NaN,95.7692307692308,NaN,33.8461538461538,NaN,0,NaN,190,NaN,380,NaN,0,NaN,260,NaN,280,NaN,520,NaN,560,NaN,NaN,NaN,0.1002,NaN,0.1872,NaN,0.087,NaN,0.1002,NaN,1.15246098439376,NaN,1,NaN,0.00747863247863254,NaN,0.245,NaN,14,NaN,0,NaN,1,NaN,0,NaN,0,NaN,0,NaN,0,NaN,0,NaN,0.802978,0
s7_clean,fixed_payload,15,7.5,2,380,0.05,1,13,NaN,13,NaN,0,NaN,0,NaN,830.615384615385,NaN,0,NaN,830.615384615385,NaN,830.615384615385,NaN,733,NaN,1456.4,NaN,1475,NaN,733,NaN,1456.4,NaN,1475,NaN,4.76923076923077,NaN,36,NaN,213.923076923077,NaN,33.9230769230769,NaN,0,NaN,162,NaN,380,NaN,0,NaN,260,NaN,260,NaN,520,NaN,520,NaN,NaN,NaN,0.0988,NaN,0.21596,NaN,0.11716,NaN,0.0988,NaN,2.59303721488596,NaN,1,NaN,1.28521835597467e-16,NaN,0.222368421052632,NaN,14,NaN,0,NaN,1,NaN,0,NaN,0,NaN,0,NaN,0,NaN,0,NaN,0.450938,0
s7_busy,fixed_payload,15,7.5,2,380,0.025,1,13,NaN,13,NaN,0,NaN,0,NaN,13905.5384615385,NaN,0,NaN,13905.5384615385,NaN,13905.5384615385,NaN,10711,NaN,43065.15,NaN,45891,NaN,10711,NaN,43065.15,NaN,45891,NaN,4.76923076923077,NaN,58.1538461538462,NaN,589.153846153846,NaN,12611.7692307692,NaN,99.6923076923077,NaN,162,NaN,380,NaN,0,NaN,260,NaN,220,NaN,520,NaN,440,NaN,NaN,NaN,0.0836,NaN,2.83268,NaN,2.74908,NaN,0.0836,NaN,54.1656662665066,NaN,1,NaN,0.27633195419179,NaN,0.201666666666667,NaN,22,NaN,8,NaN,1.61538461538462,NaN,7308,NaN,3465,NaN,7308,NaN,1890,NaN,4158,NaN,3.0258769,0
sf_cf,fixed_payload,15,5,3,570,NaN,0,NaN,NaN,NaN,NaN,NaN,NaN,NaN,NaN,NaN,NaN,NaN,NaN,NaN,NaN,NaN,NaN,NaN,NaN,NaN,NaN,NaN,NaN,NaN,NaN,NaN,NaN,NaN,NaN,NaN,NaN,NaN,NaN,NaN,NaN,NaN,NaN,NaN,NaN,NaN,NaN,NaN,NaN,NaN,NaN,NaN,NaN,NaN,NaN,NaN,NaN,NaN,NaN,NaN,NaN,NaN,NaN,NaN,NaN,NaN,NaN,NaN,NaN,NaN,NaN,NaN,NaN,NaN,NaN,NaN,NaN,NaN,NaN,NaN,NaN,NaN,NaN,NaN,NaN,NaN,NaN,NaN,NaN,NaN,NaN,NaN,NaN,0.0146765,0
sf_cb,fixed_payload,15,5,3,570,0.05,1,7,NaN,7,NaN,0,NaN,0,NaN,4082.85714285714,NaN,0,NaN,4082.85714285714,NaN,4082.85714285714,NaN,1770,NaN,11875,NaN,11875,NaN,1770,NaN,11875,NaN,11875,NaN,92.8571428571429,NaN,0,NaN,2904.28571428571,NaN,325.714285714286,NaN,0,NaN,190,NaN,570,NaN,0,NaN,140,NaN,140,NaN,420,NaN,420,NaN,NaN,NaN,0.0798,NaN,0.5456,NaN,0.4658,NaN,0.0798,NaN,29.483793517407,NaN,1,NaN,0.0476539589442816,NaN,0.136111111111111,NaN,8,NaN,0,NaN,1,NaN,0,NaN,0,NaN,0,NaN,0,NaN,0,NaN,0.0246369,0
sb_cf,fixed_payload,15,5,3,570,0.05,1,7,NaN,7,NaN,0,NaN,0,NaN,663.571428571429,NaN,0,NaN,663.571428571429,NaN,663.571428571429,NaN,650,NaN,810,NaN,810,NaN,650,NaN,810,NaN,810,NaN,0,NaN,15,NaN,78.5714285714286,NaN,0,NaN,0,NaN,0,NaN,570,NaN,0,NaN,140,NaN,140,NaN,420,NaN,420,NaN,NaN,NaN,0.0798,NaN,0.0929,NaN,0.0131,NaN,0.0798,NaN,2.78511404561825,NaN,1,NaN,0,NaN,0.111363636363636,NaN,8,NaN,0,NaN,1,NaN,0,NaN,0,NaN,0,NaN,0,NaN,0,NaN,0.1453711,0
sb_cb,fixed_payload,15,5,3,570,0.05,1,7,NaN,7,NaN,0,NaN,0,NaN,922.857142857143,NaN,0,NaN,922.857142857143,NaN,922.857142857143,NaN,845,NaN,1120,NaN,1120,NaN,845,NaN,1120,NaN,1120,NaN,0,NaN,15,NaN,120.714285714286,NaN,27.1428571428571,NaN,0,NaN,190,NaN,570,NaN,0,NaN,140,NaN,160,NaN,420,NaN,480,NaN,NaN,NaN,0.0805,NaN,0.1299,NaN,0.0494,NaN,0.0805,NaN,6.8187274909964,NaN,1,NaN,0.00538876058506548,NaN,0.133333333333333,NaN,8,NaN,0,NaN,1,NaN,0,NaN,0,NaN,0,NaN,0,NaN,0,NaN,0.5542149,0
s7_clean,fixed_payload,15,5,3,570,0.05,1,7,NaN,7,NaN,0,NaN,0,NaN,947.714285714286,NaN,0,NaN,947.714285714286,NaN,947.714285714286,NaN,986,NaN,1174,NaN,1174,NaN,986,NaN,1174,NaN,1174,NaN,3.57142857142857,NaN,36,NaN,136.285714285714,NaN,39.8571428571429,NaN,0,NaN,162,NaN,570,NaN,0,NaN,140,NaN,140,NaN,420,NaN,420,NaN,NaN,NaN,0.0798,NaN,0.13268,NaN,0.05288,NaN,0.0798,NaN,4.51380552220889,NaN,1,NaN,0,NaN,0.111363636363636,NaN,8,NaN,0,NaN,1,NaN,0,NaN,0,NaN,0,NaN,0,NaN,0,NaN,0.2959686,0
s7_busy,fixed_payload,15,5,3,570,0.05,1,7,NaN,7,NaN,0,NaN,0,NaN,7564,NaN,0,NaN,7564,NaN,7564,NaN,4235,NaN,17495,NaN,17495,NaN,4235,NaN,17495,NaN,17495,NaN,3.57142857142857,NaN,46.2857142857143,NaN,222.428571428571,NaN,6513.42857142857,NaN,46.2857142857143,NaN,162,NaN,570,NaN,0,NaN,140,NaN,120,NaN,420,NaN,360,NaN,NaN,NaN,0.0684,NaN,0.93014,NaN,0.86174,NaN,0.0684,NaN,30.5402160864346,NaN,1,NaN,0.138495280280388,NaN,0.1125,NaN,10,NaN,2,NaN,1.28571428571429,NaN,2961,NaN,1323,NaN,2961,NaN,882,NaN,1953,NaN,1.809061,0
sf_cf,fixed_payload,15,3.75,4,760,NaN,0,NaN,NaN,NaN,NaN,NaN,NaN,NaN,NaN,NaN,NaN,NaN,NaN,NaN,NaN,NaN,NaN,NaN,NaN,NaN,NaN,NaN,NaN,NaN,NaN,NaN,NaN,NaN,NaN,NaN,NaN,NaN,NaN,NaN,NaN,NaN,NaN,NaN,NaN,NaN,NaN,NaN,NaN,NaN,NaN,NaN,NaN,NaN,NaN,NaN,NaN,NaN,NaN,NaN,NaN,NaN,NaN,NaN,NaN,NaN,NaN,NaN,NaN,NaN,NaN,NaN,NaN,NaN,NaN,NaN,NaN,NaN,NaN,NaN,NaN,NaN,NaN,NaN,NaN,NaN,NaN,NaN,NaN,NaN,NaN,NaN,NaN,0.0194841,0
sf_cb,fixed_payload,15,3.75,4,760,0.025,1,7,NaN,7,NaN,0,NaN,0,NaN,6607.14285714286,NaN,0,NaN,6607.14285714286,NaN,6607.14285714286,NaN,6610,NaN,9105,NaN,9105,NaN,6610,NaN,9105,NaN,9105,NaN,201.428571428571,NaN,0,NaN,5021.42857142857,NaN,434.285714285714,NaN,0,NaN,190,NaN,760,NaN,0,NaN,140,NaN,140,NaN,560,NaN,560,NaN,NaN,NaN,0.1064,NaN,1.0966,NaN,0.9902,NaN,0.1064,NaN,34.5738295318127,NaN,1,NaN,0.15648367681926,NaN,0.136111111111111,NaN,8,NaN,0,NaN,1,NaN,0,NaN,0,NaN,0,NaN,0,NaN,0,NaN,0.0238705,0
sb_cf,fixed_payload,15,3.75,4,760,0.05,1,7,NaN,7,NaN,0,NaN,0,NaN,1325,NaN,0,NaN,1325,NaN,1325,NaN,890,NaN,3310,NaN,3310,NaN,890,NaN,3310,NaN,3310,NaN,0,NaN,23.5714285714286,NaN,107.142857142857,NaN,0,NaN,434.285714285714,NaN,0,NaN,760,NaN,0,NaN,140,NaN,140,NaN,560,NaN,560,NaN,NaN,NaN,0.1064,NaN,0.1855,NaN,0.0183,NaN,0.1672,NaN,2.30492196878752,NaN,1,NaN,0,NaN,0.111363636363636,NaN,12,NaN,4,NaN,1.57142857142857,NaN,3040,NaN,2345,NaN,3040,NaN,2345,NaN,3040,NaN,0.1684564,0
sb_cb,fixed_payload,15,3.75,4,760,0.05,1,7,NaN,7,NaN,0,NaN,0,NaN,1119.28571428571,NaN,0,NaN,1119.28571428571,NaN,1119.28571428571,NaN,1015,NaN,1610,NaN,1610,NaN,1015,NaN,1610,NaN,1610,NaN,0,NaN,15,NaN,97.1428571428571,NaN,57.1428571428571,NaN,0,NaN,190,NaN,760,NaN,0,NaN,140,NaN,160,NaN,560,NaN,640,NaN,NaN,NaN,0.1102,NaN,0.1605,NaN,0.0503,NaN,0.1102,NaN,2.30492196878752,NaN,1,NaN,0.0236760124610592,NaN,0.133333333333333,NaN,8,NaN,0,NaN,1,NaN,0,NaN,0,NaN,0,NaN,0,NaN,0,NaN,0.5925089,0
s7_clean,fixed_payload,15,3.75,4,760,0.05,1,7,NaN,7,NaN,0,NaN,0,NaN,1163.42857142857,NaN,0,NaN,1163.42857142857,NaN,1163.42857142857,NaN,1053,NaN,1540,NaN,1540,NaN,1053,NaN,1540,NaN,1540,NaN,3.57142857142857,NaN,36,NaN,123.428571428571,NaN,78.4285714285714,NaN,0,NaN,162,NaN,760,NaN,0,NaN,140,NaN,160,NaN,560,NaN,640,NaN,NaN,NaN,0.1216,NaN,0.21398,NaN,0.09238,NaN,0.1216,NaN,5.09003601440576,NaN,1,NaN,0.238807365174315,NaN,0.133333333333333,NaN,8,NaN,0,NaN,1,NaN,0,NaN,0,NaN,0,NaN,0,NaN,0,NaN,0.3789222,0
s7_busy,fixed_payload,15,3.75,4,760,NaN,0,NaN,NaN,NaN,NaN,NaN,NaN,NaN,NaN,NaN,NaN,NaN,NaN,NaN,NaN,NaN,NaN,NaN,NaN,NaN,NaN,NaN,NaN,NaN,NaN,NaN,NaN,NaN,NaN,NaN,NaN,NaN,NaN,NaN,NaN,NaN,NaN,NaN,NaN,NaN,NaN,NaN,NaN,NaN,NaN,NaN,NaN,NaN,NaN,NaN,NaN,NaN,NaN,NaN,NaN,NaN,NaN,NaN,NaN,NaN,NaN,NaN,NaN,NaN,NaN,NaN,NaN,NaN,NaN,NaN,NaN,NaN,NaN,NaN,NaN,NaN,NaN,NaN,NaN,NaN,NaN,NaN,NaN,NaN,NaN,NaN,NaN,0.4545664,0
sf_cf,fixed_payload,15,3,5,950,NaN,0,NaN,NaN,NaN,NaN,NaN,NaN,NaN,NaN,NaN,NaN,NaN,NaN,NaN,NaN,NaN,NaN,NaN,NaN,NaN,NaN,NaN,NaN,NaN,NaN,NaN,NaN,NaN,NaN,NaN,NaN,NaN,NaN,NaN,NaN,NaN,NaN,NaN,NaN,NaN,NaN,NaN,NaN,NaN,NaN,NaN,NaN,NaN,NaN,NaN,NaN,NaN,NaN,NaN,NaN,NaN,NaN,NaN,NaN,NaN,NaN,NaN,NaN,NaN,NaN,NaN,NaN,NaN,NaN,NaN,NaN,NaN,NaN,NaN,NaN,NaN,NaN,NaN,NaN,NaN,NaN,NaN,NaN,NaN,NaN,NaN,NaN,0.0237192,0
sf_cb,fixed_payload,15,3,5,950,0.05,1,4,NaN,4,NaN,0,NaN,0,NaN,6846.25,NaN,0,NaN,6846.25,NaN,6846.25,NaN,7685,NaN,9370,NaN,9370,NaN,7685,NaN,9370,NaN,9370,NaN,101.25,NaN,0,NaN,5130,NaN,475,NaN,0,NaN,190,NaN,950,NaN,0,NaN,80,NaN,80,NaN,400,NaN,400,NaN,NaN,NaN,0.076,NaN,0.5477,NaN,0.4717,NaN,0.076,NaN,-5.85834333733493,NaN,1,NaN,0,NaN,0.0666666666666667,NaN,4,NaN,0,NaN,1,NaN,0,NaN,0,NaN,0,NaN,0,NaN,0,NaN,0.0363082,0
sb_cf,fixed_payload,15,3,5,950,0.05,1,4,NaN,4,NaN,0,NaN,0,NaN,2105,NaN,0,NaN,2105,NaN,2105,NaN,1625,NaN,4195,NaN,4195,NaN,1625,NaN,4195,NaN,4195,NaN,0,NaN,30,NaN,175,NaN,0,NaN,950,NaN,0,NaN,950,NaN,0,NaN,80,NaN,80,NaN,400,NaN,400,NaN,NaN,NaN,0.076,NaN,0.1684,NaN,0.0164,NaN,0.152,NaN,11.6206482593037,NaN,1,NaN,0,NaN,0.0666666666666667,NaN,8,NaN,4,NaN,2,NaN,3800,NaN,2970,NaN,3800,NaN,2970,NaN,3800,NaN,0.2139952,0
sb_cb,fixed_payload,15,3,5,950,0.05,1,4,NaN,4,NaN,0,NaN,0,NaN,1482.5,NaN,0,NaN,1482.5,NaN,1482.5,NaN,1305,NaN,2160,NaN,2160,NaN,1305,NaN,2160,NaN,2160,NaN,0,NaN,15,NaN,158.75,NaN,168.75,NaN,0,NaN,190,NaN,950,NaN,0,NaN,80,NaN,80,NaN,400,NaN,400,NaN,NaN,NaN,0.076,NaN,0.1186,NaN,0.0426,NaN,0.076,NaN,11.0444177671068,NaN,1,NaN,0,NaN,0.0666666666666667,NaN,4,NaN,0,NaN,1,NaN,0,NaN,0,NaN,0,NaN,0,NaN,0,NaN,0.7565729,0
s7_clean,fixed_payload,15,3,5,950,0.025,1,4,NaN,4,NaN,0,NaN,0,NaN,2049.25,NaN,0,NaN,2049.25,NaN,2049.25,NaN,2231.5,NaN,2409,NaN,2409,NaN,2231.5,NaN,2409,NaN,2409,NaN,3.5,NaN,36,NaN,470.25,NaN,427.5,NaN,0,NaN,162,NaN,950,NaN,0,NaN,80,NaN,80,NaN,400,NaN,400,NaN,NaN,NaN,0.076,NaN,0.16394,NaN,0.08794,NaN,0.076,NaN,24.9699879951981,NaN,1,NaN,0,NaN,0.0666666666666667,NaN,4,NaN,0,NaN,1,NaN,0,NaN,0,NaN,0,NaN,0,NaN,0,NaN,0.2269295,0
s7_busy,fixed_payload,15,3,5,950,0.05,1,4,NaN,4,NaN,0,NaN,0,NaN,9010.75,NaN,0,NaN,9010.75,NaN,9010.75,NaN,7422,NaN,17417,NaN,17417,NaN,7422,NaN,17417,NaN,17417,NaN,3.5,NaN,72,NaN,155.25,NaN,7506,NaN,162,NaN,162,NaN,950,NaN,0,NaN,80,NaN,60,NaN,400,NaN,300,NaN,NaN,NaN,0.057,NaN,0.64446,NaN,0.58746,NaN,0.057,NaN,9.89195678271309,NaN,1,NaN,0.118548862613661,NaN,0.045,NaN,8,NaN,4,NaN,2,NaN,2898,NaN,1323,NaN,2898,NaN,1260,NaN,2772,NaN,1.6501564,0
sf_cf,fixed_payload,15,2.5,6,1140,NaN,0,NaN,NaN,NaN,NaN,NaN,NaN,NaN,NaN,NaN,NaN,NaN,NaN,NaN,NaN,NaN,NaN,NaN,NaN,NaN,NaN,NaN,NaN,NaN,NaN,NaN,NaN,NaN,NaN,NaN,NaN,NaN,NaN,NaN,NaN,NaN,NaN,NaN,NaN,NaN,NaN,NaN,NaN,NaN,NaN,NaN,NaN,NaN,NaN,NaN,NaN,NaN,NaN,NaN,NaN,NaN,NaN,NaN,NaN,NaN,NaN,NaN,NaN,NaN,NaN,NaN,NaN,NaN,NaN,NaN,NaN,NaN,NaN,NaN,NaN,NaN,NaN,NaN,NaN,NaN,NaN,NaN,NaN,NaN,NaN,NaN,NaN,0.0153974,0
sf_cb,fixed_payload,15,2.5,6,1140,0.05,1,2,NaN,2,NaN,0,NaN,0,NaN,1890,NaN,0,NaN,1890,NaN,1890,NaN,1890,NaN,2165,NaN,2165,NaN,1890,NaN,2165,NaN,2165,NaN,85,NaN,0,NaN,475,NaN,0,NaN,0,NaN,190,NaN,1140,NaN,0,NaN,40,NaN,40,NaN,240,NaN,240,NaN,NaN,NaN,0.0456,NaN,0.0756,NaN,0.03,NaN,0.0456,NaN,6.05042016806723,NaN,1,NaN,0,NaN,0.025,NaN,2,NaN,0,NaN,1,NaN,0,NaN,0,NaN,0,NaN,0,NaN,0,NaN,0.0278074,0
sb_cf,fixed_payload,15,2.5,6,1140,0.01,1,2,NaN,2,NaN,0,NaN,0,NaN,2132.5,NaN,0,NaN,2132.5,NaN,2132.5,NaN,2132.5,NaN,2405,NaN,2405,NaN,2132.5,NaN,2405,NaN,2405,NaN,0,NaN,15,NaN,977.5,NaN,0,NaN,0,NaN,0,NaN,1140,NaN,0,NaN,40,NaN,40,NaN,240,NaN,240,NaN,NaN,NaN,0.0456,NaN,0.0853,NaN,0.0397,NaN,0.0456,NaN,8.45138055222089,NaN,1,NaN,0,NaN,0.025,NaN,2,NaN,0,NaN,1,NaN,0,NaN,0,NaN,0,NaN,0,NaN,0,NaN,0.1128078,0
sb_cb,fixed_payload,15,2.5,6,1140,0.05,1,2,NaN,2,NaN,0,NaN,0,NaN,1357.5,NaN,0,NaN,1357.5,NaN,1357.5,NaN,1357.5,NaN,1370,NaN,1370,NaN,1357.5,NaN,1370,NaN,1370,NaN,0,NaN,15,NaN,12.5,NaN,0,NaN,0,NaN,190,NaN,1140,NaN,0,NaN,40,NaN,40,NaN,240,NaN,240,NaN,NaN,NaN,0.0456,NaN,0.0543,NaN,0.0087,NaN,0.0456,NaN,6.05042016806723,NaN,1,NaN,1.27788101361091e-16,NaN,0.025,NaN,2,NaN,0,NaN,1,NaN,0,NaN,0,NaN,0,NaN,0,NaN,0,NaN,0.6809691,0
s7_clean,fixed_payload,15,2.5,6,1140,0.05,1,2,NaN,2,NaN,0,NaN,0,NaN,1656.5,NaN,0,NaN,1656.5,NaN,1656.5,NaN,1656.5,NaN,1951,NaN,1951,NaN,1656.5,NaN,1951,NaN,1951,NaN,3.5,NaN,36,NaN,315,NaN,0,NaN,0,NaN,162,NaN,1140,NaN,0,NaN,40,NaN,40,NaN,240,NaN,240,NaN,NaN,NaN,0.0456,NaN,0.06626,NaN,0.02066,NaN,0.0456,NaN,8.45138055222089,NaN,1,NaN,0,NaN,0.025,NaN,2,NaN,0,NaN,1,NaN,0,NaN,0,NaN,0,NaN,0,NaN,0,NaN,0.2921047,0
s7_busy,fixed_payload,15,2.5,6,1140,NaN,0,NaN,NaN,NaN,NaN,NaN,NaN,NaN,NaN,NaN,NaN,NaN,NaN,NaN,NaN,NaN,NaN,NaN,NaN,NaN,NaN,NaN,NaN,NaN,NaN,NaN,NaN,NaN,NaN,NaN,NaN,NaN,NaN,NaN,NaN,NaN,NaN,NaN,NaN,NaN,NaN,NaN,NaN,NaN,NaN,NaN,NaN,NaN,NaN,NaN,NaN,NaN,NaN,NaN,NaN,NaN,NaN,NaN,NaN,NaN,NaN,NaN,NaN,NaN,NaN,NaN,NaN,NaN,NaN,NaN,NaN,NaN,NaN,NaN,NaN,NaN,NaN,NaN,NaN,NaN,NaN,NaN,NaN,NaN,NaN,NaN,NaN,0.4217019,0
sf_cf,fixed_payload,30,30,1,190,0.05,1,70,NaN,70,NaN,0,NaN,0,NaN,4381.14285714286,NaN,261.5,NaN,4119.64285714286,NaN,4381.14285714286,NaN,2670,NaN,12280,NaN,22509,NaN,2670,NaN,12280,NaN,22509,NaN,80.7857142857143,NaN,0,NaN,3797.28571428571,NaN,0,NaN,51.5714285714286,NaN,0,NaN,190,NaN,0,NaN,1400,NaN,1400,NaN,1400,NaN,1400,NaN,NaN,NaN,0.266,NaN,6.105,NaN,5.7668,NaN,0.3382,NaN,33.2292917166867,NaN,1,NaN,0.00468468468468468,NaN,0.737951807228916,NaN,94,NaN,19,NaN,1.27142857142857,NaN,1710,NaN,1710,NaN,3610,NaN,1710,NaN,3610,NaN,0.0887016,0
sf_cb,fixed_payload,30,30,1,190,0.05,1,70,NaN,70,NaN,0,NaN,0,NaN,8216.42857142857,NaN,1630.78571428571,NaN,6585.64285714286,NaN,8216.42857142857,NaN,5992.5,NaN,24795,NaN,36562,NaN,5992.5,NaN,24795,NaN,36562,NaN,122.928571428571,NaN,0,NaN,4636,NaN,1392.42857142857,NaN,54.2857142857143,NaN,190,NaN,190,NaN,0,NaN,1400,NaN,1260,NaN,1400,NaN,1260,NaN,NaN,NaN,0.2394,NaN,10.518,NaN,10.2786,NaN,0.2394,NaN,4.70588235294122,NaN,1,NaN,0.09364898269633,NaN,0.746052631578947,NaN,97,NaN,20,NaN,1.28571428571429,NaN,2090,NaN,2090,NaN,4180,NaN,2090,NaN,4180,NaN,0.1143644,0
sb_cf,fixed_payload,30,30,1,190,0.025,0,70,NaN,17,NaN,53,NaN,53,NaN,NaN,NaN,NaN,NaN,NaN,NaN,916.470588235294,NaN,NaN,NaN,NaN,NaN,NaN,NaN,800,NaN,1994.25,NaN,2150,NaN,NaN,NaN,NaN,NaN,NaN,NaN,NaN,NaN,NaN,NaN,NaN,NaN,NaN,NaN,NaN,NaN,1400,NaN,340,NaN,1400,NaN,340,NaN,NaN,NaN,0.0646,NaN,21.5334,NaN,16.6331,NaN,4.9003,NaN,1553.61344537815,NaN,0.242857142857143,NaN,NaN,NaN,0.289,NaN,5849,NaN,15,NaN,1.88235294117647,NaN,1106795,NaN,140080,NaN,1106795,NaN,40080,NaN,241785,NaN,1.8865596,0
sb_cb,fixed_payload,30,30,1,190,0.05,0,70,NaN,24,NaN,46,NaN,46,NaN,NaN,NaN,NaN,NaN,NaN,NaN,2095.20833333333,NaN,NaN,NaN,NaN,NaN,NaN,NaN,1210,NaN,8000.5,NaN,8970,NaN,NaN,NaN,NaN,NaN,NaN,NaN,NaN,NaN,NaN,NaN,NaN,NaN,NaN,NaN,NaN,NaN,1400,NaN,480,NaN,1400,NaN,480,NaN,NaN,NaN,0.0912,NaN,17.4953,NaN,17.2673,NaN,0.228,NaN,1489.84393757503,NaN,0.342857142857143,NaN,NaN,NaN,0.4,NaN,10219,NaN,70,NaN,3.91666666666667,NaN,219070,NaN,108330,NaN,219070,NaN,24315,NaN,41770,NaN,80.900971,0
s7_clean,fixed_payload,30,30,1,190,0.05,1,70,NaN,70,NaN,0,NaN,0,NaN,990.057142857143,NaN,55.1571428571429,NaN,934.9,NaN,990.057142857143,NaN,765.5,NaN,2358,NaN,3368.2,NaN,765.5,NaN,2358,NaN,3368.2,NaN,4.07142857142857,NaN,36,NaN,204.042857142857,NaN,338.785714285714,NaN,0,NaN,162,NaN,190,NaN,0,NaN,1400,NaN,1400,NaN,1400,NaN,1400,NaN,NaN,NaN,0.266,NaN,1.38608,NaN,1.12008,NaN,0.266,NaN,32.8451380552221,NaN,1,NaN,1.60196096130838e-16,NaN,0.720588235294118,NaN,75,NaN,0,NaN,1,NaN,0,NaN,0,NaN,0,NaN,0,NaN,0,NaN,1.0907221,0
s7_busy,fixed_payload,30,30,1,190,0.05,1,70,NaN,70,NaN,0,NaN,0,NaN,21569.4571428571,NaN,6002.97142857143,NaN,15566.4857142857,NaN,21569.4571428571,NaN,21027,NaN,49250,NaN,66397.4,NaN,21027,NaN,49250,NaN,66397.4,NaN,5.12857142857143,NaN,112.114285714286,NaN,559.8,NaN,14194.9285714286,NaN,342.514285714286,NaN,162,NaN,190,NaN,0,NaN,1400,NaN,860,NaN,1400,NaN,860,NaN,NaN,NaN,0.1634,NaN,21.39312,NaN,21.22972,NaN,0.1634,NaN,478.27130852341,NaN,1,NaN,0.411539784753229,NaN,0.543823529411765,NaN,241,NaN,148,NaN,3.11428571428571,NaN,21231,NaN,8694,NaN,21231,NaN,5292,NaN,13104,NaN,3.689688,0
sf_cf,fixed_payload,30,15,2,380,0.05,1,35,NaN,35,NaN,0,NaN,0,NaN,14768.7142857143,NaN,3216.42857142857,NaN,11552.2857142857,NaN,14768.7142857143,NaN,10080,NaN,51807.5,NaN,56860,NaN,10080,NaN,51807.5,NaN,56860,NaN,163.142857142857,NaN,0,NaN,10911.4285714286,NaN,0,NaN,97.7142857142857,NaN,0,NaN,380,NaN,0,NaN,700,NaN,540,NaN,1400,NaN,1080,NaN,NaN,NaN,0.2108,NaN,8.7001,NaN,8.4209,NaN,0.2792,NaN,178.055222088836,NaN,1,NaN,0.188273698003471,NaN,0.423837209302326,NaN,46,NaN,9,NaN,1.25714285714286,NaN,1520,NaN,1520,NaN,3420,NaN,1520,NaN,3420,NaN,0.0625258,0
sf_cb,fixed_payload,30,15,2,380,0.05,1,35,NaN,35,NaN,0,NaN,0,NaN,7396.71428571429,NaN,1087.85714285714,NaN,6308.85714285714,NaN,7396.71428571429,NaN,5450,NaN,23451.25,NaN,31185,NaN,5450,NaN,23451.25,NaN,31185,NaN,109.428571428571,NaN,0,NaN,4359.14285714286,NaN,1259.42857142857,NaN,10.8571428571429,NaN,190,NaN,380,NaN,0,NaN,700,NaN,640,NaN,1400,NaN,1280,NaN,NaN,NaN,0.2432,NaN,4.7657,NaN,4.5225,NaN,0.2432,NaN,68.859543817527,NaN,1,NaN,0.086451098474516,NaN,0.426666666666667,NaN,39,NaN,2,NaN,1.05714285714286,NaN,190,NaN,190,NaN,380,NaN,190,NaN,380,NaN,0.051746,0
sb_cf,fixed_payload,30,15,2,380,0.05,0,35,NaN,0,NaN,35,NaN,35,NaN,NaN,NaN,NaN,NaN,NaN,NaN,NaN,NaN,NaN,NaN,NaN,NaN,NaN,NaN,NaN,NaN,NaN,NaN,NaN,NaN,NaN,NaN,NaN,NaN,NaN,NaN,NaN,NaN,NaN,NaN,NaN,NaN,NaN,NaN,NaN,NaN,700,NaN,0,NaN,1400,NaN,0,NaN,NaN,NaN,0,NaN,18.5369,NaN,11.4354,NaN,7.1015,NaN,831.692677070828,NaN,0,NaN,NaN,NaN,NaN,NaN,3720,NaN,0,NaN,NaN,NaN,1411285,NaN,149075,NaN,1411285,NaN,49075,NaN,355075,NaN,1.8178601,0
sb_cb,fixed_payload,30,15,2,380,0.05,1,35,NaN,35,NaN,0,NaN,0,NaN,1846,NaN,155.714285714286,NaN,1690.28571428571,NaN,1846,NaN,1075,NaN,6631.25,NaN,8020,NaN,1075,NaN,6631.25,NaN,8020,NaN,0,NaN,35.1428571428571,NaN,244.142857142857,NaN,607.285714285714,NaN,233.714285714286,NaN,190,NaN,380,NaN,0,NaN,700,NaN,700,NaN,1400,NaN,1400,NaN,NaN,NaN,0.266,NaN,1.2922,NaN,1.0034,NaN,0.2888,NaN,193.037214885954,NaN,1,NaN,1.71834549547308e-16,NaN,0.471153846153846,NaN,84,NaN,47,NaN,2.34285714285714,NaN,1940,NaN,1755,NaN,1940,NaN,1755,NaN,1940,NaN,2.9346055,0
s7_clean,fixed_payload,30,15,2,380,0.05,1,35,NaN,35,NaN,0,NaN,0,NaN,1369.45714285714,NaN,158.371428571429,NaN,1211.08571428571,NaN,1369.45714285714,NaN,1107,NaN,3319,NaN,4980,NaN,1107,NaN,3319,NaN,4980,NaN,4.11428571428571,NaN,36,NaN,231.942857142857,NaN,397.028571428571,NaN,0,NaN,162,NaN,380,NaN,0,NaN,700,NaN,700,NaN,1400,NaN,1400,NaN,NaN,NaN,0.266,NaN,0.95862,NaN,0.69262,NaN,0.266,NaN,35.2460984393757,NaN,1,NaN,0,NaN,0.471153846153846,NaN,37,NaN,0,NaN,1,NaN,0,NaN,0,NaN,0,NaN,0,NaN,0,NaN,0.9893937,0
s7_busy,fixed_payload,30,15,2,380,0.05,1,35,NaN,35,NaN,0,NaN,0,NaN,12889.2,NaN,3275.94285714286,NaN,9613.25714285714,NaN,12889.2,NaN,7780,NaN,50501,NaN,57654,NaN,7780,NaN,50501,NaN,57654,NaN,4.14285714285714,NaN,62.7428571428571,NaN,280.028571428571,NaN,8604,NaN,120.342857142857,NaN,162,NaN,380,NaN,0,NaN,700,NaN,480,NaN,1400,NaN,960,NaN,NaN,NaN,0.18404,NaN,6.7688,NaN,6.58476,NaN,0.18404,NaN,344.585834333734,NaN,1,NaN,0.332945278335894,NaN,0.48,NaN,63,NaN,26,NaN,1.74285714285714,NaN,8001,NaN,3591,NaN,8001,NaN,2205,NaN,5103,NaN,3.5867169,0
sf_cf,fixed_payload,30,10,3,570,0.05,1,19,NaN,19,NaN,0,NaN,0,NaN,19505.2631578947,NaN,2677.89473684211,NaN,16827.3684210526,NaN,19505.2631578947,NaN,17085,NaN,40602.5,NaN,41660,NaN,17085,NaN,40602.5,NaN,41660,NaN,267.368421052632,NaN,0,NaN,15870,NaN,0,NaN,120,NaN,0,NaN,570,NaN,0,NaN,380,NaN,220,NaN,1140,NaN,660,NaN,NaN,NaN,0.1254,NaN,4.3984,NaN,4.2502,NaN,0.1482,NaN,284.84993997599,NaN,1,NaN,0.685158239359767,NaN,0.232692307692308,NaN,25,NaN,4,NaN,1.21052631578947,NaN,1140,NaN,1140,NaN,2280,NaN,570,NaN,1140,NaN,0.0413896,0
sf_cb,fixed_payload,30,10,3,570,0.05,1,19,NaN,19,NaN,0,NaN,0,NaN,4095.26315789474,NaN,0,NaN,4095.26315789474,NaN,4095.26315789474,NaN,3540,NaN,8673.75,NaN,8910,NaN,3540,NaN,8673.75,NaN,8910,NaN,165.263157894737,NaN,0,NaN,2450,NaN,720,NaN,0,NaN,190,NaN,570,NaN,0,NaN,380,NaN,360,NaN,1140,NaN,1080,NaN,NaN,NaN,0.2052,NaN,1.5314,NaN,1.3262,NaN,0.2052,NaN,-50.5162064825931,NaN,1,NaN,0.0161943319838058,NaN,0.3375,NaN,21,NaN,0,NaN,1,NaN,0,NaN,0,NaN,0,NaN,0,NaN,0,NaN,0.0318404,0
sb_cf,fixed_payload,30,10,3,570,0.05,0,19,NaN,0,NaN,19,NaN,19,NaN,NaN,NaN,NaN,NaN,NaN,NaN,NaN,NaN,NaN,NaN,NaN,NaN,NaN,NaN,NaN,NaN,NaN,NaN,NaN,NaN,NaN,NaN,NaN,NaN,NaN,NaN,NaN,NaN,NaN,NaN,NaN,NaN,NaN,NaN,NaN,NaN,380,NaN,0,NaN,1140,NaN,0,NaN,NaN,NaN,0,NaN,8.6698,NaN,3.527,NaN,5.1428,NaN,566.72268907563,NaN,0,NaN,NaN,NaN,NaN,NaN,1989,NaN,0,NaN,NaN,NaN,1130435,NaN,149300,NaN,1130435,NaN,49300,NaN,257140,NaN,1.0407983,0
sb_cb,fixed_payload,30,10,3,570,0.05,1,19,NaN,19,NaN,0,NaN,0,NaN,950.789473684211,NaN,0,NaN,950.789473684211,NaN,950.789473684211,NaN,855,NaN,1553.25,NaN,1605,NaN,855,NaN,1553.25,NaN,1605,NaN,0,NaN,15,NaN,72.3684210526316,NaN,103.421052631579,NaN,0,NaN,190,NaN,570,NaN,0,NaN,380,NaN,380,NaN,1140,NaN,1140,NaN,NaN,NaN,0.2166,NaN,0.3613,NaN,0.1447,NaN,0.2166,NaN,-7.20288115246099,NaN,1,NaN,1.53642821010954e-16,NaN,0.334259259259259,NaN,21,NaN,0,NaN,1,NaN,0,NaN,0,NaN,0,NaN,0,NaN,0,NaN,0.811654,0
s7_clean,fixed_payload,30,10,3,570,0.05,1,19,NaN,19,NaN,0,NaN,0,NaN,1073.73684210526,NaN,0,NaN,1073.73684210526,NaN,1073.73684210526,NaN,922,NaN,1879.65,NaN,2160,NaN,922,NaN,1879.65,NaN,2160,NaN,4,NaN,36,NaN,178.105263157895,NaN,123.631578947368,NaN,0,NaN,162,NaN,570,NaN,0,NaN,380,NaN,380,NaN,1140,NaN,1140,NaN,NaN,NaN,0.2166,NaN,0.40802,NaN,0.19142,NaN,0.2166,NaN,-4.03361344537816,NaN,1,NaN,1.36050074092588e-16,NaN,0.334259259259259,NaN,21,NaN,0,NaN,1,NaN,0,NaN,0,NaN,0,NaN,0,NaN,0,NaN,0.4797772,0
s7_busy,fixed_payload,30,10,3,570,0.05,1,19,NaN,19,NaN,0,NaN,0,NaN,11107.7894736842,NaN,459.684210526316,NaN,10648.1052631579,NaN,11107.7894736842,NaN,8754,NaN,28551.7,NaN,34687,NaN,8754,NaN,28551.7,NaN,34687,NaN,4.26315789473684,NaN,64.4210526315789,NaN,262.894736842105,NaN,9456.63157894737,NaN,127.894736842105,NaN,162,NaN,570,NaN,0,NaN,380,NaN,340,NaN,1140,NaN,1020,NaN,NaN,NaN,0.1938,NaN,3.67262,NaN,3.47882,NaN,0.1938,NaN,262.088835534214,NaN,1,NaN,0.149304855933911,NaN,0.344047619047619,NaN,39,NaN,15,NaN,1.78947368421053,NaN,4914,NaN,2205,NaN,4914,NaN,1449,NaN,3213,NaN,2.7454053,0
sf_cf,fixed_payload,30,7.5,4,760,0.05,1,15,NaN,15,NaN,0,NaN,0,NaN,17925.3333333333,NaN,781,NaN,17144.3333333333,NaN,17925.3333333333,NaN,10815,NaN,74127.5,NaN,90260,NaN,10815,NaN,74127.5,NaN,90260,NaN,323,NaN,0,NaN,15960,NaN,0,NaN,101.333333333333,NaN,0,NaN,760,NaN,0,NaN,300,NaN,220,NaN,1200,NaN,880,NaN,NaN,NaN,0.1672,NaN,3.6336,NaN,3.436,NaN,0.1976,NaN,219.927971188475,NaN,1,NaN,0.479964773227653,NaN,0.177941176470588,NaN,18,NaN,2,NaN,1.13333333333333,NaN,760,NaN,760,NaN,1520,NaN,760,NaN,1520,NaN,0.0422061,0
sf_cb,fixed_payload,30,7.5,4,760,0.05,1,15,NaN,15,NaN,0,NaN,0,NaN,4017.33333333333,NaN,46.3333333333333,NaN,3971,NaN,4017.33333333333,NaN,4355,NaN,8285,NaN,8675,NaN,4355,NaN,8285,NaN,8675,NaN,120.333333333333,NaN,0,NaN,2343.33333333333,NaN,557.333333333333,NaN,0,NaN,190,NaN,760,NaN,0,NaN,300,NaN,280,NaN,1200,NaN,1120,NaN,NaN,NaN,0.2128,NaN,1.1158,NaN,0.903,NaN,0.2128,NaN,68.4753901560624,NaN,1,NaN,0.0801218856425884,NaN,0.245,NaN,16,NaN,0,NaN,1,NaN,0,NaN,0,NaN,0,NaN,0,NaN,0,NaN,0.0289042,0
sb_cf,fixed_payload,30,7.5,4,760,0.05,0,15,NaN,0,NaN,15,NaN,15,NaN,NaN,NaN,NaN,NaN,NaN,NaN,NaN,NaN,NaN,NaN,NaN,NaN,NaN,NaN,NaN,NaN,NaN,NaN,NaN,NaN,NaN,NaN,NaN,NaN,NaN,NaN,NaN,NaN,NaN,NaN,NaN,NaN,NaN,NaN,NaN,NaN,300,NaN,0,NaN,1200,NaN,0,NaN,NaN,NaN,0,NaN,6.784,NaN,2.5528,NaN,4.2312,NaN,456.662665066026,NaN,0,NaN,NaN,NaN,NaN,NaN,1278,NaN,0,NaN,NaN,NaN,968220,NaN,149090,NaN,968220,NaN,49090,NaN,211560,NaN,0.8230812,0
sb_cb,fixed_payload,30,7.5,4,760,0.05,1,15,NaN,15,NaN,0,NaN,0,NaN,1304,NaN,0,NaN,1304,NaN,1304,NaN,1050,NaN,2196.25,NaN,2280,NaN,1050,NaN,2196.25,NaN,2280,NaN,0,NaN,16,NaN,148.666666666667,NaN,177,NaN,12.3333333333333,NaN,190,NaN,760,NaN,0,NaN,300,NaN,300,NaN,1200,NaN,1200,NaN,NaN,NaN,0.228,NaN,0.3912,NaN,0.1632,NaN,0.228,NaN,-15.9423769507803,NaN,1,NaN,0,NaN,0.244565217391304,NaN,17,NaN,1,NaN,1.06666666666667,NaN,20,NaN,20,NaN,20,NaN,20,NaN,20,NaN,0.9642291,0
s7_clean,fixed_payload,30,7.5,4,760,0.05,1,15,NaN,15,NaN,0,NaN,0,NaN,1405.73333333333,NaN,0,NaN,1405.73333333333,NaN,1405.73333333333,NaN,1137,NaN,2717.5,NaN,2813,NaN,1137,NaN,2717.5,NaN,2813,NaN,3.73333333333333,NaN,36,NaN,203.4,NaN,240.6,NaN,0,NaN,162,NaN,760,NaN,0,NaN,300,NaN,300,NaN,1200,NaN,1200,NaN,NaN,NaN,0.228,NaN,0.42172,NaN,0.19372,NaN,0.228,NaN,-1.53661464585835,NaN,1,NaN,0,NaN,0.244565217391304,NaN,16,NaN,0,NaN,1,NaN,0,NaN,0,NaN,0,NaN,0,NaN,0,NaN,0.4512737,0
s7_busy,fixed_payload,30,7.5,4,760,0.05,1,15,NaN,15,NaN,0,NaN,0,NaN,14996.3333333333,NaN,161.133333333333,NaN,14835.2,NaN,14996.3333333333,NaN,11609,NaN,40251.75,NaN,41340,NaN,11609,NaN,40251.75,NaN,41340,NaN,4,NaN,74.4,NaN,333.6,NaN,13328.4,NaN,172.8,NaN,162,NaN,760,NaN,0,NaN,300,NaN,220,NaN,1200,NaN,880,NaN,NaN,NaN,0.1755,NaN,3.15128,NaN,2.97578,NaN,0.1755,NaN,128.59543817527,NaN,1,NaN,0.427642100987535,NaN,0.232692307692308,NaN,33,NaN,16,NaN,2.06666666666667,NaN,4221,NaN,2016,NaN,4221,NaN,1260,NaN,2646,NaN,2.5690365,0
sf_cf,fixed_payload,30,6,5,950,0.05,0,10,NaN,10,NaN,0,NaN,0,NaN,NaN,NaN,NaN,NaN,NaN,NaN,27759,NaN,NaN,NaN,NaN,NaN,NaN,NaN,30455,NaN,71845,NaN,71845,NaN,NaN,NaN,NaN,NaN,NaN,NaN,NaN,NaN,NaN,NaN,NaN,NaN,NaN,NaN,NaN,NaN,200,NaN,60,NaN,1000,NaN,300,NaN,NaN,NaN,0.057,NaN,3.4218,NaN,3.3648,NaN,0.057,NaN,274.669867947179,NaN,1,NaN,NaN,NaN,0.075,NaN,11,NaN,0,NaN,1,NaN,0,NaN,0,NaN,0,NaN,0,NaN,0,NaN,0.0262343,0
sf_cb,fixed_payload,30,6,5,950,0.05,1,10,NaN,10,NaN,0,NaN,0,NaN,5757,NaN,202.5,NaN,5554.5,NaN,5757,NaN,4752.5,NaN,17580,NaN,17580,NaN,4752.5,NaN,17580,NaN,17580,NaN,82.5,NaN,0,NaN,3287,NaN,1045,NaN,0,NaN,190,NaN,950,NaN,0,NaN,200,NaN,180,NaN,1000,NaN,900,NaN,NaN,NaN,0.171,NaN,1.2678,NaN,1.0968,NaN,0.171,NaN,77.1188475390156,NaN,1,NaN,0.0918125887363936,NaN,0.225,NaN,11,NaN,0,NaN,1,NaN,0,NaN,0,NaN,0,NaN,0,NaN,0,NaN,0.023985,0
sb_cf,fixed_payload,30,6,5,950,0.05,0,10,NaN,1,NaN,9,NaN,9,NaN,NaN,NaN,NaN,NaN,NaN,NaN,1095,NaN,NaN,NaN,NaN,NaN,NaN,NaN,1095,NaN,1095,NaN,1095,NaN,NaN,NaN,NaN,NaN,NaN,NaN,NaN,NaN,NaN,NaN,NaN,NaN,NaN,NaN,NaN,NaN,200,NaN,20,NaN,1000,NaN,100,NaN,NaN,NaN,0.019,NaN,2.5228,NaN,0.5472,NaN,1.9756,NaN,397.50300120048,NaN,0.1,NaN,NaN,NaN,0.025,NaN,736,NaN,0,NaN,1,NaN,695180,NaN,122050,NaN,695180,NaN,22050,NaN,97830,NaN,0.9409954,0
sb_cb,fixed_payload,30,6,5,950,0.05,1,10,NaN,10,NaN,0,NaN,0,NaN,1326.5,NaN,0,NaN,1326.5,NaN,1326.5,NaN,1217.5,NaN,2090,NaN,2090,NaN,1217.5,NaN,2090,NaN,2090,NaN,0,NaN,15,NaN,52.5,NaN,119,NaN,0,NaN,190,NaN,950,NaN,0,NaN,200,NaN,200,NaN,1000,NaN,1000,NaN,NaN,NaN,0.19,NaN,0.2653,NaN,0.0753,NaN,0.19,NaN,-7.97118847539017,NaN,1,NaN,2.09239167852461e-16,NaN,0.208333333333333,NaN,11,NaN,0,NaN,1,NaN,0,NaN,0,NaN,0,NaN,0,NaN,0,NaN,0.7485709,0
s7_clean,fixed_payload,30,6,5,950,0.025,1,10,NaN,10,NaN,0,NaN,0,NaN,1594.7,NaN,0,NaN,1594.7,NaN,1594.7,NaN,1397.5,NaN,2553,NaN,2553,NaN,1397.5,NaN,2553,NaN,2553,NaN,3.9,NaN,36,NaN,315,NaN,127.8,NaN,0,NaN,162,NaN,950,NaN,0,NaN,200,NaN,200,NaN,1000,NaN,1000,NaN,NaN,NaN,0.19,NaN,0.31894,NaN,0.12894,NaN,0.19,NaN,-3.93757503001201,NaN,1,NaN,1.74048884527679e-16,NaN,0.208333333333333,NaN,11,NaN,0,NaN,1,NaN,0,NaN,0,NaN,0,NaN,0,NaN,0,NaN,0.3744839,0
s7_busy,fixed_payload,30,6,5,950,0.05,1,10,NaN,10,NaN,0,NaN,0,NaN,15571.7,NaN,1372.2,NaN,14199.5,NaN,15571.7,NaN,17038,NaN,40533,NaN,40533,NaN,17038,NaN,40533,NaN,40533,NaN,4.2,NaN,61.2,NaN,243,NaN,12665.7,NaN,113.4,NaN,162,NaN,950,NaN,0,NaN,200,NaN,140,NaN,1000,NaN,700,NaN,NaN,NaN,0.133,NaN,2.02286,NaN,1.88986,NaN,0.133,NaN,190.732292917167,NaN,1,NaN,0.539572684219373,NaN,0.175,NaN,18,NaN,7,NaN,1.7,NaN,4221,NaN,1827,NaN,4221,NaN,1260,NaN,2898,NaN,2.0884187,0
sf_cf,fixed_payload,30,5,6,1140,NaN,0,NaN,NaN,NaN,NaN,NaN,NaN,NaN,NaN,NaN,NaN,NaN,NaN,NaN,NaN,NaN,NaN,NaN,NaN,NaN,NaN,NaN,NaN,NaN,NaN,NaN,NaN,NaN,NaN,NaN,NaN,NaN,NaN,NaN,NaN,NaN,NaN,NaN,NaN,NaN,NaN,NaN,NaN,NaN,NaN,NaN,NaN,NaN,NaN,NaN,NaN,NaN,NaN,NaN,NaN,NaN,NaN,NaN,NaN,NaN,NaN,NaN,NaN,NaN,NaN,NaN,NaN,NaN,NaN,NaN,NaN,NaN,NaN,NaN,NaN,NaN,NaN,NaN,NaN,NaN,NaN,NaN,NaN,NaN,NaN,NaN,NaN,0.0139689,0
sf_cb,fixed_payload,30,5,6,1140,0.05,1,9,NaN,9,NaN,0,NaN,0,NaN,4709.44444444444,NaN,0,NaN,4709.44444444444,NaN,4709.44444444444,NaN,3400,NaN,11070,NaN,11070,NaN,3400,NaN,11070,NaN,11070,NaN,445,NaN,0,NaN,2512.22222222222,NaN,380,NaN,42.2222222222222,NaN,190,NaN,1140,NaN,0,NaN,180,NaN,140,NaN,1080,NaN,840,NaN,NaN,NaN,0.1596,NaN,0.7031,NaN,0.5435,NaN,0.1596,NaN,45.8103241296519,NaN,1,NaN,0.205660645711848,NaN,0.175,NaN,11,NaN,2,NaN,1.22222222222222,NaN,190,NaN,190,NaN,380,NaN,190,NaN,380,NaN,0.0363039,0
sb_cf,fixed_payload,30,5,6,1140,0.05,0,9,NaN,1,NaN,8,NaN,8,NaN,NaN,NaN,NaN,NaN,NaN,NaN,1185,NaN,NaN,NaN,NaN,NaN,NaN,NaN,1185,NaN,1185,NaN,1185,NaN,NaN,NaN,NaN,NaN,NaN,NaN,NaN,NaN,NaN,NaN,NaN,NaN,NaN,NaN,NaN,NaN,180,NaN,20,NaN,1080,NaN,120,NaN,NaN,NaN,0.0228,NaN,2.1963,NaN,0.3103,NaN,1.886,NaN,342.18487394958,NaN,0.111111111111111,NaN,NaN,NaN,0.025,NaN,623,NaN,0,NaN,1,NaN,706640,NaN,121965,NaN,706640,NaN,21965,NaN,93160,NaN,0.5694843,0
sb_cb,fixed_payload,30,5,6,1140,0.025,1,9,NaN,9,NaN,0,NaN,0,NaN,1782.22222222222,NaN,0,NaN,1782.22222222222,NaN,1782.22222222222,NaN,1525,NaN,2665,NaN,2665,NaN,1525,NaN,2665,NaN,2665,NaN,0,NaN,15,NaN,207.222222222222,NaN,230,NaN,0,NaN,190,NaN,1140,NaN,0,NaN,180,NaN,180,NaN,1080,NaN,1080,NaN,NaN,NaN,0.2052,NaN,0.3208,NaN,0.1156,NaN,0.2052,NaN,-14.8859543817527,NaN,1,NaN,1.73039748227113e-16,NaN,0.184090909090909,NaN,9,NaN,0,NaN,1,NaN,0,NaN,0,NaN,0,NaN,0,NaN,0,NaN,0.4371613,0
s7_clean,fixed_payload,30,5,6,1140,0.05,1,9,NaN,9,NaN,0,NaN,0,NaN,1845.55555555556,NaN,0,NaN,1845.55555555556,NaN,1845.55555555556,NaN,1522,NaN,3110,NaN,3110,NaN,1522,NaN,3110,NaN,3110,NaN,3.55555555555556,NaN,36,NaN,239,NaN,265,NaN,0,NaN,162,NaN,1140,NaN,0,NaN,180,NaN,180,NaN,1080,NaN,1080,NaN,NaN,NaN,0.2052,NaN,0.3322,NaN,0.127,NaN,0.2052,NaN,-12.3889555822329,NaN,1,NaN,1.67101599130818e-16,NaN,0.184090909090909,NaN,9,NaN,0,NaN,1,NaN,0,NaN,0,NaN,0,NaN,0,NaN,0,NaN,0.4300656,0
s7_busy,fixed_payload,30,5,6,1140,0.05,0,9,NaN,9,NaN,0,NaN,0,NaN,NaN,NaN,NaN,NaN,NaN,NaN,20826.5555555556,NaN,NaN,NaN,NaN,NaN,NaN,NaN,19959,NaN,44522,NaN,44522,NaN,NaN,NaN,NaN,NaN,NaN,NaN,NaN,NaN,NaN,NaN,NaN,NaN,NaN,NaN,NaN,NaN,180,NaN,60,NaN,1080,NaN,360,NaN,NaN,NaN,0.0684,NaN,1.81174,NaN,1.74334,NaN,0.0684,NaN,179.207683073229,NaN,1,NaN,NaN,NaN,0.075,NaN,14,NaN,5,NaN,1.55555555555556,NaN,2961,NaN,1386,NaN,2961,NaN,693,NaN,1512,NaN,1.8523956,0
