protocol,load_mode,lambda_base,lambda_effective,M,Tp_us,best_q,stable_fraction,n_arrived,n_arrived_ci95,n_completed,n_completed_ci95,n_censored,n_censored_ci95,final_backlog,final_backlog_ci95,mean_delay_us,mean_delay_us_ci95,mean_queue_delay_us,mean_queue_delay_us_ci95,mean_access_delay_us,mean_access_delay_us_ci95,conditional_mean_delay_us,conditional_mean_delay_us_ci95,p50_delay_us,p50_delay_us_ci95,p95_delay_us,p95_delay_us_ci95,p99_delay_us,p99_delay_us_ci95,conditional_p50_delay_us,conditional_p50_delay_us_ci95,conditional_p95_delay_us,conditional_p95_delay_us_ci95,conditional_p99_delay_us,conditional_p99_delay_us_ci95,mean_boundary_wait_us,mean_boundary_wait_us_ci95,mean_difs_wait_us,mean_difs_wait_us_ci95,mean_probability_wait_us,mean_probability_wait_us_ci95,mean_busy_nav_wait_us,mean_busy_nav_wait_us_ci95,mean_collision_delay_us,mean_collision_delay_us_ci95,mean_control_delay_us,mean_control_delay_us_ci95,mean_data_delay_us,mean_data_delay_us_ci95,mean_other_access_delay_us,mean_other_access_delay_us_ci95,arrival_rate_pkt_s,arrival_rate_pkt_s_ci95,goodput_pkt_s,goodput_pkt_s_ci95,normalized_offered_units_s,normalized_offered_units_s_ci95,normalized_goodput_units_s,normalized_goodput_units_s_ci95,goodput_bit_s,goodput_bit_s_ci95,payload_airtime,payload_airtime_ci95,mean_system_packets,mean_system_packets_ci95,mean_waiting_packets,mean_waiting_packets_ci95,mean_service_packets,mean_service_packets_ci95,backlog_slope_pkt_s,backlog_slope_pkt_s_ci95,completion_ratio,completion_ratio_ci95,little_relative_error,little_relative_error_ci95,jain_fairness,jain_fairness_ci95,attempts_total,attempts_total_ci95,retransmissions_completed_cohort,retransmissions_completed_cohort_ci95,mean_attempts_completed,mean_attempts_completed_ci95,collision_waste_us_total,collision_waste_us_total_ci95,collision_channel_time_us_total,collision_channel_time_us_total_ci95,collision_tx_airtime_us_total,collision_tx_airtime_us_total_ci95,collision_channel_time_us_measure,collision_channel_time_us_measure_ci95,collision_tx_airtime_us_measure,collision_tx_airtime_us_measure_ci95,condition_elapsed_s,timeout_exceeded
sf_cf,fixed_packet,5,5,1,190,0.05,1,19,0,19,0,0,0,0,0,4447.36842105263,3236.73846963608,0,0,4447.36842105263,3236.73846963608,4447.36842105263,3236.73846963608,2592.5,4161.28205109721,14217.5,22150.0914063365,14600,17661.6245832828,2592.5,4161.28205109721,14217.5,22150.0914063365,14600,17661.6245832828,92.3684210526316,3.34373808846703,0,0,4135,3113.0201603628,0,0,30,127.062047361747,0,0,190,0,0,0,190,0,190,127.062047361747,190,0,190,127.062047361747,NaN,NaN,0.0361,0.0241417889987319,0.8035,0.0216005480514974,0.7617,0.0216005480514974,0.0418,0,-33.1593159315932,200.981432250564,1,0,0.0580117054065016,0.654703686273888,0.392424242424242,0.308029205725447,25.5,6.35310236808735,3,12.7062047361747,1.15789473684211,0.668747617693404,285,1207.0894499366,285,1207.0894499366,570,2414.17889987319,285,1207.0894499366,570,2414.17889987319,0.5904225,0
sf_cb,fixed_packet,5,5,1,190,0.05,1,19,0,19,0,0,0,0,0,4817.36842105263,8954.5306009147,115.789473684211,1471.24475892549,4701.57894736842,7483.2858419892,4817.36842105263,8954.5306009147,3975,8195.50205483268,12909.625,33863.6238974976,13547.5,36879.7592467471,3975,8195.50205483268,12909.625,33863.6238974976,13547.5,36879.7592467471,106.578947368421,50.1560713270053,0,0,4075,7814.31591274744,140,381.186142085241,0,0,190,0,190,0,0,0,190,0,195,190.59307104262,190,0,195,190.59307104262,NaN,NaN,0.03705,0.0362126834980979,0.94765,0.918023292188622,0.9106,0.95423597568672,0.03705,0.0362126834980979,-25.5445544554456,42.0109139491884,1,0,0.0680538951806727,0.499678978647465,0.404590909090909,0.462621363348906,22.5,6.35310236808735,0,0,1,0,0,0,0,0,0,0,0,0,0,0,0.239226,0
sb_cf,fixed_packet,5,5,1,190,0.05,0.5,19,0,9.5,120.70894499366,9.5,120.70894499366,9.5,120.70894499366,NaN,NaN,NaN,NaN,NaN,NaN,315.526315789474,NaN,NaN,NaN,NaN,NaN,NaN,NaN,265,NaN,619.5,NaN,750,NaN,NaN,NaN,NaN,NaN,NaN,NaN,NaN,NaN,NaN,NaN,NaN,NaN,NaN,NaN,NaN,NaN,190,0,95,1207.0894499366,190,0,95,1207.0894499366,NaN,NaN,0.01805,0.229346995487953,4.823875,60.531406397781,2.768775,34.8775790354443,2.0551,25.6538273623367,80.6300630063007,1019.62241786297,0.5,6.35310236808735,NaN,NaN,0.392391304347826,NaN,2836.5,35736.2008204913,0,0,1,NaN,535930,6807222.12535823,98375,1247558.71202131,535930,6807222.12535823,48280,613455.564662514,203705,2588317.43578247,1.8857027,0
sb_cb,fixed_packet,5,5,1,190,0.05,1,19,0,19,0,0,0,0,0,570,635.310236808735,0,0,570,635.310236808735,570,635.310236808735,527.5,730.606772330045,934.625,589.250244640102,1010,889.434331532229,527.5,730.606772330045,934.625,589.250244640102,1010,889.434331532229,0,0,15.3947368421053,5.01560713270053,153.947368421053,481.498284739252,17.2368421052632,105.327749786711,3.42105263157895,43.4685951500713,190,0,190,0,0,0,190,0,190,0,190,0,190,0,NaN,NaN,0.0361,0,0.1083,0.12070894499366,0.0722,0.12070894499366,0.0361,0,-0.516051605160518,17.0788470501238,1,0,1.29135742628546e-16,1.43932033736515e-16,0.376695652173913,0.199432169989525,24,12.7062047361747,0.5,6.35310236808735,1.02631578947368,0.334373808846702,30,127.062047361747,30,127.062047361747,30,127.062047361747,10,127.062047361747,10,127.062047361747,1.9844368,0
s7_clean,fixed_packet,5,5,1,190,0.05,1,19,0,19,0,0,0,0,0,643.157894736842,548.373046508592,0,0,643.157894736842,548.373046508592,643.157894736842,548.373046508592,643.5,883.081229164141,1033.125,783.655177103575,1095,1461.21354466009,643.5,883.081229164141,1033.125,783.655177103575,1095,1461.21354466009,4.10526315789474,6.68747617693405,36,0,213.631578947368,264.824056606588,37.4210526315789,276.86151372507,0,0,162,0,190,0,0,0,190,0,190,0,190,0,190,0,NaN,NaN,0.0361,0,0.1222,0.104190878836632,0.0861,0.104190878836632,0.0361,0,-1.02010201020102,13.8765632282256,1,0,1.06424753127411e-16,1.35225470223374e-15,0.376695652173913,0.199432169989525,22.5,6.35310236808735,0,0,1,0,0,0,0,0,0,0,0,0,0,0,0.7255494,0
s7_busy,fixed_packet,5,5,1,190,0.05,1,19,0,19,0,0,0,0,0,4790.97368421053,12059.1914160563,0,0,4790.97368421053,12059.1914160563,4790.97368421053,12059.1914160563,3282,17979.2797016872,14637.8,40816.7767842508,15684.5,48976.0661555854,3282,17979.2797016872,14637.8,40816.7767842508,15684.5,48976.0661555854,4.10526315789474,6.68747617693405,54.9473684210526,120.374571184813,234.236842105263,689.144420033054,4060.42105263158,10701.2993783299,85.2631578947368,541.685570331658,162,0,190,0,0,0,190,0,190,127.062047361747,190,0,190,127.062047361747,NaN,NaN,0.0361,0.0241417889987319,0.946295,1.95986854953127,0.910195,1.98401033853,0.0361,0.0241417889987319,-0.828082808280832,79.2946470184319,1,0,0.0437071795092982,0.440706276613981,0.392424242424242,0.308029205725447,34,63.5310236808735,10,63.5310236808735,1.52631578947368,3.34373808846703,11025,0,5103,800.490898379006,11025,0,4284,800.490898379006,9292.5,400.245449189503,5.3196219,0
sf_cf,fixed_packet,5,5,2,380,NaN,0,NaN,NaN,NaN,NaN,NaN,NaN,NaN,NaN,NaN,NaN,NaN,NaN,NaN,NaN,NaN,NaN,NaN,NaN,NaN,NaN,NaN,NaN,NaN,NaN,NaN,NaN,NaN,NaN,NaN,NaN,NaN,NaN,NaN,NaN,NaN,NaN,NaN,NaN,NaN,NaN,NaN,NaN,NaN,NaN,NaN,NaN,NaN,NaN,NaN,NaN,NaN,NaN,NaN,NaN,NaN,NaN,NaN,NaN,NaN,NaN,NaN,NaN,NaN,NaN,NaN,NaN,NaN,NaN,NaN,NaN,NaN,NaN,NaN,NaN,NaN,NaN,NaN,NaN,NaN,NaN,NaN,NaN,NaN,NaN,NaN,NaN,0.0704155,0
sf_cb,fixed_packet,5,5,2,380,NaN,0,NaN,NaN,NaN,NaN,NaN,NaN,NaN,NaN,NaN,NaN,NaN,NaN,NaN,NaN,NaN,NaN,NaN,NaN,NaN,NaN,NaN,NaN,NaN,NaN,NaN,NaN,NaN,NaN,NaN,NaN,NaN,NaN,NaN,NaN,NaN,NaN,NaN,NaN,NaN,NaN,NaN,NaN,NaN,NaN,NaN,NaN,NaN,NaN,NaN,NaN,NaN,NaN,NaN,NaN,NaN,NaN,NaN,NaN,NaN,NaN,NaN,NaN,NaN,NaN,NaN,NaN,NaN,NaN,NaN,NaN,NaN,NaN,NaN,NaN,NaN,NaN,NaN,NaN,NaN,NaN,NaN,NaN,NaN,NaN,NaN,NaN,0.0400702,0
sb_cf,fixed_packet,5,5,2,380,0.05,0.5,19,0,9.5,120.70894499366,9.5,120.70894499366,9.5,120.70894499366,NaN,NaN,NaN,NaN,NaN,NaN,511.842105263158,NaN,NaN,NaN,NaN,NaN,NaN,NaN,440,NaN,1038,NaN,1110,NaN,NaN,NaN,NaN,NaN,NaN,NaN,NaN,NaN,NaN,NaN,NaN,NaN,NaN,NaN,NaN,NaN,190,0,95,1207.0894499366,380,0,190,2414.17889987319,NaN,NaN,0.0361,0.458693990975906,4.842525,60.2944356794514,2.417575,30.4481960644138,2.42495,29.8462396150376,79.8619861986199,1029.38175903447,0.5,6.35310236808735,NaN,NaN,0.392391304347826,NaN,1663,20812.7633578541,0.5,6.35310236808735,1.05263157894737,NaN,626142.5,7946238.08342077,99452.5,1254007.11092492,626142.5,7946238.08342077,49262.5,621111.05301606,238885,3030493.36060135,1.3944734,0
sb_cb,fixed_packet,5,5,2,380,0.05,1,19,0,19,0,0,0,0,0,802.105263157895,578.466689304796,0,0,802.105263157895,578.466689304796,802.105263157895,578.466689304796,682.5,222.358582883057,1602.25,3402.08631811077,1735,3430.67527876717,682.5,222.358582883057,1602.25,3402.08631811077,1735,3430.67527876717,0,0,17.7631578947368,25.0780356635027,116.842105263158,16.7186904423351,73.0263157894737,265.827178033128,24.4736842105263,270.842785165829,190,0,380,0,0,0,190,0,185,63.5310236808735,380,0,370,127.062047361747,NaN,NaN,0.07195,0.00317655118404368,0.15215,0.106732119783868,0.0802,0.109908670967911,0.07195,0.00317655118404368,-1.28412841284129,7.31950587862448,1,0,0.00155714730613534,0.0197854324761361,0.380286561264822,0.153805343891443,27.5,6.35310236808735,3.5,31.7655118404367,1.18421052631579,1.67186904423351,80,254.124094723494,80,254.124094723494,80,254.124094723494,60,508.248189446988,60,508.248189446988,1.9164525,0
s7_clean,fixed_packet,5,5,2,380,0.05,1,19,0,19,0,0,0,0,0,831.736842105263,60.8560332100998,0,0,831.736842105263,60.8560332100998,831.736842105263,60.8560332100998,748.5,438.364063398027,1526.825,1227.73703263288,1599.5,527.30749655125,748.5,438.364063398027,1526.825,1227.73703263288,1599.5,527.30749655125,4.10526315789474,6.68747617693405,36,0,186.157894736842,234.730413810385,63.4736842105263,288.898970843551,0,0,162,0,380,0,0,0,190,0,185,63.5310236808735,380,0,370,127.062047361747,NaN,NaN,0.07135,0.0108002740257485,0.15718,0.000762372284170362,0.08583,0.0115626463099189,0.07135,0.0108002740257485,0.846084608460844,30.8791654254471,1,0,0.00540574917323847,0.0686865557475751,0.380286561264822,0.153805343891443,22.5,6.35310236808735,0,0,1,0,0,0,0,0,0,0,0,0,0,0,0.9688156,0
s7_busy,fixed_packet,5,5,2,380,0.05,1,19,0,19,0,0,0,0,0,9233.23684210526,25968.4731164615,1101.52631578947,13996.2188907053,8131.71052631579,11972.2542257562,9233.23684210526,25968.4731164615,5364,19046.6008995259,33125.7,211367.715786266,34500,221888.453307819,5364,19046.6008995259,33125.7,211367.715786266,34500,221888.453307819,4.13157894736842,7.02184998578075,69.1578947368421,36.1123713554439,310.263157894737,379.179899232161,7056.94736842105,11784.6705189932,149.210526315789,162.505671099497,162,0,380,0,0,0,190,0,195,63.5310236808735,380,0,390,127.062047361747,NaN,NaN,0.072695,0.0419940066530574,1.75118,5.16380160478139,1.678485,5.12180759812834,0.072695,0.0419940066530574,-9.90099009900991,5.64211911477304,1,0,0.0113542960604114,0.0562279628969195,0.404528985507246,0.154223861834004,42.5,6.35310236808735,17.5,19.059307104262,1.92105263157895,1.00312142654011,10174.5,6003.68173784254,4693.5,3602.20904270553,10174.5,6003.68173784254,3780,4802.94539027404,8316,8004.90898379006,5.1680953,0
sf_cf,fixed_packet,5,5,3,570,NaN,0,NaN,NaN,NaN,NaN,NaN,NaN,NaN,NaN,NaN,NaN,NaN,NaN,NaN,NaN,NaN,NaN,NaN,NaN,NaN,NaN,NaN,NaN,NaN,NaN,NaN,NaN,NaN,NaN,NaN,NaN,NaN,NaN,NaN,NaN,NaN,NaN,NaN,NaN,NaN,NaN,NaN,NaN,NaN,NaN,NaN,NaN,NaN,NaN,NaN,NaN,NaN,NaN,NaN,NaN,NaN,NaN,NaN,NaN,NaN,NaN,NaN,NaN,NaN,NaN,NaN,NaN,NaN,NaN,NaN,NaN,NaN,NaN,NaN,NaN,NaN,NaN,NaN,NaN,NaN,NaN,NaN,NaN,NaN,NaN,NaN,NaN,0.0337453,0
sf_cb,fixed_packet,5,5,3,570,0.05,1,19,0,19,0,0,0,0,0,4117.36842105263,2093.18004338036,0,0,4117.36842105263,2093.18004338036,4117.36842105263,2093.18004338036,3280,9847.30867053539,13757.5,70506.7300810335,18730,121280.724206787,3280,9847.30867053539,13757.5,70506.7300810335,18730,121280.724206787,142.368421052632,257.467832811961,0,0,2920,2668.30299459669,285,190.59307104262,10,127.062047361747,190,0,570,0,0,0,190,0,185,63.5310236808735,570,0,555,190.59307104262,NaN,NaN,0.10545,0.0362126834980979,0.7651,0.461235231923141,0.65965,0.497447915421239,0.10545,0.0362126834980979,-9.96699669966998,161.562843300055,1,0,0.0228421954773441,0.0968064945882883,0.380286561264822,0.153805343891443,23.5,19.059307104262,1,12.7062047361747,1.05263157894737,0.668747617693406,95,1207.0894499366,95,1207.0894499366,190,2414.17889987319,95,1207.0894499366,190,2414.17889987319,0.0755713,0
sb_cf,fixed_packet,5,5,3,570,0.05,0.5,19,0,9.5,120.70894499366,9.5,120.70894499366,9.5,120.70894499366,NaN,NaN,NaN,NaN,NaN,NaN,779.473684210526,NaN,NaN,NaN,NaN,NaN,NaN,NaN,720,NaN,1204.25,NaN,1265,NaN,NaN,NaN,NaN,NaN,NaN,NaN,NaN,NaN,NaN,NaN,NaN,NaN,NaN,NaN,NaN,NaN,190,0,95,1207.0894499366,570,0,285,3621.26834980979,NaN,NaN,0.05415,0.68804098646386,4.86795,59.9713804240341,2.246175,28.1070778417736,2.621775,31.8643025822605,80.5460546054606,1020.6898458036,0.5,6.35310236808735,NaN,NaN,0.392391304347826,NaN,1177,14599.4292418647,0.5,6.35310236808735,1.05263157894737,NaN,662382.5,8380154.97516114,100507.5,1247399.88446211,662382.5,8380154.97516114,49625,623302.87333305,256762.5,3255234.35687244,1.3961978,0
sb_cb,fixed_packet,5,5,3,570,0.05,1,19,0,19,0,0,0,0,0,953.815789473684,265.827178033128,0,0,953.815789473684,265.827178033128,953.815789473684,265.827178033128,857.5,31.7655118404367,1518.75,2061.58171844434,1575,1461.21354466009,857.5,31.7655118404367,1518.75,2061.58171844434,1575,1461.21354466009,0,0,15.3947368421053,5.01560713270053,94.2105263157895,20.0624285308021,81.4473684210526,205.639892440722,2.76315789473684,35.1092499289038,190,0,570,0,0,0,190,0,185,63.5310236808735,570,0,555,190.59307104262,NaN,NaN,0.106925,0.0174710315122401,0.17985,0.0330361323140543,0.072925,0.0505071638262944,0.106925,0.0174710315122401,-0.360036003600364,15.7064396978817,1,0,0.00753631131816952,0.0957579145642105,0.380286561264822,0.153805343891443,23.5,6.35310236808735,0.5,6.35310236808735,1.02631578947368,0.334373808846702,20,0,20,0,20,0,10,127.062047361747,10,127.062047361747,1.7775017,0
s7_clean,fixed_packet,5,5,3,570,0.05,1,19,0,19,0,0,0,0,0,1049.92105263158,99.9777688451653,0,0,1049.92105263158,99.9777688451653,1049.92105263158,99.9777688451653,977,127.062047361747,1652.4,1809.36355443128,1773,2769.95263248608,977,127.062047361747,1652.4,1809.36355443128,1773,2769.95263248608,4.10526315789474,6.68747617693405,36,0,172.421052631579,42.1310999146844,105.394736842105,135.421392582914,0,0,162,0,570,0,0,0,190,0,185,63.5310236808735,570,0,555,190.59307104262,NaN,NaN,0.107265,0.0131509219019407,0.19845,0.00584485417864039,0.091185,0.0189957760805811,0.107265,0.0131509219019407,-1.18211821182119,20.8148448423384,1,0,0.0052033583027501,0.0661149359104172,0.380286561264822,0.153805343891443,22.5,6.35310236808735,0,0,1,0,0,0,0,0,0,0,0,0,0,0,0.6728709,0
s7_busy,fixed_packet,5,5,3,570,NaN,0,NaN,NaN,NaN,NaN,NaN,NaN,NaN,NaN,NaN,NaN,NaN,NaN,NaN,NaN,NaN,NaN,NaN,NaN,NaN,NaN,NaN,NaN,NaN,NaN,NaN,NaN,NaN,NaN,NaN,NaN,NaN,NaN,NaN,NaN,NaN,NaN,NaN,NaN,NaN,NaN,NaN,NaN,NaN,NaN,NaN,NaN,NaN,NaN,NaN,NaN,NaN,NaN,NaN,NaN,NaN,NaN,NaN,NaN,NaN,NaN,NaN,NaN,NaN,NaN,NaN,NaN,NaN,NaN,NaN,NaN,NaN,NaN,NaN,NaN,NaN,NaN,NaN,NaN,NaN,NaN,NaN,NaN,NaN,NaN,NaN,NaN,2.451462,0
sf_cf,fixed_packet,5,5,4,760,NaN,0,NaN,NaN,NaN,NaN,NaN,NaN,NaN,NaN,NaN,NaN,NaN,NaN,NaN,NaN,NaN,NaN,NaN,NaN,NaN,NaN,NaN,NaN,NaN,NaN,NaN,NaN,NaN,NaN,NaN,NaN,NaN,NaN,NaN,NaN,NaN,NaN,NaN,NaN,NaN,NaN,NaN,NaN,NaN,NaN,NaN,NaN,NaN,NaN,NaN,NaN,NaN,NaN,NaN,NaN,NaN,NaN,NaN,NaN,NaN,NaN,NaN,NaN,NaN,NaN,NaN,NaN,NaN,NaN,NaN,NaN,NaN,NaN,NaN,NaN,NaN,NaN,NaN,NaN,NaN,NaN,NaN,NaN,NaN,NaN,NaN,NaN,0.0276402,0
sf_cb,fixed_packet,5,5,4,760,0.05,1,19,0,19,0,0,0,0,0,4557.36842105263,3236.73846963608,0.789473684210526,10.0312142654011,4556.57894736842,3226.70725537068,4557.36842105263,3236.73846963608,3200,5463.66803655512,13103.125,37402.3019165222,14605,33671.4425508629,3200,5463.66803655512,13103.125,37402.3019165222,14605,33671.4425508629,186.578947368421,585.154165481729,0,0,2960,4065.9855155759,460,254.124094723494,0,0,190,0,760,0,0,0,190,0,185,63.5310236808735,760,0,740,254.124094723494,NaN,NaN,0.13995,0.0400245449189503,0.8604,0.553990526497217,0.72045,0.594015071416167,0.13995,0.0400245449189503,-15.5535553555356,398.76058067923,1,0,0.00612540412401535,0.066941384098056,0.380286561264822,0.153805343891443,22.5,6.35310236808735,0,0,1,0,0,0,0,0,0,0,0,0,0,0,0.0587694,0
sb_cf,fixed_packet,5,5,4,760,0.05,0,19,0,4.5,57.1779213127861,14.5,57.1779213127861,14.5,57.1779213127861,NaN,NaN,NaN,NaN,NaN,NaN,1030.55555555556,NaN,NaN,NaN,NaN,NaN,NaN,NaN,980,NaN,1710,NaN,1710,NaN,NaN,NaN,NaN,NaN,NaN,NaN,NaN,NaN,NaN,NaN,NaN,NaN,NaN,NaN,NaN,NaN,190,0,45,571.779213127861,760,0,180,2287.11685251145,NaN,NaN,0.0342,0.434552201977175,5.801775,48.1060087862758,2.45355,23.8444638079054,3.348225,24.2615449783704,187.302730273027,335.782332181898,0.236842105263158,3.00936427962032,NaN,NaN,0.225,NaN,1404.5,5012.59776842092,0.5,6.35310236808735,1.11111111111111,NaN,1059565,3869039.34216519,168640,381821.45232205,1059565,3869039.34216519,67472.5,396655.946351534,331402.5,2469609.71803475,1.7228276,0
sb_cb,fixed_packet,5,5,4,760,0.05,1,19,0,19,0,0,0,0,0,1194.07894736842,58.5154165481737,0,0,1194.07894736842,58.5154165481737,1194.07894736842,58.5154165481737,1092.5,222.358582883057,1897.5,384.362693269283,2055,127.062047361747,1092.5,222.358582883057,1897.5,384.362693269283,2055,127.062047361747,0,0,15,0,93.2894736842105,225.702320971524,135.789473684211,167.186904423351,0,0,190,0,760,0,0,0,190,0,185,63.5310236808735,760,0,740,254.124094723494,NaN,NaN,0.142475,0.0244594441171362,0.22495,0.0355773732612893,0.082475,0.011117929144153,0.142475,0.0244594441171362,0.480048004800476,12.1991764643741,1,0,0.00866531622777407,0.110103282093794,0.380286561264822,0.153805343891443,23,12.7062047361747,0,0,1,0,10,127.062047361747,10,127.062047361747,10,127.062047361747,0,0,0,0,1.8757454,0
s7_clean,fixed_packet,5,5,4,760,0.05,1,19,0,19,0,0,0,0,0,1292.02631578947,124.052683082127,0,0,1292.02631578947,124.052683082127,1292.02631578947,124.052683082127,1175,38.1186142085241,2218.625,1887.18905844035,2411,4320.1096102994,1175,38.1186142085241,2218.625,1887.18905844035,2411,4320.1096102994,4.10526315789474,6.68747617693405,36,0,184.263157894737,162.505671099497,145.657894736842,45.1404641943049,0,0,162,0,760,0,0,0,190,0,185,63.5310236808735,760,0,740,254.124094723494,NaN,NaN,0.1412,0.040659855155759,0.242285,0.0170898453701551,0.101085,0.0235700097856038,0.1412,0.040659855155759,-0.87608760876088,6.5570573496011,1,0,0.0132813148501703,0.168755105651861,0.380286561264822,0.153805343891443,22.5,6.35310236808735,0,0,1,0,0,0,0,0,0,0,0,0,0,0,0.7536791,0
s7_busy,fixed_packet,5,5,4,760,NaN,0,NaN,NaN,NaN,NaN,NaN,NaN,NaN,NaN,NaN,NaN,NaN,NaN,NaN,NaN,NaN,NaN,NaN,NaN,NaN,NaN,NaN,NaN,NaN,NaN,NaN,NaN,NaN,NaN,NaN,NaN,NaN,NaN,NaN,NaN,NaN,NaN,NaN,NaN,NaN,NaN,NaN,NaN,NaN,NaN,NaN,NaN,NaN,NaN,NaN,NaN,NaN,NaN,NaN,NaN,NaN,NaN,NaN,NaN,NaN,NaN,NaN,NaN,NaN,NaN,NaN,NaN,NaN,NaN,NaN,NaN,NaN,NaN,NaN,NaN,NaN,NaN,NaN,NaN,NaN,NaN,NaN,NaN,NaN,NaN,NaN,NaN,2.1541391,0
sf_cf,fixed_packet,5,5,5,950,NaN,0,NaN,NaN,NaN,NaN,NaN,NaN,NaN,NaN,NaN,NaN,NaN,NaN,NaN,NaN,NaN,NaN,NaN,NaN,NaN,NaN,NaN,NaN,NaN,NaN,NaN,NaN,NaN,NaN,NaN,NaN,NaN,NaN,NaN,NaN,NaN,NaN,NaN,NaN,NaN,NaN,NaN,NaN,NaN,NaN,NaN,NaN,NaN,NaN,NaN,NaN,NaN,NaN,NaN,NaN,NaN,NaN,NaN,NaN,NaN,NaN,NaN,NaN,NaN,NaN,NaN,NaN,NaN,NaN,NaN,NaN,NaN,NaN,NaN,NaN,NaN,NaN,NaN,NaN,NaN,NaN,NaN,NaN,NaN,NaN,NaN,NaN,0.0241515,0
sf_cb,fixed_packet,5,5,5,950,0.05,1,19,0,19,0,0,0,0,0,5547.36842105263,822.559569762891,0,0,5547.36842105263,822.559569762891,5547.36842105263,822.559569762891,5397.5,2255.35134067101,11408.5,559.073008391687,11822.5,1556.5100801814,5397.5,2255.35134067101,11408.5,559.073008391687,11822.5,1556.5100801814,312.368421052632,1146.90216434419,0,0,3470,2287.11685251144,625,317.655118404367,0,0,190,0,950,0,0,0,190,0,185,63.5310236808735,950,0,925,317.655118404367,NaN,NaN,0.17575,0.0603544724968297,1.0273,0.268100919933286,0.85155,0.328455392430116,0.17575,0.0603544724968297,-10.1350135013501,219.051462388418,1,0,0.0261774461141383,0.115674874976191,0.380286561264822,0.153805343891443,22.5,6.35310236808735,0,0,1,0,0,0,0,0,0,0,0,0,0,0,0.0718432,0
sb_cf,fixed_packet,5,5,5,950,0.05,0,19,0,4.5,57.1779213127861,14.5,57.1779213127861,14.5,57.1779213127861,NaN,NaN,NaN,NaN,NaN,NaN,1153.88888888889,NaN,NaN,NaN,NaN,NaN,NaN,NaN,1050,NaN,2065,NaN,2065,NaN,NaN,NaN,NaN,NaN,NaN,NaN,NaN,NaN,NaN,NaN,NaN,NaN,NaN,NaN,NaN,NaN,190,0,45,571.779213127861,950,0,225,2858.89606563931,NaN,NaN,0.04275,0.543190252471468,5.807325,48.03548934999,2.39615,23.8762293197459,3.411175,24.1592600302442,187.302730273027,335.782332181898,0.236842105263158,3.00936427962032,NaN,NaN,0.225,NaN,1149,3951.62967295033,0.5,6.35310236808735,1.11111111111111,NaN,1080975,3809320.17990517,168617.5,384394.458781125,1080975,3809320.17990517,67652.5,396655.946351534,336842.5,2470245.02827156,1.4824348,0
sb_cb,fixed_packet,5,5,5,950,0.05,1,19,0,19,0,0,0,0,0,1428.02631578947,25.0780356635032,0,0,1428.02631578947,25.0780356635032,1428.02631578947,25.0780356635032,1245,127.062047361747,2500.25,2760.42297893396,2750,5590.73008391687,1245,127.062047361747,2500.25,2760.42297893396,2750,5590.73008391687,0,0,15.3947368421053,5.01560713270053,102.368421052632,157.15569015795,167.368421052632,224.030451927291,2.89473684210526,36.7811189731373,190,0,950,0,0,0,190,0,185,63.5310236808735,950,0,925,317.655118404367,NaN,NaN,0.17725,0.0412951653925678,0.268075,0.0365303386165025,0.090825,0.00476482677606534,0.17725,0.0412951653925678,-2.76627662766277,22.3397419003851,1,0,0.0122549019607845,0.155713293335474,0.380286561264822,0.153805343891443,23.5,19.059307104262,0.5,6.35310236808735,1.02631578947368,0.334373808846702,20,254.124094723494,20,254.124094723494,20,254.124094723494,10,127.062047361747,10,127.062047361747,2.1811294,0
s7_clean,fixed_packet,5,5,5,950,0.05,1,19,0,19,0,0,0,0,0,1488.18421052632,382.858011129475,0,0,1488.18421052632,382.858011129475,1488.18421052632,382.858011129475,1314,38.1186142085241,2574.1,911.034879583729,2921.5,2763.599530118,1314,38.1186142085241,2574.1,911.034879583729,2921.5,2763.599530118,4.10526315789474,6.68747617693405,36,0,152.052631578947,12.0374571184813,184.026315789474,388.207992071021,0,0,162,0,950,0,0,0,190,0,185,63.5310236808735,950,0,925,317.655118404367,NaN,NaN,0.17689,0.0458693990975907,0.279145,0.0268736230170095,0.102255,0.0727430221146002,0.17689,0.0458693990975907,-2.26822682268227,24.8558220461623,1,0,0.0128350991964731,0.163085398199499,0.380286561264822,0.153805343891443,22.5,6.35310236808735,0,0,1,0,0,0,0,0,0,0,0,0,0,0,0.7778424,0
s7_busy,fixed_packet,5,5,5,950,NaN,0,NaN,NaN,NaN,NaN,NaN,NaN,NaN,NaN,NaN,NaN,NaN,NaN,NaN,NaN,NaN,NaN,NaN,NaN,NaN,NaN,NaN,NaN,NaN,NaN,NaN,NaN,NaN,NaN,NaN,NaN,NaN,NaN,NaN,NaN,NaN,NaN,NaN,NaN,NaN,NaN,NaN,NaN,NaN,NaN,NaN,NaN,NaN,NaN,NaN,NaN,NaN,NaN,NaN,NaN,NaN,NaN,NaN,NaN,NaN,NaN,NaN,NaN,NaN,NaN,NaN,NaN,NaN,NaN,NaN,NaN,NaN,NaN,NaN,NaN,NaN,NaN,NaN,NaN,NaN,NaN,NaN,NaN,NaN,NaN,NaN,NaN,2.1863825,0
sf_cf,fixed_packet,5,5,6,1140,NaN,0,NaN,NaN,NaN,NaN,NaN,NaN,NaN,NaN,NaN,NaN,NaN,NaN,NaN,NaN,NaN,NaN,NaN,NaN,NaN,NaN,NaN,NaN,NaN,NaN,NaN,NaN,NaN,NaN,NaN,NaN,NaN,NaN,NaN,NaN,NaN,NaN,NaN,NaN,NaN,NaN,NaN,NaN,NaN,NaN,NaN,NaN,NaN,NaN,NaN,NaN,NaN,NaN,NaN,NaN,NaN,NaN,NaN,NaN,NaN,NaN,NaN,NaN,NaN,NaN,NaN,NaN,NaN,NaN,NaN,NaN,NaN,NaN,NaN,NaN,NaN,NaN,NaN,NaN,NaN,NaN,NaN,NaN,NaN,NaN,NaN,NaN,0.0357928,0
sf_cb,fixed_packet,5,5,6,1140,NaN,0,NaN,NaN,NaN,NaN,NaN,NaN,NaN,NaN,NaN,NaN,NaN,NaN,NaN,NaN,NaN,NaN,NaN,NaN,NaN,NaN,NaN,NaN,NaN,NaN,NaN,NaN,NaN,NaN,NaN,NaN,NaN,NaN,NaN,NaN,NaN,NaN,NaN,NaN,NaN,NaN,NaN,NaN,NaN,NaN,NaN,NaN,NaN,NaN,NaN,NaN,NaN,NaN,NaN,NaN,NaN,NaN,NaN,NaN,NaN,NaN,NaN,NaN,NaN,NaN,NaN,NaN,NaN,NaN,NaN,NaN,NaN,NaN,NaN,NaN,NaN,NaN,NaN,NaN,NaN,NaN,NaN,NaN,NaN,NaN,NaN,NaN,0.0352285,0
sb_cf,fixed_packet,5,5,6,1140,NaN,0,NaN,NaN,NaN,NaN,NaN,NaN,NaN,NaN,NaN,NaN,NaN,NaN,NaN,NaN,NaN,NaN,NaN,NaN,NaN,NaN,NaN,NaN,NaN,NaN,NaN,NaN,NaN,NaN,NaN,NaN,NaN,NaN,NaN,NaN,NaN,NaN,NaN,NaN,NaN,NaN,NaN,NaN,NaN,NaN,NaN,NaN,NaN,NaN,NaN,NaN,NaN,NaN,NaN,NaN,NaN,NaN,NaN,NaN,NaN,NaN,NaN,NaN,NaN,NaN,NaN,NaN,NaN,NaN,NaN,NaN,NaN,NaN,NaN,NaN,NaN,NaN,NaN,NaN,NaN,NaN,NaN,NaN,NaN,NaN,NaN,NaN,0.6905145,0
sb_cb,fixed_packet,5,5,6,1140,0.05,1,19,0,19,0,0,0,0,0,1673.94736842105,200.624285308021,0,0,1673.94736842105,200.624285308021,1673.94736842105,200.624285308021,1457.5,540.013701287425,2881.625,3648.26903487417,3177.5,6321.33685624691,1457.5,540.013701287425,2881.625,3648.26903487417,3177.5,6321.33685624691,0,0,15,0,91.8421052631579,187.249332954153,237.105263157895,13.3749523538681,0,0,190,0,1140,0,0,0,190,0,190,127.062047361747,1140,0,1140,762.372284170482,NaN,NaN,0.215425,0.101331982770993,0.316875,0.0632133685624692,0.10145,0.0381186142085239,0.215425,0.101331982770993,-2.74227422742274,25.9994948396974,1,0,0.0252320901680396,0.0521492575318327,0.392424242424242,0.308029205725447,24,25.4124094723494,0,0,1,0,20,254.124094723494,20,254.124094723494,20,254.124094723494,0,0,0,0,2.3557048,0
s7_clean,fixed_packet,5,5,6,1140,0.05,1,19,0,19,0,0,0,0,0,1749.71052631579,292.577082740864,0,0,1749.71052631579,292.577082740864,1749.71052631579,292.577082740864,1518,216.00548051497,3082.6,1912.91912303111,3398.5,5863.91348574462,1518,216.00548051497,3082.6,1912.91912303111,3398.5,5863.91348574462,4.10526315789474,6.68747617693405,36,0,156.078947368421,111.346478345952,251.526315789474,174.543128217979,0,0,162,0,1140,0,0,0,190,0,185,63.5310236808735,1140,0,1110,381.186142085241,NaN,NaN,0.21258,0.0510789430394222,0.328425,0.0045107026813423,0.115845,0.0555896457207645,0.21258,0.0510789430394222,-2.13021302130213,39.7235683621183,1,0,0.0122270211083401,0.155359033516097,0.380286561264822,0.153805343891443,22.5,6.35310236808735,0,0,1,0,0,0,0,0,0,0,0,0,0,0,0.6506003,0
s7_busy,fixed_packet,5,5,6,1140,NaN,0,NaN,NaN,NaN,NaN,NaN,NaN,NaN,NaN,NaN,NaN,NaN,NaN,NaN,NaN,NaN,NaN,NaN,NaN,NaN,NaN,NaN,NaN,NaN,NaN,NaN,NaN,NaN,NaN,NaN,NaN,NaN,NaN,NaN,NaN,NaN,NaN,NaN,NaN,NaN,NaN,NaN,NaN,NaN,NaN,NaN,NaN,NaN,NaN,NaN,NaN,NaN,NaN,NaN,NaN,NaN,NaN,NaN,NaN,NaN,NaN,NaN,NaN,NaN,NaN,NaN,NaN,NaN,NaN,NaN,NaN,NaN,NaN,NaN,NaN,NaN,NaN,NaN,NaN,NaN,NaN,NaN,NaN,NaN,NaN,NaN,NaN,2.1225888,0
sf_cf,fixed_packet,15,15,1,190,0.05,1,50,63.5310236808735,50,63.5310236808735,0,0,0,0,4027.83838383838,2571.53048579794,142.5,1022.84948126206,3885.33838383838,3594.37996706001,4027.83838383838,2571.53048579794,3145,1334.15149729834,10702.5,16391.0041096654,14827.75,11400.6421995327,3145,1334.15149729834,10702.5,16391.0041096654,14827.75,11400.6421995327,91.479797979798,29.1986017927246,0,0,3581.59595959596,3633.46117253642,0,0,22.2626262626263,68.2798072691408,0,0,190,0,0,0,500,635.310236808734,510,635.310236808734,500,635.310236808734,510,635.310236808734,NaN,NaN,0.0972,0.116897083572807,1.9988,1.36972887055963,1.8902,1.20454820898936,0.1086,0.165180661570271,-13.1233123312331,222.711215327731,1,0,0.00394867873390089,0.034490515781102,0.537763596004439,0.491818968006762,75,139.768252097922,6,25.4124094723494,1.11717171717172,0.359367406679689,855,1207.0894499366,855,1207.0894499366,1710,2414.17889987319,570,2414.17889987319,1140,4828.35779974638,0.1217006,0
sf_cb,fixed_packet,15,15,1,190,0.05,1,50,63.5310236808735,50,63.5310236808735,0,0,0,0,4612.42424242424,2493.4964203475,291.19696969697,1238.46992526988,4321.22727272727,1255.02649507762,4612.42424242424,2493.4964203475,3230,1842.39968674533,12606.25,11991.4807197649,15500.5,2661.94989222854,3230,1842.39968674533,12606.25,11991.4807197649,15500.5,2661.94989222854,114.550505050505,38.1827869597169,0,0,3479.49494949495,1282.68495084172,339.50505050505,75.5955009051201,7.67676767676768,9.75425818130583,190,0,190,0,0,0,500,635.310236808734,515,190.59307104262,500,635.310236808734,515,190.59307104262,NaN,NaN,0.09815,0.0463776472870376,2.29395,0.0133415149729834,2.1958,0.0597191622600201,0.09815,0.0463776472870376,-5.72457245724573,557.959833539313,1,0,0.0582188580434572,0.0139091651387033,0.574276859504132,0.077444842916767,72.5,158.827559202184,2,0,1.04040404040404,0.0513382009542415,570,2414.17889987319,570,2414.17889987319,1235,6035.44724968298,190,0,380,0,0.1067873,0
sb_cf,fixed_packet,15,15,1,190,0.05,0,50,63.5310236808735,12,152.474456834096,38,216.00548051497,45.5,311.30201603628,NaN,NaN,NaN,NaN,NaN,NaN,308.958333333333,NaN,NaN,NaN,NaN,NaN,NaN,NaN,260,NaN,566.5,NaN,570,NaN,NaN,NaN,NaN,NaN,NaN,NaN,NaN,NaN,NaN,NaN,NaN,NaN,NaN,NaN,NaN,NaN,500,635.310236808734,120,1524.74456834096,500,635.310236808734,120,1524.74456834096,NaN,NaN,0.0228,0.289701467984783,22.629825,220.644198209029,16.897025,175.88722733609,5.7328,44.7569708729386,535.211521152115,801.104669444869,0.266666666666667,3.38832126297992,NaN,NaN,0.4,NaN,7978.5,36104.6807578404,0,0,1,NaN,1510952.5,6895625.54481017,178715,461743.480112588,1510952.5,6895625.54481017,71187.5,366097.523961033,571000,4504667.23409233,3.1724989,0
sb_cb,fixed_packet,15,15,1,190,0.05,1,50,63.5310236808735,50,63.5310236808735,0,0,0,0,584.530303030303,378.683404788722,0,0,584.530303030303,378.683404788722,584.530303030303,378.683404788722,497.5,31.7655118404367,1188.125,817.961929891246,1770,1905.9307104262,497.5,31.7655118404367,1188.125,817.961929891246,1770,1905.9307104262,0,0,16.3484848484848,0.19251825357841,108.732323232323,251.878048431746,65.530303030303,175.384129009926,13.9191919191919,48.3862543993723,190,0,190,0,0,0,500,635.310236808734,500,635.310236808734,500,635.310236808734,500,635.310236808734,NaN,NaN,0.095,0.12070894499366,0.290775,0.182016382845703,0.194825,0.0492365433526772,0.09595,0.132779839493025,2.53225322532253,55.201273501293,1,0,1.00399984140455e-16,1.27570275399732e-15,0.560822457522778,0.209240936156533,75,190.59307104262,4.5,6.35310236808735,1.08989898989899,0.0128345502385604,245,2096.52378146882,235,1969.46173410708,245,2096.52378146882,165,1080.02740257485,175,1207.0894499366,4.533116,0
s7_clean,fixed_packet,15,15,1,190,0.05,1,50,63.5310236808735,50,63.5310236808735,0,0,0,0,650.448484848485,499.161327878087,0,0,650.448484848485,499.161327878087,650.448484848485,499.161327878087,554,698.841260489608,1113,908.493638636491,1691.975,661.040301399478,554,698.841260489608,1113,908.493638636491,1691.975,661.040301399478,3.83030303030303,1.30912412433315,36,0,161.763636363636,130.06533211757,96.8545454545454,367.786871636184,0,0,162,0,190,0,0,0,500,635.310236808734,495,698.841260489608,500,635.310236808734,495,698.841260489608,NaN,NaN,0.0942,0.130873908782599,0.32246,0.17382088079087,0.22826,0.0429469720082706,0.0942,0.130873908782599,1.71617161716171,81.4295028996974,1,0,0.00259084137573684,0.0329197609590649,0.557533927056828,0.25102567753804,66,127.062047361747,0,0,1,0,0,0,0,0,0,0,0,0,0,0,1.1178614,0
s7_busy,fixed_packet,15,15,1,190,NaN,0,NaN,NaN,NaN,NaN,NaN,NaN,NaN,NaN,NaN,NaN,NaN,NaN,NaN,NaN,NaN,NaN,NaN,NaN,NaN,NaN,NaN,NaN,NaN,NaN,NaN,NaN,NaN,NaN,NaN,NaN,NaN,NaN,NaN,NaN,NaN,NaN,NaN,NaN,NaN,NaN,NaN,NaN,NaN,NaN,NaN,NaN,NaN,NaN,NaN,NaN,NaN,NaN,NaN,NaN,NaN,NaN,NaN,NaN,NaN,NaN,NaN,NaN,NaN,NaN,NaN,NaN,NaN,NaN,NaN,NaN,NaN,NaN,NaN,NaN,NaN,NaN,NaN,NaN,NaN,NaN,NaN,NaN,NaN,NaN,NaN,NaN,4.5878797,0
sf_cf,fixed_packet,15,15,2,380,NaN,0,NaN,NaN,NaN,NaN,NaN,NaN,NaN,NaN,NaN,NaN,NaN,NaN,NaN,NaN,NaN,NaN,NaN,NaN,NaN,NaN,NaN,NaN,NaN,NaN,NaN,NaN,NaN,NaN,NaN,NaN,NaN,NaN,NaN,NaN,NaN,NaN,NaN,NaN,NaN,NaN,NaN,NaN,NaN,NaN,NaN,NaN,NaN,NaN,NaN,NaN,NaN,NaN,NaN,NaN,NaN,NaN,NaN,NaN,NaN,NaN,NaN,NaN,NaN,NaN,NaN,NaN,NaN,NaN,NaN,NaN,NaN,NaN,NaN,NaN,NaN,NaN,NaN,NaN,NaN,NaN,NaN,NaN,NaN,NaN,NaN,NaN,0.0604756,0
sf_cb,fixed_packet,15,15,2,380,0.05,1,50,63.5310236808735,50,63.5310236808735,0,0,0,0,5484.88888888889,11703.8263625431,626.454545454545,4186.11690580883,4858.43434343434,7517.70945673431,5484.88888888889,11703.8263625431,3517.5,8671.98473243923,15133.125,40985.4516521235,28370.875,146386.596489877,3517.5,8671.98473243923,15133.125,40985.4516521235,28370.875,146386.596489877,145.666666666667,110.120441046847,0,0,3388.33333333333,5230.72094972525,738.121212121212,2297.12780169752,16.3131313131313,99.9811463583847,190,0,380,0,0,0,500,635.310236808734,515,571.779213127861,1000,1270.62047361747,1030,1143.55842625572,NaN,NaN,0.1945,0.232523546671997,3.01595,11.2659564293293,2.82145,11.0334328826573,0.1945,0.232523546671997,-15.7755775577558,44.7557286536728,1,0,0.0663481208896259,0.391903761692909,0.590025252525253,0.40910128885411,72,177.886866306446,4.5,31.7655118404367,1.08585858585859,0.526216559780971,570,4828.35779974638,570,4828.35779974638,1140,9656.71559949277,475,3621.26834980979,950,7242.53669961958,0.0922789,0
sb_cf,fixed_packet,15,15,2,380,0.01,0,50,63.5310236808735,14,177.886866306446,36,241.417889987319,45.5,362.126834980979,NaN,NaN,NaN,NaN,NaN,NaN,2103.92857142857,NaN,NaN,NaN,NaN,NaN,NaN,NaN,937.5,NaN,9403.99999999998,NaN,16505,NaN,NaN,NaN,NaN,NaN,NaN,NaN,NaN,NaN,NaN,NaN,NaN,NaN,NaN,NaN,NaN,NaN,500,635.310236808734,140,1778.86866306446,1000,1270.62047361747,280,3557.73732612891,NaN,NaN,0.0532,0.675970091964494,24.2073,251.42529683753,19.818575,215.298062566283,4.388725,36.1272342712471,475.421542154216,1560.80838376377,0.311111111111111,3.95304147347657,NaN,NaN,0.392,NaN,3038.5,15571.4539041821,16,203.299275778795,2.14285714285714,NaN,1145312.5,6000854.60728874,178512.5,475053.229573731,1145312.5,6000854.60728874,70195,378708.432161687,433552.5,3680320.43632116,3.1903106,0
sb_cb,fixed_packet,15,15,2,380,0.05,1,50,63.5310236808735,50,63.5310236808735,0,0,0,0,915.10101010101,1512.16670910717,0,0,915.10101010101,1512.16670910717,915.10101010101,1512.16670910717,712.5,349.420630244804,2293.125,12174.1324128474,3249.5,16016.1710699482,712.5,349.420630244804,2293.125,12174.1324128474,3249.5,16016.1710699482,0,0,19.7121212121212,46.0118626052387,116.560606060606,319.002746179416,157.631313131313,632.935845014601,51.1969696969697,514.216255307918,190,0,380,0,0,0,500,635.310236808734,505,825.903307851355,1000,1270.62047361747,1010,1651.80661570271,NaN,NaN,0.19325,0.290336778221592,0.45775,0.0889434331532229,0.2626,0.355138422376083,0.19515,0.26619498922286,6.36663666366637,67.1717154069602,1,0,0.0149549925308278,0.173617274726263,0.561065147881695,0.295894092307441,94.5,171.533763938358,14.5,133.415149729834,1.31414141414141,3.06745750701591,1430,7750.78488906656,1317.5,7464.89528250263,1430,7750.78488906656,395,4256.57858661852,450,4701.29575238464,5.0076492,0
s7_clean,fixed_packet,15,15,2,380,0.05,1,50,63.5310236808735,50,63.5310236808735,0,0,0,0,935.721212121212,157.402924125703,2.23636363636364,28.4156942281725,933.484848484848,128.987229897531,935.721212121212,157.402924125703,778,12.7062047361747,1836,238.241338803276,2425.875,4829.9460753384,778,12.7062047361747,1836,238.241338803276,2425.875,4829.9460753384,3.88484848484848,0.616058411450893,36,0,180,114.355842625572,171.6,15.2474456834097,0,0,162,0,380,0,0,0,500,635.310236808734,495,698.841260489608,1000,1270.62047361747,990,1397.68252097922,NaN,NaN,0.18933,0.249931047160556,0.46781,0.681687884095773,0.27848,0.431756836935217,0.18933,0.249931047160556,4.18241824182418,113.833565383191,1,0,0.00161773227738091,0.0205552375247172,0.557533927056828,0.25102567753804,66,127.062047361747,0,0,1,0,0,0,0,0,0,0,0,0,0,0,1.7023864,0
s7_busy,fixed_packet,15,15,2,380,NaN,0,NaN,NaN,NaN,NaN,NaN,NaN,NaN,NaN,NaN,NaN,NaN,NaN,NaN,NaN,NaN,NaN,NaN,NaN,NaN,NaN,NaN,NaN,NaN,NaN,NaN,NaN,NaN,NaN,NaN,NaN,NaN,NaN,NaN,NaN,NaN,NaN,NaN,NaN,NaN,NaN,NaN,NaN,NaN,NaN,NaN,NaN,NaN,NaN,NaN,NaN,NaN,NaN,NaN,NaN,NaN,NaN,NaN,NaN,NaN,NaN,NaN,NaN,NaN,NaN,NaN,NaN,NaN,NaN,NaN,NaN,NaN,NaN,NaN,NaN,NaN,NaN,NaN,NaN,NaN,NaN,NaN,NaN,NaN,NaN,NaN,NaN,3.4111552,0
sf_cf,fixed_packet,15,15,3,570,NaN,0,NaN,NaN,NaN,NaN,NaN,NaN,NaN,NaN,NaN,NaN,NaN,NaN,NaN,NaN,NaN,NaN,NaN,NaN,NaN,NaN,NaN,NaN,NaN,NaN,NaN,NaN,NaN,NaN,NaN,NaN,NaN,NaN,NaN,NaN,NaN,NaN,NaN,NaN,NaN,NaN,NaN,NaN,NaN,NaN,NaN,NaN,NaN,NaN,NaN,NaN,NaN,NaN,NaN,NaN,NaN,NaN,NaN,NaN,NaN,NaN,NaN,NaN,NaN,NaN,NaN,NaN,NaN,NaN,NaN,NaN,NaN,NaN,NaN,NaN,NaN,NaN,NaN,NaN,NaN,NaN,NaN,NaN,NaN,NaN,NaN,NaN,0.0418254,0
sf_cb,fixed_packet,15,15,3,570,NaN,0,NaN,NaN,NaN,NaN,NaN,NaN,NaN,NaN,NaN,NaN,NaN,NaN,NaN,NaN,NaN,NaN,NaN,NaN,NaN,NaN,NaN,NaN,NaN,NaN,NaN,NaN,NaN,NaN,NaN,NaN,NaN,NaN,NaN,NaN,NaN,NaN,NaN,NaN,NaN,NaN,NaN,NaN,NaN,NaN,NaN,NaN,NaN,NaN,NaN,NaN,NaN,NaN,NaN,NaN,NaN,NaN,NaN,NaN,NaN,NaN,NaN,NaN,NaN,NaN,NaN,NaN,NaN,NaN,NaN,NaN,NaN,NaN,NaN,NaN,NaN,NaN,NaN,NaN,NaN,NaN,NaN,NaN,NaN,NaN,NaN,NaN,0.0497825,0
sb_cf,fixed_packet,15,15,3,570,NaN,0,NaN,NaN,NaN,NaN,NaN,NaN,NaN,NaN,NaN,NaN,NaN,NaN,NaN,NaN,NaN,NaN,NaN,NaN,NaN,NaN,NaN,NaN,NaN,NaN,NaN,NaN,NaN,NaN,NaN,NaN,NaN,NaN,NaN,NaN,NaN,NaN,NaN,NaN,NaN,NaN,NaN,NaN,NaN,NaN,NaN,NaN,NaN,NaN,NaN,NaN,NaN,NaN,NaN,NaN,NaN,NaN,NaN,NaN,NaN,NaN,NaN,NaN,NaN,NaN,NaN,NaN,NaN,NaN,NaN,NaN,NaN,NaN,NaN,NaN,NaN,NaN,NaN,NaN,NaN,NaN,NaN,NaN,NaN,NaN,NaN,NaN,1.1713244,0
sb_cb,fixed_packet,15,15,3,570,0.05,0.5,50,63.5310236808735,22.5,285.889606563931,27.5,349.420630244804,33,419.304756293765,NaN,NaN,NaN,NaN,NaN,NaN,1436.11111111111,NaN,NaN,NaN,NaN,NaN,NaN,NaN,865,NaN,6490,NaN,8330,NaN,NaN,NaN,NaN,NaN,NaN,NaN,NaN,NaN,NaN,NaN,NaN,NaN,NaN,NaN,NaN,NaN,500,635.310236808734,225,2731.83401827756,1500,1905.9307104262,675,8195.50205483268,NaN,NaN,0.127075,1.61273503613897,18.3194,224.590427744966,18.044125,224.609804707189,0.275275,0.0193769622226664,306.606660666067,3705.80483046526,0.5,6.35310236808735,NaN,NaN,0.281388888888889,3.25772971430257,7070,88740.1338774441,15,190.59307104262,1.66666666666667,NaN,161910,2022192.4837622,83232.5,1025358.95669746,161910,2022192.4837622,38357.5,455168.019161618,69210,844327.304718809,89.0533068,0
s7_clean,fixed_packet,15,15,3,570,0.05,1,50,63.5310236808735,50,63.5310236808735,0,0,0,0,1291.35757575758,1296.34091229555,16.3636363636364,207.919713864677,1274.99393939394,1088.42119843087,1291.35757575758,1296.34091229555,1022.5,1556.5100801814,2866.625,871.963300019988,3223.25,270.006850643712,1022.5,1556.5100801814,2866.625,871.963300019988,3223.25,270.006850643712,3.91212121212121,0.269525555009764,36,0,181.363636363636,650.095638683556,321.718181818182,438.595085302321,0,0,162,0,570,0,0,0,500,635.310236808734,490,635.310236808734,1500,1905.9307104262,1470,1905.9307104262,NaN,NaN,0.280035,0.352787774499891,0.641465,1.40397209232362,0.36143,1.05118431782373,0.280035,0.352787774499891,11.6531653165317,207.843469011775,1,0,0.0135582532837078,0.0710493040968225,0.553654513888889,0.201733059569996,67,139.768252097922,0,0,1,0,63,800.490898379006,31.5,400.245449189503,63,800.490898379006,0,0,0,0,2.0015258,0
s7_busy,fixed_packet,15,15,3,570,NaN,0,NaN,NaN,NaN,NaN,NaN,NaN,NaN,NaN,NaN,NaN,NaN,NaN,NaN,NaN,NaN,NaN,NaN,NaN,NaN,NaN,NaN,NaN,NaN,NaN,NaN,NaN,NaN,NaN,NaN,NaN,NaN,NaN,NaN,NaN,NaN,NaN,NaN,NaN,NaN,NaN,NaN,NaN,NaN,NaN,NaN,NaN,NaN,NaN,NaN,NaN,NaN,NaN,NaN,NaN,NaN,NaN,NaN,NaN,NaN,NaN,NaN,NaN,NaN,NaN,NaN,NaN,NaN,NaN,NaN,NaN,NaN,NaN,NaN,NaN,NaN,NaN,NaN,NaN,NaN,NaN,NaN,NaN,NaN,NaN,NaN,NaN,2.0531382,0
sf_cf,fixed_packet,15,15,4,760,NaN,0,NaN,NaN,NaN,NaN,NaN,NaN,NaN,NaN,NaN,NaN,NaN,NaN,NaN,NaN,NaN,NaN,NaN,NaN,NaN,NaN,NaN,NaN,NaN,NaN,NaN,NaN,NaN,NaN,NaN,NaN,NaN,NaN,NaN,NaN,NaN,NaN,NaN,NaN,NaN,NaN,NaN,NaN,NaN,NaN,NaN,NaN,NaN,NaN,NaN,NaN,NaN,NaN,NaN,NaN,NaN,NaN,NaN,NaN,NaN,NaN,NaN,NaN,NaN,NaN,NaN,NaN,NaN,NaN,NaN,NaN,NaN,NaN,NaN,NaN,NaN,NaN,NaN,NaN,NaN,NaN,NaN,NaN,NaN,NaN,NaN,NaN,0.0413232,0
sf_cb,fixed_packet,15,15,4,760,0.05,1,50,63.5310236808735,50,63.5310236808735,0,0,0,0,7443.80808080808,15564.0740377949,369.272727272727,2811.53657525902,7074.53535353535,12752.5374625359,7443.80808080808,15564.0740377949,6167.5,7464.89528250263,17450.625,53310.470246213,21318.125,82375.9135802126,6167.5,7464.89528250263,17450.625,53310.470246213,21318.125,82375.9135802126,259.676767676768,340.115581321848,0,0,3632.64646464646,7262.04521598219,2199.39393939394,5413.61329062473,32.8181818181818,416.994537250824,190,0,760,0,0,0,500,635.310236808734,495,571.779213127861,2000,2541.24094723494,1980,2287.11685251144,NaN,NaN,0.3784,0.400245449189503,3.98715,14.243020199015,3.60875,13.8427747498255,0.3784,0.400245449189503,45.0465046504651,566.880481328886,1,0,0.0451199033356854,0.273180595400937,0.570947911158117,0.337897023093805,77.5,273.183401827756,9.5,120.70894499366,1.17272727272727,2.19470809079381,1045,13277.9839493026,1045,13277.9839493026,2185,27763.0573485417,855,10863.8050494294,1805,22934.6995487953,0.1005304,0
sb_cf,fixed_packet,15,15,4,760,NaN,0,NaN,NaN,NaN,NaN,NaN,NaN,NaN,NaN,NaN,NaN,NaN,NaN,NaN,NaN,NaN,NaN,NaN,NaN,NaN,NaN,NaN,NaN,NaN,NaN,NaN,NaN,NaN,NaN,NaN,NaN,NaN,NaN,NaN,NaN,NaN,NaN,NaN,NaN,NaN,NaN,NaN,NaN,NaN,NaN,NaN,NaN,NaN,NaN,NaN,NaN,NaN,NaN,NaN,NaN,NaN,NaN,NaN,NaN,NaN,NaN,NaN,NaN,NaN,NaN,NaN,NaN,NaN,NaN,NaN,NaN,NaN,NaN,NaN,NaN,NaN,NaN,NaN,NaN,NaN,NaN,NaN,NaN,NaN,NaN,NaN,NaN,0.8609109,0
sb_cb,fixed_packet,15,15,4,760,0.01,1,50,63.5310236808735,50,63.5310236808735,0,0,0,0,5341.20707070707,35163.5231888468,588.313131313131,6681.79519969688,4752.89393939394,28481.7279891499,5341.20707070707,35163.5231888468,2865,13913.2941861113,16961.25,140006.493436725,26498.625,242798.101476786,2865,13913.2941861113,16961.25,140006.493436725,26498.625,242798.101476786,0,0,31.5757575757576,180.9671583637,1157.23232323232,6653.9442256792,2369.20202020202,19008.2255943126,244.883838383838,2638.59101079442,190,0,760,0,0,0,500,635.310236808734,525,952.965355213102,2000,2541.24094723494,2100,3811.86142085241,NaN,NaN,0.402175,0.772854903077826,3.208525,26.1204627312727,2.76455,24.9130556262177,0.443975,1.207407105055,5.44854485448546,48.0342573284734,1,0,0.0787537681090786,0.941142499278678,0.59360599078341,0.625795221741323,160.5,1226.14875704086,60,673.428851017259,2.1050505050505,12.0644772242467,8090,91611.7361478195,7602.5,85671.5854336579,8090,91611.7361478195,5082.5,53906.0735932211,5450,58321.4797390418,7.2764166,0
s7_clean,fixed_packet,15,15,4,760,0.05,1,50,63.5310236808735,50,63.5310236808735,0,0,0,0,1750.18484848485,1205.20277105153,49.2717171717172,497.865038303993,1700.91313131313,707.337732747534,1750.18484848485,1205.20277105153,1390.5,819.550205483268,3867.125,906.905363044469,5686.45,12661.0977093613,1390.5,819.550205483268,3867.125,906.905363044469,5686.45,12661.0977093613,3.92222222222222,1.5529805788658,36.6545454545455,8.31678855458709,184.136363636364,56.7158775041978,551.254545454545,719.86425378037,2.94545454545455,37.4255484956418,162,0,760,0,0,0,500,635.310236808734,495,698.841260489608,2000,2541.24094723494,1980,2795.36504195843,NaN,NaN,0.377705,0.52584628300659,0.87674,1.74735727531874,0.499035,1.22151099231215,0.377705,0.52584628300659,13.2733273327333,273.414042507786,1,0,0.00409330221942285,0.0456212795768406,0.581388888888889,0.554131706549841,67,139.768252097922,1,12.7062047361747,1.01818181818182,0.231021904294085,63,800.490898379006,31.5,400.245449189503,63,800.490898379006,31.5,400.245449189503,63,800.490898379006,2.1802598,0
s7_busy,fixed_packet,15,15,4,760,NaN,0,NaN,NaN,NaN,NaN,NaN,NaN,NaN,NaN,NaN,NaN,NaN,NaN,NaN,NaN,NaN,NaN,NaN,NaN,NaN,NaN,NaN,NaN,NaN,NaN,NaN,NaN,NaN,NaN,NaN,NaN,NaN,NaN,NaN,NaN,NaN,NaN,NaN,NaN,NaN,NaN,NaN,NaN,NaN,NaN,NaN,NaN,NaN,NaN,NaN,NaN,NaN,NaN,NaN,NaN,NaN,NaN,NaN,NaN,NaN,NaN,NaN,NaN,NaN,NaN,NaN,NaN,NaN,NaN,NaN,NaN,NaN,NaN,NaN,NaN,NaN,NaN,NaN,NaN,NaN,NaN,NaN,NaN,NaN,NaN,NaN,NaN,1.6072297,0
sf_cf,fixed_packet,15,15,5,950,NaN,0,NaN,NaN,NaN,NaN,NaN,NaN,NaN,NaN,NaN,NaN,NaN,NaN,NaN,NaN,NaN,NaN,NaN,NaN,NaN,NaN,NaN,NaN,NaN,NaN,NaN,NaN,NaN,NaN,NaN,NaN,NaN,NaN,NaN,NaN,NaN,NaN,NaN,NaN,NaN,NaN,NaN,NaN,NaN,NaN,NaN,NaN,NaN,NaN,NaN,NaN,NaN,NaN,NaN,NaN,NaN,NaN,NaN,NaN,NaN,NaN,NaN,NaN,NaN,NaN,NaN,NaN,NaN,NaN,NaN,NaN,NaN,NaN,NaN,NaN,NaN,NaN,NaN,NaN,NaN,NaN,NaN,NaN,NaN,NaN,NaN,NaN,0.0372915,0
sf_cb,fixed_packet,15,15,5,950,0.05,1,50,63.5310236808735,50,63.5310236808735,0,0,0,0,11120.9797979798,6063.42656920304,1438.45454545455,1886.29384856121,9682.52525252525,4177.13272064184,11120.9797979798,6063.42656920304,9122.5,8544.92268507748,26616.875,28295.129671869,47852.125,130392.661278217,9122.5,8544.92268507748,26616.875,28295.129671869,47852.125,130392.661278217,303.626262626263,1102.10282898517,0,0,4342.74747474748,1848.43192535746,3836.46464646465,5023.4429633725,59.6868686868687,99.9811463583847,190,0,950,0,0,0,500,635.310236808734,510,762.372284170481,2500,3176.55118404367,2550,3811.86142085241,NaN,NaN,0.48235,0.696935329779182,5.82555,10.8860409077177,5.3432,10.1891055779385,0.48235,0.696935329779182,54.8454845484549,644.726476142174,1,0,0.040716742060268,0.0593611237427167,0.589767255216693,0.266157258117304,86.5,158.827559202184,15.5,6.35310236808735,1.31414141414141,0.526216559780973,1900,2414.17889987319,1900,2414.17889987319,3895,6035.44724968298,1520,2414.17889987319,3135,3621.26834980979,0.0876813,0
sb_cf,fixed_packet,15,15,5,950,NaN,0,NaN,NaN,NaN,NaN,NaN,NaN,NaN,NaN,NaN,NaN,NaN,NaN,NaN,NaN,NaN,NaN,NaN,NaN,NaN,NaN,NaN,NaN,NaN,NaN,NaN,NaN,NaN,NaN,NaN,NaN,NaN,NaN,NaN,NaN,NaN,NaN,NaN,NaN,NaN,NaN,NaN,NaN,NaN,NaN,NaN,NaN,NaN,NaN,NaN,NaN,NaN,NaN,NaN,NaN,NaN,NaN,NaN,NaN,NaN,NaN,NaN,NaN,NaN,NaN,NaN,NaN,NaN,NaN,NaN,NaN,NaN,NaN,NaN,NaN,NaN,NaN,NaN,NaN,NaN,NaN,NaN,NaN,NaN,NaN,NaN,NaN,0.829675,0
sb_cb,fixed_packet,15,15,5,950,0.05,0.5,50,63.5310236808735,22.5,285.889606563931,27.5,349.420630244804,35,444.717165766114,NaN,NaN,NaN,NaN,NaN,NaN,2024.44444444444,NaN,NaN,NaN,NaN,NaN,NaN,NaN,1375,NaN,5610,NaN,6920,NaN,NaN,NaN,NaN,NaN,NaN,NaN,NaN,NaN,NaN,NaN,NaN,NaN,NaN,NaN,NaN,NaN,500,635.310236808734,220,2795.36504195843,2500,3176.55118404367,1100,13976.8252097922,NaN,NaN,0.2102,2.67084423554392,20.4494,248.349124670903,20.093675,249.170898462215,0.355725,0.821773791312099,294.875487548755,3854.86351788933,0.5,6.35310236808735,NaN,NaN,0.537777777777778,NaN,7609.5,95785.7244036529,6.5,82.5903307851355,1.28888888888889,NaN,177765,2255160.74759997,87822.5,1112396.45914025,177765,2255160.74759997,39615,500370.342510559,74740,946612.252845015,71.9056647,0
s7_clean,fixed_packet,15,15,5,950,0.05,1,50,63.5310236808735,50,63.5310236808735,0,0,0,0,2407.74848484848,4851.42148652508,29.6080808080808,316.628354385283,2378.1404040404,4534.79313213979,2407.74848484848,4851.42148652508,1760.5,3602.20904270553,6485.125,13994.2962413044,7751.825,26477.5070843592,1760.5,3602.20904270553,6485.125,13994.2962413044,7751.825,26477.5070843592,3.86767676767677,2.24604629174805,37.6363636363636,20.7919713864677,168.781818181818,76.0062065127539,1048.49090909091,4346.67712929322,7.36363636363636,93.5638712391046,162,0,950,0,0,0,500,635.310236808734,505,825.903307851355,2500,3176.55118404367,2525,4129.51653925677,NaN,NaN,0.482345,0.817199557607076,1.33366,5.48221909546993,0.851315,4.66501953786286,0.482345,0.817199557607076,14.2934293429343,366.280273342834,1,0,0.0706432692870333,0.764236352158015,0.565330494728305,0.350090462611269,74,228.711685251145,2.5,31.7655118404367,1.04545454545455,0.577554760735213,504,6403.92718703205,220.5,2801.71814432652,504,6403.92718703205,94.5,1200.73634756851,189,2401.47269513702,1.8856928,0
s7_busy,fixed_packet,15,15,5,950,NaN,0,NaN,NaN,NaN,NaN,NaN,NaN,NaN,NaN,NaN,NaN,NaN,NaN,NaN,NaN,NaN,NaN,NaN,NaN,NaN,NaN,NaN,NaN,NaN,NaN,NaN,NaN,NaN,NaN,NaN,NaN,NaN,NaN,NaN,NaN,NaN,NaN,NaN,NaN,NaN,NaN,NaN,NaN,NaN,NaN,NaN,NaN,NaN,NaN,NaN,NaN,NaN,NaN,NaN,NaN,NaN,NaN,NaN,NaN,NaN,NaN,NaN,NaN,NaN,NaN,NaN,NaN,NaN,NaN,NaN,NaN,NaN,NaN,NaN,NaN,NaN,NaN,NaN,NaN,NaN,NaN,NaN,NaN,NaN,NaN,NaN,NaN,1.5127323,0
sf_cf,fixed_packet,15,15,6,1140,NaN,0,NaN,NaN,NaN,NaN,NaN,NaN,NaN,NaN,NaN,NaN,NaN,NaN,NaN,NaN,NaN,NaN,NaN,NaN,NaN,NaN,NaN,NaN,NaN,NaN,NaN,NaN,NaN,NaN,NaN,NaN,NaN,NaN,NaN,NaN,NaN,NaN,NaN,NaN,NaN,NaN,NaN,NaN,NaN,NaN,NaN,NaN,NaN,NaN,NaN,NaN,NaN,NaN,NaN,NaN,NaN,NaN,NaN,NaN,NaN,NaN,NaN,NaN,NaN,NaN,NaN,NaN,NaN,NaN,NaN,NaN,NaN,NaN,NaN,NaN,NaN,NaN,NaN,NaN,NaN,NaN,NaN,NaN,NaN,NaN,NaN,NaN,0.0412241,0
sf_cb,fixed_packet,15,15,6,1140,NaN,0,NaN,NaN,NaN,NaN,NaN,NaN,NaN,NaN,NaN,NaN,NaN,NaN,NaN,NaN,NaN,NaN,NaN,NaN,NaN,NaN,NaN,NaN,NaN,NaN,NaN,NaN,NaN,NaN,NaN,NaN,NaN,NaN,NaN,NaN,NaN,NaN,NaN,NaN,NaN,NaN,NaN,NaN,NaN,NaN,NaN,NaN,NaN,NaN,NaN,NaN,NaN,NaN,NaN,NaN,NaN,NaN,NaN,NaN,NaN,NaN,NaN,NaN,NaN,NaN,NaN,NaN,NaN,NaN,NaN,NaN,NaN,NaN,NaN,NaN,NaN,NaN,NaN,NaN,NaN,NaN,NaN,NaN,NaN,NaN,NaN,NaN,0.0456942,0
sb_cf,fixed_packet,15,15,6,1140,NaN,0,NaN,NaN,NaN,NaN,NaN,NaN,NaN,NaN,NaN,NaN,NaN,NaN,NaN,NaN,NaN,NaN,NaN,NaN,NaN,NaN,NaN,NaN,NaN,NaN,NaN,NaN,NaN,NaN,NaN,NaN,NaN,NaN,NaN,NaN,NaN,NaN,NaN,NaN,NaN,NaN,NaN,NaN,NaN,NaN,NaN,NaN,NaN,NaN,NaN,NaN,NaN,NaN,NaN,NaN,NaN,NaN,NaN,NaN,NaN,NaN,NaN,NaN,NaN,NaN,NaN,NaN,NaN,NaN,NaN,NaN,NaN,NaN,NaN,NaN,NaN,NaN,NaN,NaN,NaN,NaN,NaN,NaN,NaN,NaN,NaN,NaN,0.8078084,0
sb_cb,fixed_packet,15,15,6,1140,0.01,0.5,50,63.5310236808735,26,241.417889987319,24,304.948913668193,28,355.773732612891,NaN,NaN,NaN,NaN,NaN,NaN,23042.0634920635,242517.077539893,NaN,NaN,NaN,NaN,NaN,NaN,27980,320958.731635773,56398.75,586026.045188297,57557.5,571302.730450255,NaN,NaN,NaN,NaN,NaN,NaN,NaN,NaN,NaN,NaN,NaN,NaN,NaN,NaN,NaN,NaN,500,635.310236808734,265,2604.77197091581,3000,3811.86142085241,1590,15628.6318254949,NaN,NaN,0.30315,2.98278156181701,17.195125,194.718458065338,16.635475,194.731799580311,0.55965,0.0133415149729834,305.028502850285,3576.56980479579,0.563636363636364,5.54452570305805,NaN,NaN,0.329641089108911,2.75903913485378,1747.5,21149.4777833628,92,876.728126796054,12.7555555555556,142.874213255653,83480,1025898.97039874,65952.5,804398.05633538,83480,1025898.97039874,32135,375468.349953962,38460,454628.005460331,23.7435791,0
s7_clean,fixed_packet,15,15,6,1140,0.05,1,50,63.5310236808735,50,63.5310236808735,0,0,0,0,3335.66666666667,8990.06339100147,167.239393939394,1808.16994125909,3168.42727272727,7181.89344974238,3335.66666666667,8990.06339100147,2226.5,5457.31493418703,9202.125,33447.4956923879,11637.45,22266.9884899094,2226.5,5457.31493418703,9202.125,33447.4956923879,11637.45,22266.9884899094,3.89090909090909,1.38613142576451,39.7090909090909,13.8613142576451,154.336363636364,204.107852443824,1651.8,7463.62466202901,16.6909090909091,62.3759141594031,162,0,1140,0,0,0,500,635.310236808734,515,825.903307851355,3000,3811.86142085241,3090,4955.41984710813,NaN,NaN,0.593285,0.980855474609005,1.90031,9.07159487139192,1.307025,8.09073939678292,0.593285,0.980855474609005,11.8871887188719,412.103429937139,1,0,0.0762459187242284,0.929168351854649,0.585983389504092,0.528940889264085,71.5,120.70894499366,5,12.7062047361747,1.1030303030303,0.385036507156809,346.5,400.245449189503,157.5,400.245449189503,346.5,400.245449189503,157.5,400.245449189503,346.5,400.245449189503,1.9081643,0
s7_busy,fixed_packet,15,15,6,1140,NaN,0,NaN,NaN,NaN,NaN,NaN,NaN,NaN,NaN,NaN,NaN,NaN,NaN,NaN,NaN,NaN,NaN,NaN,NaN,NaN,NaN,NaN,NaN,NaN,NaN,NaN,NaN,NaN,NaN,NaN,NaN,NaN,NaN,NaN,NaN,NaN,NaN,NaN,NaN,NaN,NaN,NaN,NaN,NaN,NaN,NaN,NaN,NaN,NaN,NaN,NaN,NaN,NaN,NaN,NaN,NaN,NaN,NaN,NaN,NaN,NaN,NaN,NaN,NaN,NaN,NaN,NaN,NaN,NaN,NaN,NaN,NaN,NaN,NaN,NaN,NaN,NaN,NaN,NaN,NaN,NaN,NaN,NaN,NaN,NaN,NaN,NaN,1.1941461,0
sf_cf,fixed_packet,30,30,1,190,0.05,1,123.5,133.415149729834,123.5,133.415149729834,0,0,0,0,5854.83720776648,1382.68295621505,1103.1798969753,1800.30860039171,4751.65731079118,3182.99155660675,5854.83720776648,1382.68295621505,4070,4510.70268134202,17881,21511.6046183437,26930.225,22817.4848101038,4070,4510.70268134202,17881,21511.6046183437,26930.225,22817.4848101038,78.7075683529256,60.0402158812112,0,0,4404.39373926826,3022.10811300333,0,0,78.5560031699908,100.843227722216,0,0,190,0,0,0,1235,1334.15149729834,1240,1270.62047361747,1235,1334.15149729834,1240,1270.62047361747,NaN,NaN,0.23535,0.244594441171363,7.23665,14.1083344288116,6.89965,13.5619676251561,0.337,0.546366803655512,-21.9141914191419,1207.26100085563,1,0,0.0512353981671713,0.109543816266467,0.735308436761229,0.55947758686696,202.5,273.183401827756,51.5,120.70894499366,1.41345264826311,0.530753830116927,5225,13277.9839493026,5225,13277.9839493026,10735,27763.0573485417,4940,14485.0733992392,10165,30177.2362484149,0.1776594,0
sf_cb,fixed_packet,30,30,1,190,NaN,0,NaN,NaN,NaN,NaN,NaN,NaN,NaN,NaN,NaN,NaN,NaN,NaN,NaN,NaN,NaN,NaN,NaN,NaN,NaN,NaN,NaN,NaN,NaN,NaN,NaN,NaN,NaN,NaN,NaN,NaN,NaN,NaN,NaN,NaN,NaN,NaN,NaN,NaN,NaN,NaN,NaN,NaN,NaN,NaN,NaN,NaN,NaN,NaN,NaN,NaN,NaN,NaN,NaN,NaN,NaN,NaN,NaN,NaN,NaN,NaN,NaN,NaN,NaN,NaN,NaN,NaN,NaN,NaN,NaN,NaN,NaN,NaN,NaN,NaN,NaN,NaN,NaN,NaN,NaN,NaN,NaN,NaN,NaN,NaN,NaN,NaN,0.0867961,0
sb_cf,fixed_packet,30,30,1,190,NaN,0,NaN,NaN,NaN,NaN,NaN,NaN,NaN,NaN,NaN,NaN,NaN,NaN,NaN,NaN,NaN,NaN,NaN,NaN,NaN,NaN,NaN,NaN,NaN,NaN,NaN,NaN,NaN,NaN,NaN,NaN,NaN,NaN,NaN,NaN,NaN,NaN,NaN,NaN,NaN,NaN,NaN,NaN,NaN,NaN,NaN,NaN,NaN,NaN,NaN,NaN,NaN,NaN,NaN,NaN,NaN,NaN,NaN,NaN,NaN,NaN,NaN,NaN,NaN,NaN,NaN,NaN,NaN,NaN,NaN,NaN,NaN,NaN,NaN,NaN,NaN,NaN,NaN,NaN,NaN,NaN,NaN,NaN,NaN,NaN,NaN,NaN,1.3770528,0
sb_cb,fixed_packet,30,30,1,190,0.05,0,123.5,133.415149729834,46,343.067527876717,77.5,476.482677606551,77.5,476.482677606551,NaN,NaN,NaN,NaN,NaN,NaN,3264.82876712329,6922.70586122614,NaN,NaN,NaN,NaN,NaN,NaN,1335,6353.10236808735,15104,71761.4677987303,39030.3499999999,362766.592389444,NaN,NaN,NaN,NaN,NaN,NaN,NaN,NaN,NaN,NaN,NaN,NaN,NaN,NaN,NaN,NaN,1235,1334.15149729834,450,3049.48913668193,1235,1334.15149729834,450,3049.48913668193,NaN,NaN,0.0855,0.579402935969566,29.8663,233.333567223928,29.66775,233.611197797413,0.19855,0.277630573485417,1177.67176717672,2938.85785512064,0.393904371945582,3.20340355173338,NaN,NaN,0.525855855855856,1.49326523228287,11812,57241.452336467,292,2681.00919933286,6.57678442682048,16.6912076635258,250640,1138730.06845598,125515,362190.36600466,250640,1138730.06845598,44542.5,245769.765109459,80802.5,549829.24444612,129.0549193,0
s7_clean,fixed_packet,30,30,1,190,0.05,1,123.5,133.415149729834,123.5,133.415149729834,0,0,0,0,960.127030775327,597.568814452602,13.5281006472064,131.635760802146,946.59893012812,465.933053650456,960.127030775327,597.568814452602,757.5,400.245449189503,2210.825,2253.76306507899,3246.72,1440.88361708222,757.5,400.245449189503,2210.825,2253.76306507899,3246.72,1440.88361708222,4.09265618808612,1.74624303632146,37.6024303262449,0.120835654603698,184.456016378286,248.898791798374,361.236890767402,218.115908788083,7.21093646810197,0.54376044571663,162,0,190,0,0,0,1235,1334.15149729834,1245,1461.21354466009,1235,1334.15149729834,1245,1461.21354466009,NaN,NaN,0.23655,0.277630573485417,1.205495,2.20700423164986,0.968945,1.92937365816445,0.23655,0.277630573485417,-3.64836483648366,23.0259455765063,1,0,0.01073093627419,0.136349473310701,0.754105099454727,0.548098403402408,153.5,158.827559202184,5.5,6.35310236808735,1.0445119535068,0.00335654596121274,472.5,2001.22724594751,220.5,1200.73634756851,472.5,2001.22724594751,157.5,400.245449189503,346.5,400.245449189503,2.8977207,0
s7_busy,fixed_packet,30,30,1,190,NaN,0,NaN,NaN,NaN,NaN,NaN,NaN,NaN,NaN,NaN,NaN,NaN,NaN,NaN,NaN,NaN,NaN,NaN,NaN,NaN,NaN,NaN,NaN,NaN,NaN,NaN,NaN,NaN,NaN,NaN,NaN,NaN,NaN,NaN,NaN,NaN,NaN,NaN,NaN,NaN,NaN,NaN,NaN,NaN,NaN,NaN,NaN,NaN,NaN,NaN,NaN,NaN,NaN,NaN,NaN,NaN,NaN,NaN,NaN,NaN,NaN,NaN,NaN,NaN,NaN,NaN,NaN,NaN,NaN,NaN,NaN,NaN,NaN,NaN,NaN,NaN,NaN,NaN,NaN,NaN,NaN,NaN,NaN,NaN,NaN,NaN,NaN,3.148166,0
sf_cf,fixed_packet,30,30,2,380,NaN,0,NaN,NaN,NaN,NaN,NaN,NaN,NaN,NaN,NaN,NaN,NaN,NaN,NaN,NaN,NaN,NaN,NaN,NaN,NaN,NaN,NaN,NaN,NaN,NaN,NaN,NaN,NaN,NaN,NaN,NaN,NaN,NaN,NaN,NaN,NaN,NaN,NaN,NaN,NaN,NaN,NaN,NaN,NaN,NaN,NaN,NaN,NaN,NaN,NaN,NaN,NaN,NaN,NaN,NaN,NaN,NaN,NaN,NaN,NaN,NaN,NaN,NaN,NaN,NaN,NaN,NaN,NaN,NaN,NaN,NaN,NaN,NaN,NaN,NaN,NaN,NaN,NaN,NaN,NaN,NaN,NaN,NaN,NaN,NaN,NaN,NaN,0.0742411,0
sf_cb,fixed_packet,30,30,2,380,NaN,0,NaN,NaN,NaN,NaN,NaN,NaN,NaN,NaN,NaN,NaN,NaN,NaN,NaN,NaN,NaN,NaN,NaN,NaN,NaN,NaN,NaN,NaN,NaN,NaN,NaN,NaN,NaN,NaN,NaN,NaN,NaN,NaN,NaN,NaN,NaN,NaN,NaN,NaN,NaN,NaN,NaN,NaN,NaN,NaN,NaN,NaN,NaN,NaN,NaN,NaN,NaN,NaN,NaN,NaN,NaN,NaN,NaN,NaN,NaN,NaN,NaN,NaN,NaN,NaN,NaN,NaN,NaN,NaN,NaN,NaN,NaN,NaN,NaN,NaN,NaN,NaN,NaN,NaN,NaN,NaN,NaN,NaN,NaN,NaN,NaN,NaN,0.0735911,0
sb_cf,fixed_packet,30,30,2,380,NaN,0,NaN,NaN,NaN,NaN,NaN,NaN,NaN,NaN,NaN,NaN,NaN,NaN,NaN,NaN,NaN,NaN,NaN,NaN,NaN,NaN,NaN,NaN,NaN,NaN,NaN,NaN,NaN,NaN,NaN,NaN,NaN,NaN,NaN,NaN,NaN,NaN,NaN,NaN,NaN,NaN,NaN,NaN,NaN,NaN,NaN,NaN,NaN,NaN,NaN,NaN,NaN,NaN,NaN,NaN,NaN,NaN,NaN,NaN,NaN,NaN,NaN,NaN,NaN,NaN,NaN,NaN,NaN,NaN,NaN,NaN,NaN,NaN,NaN,NaN,NaN,NaN,NaN,NaN,NaN,NaN,NaN,NaN,NaN,NaN,NaN,NaN,1.4459343,0
sb_cb,fixed_packet,30,30,2,380,NaN,0,NaN,NaN,NaN,NaN,NaN,NaN,NaN,NaN,NaN,NaN,NaN,NaN,NaN,NaN,NaN,NaN,NaN,NaN,NaN,NaN,NaN,NaN,NaN,NaN,NaN,NaN,NaN,NaN,NaN,NaN,NaN,NaN,NaN,NaN,NaN,NaN,NaN,NaN,NaN,NaN,NaN,NaN,NaN,NaN,NaN,NaN,NaN,NaN,NaN,NaN,NaN,NaN,NaN,NaN,NaN,NaN,NaN,NaN,NaN,NaN,NaN,NaN,NaN,NaN,NaN,NaN,NaN,NaN,NaN,NaN,NaN,NaN,NaN,NaN,NaN,NaN,NaN,NaN,NaN,NaN,NaN,NaN,NaN,NaN,NaN,NaN,19.280492,0
s7_clean,fixed_packet,30,30,2,380,0.05,1,123.5,133.415149729834,123.5,133.415149729834,0,0,0,0,1958.33202351076,185.141620833365,93.7751618016114,22.1057921323087,1864.55686170915,163.035828701055,1958.33202351076,185.141620833365,1347.25,727.430221146001,5620.8,1257.91426888129,8285.245,10555.3619294589,1347.25,727.430221146001,5620.8,1257.91426888129,8285.245,10555.3619294589,4.19356756042795,1.70092966584507,38.8862765816933,4.28966573843121,187.684354774799,86.5447614956904,1078.80441817461,227.688358301219,12.9882446176199,19.3034958229403,162,0,380,0,0,0,1235,1334.15149729834,1245,1461.21354466009,2470,2668.30299459669,2490,2922.42708932018,NaN,NaN,0.4731,0.555261146970834,2.468905,3.46186901139448,1.995805,2.90660786442364,0.4731,0.555261146970834,-30.5190519051905,95.7635352453373,1,0,0.017814150640558,0.226350245239987,0.751374820758459,0.513406923300807,161.5,146.121354466009,10,25.4124094723494,1.08017434949148,0.119157381623088,976.5,1200.73634756851,472.5,400.245449189503,976.5,1200.73634756851,315,800.490898379006,630,1600.98179675801,2.9979467,0
s7_busy,fixed_packet,30,30,2,380,NaN,0,NaN,NaN,NaN,NaN,NaN,NaN,NaN,NaN,NaN,NaN,NaN,NaN,NaN,NaN,NaN,NaN,NaN,NaN,NaN,NaN,NaN,NaN,NaN,NaN,NaN,NaN,NaN,NaN,NaN,NaN,NaN,NaN,NaN,NaN,NaN,NaN,NaN,NaN,NaN,NaN,NaN,NaN,NaN,NaN,NaN,NaN,NaN,NaN,NaN,NaN,NaN,NaN,NaN,NaN,NaN,NaN,NaN,NaN,NaN,NaN,NaN,NaN,NaN,NaN,NaN,NaN,NaN,NaN,NaN,NaN,NaN,NaN,NaN,NaN,NaN,NaN,NaN,NaN,NaN,NaN,NaN,NaN,NaN,NaN,NaN,NaN,2.4430414,0
sf_cf,fixed_packet,30,30,3,570,NaN,0,NaN,NaN,NaN,NaN,NaN,NaN,NaN,NaN,NaN,NaN,NaN,NaN,NaN,NaN,NaN,NaN,NaN,NaN,NaN,NaN,NaN,NaN,NaN,NaN,NaN,NaN,NaN,NaN,NaN,NaN,NaN,NaN,NaN,NaN,NaN,NaN,NaN,NaN,NaN,NaN,NaN,NaN,NaN,NaN,NaN,NaN,NaN,NaN,NaN,NaN,NaN,NaN,NaN,NaN,NaN,NaN,NaN,NaN,NaN,NaN,NaN,NaN,NaN,NaN,NaN,NaN,NaN,NaN,NaN,NaN,NaN,NaN,NaN,NaN,NaN,NaN,NaN,NaN,NaN,NaN,NaN,NaN,NaN,NaN,NaN,NaN,0.053353,0
sf_cb,fixed_packet,30,30,3,570,NaN,0,NaN,NaN,NaN,NaN,NaN,NaN,NaN,NaN,NaN,NaN,NaN,NaN,NaN,NaN,NaN,NaN,NaN,NaN,NaN,NaN,NaN,NaN,NaN,NaN,NaN,NaN,NaN,NaN,NaN,NaN,NaN,NaN,NaN,NaN,NaN,NaN,NaN,NaN,NaN,NaN,NaN,NaN,NaN,NaN,NaN,NaN,NaN,NaN,NaN,NaN,NaN,NaN,NaN,NaN,NaN,NaN,NaN,NaN,NaN,NaN,NaN,NaN,NaN,NaN,NaN,NaN,NaN,NaN,NaN,NaN,NaN,NaN,NaN,NaN,NaN,NaN,NaN,NaN,NaN,NaN,NaN,NaN,NaN,NaN,NaN,NaN,0.061739,0
sb_cf,fixed_packet,30,30,3,570,NaN,0,NaN,NaN,NaN,NaN,NaN,NaN,NaN,NaN,NaN,NaN,NaN,NaN,NaN,NaN,NaN,NaN,NaN,NaN,NaN,NaN,NaN,NaN,NaN,NaN,NaN,NaN,NaN,NaN,NaN,NaN,NaN,NaN,NaN,NaN,NaN,NaN,NaN,NaN,NaN,NaN,NaN,NaN,NaN,NaN,NaN,NaN,NaN,NaN,NaN,NaN,NaN,NaN,NaN,NaN,NaN,NaN,NaN,NaN,NaN,NaN,NaN,NaN,NaN,NaN,NaN,NaN,NaN,NaN,NaN,NaN,NaN,NaN,NaN,NaN,NaN,NaN,NaN,NaN,NaN,NaN,NaN,NaN,NaN,NaN,NaN,NaN,1.5231993,0
sb_cb,fixed_packet,30,30,3,570,NaN,0,NaN,NaN,NaN,NaN,NaN,NaN,NaN,NaN,NaN,NaN,NaN,NaN,NaN,NaN,NaN,NaN,NaN,NaN,NaN,NaN,NaN,NaN,NaN,NaN,NaN,NaN,NaN,NaN,NaN,NaN,NaN,NaN,NaN,NaN,NaN,NaN,NaN,NaN,NaN,NaN,NaN,NaN,NaN,NaN,NaN,NaN,NaN,NaN,NaN,NaN,NaN,NaN,NaN,NaN,NaN,NaN,NaN,NaN,NaN,NaN,NaN,NaN,NaN,NaN,NaN,NaN,NaN,NaN,NaN,NaN,NaN,NaN,NaN,NaN,NaN,NaN,NaN,NaN,NaN,NaN,NaN,NaN,NaN,NaN,NaN,NaN,15.9439777,0
s7_clean,fixed_packet,30,30,3,570,0.05,1,123.5,133.415149729834,123.5,133.415149729834,0,0,0,0,6287.76528860124,22743.4855167499,972.263076211861,6771.81427445071,5315.50221238938,15971.6712422992,6287.76528860124,22743.4855167499,4625.5,21505.2515159757,18024.4,36161.8586791532,23888.18,81045.5104133113,4625.5,21505.2515159757,18024.4,36161.8586791532,23888.18,81045.5104133113,4.39618280280016,0.0864310585012565,45.3803988905032,13.9414136499014,209.840212653546,108.627477374516,4281.67362303527,16003.5345135407,42.2117950072646,62.7363614245561,162,0,570,0,0,0,1235,1334.15149729834,1165,825.903307851355,3705,4002.45449189503,3495,2477.70992355407,NaN,NaN,0.663455,0.463204693657249,7.48519,31.4354046413909,6.821735,30.9721999477337,0.663455,0.463204693657249,118.307830783078,474.242985052545,1,0,0.0505437186768876,0.461280100779604,0.727411718014509,0.426984114078401,182.5,184.239968674533,32.5,82.5903307851355,1.26056663584731,0.387261490275039,2299.5,3602.20904270553,1134,1600.98179675801,2299.5,3602.20904270553,976.5,2001.22724594751,1953,4002.45449189503,2.5900205,0
s7_busy,fixed_packet,30,30,3,570,NaN,0,NaN,NaN,NaN,NaN,NaN,NaN,NaN,NaN,NaN,NaN,NaN,NaN,NaN,NaN,NaN,NaN,NaN,NaN,NaN,NaN,NaN,NaN,NaN,NaN,NaN,NaN,NaN,NaN,NaN,NaN,NaN,NaN,NaN,NaN,NaN,NaN,NaN,NaN,NaN,NaN,NaN,NaN,NaN,NaN,NaN,NaN,NaN,NaN,NaN,NaN,NaN,NaN,NaN,NaN,NaN,NaN,NaN,NaN,NaN,NaN,NaN,NaN,NaN,NaN,NaN,NaN,NaN,NaN,NaN,NaN,NaN,NaN,NaN,NaN,NaN,NaN,NaN,NaN,NaN,NaN,NaN,NaN,NaN,NaN,NaN,NaN,1.996412,0
sf_cf,fixed_packet,30,30,4,760,NaN,0,NaN,NaN,NaN,NaN,NaN,NaN,NaN,NaN,NaN,NaN,NaN,NaN,NaN,NaN,NaN,NaN,NaN,NaN,NaN,NaN,NaN,NaN,NaN,NaN,NaN,NaN,NaN,NaN,NaN,NaN,NaN,NaN,NaN,NaN,NaN,NaN,NaN,NaN,NaN,NaN,NaN,NaN,NaN,NaN,NaN,NaN,NaN,NaN,NaN,NaN,NaN,NaN,NaN,NaN,NaN,NaN,NaN,NaN,NaN,NaN,NaN,NaN,NaN,NaN,NaN,NaN,NaN,NaN,NaN,NaN,NaN,NaN,NaN,NaN,NaN,NaN,NaN,NaN,NaN,NaN,NaN,NaN,NaN,NaN,NaN,NaN,0.0514686,0
sf_cb,fixed_packet,30,30,4,760,NaN,0,NaN,NaN,NaN,NaN,NaN,NaN,NaN,NaN,NaN,NaN,NaN,NaN,NaN,NaN,NaN,NaN,NaN,NaN,NaN,NaN,NaN,NaN,NaN,NaN,NaN,NaN,NaN,NaN,NaN,NaN,NaN,NaN,NaN,NaN,NaN,NaN,NaN,NaN,NaN,NaN,NaN,NaN,NaN,NaN,NaN,NaN,NaN,NaN,NaN,NaN,NaN,NaN,NaN,NaN,NaN,NaN,NaN,NaN,NaN,NaN,NaN,NaN,NaN,NaN,NaN,NaN,NaN,NaN,NaN,NaN,NaN,NaN,NaN,NaN,NaN,NaN,NaN,NaN,NaN,NaN,NaN,NaN,NaN,NaN,NaN,NaN,0.0647223,0
sb_cf,fixed_packet,30,30,4,760,NaN,0,NaN,NaN,NaN,NaN,NaN,NaN,NaN,NaN,NaN,NaN,NaN,NaN,NaN,NaN,NaN,NaN,NaN,NaN,NaN,NaN,NaN,NaN,NaN,NaN,NaN,NaN,NaN,NaN,NaN,NaN,NaN,NaN,NaN,NaN,NaN,NaN,NaN,NaN,NaN,NaN,NaN,NaN,NaN,NaN,NaN,NaN,NaN,NaN,NaN,NaN,NaN,NaN,NaN,NaN,NaN,NaN,NaN,NaN,NaN,NaN,NaN,NaN,NaN,NaN,NaN,NaN,NaN,NaN,NaN,NaN,NaN,NaN,NaN,NaN,NaN,NaN,NaN,NaN,NaN,NaN,NaN,NaN,NaN,NaN,NaN,NaN,1.2815388,0
sb_cb,fixed_packet,30,30,4,760,NaN,0,NaN,NaN,NaN,NaN,NaN,NaN,NaN,NaN,NaN,NaN,NaN,NaN,NaN,NaN,NaN,NaN,NaN,NaN,NaN,NaN,NaN,NaN,NaN,NaN,NaN,NaN,NaN,NaN,NaN,NaN,NaN,NaN,NaN,NaN,NaN,NaN,NaN,NaN,NaN,NaN,NaN,NaN,NaN,NaN,NaN,NaN,NaN,NaN,NaN,NaN,NaN,NaN,NaN,NaN,NaN,NaN,NaN,NaN,NaN,NaN,NaN,NaN,NaN,NaN,NaN,NaN,NaN,NaN,NaN,NaN,NaN,NaN,NaN,NaN,NaN,NaN,NaN,NaN,NaN,NaN,NaN,NaN,NaN,NaN,NaN,NaN,15.9965782,0
s7_clean,fixed_packet,30,30,4,760,NaN,0,NaN,NaN,NaN,NaN,NaN,NaN,NaN,NaN,NaN,NaN,NaN,NaN,NaN,NaN,NaN,NaN,NaN,NaN,NaN,NaN,NaN,NaN,NaN,NaN,NaN,NaN,NaN,NaN,NaN,NaN,NaN,NaN,NaN,NaN,NaN,NaN,NaN,NaN,NaN,NaN,NaN,NaN,NaN,NaN,NaN,NaN,NaN,NaN,NaN,NaN,NaN,NaN,NaN,NaN,NaN,NaN,NaN,NaN,NaN,NaN,NaN,NaN,NaN,NaN,NaN,NaN,NaN,NaN,NaN,NaN,NaN,NaN,NaN,NaN,NaN,NaN,NaN,NaN,NaN,NaN,NaN,NaN,NaN,NaN,NaN,NaN,1.8577131,0
s7_busy,fixed_packet,30,30,4,760,NaN,0,NaN,NaN,NaN,NaN,NaN,NaN,NaN,NaN,NaN,NaN,NaN,NaN,NaN,NaN,NaN,NaN,NaN,NaN,NaN,NaN,NaN,NaN,NaN,NaN,NaN,NaN,NaN,NaN,NaN,NaN,NaN,NaN,NaN,NaN,NaN,NaN,NaN,NaN,NaN,NaN,NaN,NaN,NaN,NaN,NaN,NaN,NaN,NaN,NaN,NaN,NaN,NaN,NaN,NaN,NaN,NaN,NaN,NaN,NaN,NaN,NaN,NaN,NaN,NaN,NaN,NaN,NaN,NaN,NaN,NaN,NaN,NaN,NaN,NaN,NaN,NaN,NaN,NaN,NaN,NaN,NaN,NaN,NaN,NaN,NaN,NaN,2.1406669,0
sf_cf,fixed_packet,30,30,5,950,NaN,0,NaN,NaN,NaN,NaN,NaN,NaN,NaN,NaN,NaN,NaN,NaN,NaN,NaN,NaN,NaN,NaN,NaN,NaN,NaN,NaN,NaN,NaN,NaN,NaN,NaN,NaN,NaN,NaN,NaN,NaN,NaN,NaN,NaN,NaN,NaN,NaN,NaN,NaN,NaN,NaN,NaN,NaN,NaN,NaN,NaN,NaN,NaN,NaN,NaN,NaN,NaN,NaN,NaN,NaN,NaN,NaN,NaN,NaN,NaN,NaN,NaN,NaN,NaN,NaN,NaN,NaN,NaN,NaN,NaN,NaN,NaN,NaN,NaN,NaN,NaN,NaN,NaN,NaN,NaN,NaN,NaN,NaN,NaN,NaN,NaN,NaN,0.0414854,0
sf_cb,fixed_packet,30,30,5,950,NaN,0,NaN,NaN,NaN,NaN,NaN,NaN,NaN,NaN,NaN,NaN,NaN,NaN,NaN,NaN,NaN,NaN,NaN,NaN,NaN,NaN,NaN,NaN,NaN,NaN,NaN,NaN,NaN,NaN,NaN,NaN,NaN,NaN,NaN,NaN,NaN,NaN,NaN,NaN,NaN,NaN,NaN,NaN,NaN,NaN,NaN,NaN,NaN,NaN,NaN,NaN,NaN,NaN,NaN,NaN,NaN,NaN,NaN,NaN,NaN,NaN,NaN,NaN,NaN,NaN,NaN,NaN,NaN,NaN,NaN,NaN,NaN,NaN,NaN,NaN,NaN,NaN,NaN,NaN,NaN,NaN,NaN,NaN,NaN,NaN,NaN,NaN,0.062809,0
sb_cf,fixed_packet,30,30,5,950,NaN,0,NaN,NaN,NaN,NaN,NaN,NaN,NaN,NaN,NaN,NaN,NaN,NaN,NaN,NaN,NaN,NaN,NaN,NaN,NaN,NaN,NaN,NaN,NaN,NaN,NaN,NaN,NaN,NaN,NaN,NaN,NaN,NaN,NaN,NaN,NaN,NaN,NaN,NaN,NaN,NaN,NaN,NaN,NaN,NaN,NaN,NaN,NaN,NaN,NaN,NaN,NaN,NaN,NaN,NaN,NaN,NaN,NaN,NaN,NaN,NaN,NaN,NaN,NaN,NaN,NaN,NaN,NaN,NaN,NaN,NaN,NaN,NaN,NaN,NaN,NaN,NaN,NaN,NaN,NaN,NaN,NaN,NaN,NaN,NaN,NaN,NaN,1.0779637,0
sb_cb,fixed_packet,30,30,5,950,NaN,0,NaN,NaN,NaN,NaN,NaN,NaN,NaN,NaN,NaN,NaN,NaN,NaN,NaN,NaN,NaN,NaN,NaN,NaN,NaN,NaN,NaN,NaN,NaN,NaN,NaN,NaN,NaN,NaN,NaN,NaN,NaN,NaN,NaN,NaN,NaN,NaN,NaN,NaN,NaN,NaN,NaN,NaN,NaN,NaN,NaN,NaN,NaN,NaN,NaN,NaN,NaN,NaN,NaN,NaN,NaN,NaN,NaN,NaN,NaN,NaN,NaN,NaN,NaN,NaN,NaN,NaN,NaN,NaN,NaN,NaN,NaN,NaN,NaN,NaN,NaN,NaN,NaN,NaN,NaN,NaN,NaN,NaN,NaN,NaN,NaN,NaN,14.9138016,0
s7_clean,fixed_packet,30,30,5,950,NaN,0,NaN,NaN,NaN,NaN,NaN,NaN,NaN,NaN,NaN,NaN,NaN,NaN,NaN,NaN,NaN,NaN,NaN,NaN,NaN,NaN,NaN,NaN,NaN,NaN,NaN,NaN,NaN,NaN,NaN,NaN,NaN,NaN,NaN,NaN,NaN,NaN,NaN,NaN,NaN,NaN,NaN,NaN,NaN,NaN,NaN,NaN,NaN,NaN,NaN,NaN,NaN,NaN,NaN,NaN,NaN,NaN,NaN,NaN,NaN,NaN,NaN,NaN,NaN,NaN,NaN,NaN,NaN,NaN,NaN,NaN,NaN,NaN,NaN,NaN,NaN,NaN,NaN,NaN,NaN,NaN,NaN,NaN,NaN,NaN,NaN,NaN,1.5459501,0
s7_busy,fixed_packet,30,30,5,950,NaN,0,NaN,NaN,NaN,NaN,NaN,NaN,NaN,NaN,NaN,NaN,NaN,NaN,NaN,NaN,NaN,NaN,NaN,NaN,NaN,NaN,NaN,NaN,NaN,NaN,NaN,NaN,NaN,NaN,NaN,NaN,NaN,NaN,NaN,NaN,NaN,NaN,NaN,NaN,NaN,NaN,NaN,NaN,NaN,NaN,NaN,NaN,NaN,NaN,NaN,NaN,NaN,NaN,NaN,NaN,NaN,NaN,NaN,NaN,NaN,NaN,NaN,NaN,NaN,NaN,NaN,NaN,NaN,NaN,NaN,NaN,NaN,NaN,NaN,NaN,NaN,NaN,NaN,NaN,NaN,NaN,NaN,NaN,NaN,NaN,NaN,NaN,1.9705308,0
sf_cf,fixed_packet,30,30,6,1140,NaN,0,NaN,NaN,NaN,NaN,NaN,NaN,NaN,NaN,NaN,NaN,NaN,NaN,NaN,NaN,NaN,NaN,NaN,NaN,NaN,NaN,NaN,NaN,NaN,NaN,NaN,NaN,NaN,NaN,NaN,NaN,NaN,NaN,NaN,NaN,NaN,NaN,NaN,NaN,NaN,NaN,NaN,NaN,NaN,NaN,NaN,NaN,NaN,NaN,NaN,NaN,NaN,NaN,NaN,NaN,NaN,NaN,NaN,NaN,NaN,NaN,NaN,NaN,NaN,NaN,NaN,NaN,NaN,NaN,NaN,NaN,NaN,NaN,NaN,NaN,NaN,NaN,NaN,NaN,NaN,NaN,NaN,NaN,NaN,NaN,NaN,NaN,0.0420406,0
sf_cb,fixed_packet,30,30,6,1140,NaN,0,NaN,NaN,NaN,NaN,NaN,NaN,NaN,NaN,NaN,NaN,NaN,NaN,NaN,NaN,NaN,NaN,NaN,NaN,NaN,NaN,NaN,NaN,NaN,NaN,NaN,NaN,NaN,NaN,NaN,NaN,NaN,NaN,NaN,NaN,NaN,NaN,NaN,NaN,NaN,NaN,NaN,NaN,NaN,NaN,NaN,NaN,NaN,NaN,NaN,NaN,NaN,NaN,NaN,NaN,NaN,NaN,NaN,NaN,NaN,NaN,NaN,NaN,NaN,NaN,NaN,NaN,NaN,NaN,NaN,NaN,NaN,NaN,NaN,NaN,NaN,NaN,NaN,NaN,NaN,NaN,NaN,NaN,NaN,NaN,NaN,NaN,0.0513372,0
sb_cf,fixed_packet,30,30,6,1140,NaN,0,NaN,NaN,NaN,NaN,NaN,NaN,NaN,NaN,NaN,NaN,NaN,NaN,NaN,NaN,NaN,NaN,NaN,NaN,NaN,NaN,NaN,NaN,NaN,NaN,NaN,NaN,NaN,NaN,NaN,NaN,NaN,NaN,NaN,NaN,NaN,NaN,NaN,NaN,NaN,NaN,NaN,NaN,NaN,NaN,NaN,NaN,NaN,NaN,NaN,NaN,NaN,NaN,NaN,NaN,NaN,NaN,NaN,NaN,NaN,NaN,NaN,NaN,NaN,NaN,NaN,NaN,NaN,NaN,NaN,NaN,NaN,NaN,NaN,NaN,NaN,NaN,NaN,NaN,NaN,NaN,NaN,NaN,NaN,NaN,NaN,NaN,0.9749969,0
sb_cb,fixed_packet,30,30,6,1140,NaN,0,NaN,NaN,NaN,NaN,NaN,NaN,NaN,NaN,NaN,NaN,NaN,NaN,NaN,NaN,NaN,NaN,NaN,NaN,NaN,NaN,NaN,NaN,NaN,NaN,NaN,NaN,NaN,NaN,NaN,NaN,NaN,NaN,NaN,NaN,NaN,NaN,NaN,NaN,NaN,NaN,NaN,NaN,NaN,NaN,NaN,NaN,NaN,NaN,NaN,NaN,NaN,NaN,NaN,NaN,NaN,NaN,NaN,NaN,NaN,NaN,NaN,NaN,NaN,NaN,NaN,NaN,NaN,NaN,NaN,NaN,NaN,NaN,NaN,NaN,NaN,NaN,NaN,NaN,NaN,NaN,NaN,NaN,NaN,NaN,NaN,NaN,14.4566857,0
s7_clean,fixed_packet,30,30,6,1140,NaN,0,NaN,NaN,NaN,NaN,NaN,NaN,NaN,NaN,NaN,NaN,NaN,NaN,NaN,NaN,NaN,NaN,NaN,NaN,NaN,NaN,NaN,NaN,NaN,NaN,NaN,NaN,NaN,NaN,NaN,NaN,NaN,NaN,NaN,NaN,NaN,NaN,NaN,NaN,NaN,NaN,NaN,NaN,NaN,NaN,NaN,NaN,NaN,NaN,NaN,NaN,NaN,NaN,NaN,NaN,NaN,NaN,NaN,NaN,NaN,NaN,NaN,NaN,NaN,NaN,NaN,NaN,NaN,NaN,NaN,NaN,NaN,NaN,NaN,NaN,NaN,NaN,NaN,NaN,NaN,NaN,NaN,NaN,NaN,NaN,NaN,NaN,1.0419959,0
s7_busy,fixed_packet,30,30,6,1140,NaN,0,NaN,NaN,NaN,NaN,NaN,NaN,NaN,NaN,NaN,NaN,NaN,NaN,NaN,NaN,NaN,NaN,NaN,NaN,NaN,NaN,NaN,NaN,NaN,NaN,NaN,NaN,NaN,NaN,NaN,NaN,NaN,NaN,NaN,NaN,NaN,NaN,NaN,NaN,NaN,NaN,NaN,NaN,NaN,NaN,NaN,NaN,NaN,NaN,NaN,NaN,NaN,NaN,NaN,NaN,NaN,NaN,NaN,NaN,NaN,NaN,NaN,NaN,NaN,NaN,NaN,NaN,NaN,NaN,NaN,NaN,NaN,NaN,NaN,NaN,NaN,NaN,NaN,NaN,NaN,NaN,NaN,NaN,NaN,NaN,NaN,NaN,1.9103954,0
sf_cf,fixed_payload,5,5,1,190,0.05,1,20.5,57.1779213127861,20.5,57.1779213127861,0,0,0,0,4010.36875,310.428464460669,0,0,4010.36875,310.428464460669,4010.36875,310.428464460669,2428.75,3764.21315309175,14462.25,36908.3482074034,16965,49935.3846131665,2428.75,3764.21315309175,14462.25,36908.3482074034,16965,49935.3846131665,99.93125,265.162610088046,0,0,3712.8375,51.3013016223042,0,0,7.6,96.5671559949277,0,0,190,0,0,0,205,571.779213127861,210,508.248189446988,205,571.779213127861,210,508.248189446988,NaN,NaN,0.0399,0.0965671559949277,0.852425,1.9856621451457,0.810625,1.86495320015204,0.0418,0.12070894499366,-29.7209720972097,88.6727639254196,1,0,0.0419449831214539,0.532961543196582,0.347613997879109,0.425449008000759,25,25.4124094723494,1,12.7062047361747,1.04,0.508248189446988,95,1207.0894499366,95,1207.0894499366,190,2414.17889987319,95,1207.0894499366,190,2414.17889987319,0.1263796,0
sf_cb,fixed_payload,5,5,1,190,0.05,0.5,20.5,57.1779213127861,20.5,57.1779213127861,0,0,0,0,NaN,NaN,NaN,NaN,NaN,NaN,4568.96875,2248.60116940492,NaN,NaN,NaN,NaN,NaN,NaN,3906.25,7766.66764498678,12065.75,5644.73145404562,13010,10037.901741578,NaN,NaN,NaN,NaN,NaN,NaN,NaN,NaN,NaN,NaN,NaN,NaN,NaN,NaN,NaN,NaN,205,571.779213127861,225,317.655118404367,205,571.779213127861,225,317.655118404367,NaN,NaN,0.04275,0.0603544724968298,1.034075,0.812244137759968,0.991325,0.751889665263138,0.04275,0.0603544724968298,-7.73477347734774,170.86471535414,1,0,NaN,NaN,0.357215447154472,0.30345102774401,26,12.7062047361747,1,12.7062047361747,1.04,0.508248189446988,190,0,190,0,380,0,190,0,380,0,0.0882805,0
sb_cf,fixed_payload,5,5,1,190,0.05,1,20.5,57.1779213127861,20.5,57.1779213127861,0,0,0,0,462.96875,2122.33325983918,0,0,462.96875,2122.33325983918,462.96875,2122.33325983918,265,254.124094723494,2036.125,19187.9574272158,2290,22299.3893119866,265,254.124094723494,2036.125,19187.9574272158,2290,22299.3893119866,0,0,21.6,83.860951258753,147.26875,715.756395544641,20.5,260.477197091581,83.6,1062.2387159442,0,0,190,0,0,0,205,571.779213127861,205,571.779213127861,205,571.779213127861,205,571.779213127861,NaN,NaN,0.03895,0.108638050494294,0.102425,0.699794225844821,0.042575,0.325596496364477,0.05985,0.374197729480345,3.36633663366337,44.9082183594773,1,0,1.61385313371577e-16,1.88567238905275e-16,0.33600332594235,0.572976582753776,35,152.474456834096,11,139.768252097922,1.44,5.59073008391687,2090,26555.9678986051,1350,17153.3763938358,2090,26555.9678986051,1350,17153.3763938358,2090,26555.9678986051,0.4785025,0
sb_cb,fixed_payload,5,5,1,190,0.05,1,20.5,57.1779213127861,20.5,57.1779213127861,0,0,0,0,537.56875,528.975185922873,0,0,537.56875,528.975185922873,537.56875,528.975185922873,475,190.59307104262,1046.375,5112.65913071829,1077.5,5431.90252471468,475,190.59307104262,1046.375,5112.65913071829,1077.5,5431.90252471468,0,0,15.9,11.4355842625572,104.36875,43.5981650009994,22.3,283.348365616696,15,190.59307104262,190,0,190,0,0,0,205,571.779213127861,205,571.779213127861,205,571.779213127861,205,571.779213127861,NaN,NaN,0.03895,0.108638050494294,0.112075,0.415810549991317,0.072175,0.295101604997657,0.0399,0.12070894499366,0.306030603060305,5.10840514445667,1,0,8.74466780580621e-17,1.11111539490409e-15,0.33600332594235,0.572976582753776,25.5,31.7655118404367,1.5,19.059307104262,1.06,0.762372284170482,115,1461.21354466009,105,1334.15149729834,115,1461.21354466009,105,1334.15149729834,115,1461.21354466009,2.240327,0
s7_clean,fixed_payload,5,5,1,190,0.05,1,20.5,57.1779213127861,20.5,57.1779213127861,0,0,0,0,598.495,282.776586403568,0,0,598.495,282.776586403568,598.495,282.776586403568,577.25,422.481307477809,936.25,73.0606772330038,967,216.00548051497,577.25,422.481307477809,936.25,73.0606772330038,967,216.00548051497,3.86625,0.682958504569389,36,0,183.94875,571.636268324579,22.68,288.176723416442,0,0,162,0,190,0,0,0,205,571.779213127861,205,571.779213127861,205,571.779213127861,205,571.779213127861,NaN,NaN,0.03895,0.108638050494294,0.12169,0.284237799948228,0.08274,0.175599749453934,0.03895,0.108638050494294,-1.95619561956196,14.7915014630537,1,0,1.66197401868245e-16,3.36325275055454e-16,0.33600332594235,0.572976582753776,24,12.7062047361747,0,0,1,0,0,0,0,0,0,0,0,0,0,0,0.6693208,0
s7_busy,fixed_payload,5,5,1,190,0.05,1,20.5,57.1779213127861,20.5,57.1779213127861,0,0,0,0,5039.6125,9593.34340337109,34.5625,439.158201194038,5005.05,9154.18520217706,5039.6125,9593.34340337109,3161.25,1381.799765059,13558.4,43352.2999393544,14703.5,44808.4310021201,3161.25,1381.799765059,13558.4,43352.2999393544,14703.5,44808.4310021201,3.8975,0.28588960656393,60.075,122.93253082249,276.8175,470.860182010794,4203.9225,8007.48199024913,108.3375,553.196388701206,162,0,190,0,0,0,205,571.779213127861,215,444.717165766114,205,571.779213127861,215,444.717165766114,NaN,NaN,0.04085,0.0844962614955617,1.11798,0.59503156779506,1.07713,0.679527829290622,0.04085,0.0844962614955617,15.6615661566157,174.600713146355,1,0,0.102020930452177,1.2962988297004,0.359298780487805,0.276979767876979,39.5,57.1779213127861,12.5,31.7655118404367,1.66875,3.41479252284695,11371.5,400.245449189503,5197.5,1200.73634756851,11371.5,400.245449189503,4504.5,400.245449189503,9891,1600.98179675801,6.212806,0
sf_cf,fixed_payload,5,2.5,2,380,0.05,1,7.5,44.4717165766114,7.5,44.4717165766114,0,0,0,0,6466.98863636364,18242.7890612726,0,0,6466.98863636364,18242.7890612726,6466.98863636364,18242.7890612726,4082.5,5177.77842999119,19202.375,112861.27529348,19527.5,116992.380108329,4082.5,5177.77842999119,19202.375,112861.27529348,19527.5,116992.380108329,145.170454545455,685.124334922147,0,0,5941.81818181818,17557.6647263505,0,0,0,0,0,0,380,0,0,0,75,444.717165766114,75,444.717165766114,150,889.434331532229,150,889.434331532229,NaN,NaN,0.0285,0.168992522991123,0.535275,4.24419003700075,0.506775,4.07519751400963,0.0285,0.168992522991123,1.02010201020102,54.2863352664649,1,0,1.32815252232638e-16,6.48099215798719e-17,0.1875,1.11179291441529,8.5,31.7655118404367,0,0,1,0,0,0,0,0,0,0,0,0,0,0,0.0860072,0
sf_cb,fixed_payload,5,2.5,2,380,0.025,0.5,7.5,44.4717165766114,7.5,44.4717165766114,0,0,0,0,NaN,NaN,NaN,NaN,NaN,NaN,9297.55681818182,16406.1649221347,NaN,NaN,NaN,NaN,NaN,NaN,8781.25,10593.7981987857,16711.125,46426.8838303903,16725,46250.5852396759,NaN,NaN,NaN,NaN,NaN,NaN,NaN,NaN,NaN,NaN,NaN,NaN,NaN,NaN,NaN,NaN,75,444.717165766114,80,381.186142085241,150,889.434331532229,160,762.372284170482,NaN,NaN,0.0304,0.144850733992392,0.665175,2.73850477576405,0.634775,2.59365404177166,0.0304,0.144850733992392,-14.8094809480948,157.979335213645,1,0,NaN,NaN,0.2,0.952965355213102,8.5,31.7655118404367,0,0,1,0,0,0,0,0,0,0,0,0,0,0,0.0536532,0
sb_cf,fixed_payload,5,2.5,2,380,0.05,1,7.5,44.4717165766114,7.5,44.4717165766114,0,0,0,0,470,317.655118404367,0,0,470,317.655118404367,470,317.655118404367,452.5,540.013701287425,604.375,182.65169308251,607.5,222.358582883057,452.5,540.013701287425,604.375,182.65169308251,607.5,222.358582883057,0,0,15,0,75,317.655118404367,0,0,0,0,0,0,380,0,0,0,75,444.717165766114,75,444.717165766114,150,889.434331532229,150,889.434331532229,NaN,NaN,0.0285,0.168992522991123,0.034375,0.185192934029746,0.005875,0.0162004110386227,0.0285,0.168992522991123,-0.678067806780679,10.598034553425,1,0,1.58489660442779e-16,2.12637486090664e-16,0.1875,1.11179291441529,8.5,31.7655118404367,0,0,1,0,0,0,0,0,0,0,0,0,0,0,0.5461077,0
sb_cb,fixed_payload,5,2.5,2,380,0.05,1,7.5,44.4717165766114,7.5,44.4717165766114,0,0,0,0,687.045454545455,37.5410594477887,0,0,687.045454545455,37.5410594477887,687.045454545455,37.5410594477887,655,190.59307104262,882.875,36.5303386165015,885,63.5310236808735,655,190.59307104262,882.875,36.5303386165015,885,63.5310236808735,0,0,15,0,102.045454545455,37.5410594477889,0,0,0,0,190,0,380,0,0,0,75,444.717165766114,75,444.717165766114,150,889.434331532229,150,889.434331532229,NaN,NaN,0.0285,0.168992522991123,0.051425,0.302725327839362,0.022925,0.133732804848239,0.0285,0.168992522991123,-1.37413741374138,16.6976227856121,1,0,9.22112146698635e-17,1.17165457256664e-15,0.1875,1.11179291441529,8.5,31.7655118404367,0,0,1,0,0,0,0,0,0,0,0,0,0,0,1.7191383,0
s7_clean,fixed_payload,5,2.5,2,380,0.05,1,7.5,44.4717165766114,7.5,44.4717165766114,0,0,0,0,782.159090909091,796.159237673492,0,0,782.159090909091,796.159237673492,782.159090909091,796.159237673492,774.75,244.594441171363,1110.175,4462.10144822615,1122,4612.35231923142,774.75,244.594441171363,1110.175,4462.10144822615,1122,4612.35231923142,3.5,19.059307104262,36,0,200.659090909091,777.09993056923,0,0,0,0,162,0,380,0,0,0,75,444.717165766114,75,444.717165766114,150,889.434331532229,150,889.434331532229,NaN,NaN,0.0285,0.168992522991123,0.060855,0.407551516912803,0.032355,0.23855899392168,0.0285,0.168992522991123,-1.2001200120012,14.4865220514443,1,0,7.4667964101014e-17,9.48746439100826e-16,0.1875,1.11179291441529,8.5,31.7655118404367,0,0,1,0,0,0,0,0,0,0,0,0,0,0,0.6335587,0
s7_busy,fixed_payload,5,2.5,2,380,0.05,0.5,7.5,44.4717165766114,7.5,44.4717165766114,0,0,0,0,NaN,NaN,NaN,NaN,NaN,NaN,9379,3468.79389297569,NaN,NaN,NaN,NaN,NaN,NaN,7746.25,12722.0874920949,23044.275,48846.1452121579,23222,51104.3554488946,NaN,NaN,NaN,NaN,NaN,NaN,NaN,NaN,NaN,NaN,NaN,NaN,NaN,NaN,NaN,NaN,75,444.717165766114,75,317.655118404367,150,889.434331532229,150,635.310236808735,NaN,NaN,0.0285,0.12070894499366,0.74018,3.14071968668766,0.71168,3.020010741694,0.0285,0.12070894499366,-19.7059705970597,129.463760228171,1,0,NaN,NaN,0.1875,0.794137796010919,16,25.4124094723494,6,12.7062047361747,1.94318181818182,3.89849463496269,8536.5,9205.64533135857,3969,4802.94539027404,8536.5,9205.64533135857,3433.5,3602.20904270553,7434,6403.92718703205,4.8294676,0
sf_cf,fixed_payload,5,1.66666666666667,3,570,0.05,1,5.5,19.059307104262,5.5,19.059307104262,0,0,0,0,7753.125,57519.4005650708,0,0,7753.125,57519.4005650708,7753.125,57519.4005650708,4558.75,22315.2720679068,26250,255458.246220792,26250,255458.246220792,4558.75,22315.2720679068,26250,255458.246220792,26250,255458.246220792,231.160714285714,32.8999944061665,0,0,6951.96428571429,57552.300559477,0,0,0,0,0,0,570,0,0,0,55,190.59307104262,50,127.062047361747,165,571.779213127861,150,381.186142085241,NaN,NaN,0.0285,0.0724253669961958,0.347625,2.77725870020938,0.319125,2.70483333321319,0.0285,0.0724253669961958,5.73657365736574,131.446126403631,1,0,0.259095725891911,3.29212333945042,0.125,0.317655118404367,6,12.7062047361747,0,0,1,0,0,0,0,0,0,0,0,0,0,0,0.0756476,0
sf_cb,fixed_payload,5,1.66666666666667,3,570,0.05,1,5.5,19.059307104262,5.5,19.059307104262,0,0,0,0,2857.23214285714,743.086080553074,0,0,2857.23214285714,743.086080553074,2857.23214285714,743.086080553074,2965,63.5310236808735,4580,1842.39968674533,4580,1842.39968674533,2965,63.5310236808735,4580,1842.39968674533,4580,1842.39968674533,95.4464285714286,656.865405557602,0,0,1961.07142857143,431.103374977356,40.7142857142857,517.324049972827,0,0,190,0,570,0,0,0,55,190.59307104262,55,190.59307104262,165,571.779213127861,165,571.779213127861,NaN,NaN,0.03135,0.108638050494294,0.158025,0.585438383219249,0.126675,0.476800332724956,0.03135,0.108638050494294,-1.75817581758176,5.10840514445667,1,0,0,0,0.1375,0.476482677606551,6,12.7062047361747,0,0,1,0,0,0,0,0,0,0,0,0,0,0,0.0610109,0
sb_cf,fixed_payload,5,1.66666666666667,3,570,0.05,1,5.5,19.059307104262,5.5,19.059307104262,0,0,0,0,683.125,738.548150290154,0,0,683.125,738.548150290154,683.125,738.548150290154,657.5,540.013701287425,812.5,1937.69622226664,812.5,1937.69622226664,657.5,540.013701287425,812.5,1937.69622226664,812.5,1937.69622226664,0,0,15,0,98.125,738.548150290154,0,0,0,0,0,0,570,0,0,0,55,190.59307104262,55,190.59307104262,165,571.779213127861,165,571.779213127861,NaN,NaN,0.03135,0.108638050494294,0.0367,0.0895787433900316,0.00535,0.019059307104262,0.03135,0.108638050494294,-0.942094209420943,11.2079933766438,1,0,0,0,0.1375,0.476482677606551,6,12.7062047361747,0,0,1,0,0,0,0,0,0,0,0,0,0,0,0.3959296,0
sb_cb,fixed_payload,5,1.66666666666667,3,570,0.05,1,5.5,19.059307104262,5.5,19.059307104262,0,0,0,0,845.803571428571,228.030995711706,0,0,845.803571428571,228.030995711706,845.803571428571,228.030995711706,840,254.124094723494,917.5,540.013701287425,917.5,540.013701287425,840,254.124094723494,917.5,540.013701287425,917.5,540.013701287425,0,0,15,0,70.8035714285714,228.030995711707,0,0,0,0,190,0,570,0,0,0,55,190.59307104262,55,190.59307104262,165,571.779213127861,165,571.779213127861,NaN,NaN,0.03135,0.108638050494294,0.04625,0.148662595413244,0.0149,0.0400245449189503,0.03135,0.108638050494294,-0.780078007800781,9.14938234828062,1,0,5.98696626739191e-17,7.60716191420533e-16,0.1375,0.476482677606551,6,12.7062047361747,0,0,1,0,0,0,0,0,0,0,0,0,0,0,1.5818181,0
s7_clean,fixed_payload,5,1.66666666666667,3,570,0.05,1,5.5,19.059307104262,5.5,19.059307104262,0,0,0,0,990.910714285714,537.971632669111,0,0,990.910714285714,537.971632669111,990.910714285714,537.971632669111,1001.25,1019.67293007802,1128,127.062047361747,1128,127.062047361747,1001.25,1019.67293007802,1128,127.062047361747,1128,127.062047361747,3.21428571428571,15.4289628939264,36,0,219.696428571429,553.400595563037,0,0,0,0,162,0,570,0,0,0,55,190.59307104262,55,190.59307104262,165,571.779213127861,165,571.779213127861,NaN,NaN,0.03135,0.108638050494294,0.053865,0.15927227636795,0.022515,0.0506342258736562,0.03135,0.108638050494294,-1.24212421242124,12.8853801404952,1,0,0,0,0.1375,0.476482677606551,6,12.7062047361747,0,0,1,0,0,0,0,0,0,0,0,0,0,0,0.5122705,0
s7_busy,fixed_payload,5,1.66666666666667,3,570,NaN,0,NaN,NaN,NaN,NaN,NaN,NaN,NaN,NaN,NaN,NaN,NaN,NaN,NaN,NaN,NaN,NaN,NaN,NaN,NaN,NaN,NaN,NaN,NaN,NaN,NaN,NaN,NaN,NaN,NaN,NaN,NaN,NaN,NaN,NaN,NaN,NaN,NaN,NaN,NaN,NaN,NaN,NaN,NaN,NaN,NaN,NaN,NaN,NaN,NaN,NaN,NaN,NaN,NaN,NaN,NaN,NaN,NaN,NaN,NaN,NaN,NaN,NaN,NaN,NaN,NaN,NaN,NaN,NaN,NaN,NaN,NaN,NaN,NaN,NaN,NaN,NaN,NaN,NaN,NaN,NaN,NaN,NaN,NaN,NaN,NaN,NaN,1.6480512,0
sf_cf,fixed_payload,5,1.25,4,760,0.025,0,4,12.7062047361747,4,12.7062047361747,0,0,0,0,NaN,NaN,NaN,NaN,NaN,NaN,23990.1666666667,107073.069610955,NaN,NaN,NaN,NaN,NaN,NaN,22027.5,98631.9142645561,51982.5,273469.29143432,51982.5,273469.29143432,NaN,NaN,NaN,NaN,NaN,NaN,NaN,NaN,NaN,NaN,NaN,NaN,NaN,NaN,NaN,NaN,40,127.062047361747,25,63.5310236808735,160,508.248189446988,100,254.124094723494,NaN,NaN,0.019,0.0482835779974638,0.601875,2.78742366399832,0.575275,2.64257293000593,0.0266,0.144850733992392,47.5127512751275,253.590380753178,1,0,NaN,NaN,0.0625,0.158827559202184,5,25.4124094723494,1,12.7062047361747,1.2,2.54124094723494,380,4828.35779974638,380,4828.35779974638,760,9656.71559949277,380,4828.35779974638,760,9656.71559949277,0.144011,0
sf_cb,fixed_payload,5,1.25,4,760,0.025,1,4,12.7062047361747,4,12.7062047361747,0,0,0,0,7143.5,2458.6506164498,0,0,7143.5,2458.6506164498,7143.5,2458.6506164498,4660,8322.56410219442,13510,1842.39968674533,13510,1842.39968674533,4660,8322.56410219442,13510,1842.39968674533,13510,1842.39968674533,119.833333333333,929.670646530115,0,0,5921.66666666667,402.363149978863,152,1931.34311989855,0,0,190,0,760,0,0,0,40,127.062047361747,40,127.062047361747,160,508.248189446988,160,508.248189446988,NaN,NaN,0.0304,0.0965671559949277,0.287675,1.00601375998663,0.257275,0.909446603991704,0.0304,0.0965671559949277,-2.6942694269427,22.7972110177992,1,0,1.42219328179669e-16,1.15614537538813e-16,0.1,0.317655118404367,4,12.7062047361747,0,0,1,0,0,0,0,0,0,0,0,0,0,0,0.0702398,0
sb_cf,fixed_payload,5,1.25,4,760,0.025,1,4,12.7062047361747,4,12.7062047361747,0,0,0,0,1044.33333333333,1749.22085201338,0,0,1044.33333333333,1749.22085201338,1044.33333333333,1749.22085201338,975,1524.74456834096,1320,3684.79937349066,1320,3684.79937349066,975,1524.74456834096,1320,3684.79937349066,1320,3684.79937349066,0,0,15,0,269.333333333333,1749.22085201338,0,0,0,0,0,0,760,0,0,0,40,127.062047361747,40,127.062047361747,160,508.248189446988,160,508.248189446988,NaN,NaN,0.0304,0.0965671559949277,0.04315,0.202663965541986,0.01275,0.106096809547059,0.0304,0.0965671559949277,-1.36213621362136,11.8179521998625,1,0,1.22481284539768e-16,6.44447551123014e-17,0.1,0.317655118404367,4,12.7062047361747,0,0,1,0,0,0,0,0,0,0,0,0,0,0,0.8889573,0
sb_cb,fixed_payload,5,1.25,4,760,0.025,1,4,12.7062047361747,4,12.7062047361747,0,0,0,0,1142,38.1186142085241,0,0,1142,38.1186142085241,1142,38.1186142085241,1077.5,31.7655118404367,1350,381.186142085241,1350,381.186142085241,1077.5,31.7655118404367,1350,381.186142085241,1350,381.186142085241,0,0,15,0,177,38.1186142085241,0,0,0,0,190,0,760,0,0,0,40,127.062047361747,40,127.062047361747,160,508.248189446988,160,508.248189446988,NaN,NaN,0.0304,0.0965671559949277,0.04565,0.143580113518774,0.01525,0.0470129575238464,0.0304,0.0965671559949277,-0.762076207620764,6.78579190830813,1,0,1.61923752270431e-16,5.09288734553653e-16,0.1,0.317655118404367,4,12.7062047361747,0,0,1,0,0,0,0,0,0,0,0,0,0,0,1.6552292,0
s7_clean,fixed_payload,5,1.25,4,760,0.05,1,4,12.7062047361747,4,12.7062047361747,0,0,0,0,1208.36666666667,202.875735620922,0,0,1208.36666666667,202.875735620922,1208.36666666667,202.875735620922,1199,978.377764685452,1404.5,1518.39146597288,1404.5,1518.39146597288,1199,978.377764685452,1404.5,1518.39146597288,1404.5,1518.39146597288,3.16666666666667,10.5885039468122,36,0,247.2,213.464239567735,0,0,0,0,162,0,760,0,0,0,40,127.062047361747,40,127.062047361747,160,508.248189446988,160,508.248189446988,NaN,NaN,0.0304,0.0965671559949277,0.048175,0.145422513205519,0.017775,0.0488553572105917,0.0304,0.0965671559949277,-0.876087608760878,8.23444411345256,1,0,1.16385338878015e-16,1.47881594407313e-15,0.1,0.317655118404367,4,12.7062047361747,0,0,1,0,0,0,0,0,0,0,0,0,0,0,0.5066676,0
s7_busy,fixed_payload,5,1.25,4,760,0.05,1,4,12.7062047361747,4,12.7062047361747,0,0,0,0,10525.1666666667,20861.4704760095,0,0,10525.1666666667,20861.4704760095,10525.1666666667,20861.4704760095,7115,28677.9040895463,23502,73619.7502413962,23502,73619.7502413962,7115,28677.9040895463,23502,73619.7502413962,23502,73619.7502413962,3.16666666666667,10.5885039468122,56.4,106.732119783867,246.6,503.165707552518,9205.2,19760.6896056989,91.8,480.294539027403,162,0,760,0,0,0,40,127.062047361747,40,127.062047361747,160,508.248189446988,160,508.248189446988,NaN,NaN,0.0304,0.0965671559949277,0.437425,2.17180804453066,0.407025,2.07524088853573,0.0304,0.0965671559949277,17.1077107710771,222.863705033535,1,0,1.95397208910813e-16,1.63907421498047e-16,0.1,0.317655118404367,6.5,31.7655118404367,2.5,19.059307104262,1.56666666666667,2.96478110510743,4284,9605.89078054807,1984.5,4402.69994108453,4284,9605.89078054807,1732.5,3602.20904270553,3717,7204.41808541105,2.4757235,0
sf_cf,fixed_payload,5,1,5,950,0.01,0,2.5,6.35310236808735,1,12.7062047361747,1.5,6.35310236808735,1.5,6.35310236808735,NaN,NaN,NaN,NaN,NaN,NaN,18565,NaN,NaN,NaN,NaN,NaN,NaN,NaN,18565,NaN,35545,NaN,35545,NaN,NaN,NaN,NaN,NaN,NaN,NaN,NaN,NaN,NaN,NaN,NaN,NaN,NaN,NaN,NaN,NaN,25,63.5310236808735,5,63.5310236808735,125,317.655118404368,25,317.655118404367,NaN,NaN,0.00475,0.0603544724968298,0.46635,1.38688224695347,0.4616,1.32652777445664,0.00475,0.0603544724968298,55.5055505550555,7.62448529023384,0.333333333333333,4.2354015787249,NaN,NaN,0.025,NaN,1,12.7062047361747,0,0,1,NaN,0,0,0,0,0,0,0,0,0,0,0.0960375,0
sf_cb,fixed_payload,5,1,5,950,0.05,1,2.5,6.35310236808735,2.5,6.35310236808735,0,0,0,0,5320,44471.7165766114,0,0,5320,44471.7165766114,5320,44471.7165766114,5200,45996.4611449524,6480,52540.1565840824,6480,52540.1565840824,5200,45996.4611449524,6480,52540.1565840824,6480,52540.1565840824,110.833333333333,815.314803904543,0,0,3831.66666666667,40638.6781478654,237.5,3017.72362484149,0,0,190,0,950,0,0,0,25,63.5310236808735,25,63.5310236808735,125,317.655118404368,125,317.655118404368,NaN,NaN,0.02375,0.0603544724968298,0.1155,0.773807868433039,0.09175,0.834162340929869,0.02375,0.0603544724968298,9.97899789978998,131.217391844924,1,0,0,0,0.0625,0.158827559202184,2.5,6.35310236808735,0,0,1,0,0,0,0,0,0,0,0,0,0,0,0.0798193,0
sb_cf,fixed_payload,5,1,5,950,0.05,1,2.5,6.35310236808735,2.5,6.35310236808735,0,0,0,0,1049.16666666667,201.181574989433,0,0,1049.16666666667,201.181574989433,1049.16666666667,201.181574989433,1037.5,349.420630244804,1097.5,31.7655118404367,1097.5,31.7655118404367,1037.5,349.420630244804,1097.5,31.7655118404367,1097.5,31.7655118404367,0,0,15,0,84.1666666666667,201.181574989433,0,0,0,0,0,0,950,0,0,0,25,63.5310236808735,25,63.5310236808735,125,317.655118404368,125,317.655118404368,NaN,NaN,0.02375,0.0603544724968298,0.02615,0.0616250929704473,0.0024,0.00127062047361746,0.02375,0.0603544724968298,0.75007500750075,15.0202360217607,1,0,0,0,0.0625,0.158827559202184,2.5,6.35310236808735,0,0,1,0,0,0,0,0,0,0,0,0,0,0,0.8863915,0
sb_cb,fixed_payload,5,1,5,950,0.05,1,2.5,6.35310236808735,2.5,6.35310236808735,0,0,0,0,1219.58333333333,291.183858537336,0,0,1219.58333333333,291.183858537336,1219.58333333333,291.183858537336,1218.75,301.772362484149,1235,127.062047361747,1235,127.062047361747,1218.75,301.772362484149,1235,127.062047361747,1235,127.062047361747,0,0,15,0,64.5833333333333,291.183858537337,0,0,0,0,190,0,950,0,0,0,25,63.5310236808735,25,63.5310236808735,125,317.655118404368,125,317.655118404368,NaN,NaN,0.02375,0.0603544724968298,0.030375,0.0702017811673652,0.006625,0.00984730867053538,0.02375,0.0603544724968298,1.03810381038104,16.0876639623934,1,0,9.6641976377538e-17,1.22795273796156e-15,0.0625,0.158827559202184,2.5,6.35310236808735,0,0,1,0,0,0,0,0,0,0,0,0,0,0,1.2064528,0
s7_clean,fixed_payload,5,1,5,950,0.05,1,2.5,6.35310236808735,2.5,6.35310236808735,0,0,0,0,1238.16666666667,124.944346572385,0,0,1238.16666666667,124.944346572385,1238.16666666667,124.944346572385,1213,444.717165766114,1320.5,451.070268134202,1320.5,451.070268134202,1213,444.717165766114,1320.5,451.070268134202,1320.5,451.070268134202,1.66666666666667,8.4708031574498,36,0,88.5,133.415149729834,0,0,0,0,162,0,950,0,0,0,25,63.5310236808735,25,63.5310236808735,125,317.655118404368,125,317.655118404368,NaN,NaN,0.02375,0.0603544724968298,0.030905,0.0755383871565586,0.007155,0.0151839146597288,0.02375,0.0603544724968298,1.03810381038104,16.0876639623934,1,0,0,0,0.0625,0.158827559202184,2.5,6.35310236808735,0,0,1,0,0,0,0,0,0,0,0,0,0,0,0.5204904,0
s7_busy,fixed_payload,5,1,5,950,0.05,0.5,2.5,6.35310236808735,2.5,6.35310236808735,0,0,0,0,NaN,NaN,NaN,NaN,NaN,NaN,15848.1666666667,114557.024200562,NaN,NaN,NaN,NaN,NaN,NaN,14654.5,129723.997253976,26537.5,172785.325104872,26537.5,172785.325104872,NaN,NaN,NaN,NaN,NaN,NaN,NaN,NaN,NaN,NaN,NaN,NaN,NaN,NaN,NaN,NaN,25,63.5310236808735,20,127.062047361747,125,317.655118404368,100,635.310236808735,NaN,NaN,0.019,0.12070894499366,0.24397,0.495541984710813,0.22497,0.616250929704473,0.019,0.12070894499366,20.3540354035404,255.420257222834,1,0,NaN,NaN,0.05,0.317655118404367,5,12.7062047361747,2.5,19.059307104262,2.16666666666667,10.5885039468122,4095,6403.92718703205,1890,3201.96359351602,4095,6403.92718703205,1543.5,2001.22724594751,3402,4002.45449189503,2.1901154,0
sf_cf,fixed_payload,5,0.833333333333333,6,1140,NaN,0,NaN,NaN,NaN,NaN,NaN,NaN,NaN,NaN,NaN,NaN,NaN,NaN,NaN,NaN,NaN,NaN,NaN,NaN,NaN,NaN,NaN,NaN,NaN,NaN,NaN,NaN,NaN,NaN,NaN,NaN,NaN,NaN,NaN,NaN,NaN,NaN,NaN,NaN,NaN,NaN,NaN,NaN,NaN,NaN,NaN,NaN,NaN,NaN,NaN,NaN,NaN,NaN,NaN,NaN,NaN,NaN,NaN,NaN,NaN,NaN,NaN,NaN,NaN,NaN,NaN,NaN,NaN,NaN,NaN,NaN,NaN,NaN,NaN,NaN,NaN,NaN,NaN,NaN,NaN,NaN,NaN,NaN,NaN,NaN,NaN,NaN,0.0567271,0
sf_cb,fixed_payload,5,0.833333333333333,6,1140,0.05,1,1.5,6.35310236808735,1.5,6.35310236808735,0,0,0,0,2631.25,4780.70953198573,0,0,2631.25,4780.70953198573,2631.25,4780.70953198573,2631.25,4780.70953198573,3250,12642.6737124938,3250,12642.6737124938,2631.25,4780.70953198573,3250,12642.6737124938,3250,12642.6737124938,113.75,651.192992728953,0,0,1187.5,5431.90252471468,0,0,0,0,190,0,1140,0,0,0,15,63.5310236808735,15,63.5310236808735,90,381.186142085241,90,381.186142085241,NaN,NaN,0.0171,0.0724253669961958,0.04135,0.238876649040084,0.02425,0.166451282043889,0.0171,0.0724253669961958,1.31413141314131,6.9382816141128,1,0,5.76799160757043e-17,7.32892822823273e-16,0.0375,0.158827559202184,1.5,6.35310236808735,0,0,1,0,0,0,0,0,0,0,0,0,0,0,0.0809379,0
sb_cf,fixed_payload,5,0.833333333333333,6,1140,0.05,1,1.5,6.35310236808735,1.5,6.35310236808735,0,0,0,0,1271.25,778.2550400907,0,0,1271.25,778.2550400907,1271.25,778.2550400907,1271.25,778.2550400907,1325,1461.21354466009,1325,1461.21354466009,1271.25,778.2550400907,1325,1461.21354466009,1325,1461.21354466009,0,0,15,0,116.25,778.2550400907,0,0,0,0,0,0,1140,0,0,0,15,63.5310236808735,15,63.5310236808735,90,381.186142085241,90,381.186142085241,NaN,NaN,0.0171,0.0724253669961958,0.019375,0.0924376394556709,0.002275,0.0200122724594751,0.0171,0.0724253669961958,0.792079207920792,3.20228382189822,1,0,0,0,0.0375,0.158827559202184,1.5,6.35310236808735,0,0,1,0,0,0,0,0,0,0,0,0,0,0,0.9712406,0
sb_cb,fixed_payload,5,0.833333333333333,6,1140,0.05,1,1.5,6.35310236808735,1.5,6.35310236808735,0,0,0,0,1408.75,524.130945367206,0,0,1408.75,524.130945367206,1408.75,524.130945367206,1408.75,524.130945367206,1412.5,476.482677606551,1412.5,476.482677606551,1408.75,524.130945367206,1412.5,476.482677606551,1412.5,476.482677606551,0,0,15,0,63.75,524.130945367206,0,0,0,0,190,0,1140,0,0,0,15,63.5310236808735,15,63.5310236808735,90,381.186142085241,90,381.186142085241,NaN,NaN,0.0171,0.0724253669961958,0.020925,0.0816373654299224,0.003825,0.00921199843372664,0.0171,0.0724253669961958,0.792079207920792,3.20228382189822,1,0,5.9818050895752e-17,7.60060401600342e-16,0.0375,0.158827559202184,1.5,6.35310236808735,0,0,1,0,0,0,0,0,0,0,0,0,0,0,1.4187514,0
s7_clean,fixed_payload,5,0.833333333333333,6,1140,0.05,1,1.5,6.35310236808735,1.5,6.35310236808735,0,0,0,0,1476.25,759.195732986438,0,0,1476.25,759.195732986438,1476.25,759.195732986438,1476.25,759.195732986438,1483.5,667.075748649171,1483.5,667.075748649171,1476.25,759.195732986438,1483.5,667.075748649171,1483.5,667.075748649171,1,12.7062047361747,36,0,137.25,771.901937722613,0,0,0,0,162,0,1140,0,0,0,15,63.5310236808735,15,63.5310236808735,90,381.186142085241,90,381.186142085241,NaN,NaN,0.0171,0.0724253669961958,0.021845,0.0823997377140929,0.004745,0.00997437071789714,0.0171,0.0724253669961958,0.792079207920792,3.20228382189822,1,0,1.17701601448091e-16,6.05307729619382e-17,0.0375,0.158827559202184,1.5,6.35310236808735,0,0,1,0,0,0,0,0,0,0,0,0,0,0,0.5453787,0
s7_busy,fixed_payload,5,0.833333333333333,6,1140,0.05,0,1.5,6.35310236808735,1.5,6.35310236808735,0,0,0,0,NaN,NaN,NaN,NaN,NaN,NaN,32123.5,238933.826961397,NaN,NaN,NaN,NaN,NaN,NaN,32123.5,238933.826961397,38014.5,164081.574860592,38014.5,164081.574860592,NaN,NaN,NaN,NaN,NaN,NaN,NaN,NaN,NaN,NaN,NaN,NaN,NaN,NaN,NaN,NaN,15,63.5310236808735,5,63.5310236808735,90,381.186142085241,30,381.186142085241,NaN,NaN,0.0057,0.0724253669961958,0.21131,0.308252526899598,0.20561,0.235827159903402,0.0057,0.0724253669961958,28.7728772877288,10.140565436011,1,0,NaN,NaN,0.025,NaN,3.5,19.059307104262,2,25.4124094723494,3,25.4124094723494,3906,15209.3270692011,1827,7204.41808541105,3906,15209.3270692011,1008,1600.98179675801,2142,2401.47269513702,2.1948647,0
sf_cf,fixed_payload,15,15,1,190,0.05,1,61.5,146.121354466009,61.5,146.121354466009,0,0,0,0,4468.50273972603,5358.24134876469,258.78698630137,997.602426508883,4209.71575342466,6355.84377527358,4468.50273972603,5358.24134876469,3577.5,6130.74378520429,11977.625,15280.7994708421,16647.5,21886.4376580609,3577.5,6130.74378520429,11977.625,15280.7994708421,16647.5,21886.4376580609,97.3869863013699,26.8483846651362,0,0,3890.00273972603,6165.08534951178,0,0,32.3260273972603,217.606810426926,0,0,190,0,0,0,615,1461.21354466009,620,1524.74456834096,615,1461.21354466009,620,1524.74456834096,NaN,NaN,0.1178,0.289701467984783,3.037525,11.1487416906381,2.892175,10.6055514381666,0.14535,0.543190252471468,7.12271227122712,139.299346252572,1,0,0.0757166905771728,0.157970949570632,0.586390625,1.24659780528814,92.5,349.420630244804,11.5,95.2965355213102,1.17013698630137,1.14529900224698,1425,13277.9839493026,1425,13277.9839493026,2945,27763.0573485417,1330,12070.894499366,2755,25348.8784486685,0.2172263,0
sf_cb,fixed_payload,15,15,1,190,0.05,1,61.5,146.121354466009,61.5,146.121354466009,0,0,0,0,4668.83561643836,1221.88434586228,339.382191780822,2137.40991150345,4329.45342465753,915.52556564117,4668.83561643836,1221.88434586228,3211.25,1794.75141898468,14986.5,6054.50655678717,18246.55,18062.5053427091,3211.25,1794.75141898468,14986.5,6054.50655678717,18246.55,18062.5053427091,109.995890410959,27.9014331398466,0,0,3372.2397260274,848.269709339006,444.001369863014,1634.03533483198,23.2164383561644,101.858507008348,190,0,190,0,0,0,615,1461.21354466009,660,1524.74456834096,615,1461.21354466009,660,1524.74456834096,NaN,NaN,0.12595,0.282713055379887,3.357975,6.82799677010188,3.232025,6.54528371472199,0.12595,0.282713055379887,21.4341434143414,334.409924829656,1,0,0.14919478989134,0.0778480307977548,0.591965601965602,1.26297177543476,90.5,247.770992355407,8,50.8248189446988,1.12219178082192,0.536097405307096,1235,3621.26834980979,1235,3621.26834980979,2565,8449.62614955617,1045,3621.26834980979,2090,7242.53669961958,0.1540856,0
sb_cf,fixed_payload,15,15,1,190,NaN,0,NaN,NaN,NaN,NaN,NaN,NaN,NaN,NaN,NaN,NaN,NaN,NaN,NaN,NaN,NaN,NaN,NaN,NaN,NaN,NaN,NaN,NaN,NaN,NaN,NaN,NaN,NaN,NaN,NaN,NaN,NaN,NaN,NaN,NaN,NaN,NaN,NaN,NaN,NaN,NaN,NaN,NaN,NaN,NaN,NaN,NaN,NaN,NaN,NaN,NaN,NaN,NaN,NaN,NaN,NaN,NaN,NaN,NaN,NaN,NaN,NaN,NaN,NaN,NaN,NaN,NaN,NaN,NaN,NaN,NaN,NaN,NaN,NaN,NaN,NaN,NaN,NaN,NaN,NaN,NaN,NaN,NaN,NaN,NaN,NaN,NaN,1.2249908,0
sb_cb,fixed_payload,15,15,1,190,0.05,1,61.5,146.121354466009,61.5,146.121354466009,0,0,0,0,766.195890410959,3062.14312413836,6.60958904109589,83.982791578141,759.586301369863,2978.16033256022,766.195890410959,3062.14312413836,545,1080.02740257485,2070.625,15001.2629666462,3215.175,24779.3228213695,545,1080.02740257485,2070.625,15001.2629666462,3215.175,24779.3228213695,0,0,21.5198630136986,79.0308528830153,136.038356164384,722.199790292275,149.534246575342,1277.40871998337,72.4938356164383,899.520969401562,190,0,190,0,0,0,615,1461.21354466009,630,1397.68252097922,615,1461.21354466009,630,1397.68252097922,NaN,NaN,0.1197,0.265559678986051,0.50445,2.9605457035287,0.38095,2.64670244654519,0.1235,0.313843256983515,-1.67416741674168,15.1727257275654,1,0,0.0177929711816396,0.188175310006133,0.582012987012987,0.888059201149526,111.5,628.957134440647,31.5,387.539244453328,1.43465753424658,5.26872352553436,980,12197.9565467277,915,11372.0532388764,980,12197.9565467277,855,10609.6809547059,920,11435.5842625572,5.7968951,0
s7_clean,fixed_payload,15,15,1,190,0.05,1,61.5,146.121354466009,61.5,146.121354466009,0,0,0,0,727.153835616438,586.185960607494,0,0,727.153835616438,586.185960607494,727.153835616438,586.185960607494,644.5,184.239968674533,1352.5,2636.53748275625,2463.93,3633.08512021441,644.5,184.239968674533,1352.5,2636.53748275625,2463.93,3633.08512021441,4.25767123287671,4.03639572372453,36,0,190.892465753425,307.585886294947,144.003698630137,889.735451178716,0,0,162,0,190,0,0,0,615,1461.21354466009,630,1397.68252097922,615,1461.21354466009,630,1397.68252097922,NaN,NaN,0.119375,0.261430162446794,0.46158,1.32360534736732,0.342205,1.06217518492052,0.119375,0.261430162446794,2.91029102910291,42.1634036549932,1,0,0.0247470437848237,0.286367198634459,0.582012987012987,0.888059201149526,77,203.299275778795,0,0,1,0,0,0,0,0,0,0,0,0,0,0,1.905725,0
s7_busy,fixed_payload,15,15,1,190,0.05,1,61.5,146.121354466009,61.5,146.121354466009,0,0,0,0,7789.94698630137,25213.2649514617,852.722465753425,4548.34437772894,6937.22452054794,20664.9205737328,7789.94698630137,25213.2649514617,6336.5,24135.4358963638,18910.15,64282.5956910181,30891.23,74435.8697716007,6336.5,24135.4358963638,18910.15,64282.5956910181,30891.23,74435.8697716007,4.71424657534247,4.5011295133901,74.7912328767123,108.653715678215,302.449315068493,663.890494585172,6028.70917808219,19398.933513404,174.560547945205,488.941720551967,162,0,190,0,0,0,615,1461.21354466009,610,1270.62047361747,615,1461.21354466009,610,1270.62047361747,NaN,NaN,0.1159,0.241417889987319,5.097065,25.3416994429926,4.981165,25.1002815530053,0.1159,0.241417889987319,73.3873387338734,831.983834870317,1,0,0.0352842763729993,0.369993870308984,0.567595912859071,0.999802184701373,151.5,590.838520232123,69,343.067527876717,2.07753424657534,3.0181587688393,17167.5,22813.9906038017,7749,7204.41808541105,17167.5,22813.9906038017,6489,6403.92718703205,14427,20012.2724594751,7.7226059,0
sf_cf,fixed_payload,15,7.5,2,380,0.05,1,28.5,19.059307104262,28.5,19.059307104262,0,0,0,0,10974.3611111111,7977.73182365991,321.694444444444,387.892194584889,10652.6666666667,7589.83962907501,10974.3611111111,7977.73182365991,8398.75,18948.1278128205,31803,5946.50381652976,33910,20393.4586015604,8398.75,18948.1278128205,31803,5946.50381652976,33910,20393.4586015604,182.259259259259,248.947492793941,0,0,10035.5185185185,6965.3531963008,0,0,54.8888888888889,375.538939980274,0,0,380,0,0,0,285,190.59307104262,275,444.717165766114,570,381.186142085241,550,889.434331532228,NaN,NaN,0.1045,0.168992522991123,3.130675,4.77086222331519,3.013375,4.72893174768582,0.1173,0.0419304756293765,-3.92439243924392,51.3890308561762,1,0,0.125845035497854,0.141449491601622,0.410745614035088,0.136535971945737,39.5,19.059307104262,4,25.4124094723494,1.14444444444444,0.988260368369144,950,2414.17889987319,950,2414.17889987319,1900,4828.35779974638,640,6353.10236808735,1280,12706.2047361747,0.1194136,0
sf_cb,fixed_payload,15,7.5,2,380,0.05,1,28.5,19.059307104262,28.5,19.059307104262,0,0,0,0,4528.08333333333,4804.00424066872,49.25,625.780583256604,4478.83333333333,4178.22365741211,4528.08333333333,4804.00424066872,3905,10292.0258363015,11463,1232.50185940899,13740,27508.9332538182,3905,10292.0258363015,11463,1232.50185940899,13740,27508.9332538182,126.074074074074,16.0004059640718,0,0,3457.64814814815,3786.68431146777,325.111111111111,375.538939980275,0,0,190,0,380,0,0,0,285,190.59307104262,290,254.124094723494,570,381.186142085241,580,508.248189446988,NaN,NaN,0.11075,0.103555568599824,1.416525,3.41574548820216,1.305775,3.31218991960234,0.11075,0.103555568599824,8.37083708370838,252.446707959643,1,0,0.07518974558853,0.654244674059112,0.402593207825766,0.269930632176764,34.5,31.7655118404367,0,0,1,0,0,0,0,0,0,0,0,0,0,0,0.0809839,0
sb_cf,fixed_payload,15,7.5,2,380,0.05,0.5,28.5,19.059307104262,14,165.180661570271,14.5,184.239968674533,15.5,196.946173410708,NaN,NaN,NaN,NaN,NaN,NaN,2441.48148148148,21200.5379023952,NaN,NaN,NaN,NaN,NaN,NaN,2337.5,22521.7478948696,3703.75,5161.89567407098,3937.5,2191.82031699013,NaN,NaN,NaN,NaN,NaN,NaN,NaN,NaN,NaN,NaN,NaN,NaN,NaN,NaN,NaN,NaN,285,190.59307104262,140,1651.80661570271,570,381.186142085241,280,3303.61323140542,NaN,NaN,0.0532,0.62768651396703,7.8938,97.6484540179761,4.84645,60.8595441350927,3.04735,36.7889098828834,178.283828382838,2438.08166125808,0.516666666666667,6.1413322891511,NaN,NaN,0.224418604651163,2.53385361889995,2164,26924.4478359542,8.5,57.1779213127861,3.24074074074074,22.3535083321592,814177.5,10282337.3551902,101537.5,1250894.09076456,814177.5,10282337.3551902,51522.5,615393.260884781,299415,3741659.63968504,1.7753415,0
sb_cb,fixed_payload,15,7.5,2,380,0.05,1,28.5,19.059307104262,28.5,19.059307104262,0,0,0,0,751.953703703704,48.1188679360694,0,0,751.953703703704,48.1188679360694,751.953703703704,48.1188679360694,700,0,1051,76.237228417041,1427.5,4796.59228790595,700,0,1051,76.237228417041,1427.5,4796.59228790595,0,0,15,0,110.944444444444,132.003349203593,56.0092592592593,180.122217139662,0,0,190,0,380,0,0,0,285,190.59307104262,295,317.655118404367,570,381.186142085241,590,635.310236808735,NaN,NaN,0.1121,0.12070894499366,0.224725,0.262700782920412,0.112625,0.141991837926752,0.1121,0.12070894499366,-1.38013801380138,63.5882073205502,1,0,0.0426854115729423,0.542369578693683,0.418370217554389,0.069464716440265,35,38.1186142085241,0,0,1,0,10,127.062047361747,10,127.062047361747,10,127.062047361747,10,127.062047361747,10,127.062047361747,2.1694171,0
s7_clean,fixed_payload,15,7.5,2,380,0.05,1,28.5,19.059307104262,28.5,19.059307104262,0,0,0,0,804.22962962963,58.9191419618174,0,0,804.22962962963,58.9191419618174,804.22962962963,58.9191419618174,759,216.00548051497,1254.8,340.526286929475,1599,2922.42708932018,759,216.00548051497,1254.8,340.526286929475,1599,2922.42708932018,3.97962962962963,4.91777183307502,36,0,152.116666666667,175.133855280275,70.1333333333333,121.132485151532,0,0,162,0,380,0,0,0,285,190.59307104262,300,254.124094723494,570,381.186142085241,600,508.248189446988,NaN,NaN,0.113855,0.098409555681673,0.24318,0.302153548626234,0.129325,0.203743992944561,0.113855,0.098409555681673,-1.3981398139814,50.8553168858597,1,0,0.0535115247430197,0.476652278719598,0.429178885630499,0.206801865940673,34.5,31.7655118404367,0,0,1,0,0,0,0,0,0,0,0,0,0,0,1.0033951,0
s7_busy,fixed_payload,15,7.5,2,380,0.05,1,28.5,19.059307104262,28.5,19.059307104262,0,0,0,0,10391.062962963,42695.3420944767,731.059259259259,641.145678983866,9660.0037037037,42054.1964154928,10391.062962963,42695.3420944767,8715,46225.1728302035,26092.45,78644.4189043164,30086.5,117386.27245515,8715,46225.1728302035,26092.45,78644.4189043164,30086.5,117386.27245515,4.42037037037037,4.40011164011975,63.8666666666667,171.110223780486,337.583333333333,1525.80341873564,8586.73333333333,39591.6868776046,125.4,769.996007012187,162,0,380,0,0,0,285,190.59307104262,290,381.186142085241,570,381.186142085241,580,762.372284170482,NaN,NaN,0.1102,0.144850733992392,2.941365,6.04072032464849,2.831165,6.18557105864089,0.1102,0.144850733992392,5.70657065706571,343.33057261923,1,0,0.115647456358043,0.368462444032981,0.405189393939394,0.219952104713327,59,76.2372284170482,21.5,120.70894499366,1.77407407407407,4.75306177168017,11151,11206.8725773061,5103,4002.45449189503,11151,11206.8725773061,4095,0,9072,4002.45449189503,5.8246199,0
sf_cf,fixed_payload,15,5,3,570,NaN,0,NaN,NaN,NaN,NaN,NaN,NaN,NaN,NaN,NaN,NaN,NaN,NaN,NaN,NaN,NaN,NaN,NaN,NaN,NaN,NaN,NaN,NaN,NaN,NaN,NaN,NaN,NaN,NaN,NaN,NaN,NaN,NaN,NaN,NaN,NaN,NaN,NaN,NaN,NaN,NaN,NaN,NaN,NaN,NaN,NaN,NaN,NaN,NaN,NaN,NaN,NaN,NaN,NaN,NaN,NaN,NaN,NaN,NaN,NaN,NaN,NaN,NaN,NaN,NaN,NaN,NaN,NaN,NaN,NaN,NaN,NaN,NaN,NaN,NaN,NaN,NaN,NaN,NaN,NaN,NaN,NaN,NaN,NaN,NaN,NaN,NaN,0.0407354,0
sf_cb,fixed_payload,15,5,3,570,0.05,1,18.5,19.059307104262,18.5,19.059307104262,0,0,0,0,4464.15441176471,17243.5343906771,0,0,4464.15441176471,17243.5343906771,4464.15441176471,17243.5343906771,3100,16327.4730859845,13195.875,32929.7178493888,15310,37356.2419243536,3100,16327.4730859845,13195.875,32929.7178493888,15310,37356.2419243536,125.169117647059,312.329723772294,0,0,3186.69117647059,13224.7300029818,363.794117647059,3344.34782894198,28.5,362.126834980979,190,0,570,0,0,0,185,190.593071042621,190,127.062047361747,555,571.779213127862,570,381.186142085241,NaN,NaN,0.1098,0.0914846741004579,0.901025,3.38397997636173,0.791225,3.29249530226127,0.1098,0.0914846741004579,-30.7830783078308,283.783342502504,1,0,0.085225698242642,1.04915273292615,0.327307692307692,0.728163271419242,24.5,44.4717165766114,3,38.1186142085241,1.15,1.9059307104262,285,3621.26834980979,285,3621.26834980979,570,7242.53669961958,285,3621.26834980979,570,7242.53669961958,0.0982575,0
sb_cf,fixed_payload,15,5,3,570,0.05,1,18.5,19.059307104262,18.5,19.059307104262,0,0,0,0,778.558823529412,1009.39585271788,0,0,778.558823529412,1009.39585271788,778.558823529412,1009.39585271788,641.25,47.6482677606551,1711.375,7955.67244043738,2197.5,12420.3151296108,641.25,47.6482677606551,1711.375,7955.67244043738,2197.5,12420.3151296108,0,0,17.3161764705882,18.2184553202505,103.227941176471,298.876095228109,0,0,88.0147058823529,692.301302169518,0,0,570,0,0,0,185,190.593071042621,190,127.062047361747,555,571.779213127862,570,381.186142085241,NaN,NaN,0.1083,0.0724253669961958,0.148225,0.297007535708084,0.022825,0.0797314347194962,0.1254,0.217276100988587,3.51635163516352,16.7738676385145,1,0,0.0240288346015219,0.305315292018614,0.336950549450549,0.605639154320415,24.5,31.7655118404367,3,25.4124094723494,1.15441176470588,1.2145636880167,1710,14485.0733992392,1435,10990.8670967911,1710,14485.0733992392,1435,10990.8670967911,1710,14485.0733992392,0.3711923,0
sb_cb,fixed_payload,15,5,3,570,0.05,1,18.5,19.059307104262,18.5,19.059307104262,0,0,0,0,911.794117647059,365.86395402103,0,0,911.794117647059,365.86395402103,911.794117647059,365.86395402103,852.5,349.420630244804,1310.75,1026.0260324461,1447.5,1556.5100801814,852.5,349.420630244804,1310.75,1026.0260324461,1447.5,1556.5100801814,0,0,15.4411764705882,5.60567856007707,92.2205882352941,390.342083733367,42.5147058823529,50.6379629926962,1.61764705882353,20.5541547202826,190,0,570,0,0,0,185,190.593071042621,190,127.062047361747,555,571.779213127862,570,381.186142085241,NaN,NaN,0.1083,0.0724253669961958,0.172175,0.056224955957573,0.063875,0.0162004110386228,0.1083,0.0724253669961958,-0.828082808280827,38.8848749801926,1,0,0.0233979135618481,0.297298680116159,0.336950549450549,0.605639154320415,22,0,0.5,6.35310236808735,1.02941176470588,0.373711904005138,10,127.062047361747,10,127.062047361747,10,127.062047361747,10,127.062047361747,10,127.062047361747,1.8501812,0
s7_clean,fixed_payload,15,5,3,570,0.05,1,18.5,19.059307104262,18.5,19.059307104262,0,0,0,0,927.005882352941,896.983311993133,0,0,927.005882352941,896.983311993133,927.005882352941,896.983311993133,877,317.655118404367,1347.8,4227.35431572532,1463.5,5279.42806788059,877,317.655118404367,1347.8,4227.35431572532,1463.5,5279.42806788059,3.96764705882353,3.40077832644676,36,0,121.963235294118,480.126368670601,33.075,420.257721648978,0,0,162,0,570,0,0,0,185,190.593071042621,190,127.062047361747,555,571.779213127862,570,381.186142085241,NaN,NaN,0.1083,0.0724253669961958,0.181875,0.224200982569803,0.073575,0.151775615573607,0.1083,0.0724253669961958,-0.996099609960994,28.3630852796699,1,0,0.0567496803263716,0.721073056939341,0.336950549450549,0.605639154320415,21.5,6.35310236808735,0,0,1,0,0,0,0,0,0,0,0,0,0,0,0.7000459,0
s7_busy,fixed_payload,15,5,3,570,0.05,1,18.5,19.059307104262,18.5,19.059307104262,0,0,0,0,8530.97352941176,5632.99690025984,0,0,8530.97352941176,5632.99690025984,8530.97352941176,5632.99690025984,8146,2223.58582883057,18389.625,48307.4021313442,19098,52438.506946193,8146,2223.58582883057,18389.625,48307.4021313442,19098,52438.506946193,3.96764705882353,3.40077832644676,58.0235294117647,96.8661255181318,239.267647058824,127.473130456153,7398.60882352941,6041.68823847987,99.1058823529412,435.897564831593,162,0,570,0,0,0,185,190.593071042621,190,127.062047361747,555,571.779213127862,570,381.186142085241,NaN,NaN,0.1083,0.0724253669961958,1.64673,1.09451247597409,1.53843,1.02208710897789,0.1083,0.0724253669961958,-23.8223822382238,171.550919030262,1,0,0.0773800368562885,0.528667224537688,0.327307692307692,0.728163271419242,33,38.1186142085241,11,38.1186142085241,1.61176470588235,2.69072570883699,5733,7204.41808541105,2677.5,3602.20904270553,5733,7204.41808541105,2236.5,3602.20904270553,4756.5,6804.17263622155,5.1265953,0
sf_cf,fixed_payload,15,3.75,4,760,NaN,0,NaN,NaN,NaN,NaN,NaN,NaN,NaN,NaN,NaN,NaN,NaN,NaN,NaN,NaN,NaN,NaN,NaN,NaN,NaN,NaN,NaN,NaN,NaN,NaN,NaN,NaN,NaN,NaN,NaN,NaN,NaN,NaN,NaN,NaN,NaN,NaN,NaN,NaN,NaN,NaN,NaN,NaN,NaN,NaN,NaN,NaN,NaN,NaN,NaN,NaN,NaN,NaN,NaN,NaN,NaN,NaN,NaN,NaN,NaN,NaN,NaN,NaN,NaN,NaN,NaN,NaN,NaN,NaN,NaN,NaN,NaN,NaN,NaN,NaN,NaN,NaN,NaN,NaN,NaN,NaN,NaN,NaN,NaN,NaN,NaN,NaN,0.032962,0
sf_cb,fixed_payload,15,3.75,4,760,0.05,1,13,25.4124094723494,13,25.4124094723494,0,0,0,0,3957.84848484848,489.381400596304,0,0,3957.84848484848,489.381400596304,3957.84848484848,489.381400596304,3252.5,4669.5302405442,8432.125,2854.13123886324,8590,1207.0894499366,3252.5,4669.5302405442,8432.125,2854.13123886324,8590,1207.0894499366,93.3636363636364,8.08576665029295,0,0,2684.18181818182,790.094912685773,230.30303030303,292.627745439175,0,0,190,0,760,0,0,0,130,254.124094723494,125,317.655118404367,520,1016.49637889398,500,1270.62047361747,NaN,NaN,0.095,0.241417889987319,0.47565,1.02348479149887,0.38065,0.782066901511553,0.095,0.241417889987319,-1.05010501050105,116.578380087675,1,0,0.0848118005437155,0.353460103663717,0.247282608695652,0.0345277302613443,14,38.1186142085241,0,0,1,0,0,0,0,0,0,0,0,0,0,0,0.0779313,0
sb_cf,fixed_payload,15,3.75,4,760,0.05,1,13,25.4124094723494,13,25.4124094723494,0,0,0,0,1095.30303030303,2756.86139124275,0,0,1095.30303030303,2756.86139124275,1095.30303030303,2756.86139124275,917.5,1492.97905650053,2674.625,14797.9636908674,2817.5,14262.7148163561,917.5,1492.97905650053,2674.625,14797.9636908674,2817.5,14262.7148163561,0,0,18.2272727272727,28.3001832760254,153.560606060606,1294.68525531477,0,0,163.515151515152,1433.87595265196,0,0,760,0,0,0,130,254.124094723494,130,381.186142085241,520,1016.49637889398,520,1524.74456834096,NaN,NaN,0.10125,0.258571266381155,0.140875,0.00984730867053536,0.020625,0.123567841059299,0.12025,0.113720532388764,2.40624062406241,23.7121492526273,1,0,0.0393306757590578,0.257549811422278,0.258333333333333,0.105885039468122,16.5,19.059307104262,2.5,19.059307104262,1.21515151515152,1.88667888506836,1900,14485.0733992392,1567.5,10260.2603244611,1900,14485.0733992392,1567.5,10260.2603244611,1900,14485.0733992392,0.3437266,0
sb_cb,fixed_payload,15,3.75,4,760,0.05,1,13,25.4124094723494,13,25.4124094723494,0,0,0,0,1144.98484848485,970.099479781579,0,0,1144.98484848485,970.099479781579,1144.98484848485,970.099479781579,1057.5,476.482677606551,2024.625,6580.22577774647,2242.5,9116.70189820534,1057.5,476.482677606551,2024.625,6580.22577774647,2242.5,9116.70189820534,0,0,15.5,6.35310236808735,93.9242424242424,517.68158387233,79.3939393939394,367.709864334752,6.16666666666667,78.3549292064106,190,0,760,0,0,0,130,254.124094723494,130,254.124094723494,520,1016.49637889398,520,1016.49637889398,NaN,NaN,0.1022,0.236335408092849,0.1599,0.538107770576998,0.0577,0.301772362484149,0.1022,0.236335408092849,-0.720072007200718,8.99689264247589,1,0,0.0470951792336219,0.59840098942924,0.238628762541806,0.0754298107247829,16,63.5310236808735,0.5,6.35310236808735,1.03333333333333,0.42354015787249,30,381.186142085241,30,381.186142085241,30,381.186142085241,30,381.186142085241,30,381.186142085241,1.9965673,0
s7_clean,fixed_payload,15,3.75,4,760,0.025,1,13,25.4124094723494,13,25.4124094723494,0,0,0,0,1473.75454545455,2310.56557579729,0,0,1473.75454545455,2310.56557579729,1473.75454545455,2310.56557579729,1388.5,1238.85496177703,2424.8,7804.1509489585,2521.5,8748.22196085628,1388.5,1238.85496177703,2424.8,7804.1509489585,2521.5,8748.22196085628,3.68181818181818,4.04288332514649,36,0,438.381818181818,2274.64166967956,73.6909090909091,31.8810227925838,0,0,162,0,760,0,0,0,130,254.124094723494,130,254.124094723494,520,1016.49637889398,520,1016.49637889398,NaN,NaN,0.100165,0.210478281454734,0.19811,0.711547465225783,0.097945,0.501069183771049,0.100165,0.210478281454734,-0.558055805580557,7.85321984894081,1,0,0.0113533509110229,0.14425800111709,0.238628762541806,0.0754298107247829,14,38.1186142085241,0,0,1,0,0,0,0,0,0,0,0,0,0,0,0.7109145,0
s7_busy,fixed_payload,15,3.75,4,760,0.05,1,13,25.4124094723494,13,25.4124094723494,0,0,0,0,12993.9181818182,30580.2539604559,0,0,12993.9181818182,30580.2539604559,12993.9181818182,30580.2539604559,9745.5,54757.3893105449,33694.875,88649.6021686988,36065.5,118085.11371564,9745.5,54757.3893105449,33694.875,88649.6021686988,36065.5,118085.11371564,3.68181818181818,4.04288332514649,64.0363636363636,142.771536853745,280.2,785.243452695596,11597.8363636364,29013.8099383899,126.163636363636,642.471915841851,162,0,760,0,0,0,130,254.124094723494,115,317.655118404367,520,1016.49637889398,460,1270.62047361747,NaN,NaN,0.0874,0.241417889987319,1.267745,0.845915580310829,1.180345,1.08733347029815,0.0874,0.241417889987319,3.28832883288329,354.843545407483,1,0,0.295861964110893,0.333524885036043,0.235,0.127062047361747,23.5,6.35310236808735,9.5,31.7655118404367,1.77878787878788,3.96587602371513,5670,9605.89078054807,2646,4002.45449189503,5670,9605.89078054807,1984.5,4402.69994108453,4221,10406.3816789271,4.2084914,0
sf_cf,fixed_payload,15,3,5,950,NaN,0,NaN,NaN,NaN,NaN,NaN,NaN,NaN,NaN,NaN,NaN,NaN,NaN,NaN,NaN,NaN,NaN,NaN,NaN,NaN,NaN,NaN,NaN,NaN,NaN,NaN,NaN,NaN,NaN,NaN,NaN,NaN,NaN,NaN,NaN,NaN,NaN,NaN,NaN,NaN,NaN,NaN,NaN,NaN,NaN,NaN,NaN,NaN,NaN,NaN,NaN,NaN,NaN,NaN,NaN,NaN,NaN,NaN,NaN,NaN,NaN,NaN,NaN,NaN,NaN,NaN,NaN,NaN,NaN,NaN,NaN,NaN,NaN,NaN,NaN,NaN,NaN,NaN,NaN,NaN,NaN,NaN,NaN,NaN,NaN,NaN,NaN,0.0424651,0
sf_cb,fixed_payload,15,3,5,950,0.05,1,10,0,10,0,0,0,0,0,4957.5,933.90604810884,0,0,4957.5,933.90604810884,4957.5,933.90604810884,4053.75,13039.7426104993,12585,70328.8432147269,12585,70328.8432147269,4053.75,13039.7426104993,12585,70328.8432147269,12585,70328.8432147269,131.5,273.183401827756,0,0,3496,1207.0894499366,190,0,0,0,190,0,950,0,0,0,100,0,100,254.124094723494,500,0,500,1270.62047361747,NaN,NaN,0.09935,0.186145899384959,0.53435,0.749030769197499,0.435,0.562884869812539,0.09935,0.186145899384959,3.46234623462346,31.3366345428611,1,0,0.0896882031656117,0.792140505307876,0.2125,0.158827559202184,11,12.7062047361747,0,0,1,0,0,0,0,0,0,0,0,0,0,0,0.100328,0
sb_cf,fixed_payload,15,3,5,950,0.05,1,10,0,10,0,0,0,0,0,1321.75,1953.57897818686,0,0,1321.75,1953.57897818686,1321.75,1953.57897818686,1056.25,79.4137796010918,3077.5,11340.2877270359,3077.5,11340.2877270359,1056.25,79.4137796010918,3077.5,11340.2877270359,3077.5,11340.2877270359,0,0,18.75,28.5889606563931,115.5,114.355842625572,0,0,237.5,1810.63417490489,0,0,950,0,0,0,100,0,100,127.062047361747,500,0,500,635.310236808735,NaN,NaN,0.09825,0.0794137796010918,0.135675,0.112767567033551,0.013675,0.011117929144153,0.122,0.101649637889398,2.85028502850285,55.1250286483907,1,0,0.0498092088249511,0.369180614495427,0.213333333333333,0.148239055255372,13.5,6.35310236808735,2.5,19.059307104262,1.25,1.9059307104262,2375,18106.3417490489,1945,12642.6737124938,2375,18106.3417490489,1945,12642.6737124938,2375,18106.3417490489,0.51947,0
sb_cb,fixed_payload,15,3,5,950,0.05,1,10,0,10,0,0,0,0,0,1365,635.310236808735,0,0,1365,635.310236808735,1365,635.310236808735,1241.25,142.944803281965,2292.5,6257.80583256604,2292.5,6257.80583256604,1241.25,142.944803281965,2292.5,6257.80583256604,2292.5,6257.80583256604,0,0,15,0,128.25,339.890976692673,81.75,295.419260116062,0,0,190,0,950,0,0,0,100,0,105,63.5310236808735,500,0,525,317.655118404368,NaN,NaN,0.09975,0.0603544724968298,0.142325,0.137544666269091,0.042575,0.0771901937722613,0.09975,0.0603544724968298,-0.474047404740472,1.44865220514449,1,0,0.0380346065948417,0.483275498453917,0.225833333333333,0.307066614457555,11,12.7062047361747,0,0,1,0,0,0,0,0,0,0,0,0,0,0,1.793025,0
s7_clean,fixed_payload,15,3,5,950,0.05,1,10,0,10,0,0,0,0,0,1458.85,242.053200224129,0,0,1458.85,242.053200224129,1458.85,242.053200224129,1391.5,1391.32941861113,2198.5,3602.20904270553,2198.5,3602.20904270553,1391.5,1391.32941861113,2198.5,3602.20904270553,2198.5,3602.20904270553,3.5,3.81186142085241,36,0,199.8,331.63194361416,107.55,85.7668819691792,0,0,162,0,950,0,0,0,100,0,105,63.5310236808735,500,0,525,317.655118404368,NaN,NaN,0.09975,0.0603544724968298,0.15175,0.0503165707552517,0.052,0.0100379017415781,0.09975,0.0603544724968298,-1.5961596159616,3.6597529393122,1,0,0.0376661742983752,0.478594122263594,0.225833333333333,0.307066614457555,11,12.7062047361747,0,0,1,0,0,0,0,0,0,0,0,0,0,0,0.6922654,0
s7_busy,fixed_payload,15,3,5,950,NaN,0,NaN,NaN,NaN,NaN,NaN,NaN,NaN,NaN,NaN,NaN,NaN,NaN,NaN,NaN,NaN,NaN,NaN,NaN,NaN,NaN,NaN,NaN,NaN,NaN,NaN,NaN,NaN,NaN,NaN,NaN,NaN,NaN,NaN,NaN,NaN,NaN,NaN,NaN,NaN,NaN,NaN,NaN,NaN,NaN,NaN,NaN,NaN,NaN,NaN,NaN,NaN,NaN,NaN,NaN,NaN,NaN,NaN,NaN,NaN,NaN,NaN,NaN,NaN,NaN,NaN,NaN,NaN,NaN,NaN,NaN,NaN,NaN,NaN,NaN,NaN,NaN,NaN,NaN,NaN,NaN,NaN,NaN,NaN,NaN,NaN,NaN,1.5013324,0
sf_cf,fixed_payload,15,2.5,6,1140,NaN,0,NaN,NaN,NaN,NaN,NaN,NaN,NaN,NaN,NaN,NaN,NaN,NaN,NaN,NaN,NaN,NaN,NaN,NaN,NaN,NaN,NaN,NaN,NaN,NaN,NaN,NaN,NaN,NaN,NaN,NaN,NaN,NaN,NaN,NaN,NaN,NaN,NaN,NaN,NaN,NaN,NaN,NaN,NaN,NaN,NaN,NaN,NaN,NaN,NaN,NaN,NaN,NaN,NaN,NaN,NaN,NaN,NaN,NaN,NaN,NaN,NaN,NaN,NaN,NaN,NaN,NaN,NaN,NaN,NaN,NaN,NaN,NaN,NaN,NaN,NaN,NaN,NaN,NaN,NaN,NaN,NaN,NaN,NaN,NaN,NaN,NaN,0.0462275,0
sf_cb,fixed_payload,15,2.5,6,1140,0.025,1,7.5,6.35310236808735,7.5,6.35310236808735,0,0,0,0,8245.66964285714,20394.0258428432,0,0,8245.66964285714,20394.0258428432,8245.66964285714,20394.0258428432,5297.5,11657.9428454403,23067.5,79763.2002313367,23067.5,79763.2002313367,5297.5,11657.9428454403,23067.5,79763.2002313367,23067.5,79763.2002313367,192.723214285714,751.594699796048,0,0,6417.58928571429,20886.9585176529,305.357142857143,258.662024986413,0,0,190,0,1140,0,0,0,75,63.5310236808735,65,63.5310236808734,450,381.186142085241,390,381.18614208524,NaN,NaN,0.0741,0.0724253669961957,0.47375,0.172804384411976,0.39965,0.245229751408171,0.0741,0.0724253669961957,1.23612361236124,77.3122808429711,1,0,0.284705861735573,1.65423387710935,0.1325,0.540013701287424,8,0,0,0,1,0,0,0,0,0,0,0,0,0,0,0,0.092555,0
sb_cf,fixed_payload,15,2.5,6,1140,0.05,1,7.5,6.35310236808735,7.5,6.35310236808735,0,0,0,0,1254.24107142857,236.539614954681,0,0,1254.24107142857,236.539614954681,1254.24107142857,236.539614954681,1238.75,460.599921686333,1360,63.5310236808735,1360,63.5310236808735,1238.75,460.599921686333,1360,63.5310236808735,1360,63.5310236808735,0,0,15,0,99.2410714285714,236.539614954681,0,0,0,0,0,0,1140,0,0,0,75,63.5310236808735,75,63.5310236808735,450,381.186142085241,450,381.186142085241,NaN,NaN,0.0855,0.0724253669961958,0.093975,0.0619427480888516,0.008475,0.0104826189073442,0.0855,0.0724253669961958,-2.11821182118212,32.8615316009078,1,0,0,0,0.155681818181818,0.563115891716833,8,0,0,0,1,0,0,0,0,0,0,0,0,0,0,0,0.5145425,0
sb_cb,fixed_payload,15,2.5,6,1140,0.025,1,7.5,6.35310236808735,7.5,6.35310236808735,0,0,0,0,1434.41964285714,364.736144882157,0,0,1434.41964285714,364.736144882157,1434.41964285714,364.736144882157,1432.5,540.013701287425,1540,381.186142085241,1540,381.186142085241,1432.5,540.013701287425,1540,381.186142085241,1540,381.186142085241,0,0,15,0,78.1696428571429,221.791341600192,11.25,142.944803281965,0,0,190,0,1140,0,0,0,75,63.5310236808735,75,63.5310236808735,450,381.186142085241,450,381.186142085241,NaN,NaN,0.0855,0.0724253669961958,0.107725,0.118485359164829,0.022225,0.0460599921686332,0.0855,0.0724253669961958,-3.58235823582358,39.1136095388996,1,0,0,0,0.155681818181818,0.563115891716833,8,0,0,0,1,0,0,0,0,0,0,0,0,0,0,0,1.5819996,0
s7_clean,fixed_payload,15,2.5,6,1140,0.05,1,7.5,6.35310236808735,7.5,6.35310236808735,0,0,0,0,1495.84821428571,422.821652247527,0,0,1495.84821428571,422.821652247527,1495.84821428571,422.821652247527,1499,419.304756293765,1634.5,1264.26737124938,1634.5,1264.26737124938,1499,419.304756293765,1634.5,1264.26737124938,1634.5,1264.26737124938,3.48214285714286,2.9496546708977,36,0,130.178571428571,118.4399798622,24.1875,307.331327056225,0,0,162,0,1140,0,0,0,75,63.5310236808735,75,63.5310236808735,450,381.186142085241,450,381.186142085241,NaN,NaN,0.0855,0.0724253669961958,0.112355,0.126744392243343,0.026855,0.0543190252471467,0.0855,0.0724253669961958,-2.88028802880288,42.5446279195048,1,0,0,0,0.155681818181818,0.563115891716833,8,0,0,0,1,0,0,0,0,0,0,0,0,0,0,0,0.5473544,0
s7_busy,fixed_payload,15,2.5,6,1140,NaN,0,NaN,NaN,NaN,NaN,NaN,NaN,NaN,NaN,NaN,NaN,NaN,NaN,NaN,NaN,NaN,NaN,NaN,NaN,NaN,NaN,NaN,NaN,NaN,NaN,NaN,NaN,NaN,NaN,NaN,NaN,NaN,NaN,NaN,NaN,NaN,NaN,NaN,NaN,NaN,NaN,NaN,NaN,NaN,NaN,NaN,NaN,NaN,NaN,NaN,NaN,NaN,NaN,NaN,NaN,NaN,NaN,NaN,NaN,NaN,NaN,NaN,NaN,NaN,NaN,NaN,NaN,NaN,NaN,NaN,NaN,NaN,NaN,NaN,NaN,NaN,NaN,NaN,NaN,NaN,NaN,NaN,NaN,NaN,NaN,NaN,NaN,1.7196427,0
sf_cf,fixed_payload,30,30,1,190,0.05,1,119,63.5310236808735,119,63.5310236808735,0,0,0,0,4931.06465761177,6634.68646243521,576.290676287493,1051.84382521897,4354.77398132428,5582.84263721625,4931.06465761177,6634.68646243521,3926.25,9386.70874884906,13171.75,244.594441171363,20855.8,16449.4526514517,3926.25,9386.70874884906,13171.75,244.594441171363,20855.8,16449.4526514517,78.8331211092247,168.081264476584,0,0,4035.56451612903,5534.37191774835,0,0,50.3763440860215,216.551983944483,0,0,190,0,0,0,1190,635.310236808735,1240,635.310236808735,1190,635.310236808735,1240,635.310236808735,NaN,NaN,0.23535,0.123885496177703,6.136325,12.102342356088,5.837325,11.6525427084274,0.299,0.449799647660584,-29.4209420942094,354.614810848776,1,0,0.0382611482437866,0.0996133834925995,0.765396525184063,0.00970367532326038,177,190.59307104262,32,152.474456834096,1.26513865308432,1.13974728391833,3135,13277.9839493026,3135,13277.9839493026,6555,30177.2362484149,3040,14485.0733992392,6365,32591.4151482881,0.1764528,0
sf_cb,fixed_payload,30,30,1,190,0.05,1,119,63.5310236808735,119,63.5310236808735,0,0,0,0,9216.3603565365,2997.09491808603,1931.53331918506,463.687486292216,7284.82703735144,2533.40743179381,9216.3603565365,2997.09491808603,6318.75,3160.66842812346,30954,13582.9328629708,39063.95,8822.5532585632,6318.75,3160.66842812346,30954,13582.9328629708,39063.95,8822.5532585632,111.708757781551,52.9649910921826,0,0,5279.09946236559,1875.01911019438,1430.57795698925,479.727541719284,83.4408602150538,125.695788787965,190,0,190,0,0,0,1190,635.310236808735,1165,190.59307104262,1190,635.310236808735,1165,190.59307104262,NaN,NaN,0.2211,0.0393892346821416,10.834625,0.4297873752011,10.613525,0.469176609883241,0.2211,0.0393892346821416,55.4875487548755,578.927168087456,1,0,0.0197819490061622,0.142744960278151,0.738682856871948,0.0545689717696971,204.5,19.059307104262,52,50.8248189446988,1.43916242218449,0.66155678309455,5510,4828.35779974638,5510,4828.35779974638,11780,9656.71559949277,4750,0,10165,1207.0894499366,0.1725829,0
sb_cf,fixed_payload,30,30,1,190,NaN,0,NaN,NaN,NaN,NaN,NaN,NaN,NaN,NaN,NaN,NaN,NaN,NaN,NaN,NaN,NaN,NaN,NaN,NaN,NaN,NaN,NaN,NaN,NaN,NaN,NaN,NaN,NaN,NaN,NaN,NaN,NaN,NaN,NaN,NaN,NaN,NaN,NaN,NaN,NaN,NaN,NaN,NaN,NaN,NaN,NaN,NaN,NaN,NaN,NaN,NaN,NaN,NaN,NaN,NaN,NaN,NaN,NaN,NaN,NaN,NaN,NaN,NaN,NaN,NaN,NaN,NaN,NaN,NaN,NaN,NaN,NaN,NaN,NaN,NaN,NaN,NaN,NaN,NaN,NaN,NaN,NaN,NaN,NaN,NaN,NaN,NaN,1.8015193,0
sb_cb,fixed_payload,30,30,1,190,0.05,1,119,63.5310236808735,119,63.5310236808735,0,0,0,0,866.818760611205,2855.25570562364,14.4736842105263,165.515035379118,852.345076400679,2689.74067024452,866.818760611205,2855.25570562364,616.25,1127.6756703355,2520.25,15873.2262666662,3771.20000000001,22235.8582883058,616.25,1127.6756703355,2520.25,15873.2262666662,3771.20000000001,22235.8582883058,0,0,23.4475806451613,75.5711773623293,147.361346915676,543.824843624817,214.012096774194,1289.83348481128,87.524052065648,780.51116444609,190,0,190,0,0,0,1190,635.310236808735,1190,635.310236808735,1190,635.310236808735,1190,635.310236808735,NaN,NaN,0.2261,0.12070894499366,1.04275,3.94845312176629,0.80715,3.75531880977643,0.2356,0.193134311989855,-8.38283828382838,109.106384503246,1,0,7.58349060536309e-17,9.63573842466008e-16,0.780093214891006,0.22130598249655,215.5,667.075748649171,69,635.310236808735,1.56317204301075,5.03807849082196,2210,18423.9968674533,2030,16772.1902517506,2210,18423.9968674533,1950,16772.1902517506,2130,18423.9968674533,7.9074769,0
s7_clean,fixed_payload,30,30,1,190,0.05,1,119,63.5310236808735,119,63.5310236808735,0,0,0,0,782.230758347482,859.040471391523,3.49462365591398,27.598423190401,778.736134691568,886.638894581924,782.230758347482,859.040471391523,628.75,562.24955957573,1597.6,3313.77819519436,2662.69,5261.51231920259,628.75,562.24955957573,1597.6,3313.77819519436,2662.69,5261.51231920259,4.29258630447085,2.07815119906875,36.8709677419355,11.066694447636,160.40513582343,139.231636065982,221.248089983022,688.618590253013,3.91935483870968,49.8001250143621,162,0,190,0,0,0,1190,635.310236808735,1190,635.310236808735,1190,635.310236808735,1190,635.310236808735,NaN,NaN,0.2261,0.12070894499366,0.934235,1.51921736928073,0.708135,1.39850842428707,0.2261,0.12070894499366,-7.62676267626763,179.709118290812,1,0,1.05354244128407e-16,1.33865259572047e-15,0.780093214891006,0.22130598249655,145.5,69.8841260489608,3,38.1186142085241,1.0241935483871,0.307408179101,189,2401.47269513702,94.5,1200.73634756851,189,2401.47269513702,94.5,1200.73634756851,189,2401.47269513702,2.9249036,0
s7_busy,fixed_payload,30,30,1,190,NaN,0,NaN,NaN,NaN,NaN,NaN,NaN,NaN,NaN,NaN,NaN,NaN,NaN,NaN,NaN,NaN,NaN,NaN,NaN,NaN,NaN,NaN,NaN,NaN,NaN,NaN,NaN,NaN,NaN,NaN,NaN,NaN,NaN,NaN,NaN,NaN,NaN,NaN,NaN,NaN,NaN,NaN,NaN,NaN,NaN,NaN,NaN,NaN,NaN,NaN,NaN,NaN,NaN,NaN,NaN,NaN,NaN,NaN,NaN,NaN,NaN,NaN,NaN,NaN,NaN,NaN,NaN,NaN,NaN,NaN,NaN,NaN,NaN,NaN,NaN,NaN,NaN,NaN,NaN,NaN,NaN,NaN,NaN,NaN,NaN,NaN,NaN,4.0546682,0
sf_cf,fixed_payload,30,15,2,380,NaN,0,NaN,NaN,NaN,NaN,NaN,NaN,NaN,NaN,NaN,NaN,NaN,NaN,NaN,NaN,NaN,NaN,NaN,NaN,NaN,NaN,NaN,NaN,NaN,NaN,NaN,NaN,NaN,NaN,NaN,NaN,NaN,NaN,NaN,NaN,NaN,NaN,NaN,NaN,NaN,NaN,NaN,NaN,NaN,NaN,NaN,NaN,NaN,NaN,NaN,NaN,NaN,NaN,NaN,NaN,NaN,NaN,NaN,NaN,NaN,NaN,NaN,NaN,NaN,NaN,NaN,NaN,NaN,NaN,NaN,NaN,NaN,NaN,NaN,NaN,NaN,NaN,NaN,NaN,NaN,NaN,NaN,NaN,NaN,NaN,NaN,NaN,0.1070875,0
sf_cb,fixed_payload,30,15,2,380,0.05,1,65.5,44.4717165766114,65.5,44.4717165766114,0,0,0,0,6175.44413277232,4334.96024697094,349.886629266012,2786.55861441221,5825.55750350631,1548.40163255873,6175.44413277232,4334.96024697094,4140,1461.21354466009,18312.375,19207.0167343201,24644.075,58523.8260494655,4140,1461.21354466009,18312.375,19207.0167343201,24644.075,58523.8260494655,129.887798036466,180.969858479459,0,0,3867.48597475456,1907.1336119966,1227.27208976157,59.2540403194681,30.9116409537167,237.016161277873,190,0,380,0,0,0,655,444.717165766115,650,254.124094723494,1310,889.43433153223,1300,508.248189446988,NaN,NaN,0.247,0.0965671559949276,4.067675,1.51235601872319,3.820675,1.60892317471812,0.247,0.0965671559949276,-60.7500750075008,70.1452646701514,1,0,0.0272341050086603,0.0982668580259907,0.645579376660306,0.14662742529108,84.5,133.415149729834,11,88.9434331532229,1.16269284712482,1.24745348040986,1045,8449.62614955617,1045,8449.62614955617,2090,16899.2522991123,1045,8449.62614955617,2090,16899.2522991123,0.1139452,0
sb_cf,fixed_payload,30,15,2,380,NaN,0,NaN,NaN,NaN,NaN,NaN,NaN,NaN,NaN,NaN,NaN,NaN,NaN,NaN,NaN,NaN,NaN,NaN,NaN,NaN,NaN,NaN,NaN,NaN,NaN,NaN,NaN,NaN,NaN,NaN,NaN,NaN,NaN,NaN,NaN,NaN,NaN,NaN,NaN,NaN,NaN,NaN,NaN,NaN,NaN,NaN,NaN,NaN,NaN,NaN,NaN,NaN,NaN,NaN,NaN,NaN,NaN,NaN,NaN,NaN,NaN,NaN,NaN,NaN,NaN,NaN,NaN,NaN,NaN,NaN,NaN,NaN,NaN,NaN,NaN,NaN,NaN,NaN,NaN,NaN,NaN,NaN,NaN,NaN,NaN,NaN,NaN,1.3745553,0
sb_cb,fixed_payload,30,15,2,380,0.05,1,65.5,44.4717165766114,65.5,44.4717165766114,0,0,0,0,1029.79371201496,50.7817520983517,6.13487611033193,42.9628918907824,1023.65883590463,7.81886020756845,1029.79371201496,50.7817520983517,752.5,603.544724968298,2490.5,1480.27285176438,5711.925,7624.67580706007,752.5,603.544724968298,2490.5,1480.27285176438,5711.925,7624.67580706007,0,0,21.2850631136045,3.00725392598805,142.300724637681,66.0630572333721,211.829125759701,62.8330437573108,78.2439223936419,118.069986857126,190,0,380,0,0,0,655,444.717165766115,655,444.717165766115,1310,889.43433153223,1310,889.43433153223,NaN,NaN,0.2489,0.168992522991123,0.674375,0.424704893306639,0.415975,0.231570581316783,0.2584,0.193134311989855,-6.04260426042605,4.80342573284737,1,0,0,0,0.648590488091738,0.207792774087067,101,76.2372284170482,27.5,31.7655118404367,1.41900420757363,0.200483595065869,1420,3049.48913668193,1327.5,2890.66157747974,1420,3049.48913668193,1327.5,2890.66157747974,1420,3049.48913668193,4.0683822,0
s7_clean,fixed_payload,30,15,2,380,0.05,1,65.5,44.4717165766114,65.5,44.4717165766114,0,0,0,0,959.670640486208,212.640326245198,6.38709677419355,81.1557592826642,953.283543712015,293.796085527862,959.670640486208,212.640326245198,827,216.00548051497,1680.825,2.85889606563671,2703.035,1065.85998429402,827,216.00548051497,1680.825,2.85889606563671,2703.035,1065.85998429402,4.50374006545115,1.79692703725706,36.5217391304348,6.62932421017809,171.326086956522,110.212514994211,196.584151472651,369.34424440335,2.34782608695652,29.8319589458015,162,0,380,0,0,0,655,444.717165766115,655,444.717165766115,1310,889.43433153223,1310,889.43433153223,NaN,NaN,0.2489,0.168992522991123,0.62917,0.566061420996582,0.38027,0.397068898005459,0.2489,0.168992522991123,-3.91239123912392,47.7292779168639,1,0,8.23949878751675e-17,1.04692758517651e-15,0.648590488091738,0.207792774087067,74.5,57.1779213127861,1,12.7062047361747,1.01449275362319,0.184147894727169,63,800.490898379006,31.5,400.245449189503,63,800.490898379006,31.5,400.245449189503,63,800.490898379006,1.1701089,0
s7_busy,fixed_payload,30,15,2,380,NaN,0,NaN,NaN,NaN,NaN,NaN,NaN,NaN,NaN,NaN,NaN,NaN,NaN,NaN,NaN,NaN,NaN,NaN,NaN,NaN,NaN,NaN,NaN,NaN,NaN,NaN,NaN,NaN,NaN,NaN,NaN,NaN,NaN,NaN,NaN,NaN,NaN,NaN,NaN,NaN,NaN,NaN,NaN,NaN,NaN,NaN,NaN,NaN,NaN,NaN,NaN,NaN,NaN,NaN,NaN,NaN,NaN,NaN,NaN,NaN,NaN,NaN,NaN,NaN,NaN,NaN,NaN,NaN,NaN,NaN,NaN,NaN,NaN,NaN,NaN,NaN,NaN,NaN,NaN,NaN,NaN,NaN,NaN,NaN,NaN,NaN,NaN,2.9875152,0
sf_cf,fixed_payload,30,10,3,570,NaN,0,NaN,NaN,NaN,NaN,NaN,NaN,NaN,NaN,NaN,NaN,NaN,NaN,NaN,NaN,NaN,NaN,NaN,NaN,NaN,NaN,NaN,NaN,NaN,NaN,NaN,NaN,NaN,NaN,NaN,NaN,NaN,NaN,NaN,NaN,NaN,NaN,NaN,NaN,NaN,NaN,NaN,NaN,NaN,NaN,NaN,NaN,NaN,NaN,NaN,NaN,NaN,NaN,NaN,NaN,NaN,NaN,NaN,NaN,NaN,NaN,NaN,NaN,NaN,NaN,NaN,NaN,NaN,NaN,NaN,NaN,NaN,NaN,NaN,NaN,NaN,NaN,NaN,NaN,NaN,NaN,NaN,NaN,NaN,NaN,NaN,NaN,0.0392387,0
sf_cb,fixed_payload,30,10,3,570,0.05,1,41.5,6.35310236808735,41.5,6.35310236808735,0,0,0,0,5873.41027874564,3391.88150908051,374.583333333333,1837.10543477192,5498.82694541231,1554.77607430858,5873.41027874564,3391.88150908051,4073.75,1858.28244266555,18064.875,76086.3422358061,27232.5,70678.2638449717,4073.75,1858.28244266555,18064.875,76086.3422358061,27232.5,70678.2638449717,166.193379790941,393.250395711051,0,0,3631.46051103368,1509.21230296951,927.491289198606,403.765112173914,13.6817653890825,56.0784878019325,190,0,570,0,0,0,415,63.5310236808735,390,0,1245,190.59307104262,1170,0,NaN,NaN,0.22285,0.00698841260489602,2.2496,0.613074378520428,2.02675,0.620062791125323,0.22285,0.00698841260489602,54.6834683468347,128.47257714044,1,0,0.0832659473999876,0.496378021114997,0.499219948849105,0.659032818541235,50,0,3,12.7062047361747,1.07200929152149,0.295149935799645,380,0,380,0,760,0,285,1207.0894499366,570,2414.17889987319,0.0918508,0
sb_cf,fixed_payload,30,10,3,570,NaN,0,NaN,NaN,NaN,NaN,NaN,NaN,NaN,NaN,NaN,NaN,NaN,NaN,NaN,NaN,NaN,NaN,NaN,NaN,NaN,NaN,NaN,NaN,NaN,NaN,NaN,NaN,NaN,NaN,NaN,NaN,NaN,NaN,NaN,NaN,NaN,NaN,NaN,NaN,NaN,NaN,NaN,NaN,NaN,NaN,NaN,NaN,NaN,NaN,NaN,NaN,NaN,NaN,NaN,NaN,NaN,NaN,NaN,NaN,NaN,NaN,NaN,NaN,NaN,NaN,NaN,NaN,NaN,NaN,NaN,NaN,NaN,NaN,NaN,NaN,NaN,NaN,NaN,NaN,NaN,NaN,NaN,NaN,NaN,NaN,NaN,NaN,0.7060985,0
sb_cb,fixed_payload,30,10,3,570,0.05,1,41.5,6.35310236808735,41.5,6.35310236808735,0,0,0,0,1107.32868757259,275.965189972668,0,0,1107.32868757259,275.965189972668,1107.32868757259,275.965189972668,890,0,2305.25,187.416519858585,4135,18233.4037964107,890,0,2305.25,187.416519858585,4135,18233.4037964107,0,0,17.1515679442509,18.0410398257533,108.885017421603,159.380965331808,197.383855981417,163.402383207078,23.9082462253194,261.945568022184,190,0,570,0,0,0,415,63.5310236808735,415,63.5310236808735,1245,190.59307104262,1245,190.59307104262,NaN,NaN,0.23655,0.0362126834980979,0.45965,0.184875278911342,0.22025,0.112449911915146,0.2394,0.0724253669961959,4.12841284128413,11.8941970527647,1,0,0,0,0.501565860215054,0.631296852248249,52,50.8248189446988,6,50.8248189446988,1.14343786295006,1.20273598838355,385,4383.64063398027,365,4129.51653925678,385,4383.64063398027,365,4129.51653925678,385,4383.64063398027,3.6675448,0
s7_clean,fixed_payload,30,10,3,570,0.05,1,41.5,6.35310236808735,41.5,6.35310236808735,0,0,0,0,1230.42421602787,574.446630672651,0,0,1230.42421602787,574.446630672651,1230.42421602787,574.446630672651,1091.25,162.004110386227,2399.35,4850.59365803468,2650.5,3576.79663323318,1091.25,162.004110386227,2399.35,4850.59365803468,2650.5,3576.79663323318,4.61324041811847,1.28390222072846,36,0,216.65331010453,111.500266996711,241.157665505226,687.23079989009,0,0,162,0,570,0,0,0,415,63.5310236808735,415,63.5310236808735,1245,190.59307104262,1245,190.59307104262,NaN,NaN,0.23655,0.0362126834980979,0.5104,0.160225241723163,0.27385,0.19643792522126,0.23655,0.0362126834980979,0.876087608760875,18.6037441081706,1,0,2.17653038751766e-16,6.83258439376619e-17,0.501565860215054,0.631296852248249,46,0,0,0,1,0,0,0,0,0,0,0,0,0,0,0,0.7625373,0
s7_busy,fixed_payload,30,10,3,570,NaN,0,NaN,NaN,NaN,NaN,NaN,NaN,NaN,NaN,NaN,NaN,NaN,NaN,NaN,NaN,NaN,NaN,NaN,NaN,NaN,NaN,NaN,NaN,NaN,NaN,NaN,NaN,NaN,NaN,NaN,NaN,NaN,NaN,NaN,NaN,NaN,NaN,NaN,NaN,NaN,NaN,NaN,NaN,NaN,NaN,NaN,NaN,NaN,NaN,NaN,NaN,NaN,NaN,NaN,NaN,NaN,NaN,NaN,NaN,NaN,NaN,NaN,NaN,NaN,NaN,NaN,NaN,NaN,NaN,NaN,NaN,NaN,NaN,NaN,NaN,NaN,NaN,NaN,NaN,NaN,NaN,NaN,NaN,NaN,NaN,NaN,NaN,2.8862925,0
sf_cf,fixed_payload,30,7.5,4,760,NaN,0,NaN,NaN,NaN,NaN,NaN,NaN,NaN,NaN,NaN,NaN,NaN,NaN,NaN,NaN,NaN,NaN,NaN,NaN,NaN,NaN,NaN,NaN,NaN,NaN,NaN,NaN,NaN,NaN,NaN,NaN,NaN,NaN,NaN,NaN,NaN,NaN,NaN,NaN,NaN,NaN,NaN,NaN,NaN,NaN,NaN,NaN,NaN,NaN,NaN,NaN,NaN,NaN,NaN,NaN,NaN,NaN,NaN,NaN,NaN,NaN,NaN,NaN,NaN,NaN,NaN,NaN,NaN,NaN,NaN,NaN,NaN,NaN,NaN,NaN,NaN,NaN,NaN,NaN,NaN,NaN,NaN,NaN,NaN,NaN,NaN,NaN,0.0458456,0
sf_cb,fixed_payload,30,7.5,4,760,0.05,1,31.5,6.35310236808735,31.5,6.35310236808735,0,0,0,0,5226.60786290323,3637.72749606582,238.157762096774,2718.35288875657,4988.45010080645,919.374607309254,5226.60786290323,3637.72749606582,3796.25,905.317087452447,14627.75,23878.1352504563,16330,9529.65355213102,3796.25,905.317087452447,14627.75,23878.1352504563,16330,9529.65355213102,183.193044354839,141.82404429566,0,0,3028.22076612903,227.546095905386,820.907258064516,472.127728402621,6.12903225806452,77.8767387055868,190,0,760,0,0,0,315,63.5310236808735,305,190.59307104262,1260,254.124094723494,1220,762.372284170482,NaN,NaN,0.2318,0.144850733992391,1.60075,0.46187054215995,1.36895,0.606721276152343,0.2318,0.144850733992391,4.36243624362436,24.0171286642366,1,0,0.0272331499590774,0.212015418682315,0.394362745098039,0.227341408269792,35,12.7062047361747,1,12.7062047361747,1.03225806451613,0.409877572134667,95,1207.0894499366,95,1207.0894499366,190,2414.17889987319,95,1207.0894499366,190,2414.17889987319,0.0854743,0
sb_cf,fixed_payload,30,7.5,4,760,NaN,0,NaN,NaN,NaN,NaN,NaN,NaN,NaN,NaN,NaN,NaN,NaN,NaN,NaN,NaN,NaN,NaN,NaN,NaN,NaN,NaN,NaN,NaN,NaN,NaN,NaN,NaN,NaN,NaN,NaN,NaN,NaN,NaN,NaN,NaN,NaN,NaN,NaN,NaN,NaN,NaN,NaN,NaN,NaN,NaN,NaN,NaN,NaN,NaN,NaN,NaN,NaN,NaN,NaN,NaN,NaN,NaN,NaN,NaN,NaN,NaN,NaN,NaN,NaN,NaN,NaN,NaN,NaN,NaN,NaN,NaN,NaN,NaN,NaN,NaN,NaN,NaN,NaN,NaN,NaN,NaN,NaN,NaN,NaN,NaN,NaN,NaN,0.7692629,0
sb_cb,fixed_payload,30,7.5,4,760,0.05,1,31.5,6.35310236808735,31.5,6.35310236808735,0,0,0,0,1243.98185483871,815.015934841529,0,0,1243.98185483871,815.015934841529,1243.98185483871,815.015934841529,1070,444.717165766114,2451,10228.4948126206,2637.5,12483.8461532916,1070,444.717165766114,2451,10228.4948126206,2637.5,12483.8461532916,0,0,16.171875,14.8900836752047,115.541834677419,116.078609295951,135.86189516129,580.681241647661,26.40625,335.523218814613,190,0,760,0,0,0,315,63.5310236808735,315,63.5310236808735,1260,254.124094723494,1260,254.124094723494,NaN,NaN,0.2394,0.0482835779974638,0.392175,0.335761460153416,0.148975,0.239194304158489,0.2432,0.0965671559949278,-1.75217521752176,6.55705734960108,1,0,1.42192464182555e-16,1.21738380561604e-16,0.404685007974482,0.213543273377098,36.5,57.1779213127861,2.5,31.7655118404367,1.078125,0.992672245013648,420,5336.60598919337,390,4955.41984710813,420,5336.60598919337,390,4955.41984710813,420,5336.60598919337,2.6169691,0
s7_clean,fixed_payload,30,7.5,4,760,0.05,1,31.5,6.35310236808735,31.5,6.35310236808735,0,0,0,0,1298.57913306452,489.3746081176,0,0,1298.57913306452,489.3746081176,1298.57913306452,489.3746081176,1160.75,79.4137796010918,2262.825,3824.24997047018,2443.5,4046.92620847164,1160.75,79.4137796010918,2262.825,3824.24997047018,2443.5,4046.92620847164,4.76209677419355,0.153704089550502,36,0,196.253528225806,88.5911946146696,139.563508064516,578.119506821819,0,0,162,0,760,0,0,0,315,63.5310236808735,315,63.5310236808735,1260,254.124094723494,1260,254.124094723494,NaN,NaN,0.2394,0.0482835779974638,0.409245,0.236653063211253,0.169845,0.18836948521379,0.2394,0.0482835779974638,-2.13021302130213,6.48081249669874,1,0,7.10551830823535e-17,9.0284170381076e-16,0.404685007974482,0.213543273377098,34,25.4124094723494,0,0,1,0,0,0,0,0,0,0,0,0,0,0,0.6899268,0
s7_busy,fixed_payload,30,7.5,4,760,0.05,1,31.5,6.35310236808735,31.5,6.35310236808735,0,0,0,0,18540.8553427419,1297.47385892935,1796.71824596774,2214.04977094138,16744.1370967742,3511.52362987074,18540.8553427419,1297.47385892935,12359.75,5231.77980011993,51147.475,48696.8473065078,69686.5,202403.488344895,12359.75,5231.77980011993,51147.475,48696.8473065078,69686.5,202403.488344895,4.95010080645161,1.82523606341219,74.7943548387097,50.2612372830136,329.88810483871,318.282743436699,15237.9299395161,2914.97884531405,174.574596774194,226.175567773561,162,0,760,0,0,0,315,63.5310236808735,280,127.062047361747,1260,254.124094723494,1120,508.248189446988,NaN,NaN,0.2128,0.0965671559949278,5.315255,5.74136214106421,5.102455,5.64479498506928,0.2128,0.0965671559949278,-46.0726072607261,121.534295526327,1,0,0.104877552632355,0.894948288612485,0.400849056603774,0.0527427366407254,71,114.355842625572,34,50.8248189446988,2.07762096774194,1.39614548008371,9166.5,14008.5907216326,4189.5,6003.68173784254,9166.5,14008.5907216326,3181.5,7604.66353460056,6961.5,18011.0452135276,4.1762524,0
sf_cf,fixed_payload,30,6,5,950,NaN,0,NaN,NaN,NaN,NaN,NaN,NaN,NaN,NaN,NaN,NaN,NaN,NaN,NaN,NaN,NaN,NaN,NaN,NaN,NaN,NaN,NaN,NaN,NaN,NaN,NaN,NaN,NaN,NaN,NaN,NaN,NaN,NaN,NaN,NaN,NaN,NaN,NaN,NaN,NaN,NaN,NaN,NaN,NaN,NaN,NaN,NaN,NaN,NaN,NaN,NaN,NaN,NaN,NaN,NaN,NaN,NaN,NaN,NaN,NaN,NaN,NaN,NaN,NaN,NaN,NaN,NaN,NaN,NaN,NaN,NaN,NaN,NaN,NaN,NaN,NaN,NaN,NaN,NaN,NaN,NaN,NaN,NaN,NaN,NaN,NaN,NaN,0.052225,0
sf_cb,fixed_payload,30,6,5,950,0.05,1,25.5,44.4717165766114,25.5,44.4717165766114,0,0,0,0,7785.41536050157,23667.6962028939,906.681034482759,9392.18556123534,6878.73432601881,14275.5106416586,7785.41536050157,23667.6962028939,6342.5,8354.32961403486,21933,108282.276761681,26637.5,152315.629274894,6342.5,8354.32961403486,21933,108282.276761681,26637.5,152315.629274894,186.297021943574,419.573617992728,0,0,4363.00156739812,10994.3523410369,1152.5078369906,3670.46008287931,36.9278996865204,30.271835735087,190,0,950,0,0,0,255,444.717165766114,240,254.124094723494,1275,2223.58582883057,1200,1270.62047361747,NaN,NaN,0.2314,0.198216793884325,1.916575,6.82291428820741,1.685175,6.62469749432308,0.2314,0.198216793884325,-5.86858685868587,121.076826408914,1,0,0.0979456891236919,0.539027052102544,0.353982843137255,0.0241355604669984,33,76.2372284170482,5,12.7062047361747,1.19435736677116,0.1593254512373,475,1207.0894499366,475,1207.0894499366,950,2414.17889987319,475,1207.0894499366,950,2414.17889987319,0.1050018,0
sb_cf,fixed_payload,30,6,5,950,NaN,0,NaN,NaN,NaN,NaN,NaN,NaN,NaN,NaN,NaN,NaN,NaN,NaN,NaN,NaN,NaN,NaN,NaN,NaN,NaN,NaN,NaN,NaN,NaN,NaN,NaN,NaN,NaN,NaN,NaN,NaN,NaN,NaN,NaN,NaN,NaN,NaN,NaN,NaN,NaN,NaN,NaN,NaN,NaN,NaN,NaN,NaN,NaN,NaN,NaN,NaN,NaN,NaN,NaN,NaN,NaN,NaN,NaN,NaN,NaN,NaN,NaN,NaN,NaN,NaN,NaN,NaN,NaN,NaN,NaN,NaN,NaN,NaN,NaN,NaN,NaN,NaN,NaN,NaN,NaN,NaN,NaN,NaN,NaN,NaN,NaN,NaN,0.8060172,0
sb_cb,fixed_payload,30,6,5,950,0.05,1,25.5,44.4717165766114,25.5,44.4717165766114,0,0,0,0,1441.0775862069,1316.07801642361,0,0,1441.0775862069,1316.07801642361,1441.0775862069,1316.07801642361,1270,254.124094723494,2280.375,5811.5003912079,2435,5717.79213127861,1270,254.124094723494,2280.375,5811.5003912079,2435,5717.79213127861,0,0,15.5172413793103,6.57217486353864,113.42868338558,254.373040741052,169.459247648903,1021.17656402407,2.67241379310345,33.9562367949496,190,0,950,0,0,0,255,444.717165766114,255,444.717165766114,1275,2223.58582883057,1275,2223.58582883057,NaN,NaN,0.24225,0.422481307477809,0.3711,0.976471833975025,0.12885,0.553990526497217,0.24225,0.422481307477809,1.26012601260126,70.6027337875654,1,0,1.56287835346351e-16,4.11238666689943e-16,0.362371001031992,0.0824460911028877,29,76.2372284170482,1,12.7062047361747,1.03448275862069,0.438144990902575,20,254.124094723494,20,254.124094723494,20,254.124094723494,20,254.124094723494,20,254.124094723494,3.1214884,0
s7_clean,fixed_payload,30,6,5,950,0.05,1,25.5,44.4717165766114,25.5,44.4717165766114,0,0,0,0,1466.64576802508,1003.90966824623,0,0,1466.64576802508,1003.90966824623,1466.64576802508,1003.90966824623,1297.5,400.245449189503,2169.02499999999,3443.69913862168,3929.5,24059.1986679468,1297.5,400.245449189503,2169.02499999999,3443.69913862168,3929.5,24059.1986679468,4.58385579937304,2.22059847661987,36,0,152.802507836991,18.2825955294801,161.259404388715,983.406474240129,0,0,162,0,950,0,0,0,255,444.717165766114,255,444.717165766114,1275,2223.58582883057,1275,2223.58582883057,NaN,NaN,0.24225,0.422481307477809,0.37676,0.908239514541767,0.13451,0.485758207063959,0.24225,0.422481307477809,-1.18811881188119,28.0581058680606,1,0,1.52839658937444e-16,3.68444149156155e-16,0.362371001031992,0.0824460911028877,28,63.5310236808735,0,0,1,0,0,0,0,0,0,0,0,0,0,0,0.7504236,0
s7_busy,fixed_payload,30,6,5,950,NaN,0,NaN,NaN,NaN,NaN,NaN,NaN,NaN,NaN,NaN,NaN,NaN,NaN,NaN,NaN,NaN,NaN,NaN,NaN,NaN,NaN,NaN,NaN,NaN,NaN,NaN,NaN,NaN,NaN,NaN,NaN,NaN,NaN,NaN,NaN,NaN,NaN,NaN,NaN,NaN,NaN,NaN,NaN,NaN,NaN,NaN,NaN,NaN,NaN,NaN,NaN,NaN,NaN,NaN,NaN,NaN,NaN,NaN,NaN,NaN,NaN,NaN,NaN,NaN,NaN,NaN,NaN,NaN,NaN,NaN,NaN,NaN,NaN,NaN,NaN,NaN,NaN,NaN,NaN,NaN,NaN,NaN,NaN,NaN,NaN,NaN,NaN,1.3502293,0
sf_cf,fixed_payload,30,5,6,1140,NaN,0,NaN,NaN,NaN,NaN,NaN,NaN,NaN,NaN,NaN,NaN,NaN,NaN,NaN,NaN,NaN,NaN,NaN,NaN,NaN,NaN,NaN,NaN,NaN,NaN,NaN,NaN,NaN,NaN,NaN,NaN,NaN,NaN,NaN,NaN,NaN,NaN,NaN,NaN,NaN,NaN,NaN,NaN,NaN,NaN,NaN,NaN,NaN,NaN,NaN,NaN,NaN,NaN,NaN,NaN,NaN,NaN,NaN,NaN,NaN,NaN,NaN,NaN,NaN,NaN,NaN,NaN,NaN,NaN,NaN,NaN,NaN,NaN,NaN,NaN,NaN,NaN,NaN,NaN,NaN,NaN,NaN,NaN,NaN,NaN,NaN,NaN,0.0437917,0
sf_cb,fixed_payload,30,5,6,1140,0.05,1,20,25.4124094723494,20,25.4124094723494,0,0,0,0,5491.50252525252,3065.6927563581,0,0,5491.50252525252,3065.6927563581,5491.50252525252,3065.6927563581,4356.25,4431.28890174093,13155.5,27985.4159314247,14185,36530.3386165023,4356.25,4431.28890174093,13155.5,27985.4159314247,14185,36530.3386165023,221.401515151515,250.755025285872,0,0,3198.33333333333,4425.99464976752,731.212121212121,1243.66791811649,10.5555555555556,134.121049992955,190,0,1140,0,0,0,200,254.124094723494,185,317.655118404368,1200,1524.74456834096,1110,1905.93071042621,NaN,NaN,0.21335,0.393257036584607,1.005825,1.81349307097053,0.792475,1.42023603438593,0.21335,0.393257036584607,-7.06270627062707,240.705000612682,1,0,0.100616701474273,1.20654806282214,0.337822580645161,0.226457358604404,22.5,19.059307104262,1,12.7062047361747,1.05555555555556,0.705900263120817,95,1207.0894499366,95,1207.0894499366,190,2414.17889987319,95,1207.0894499366,190,2414.17889987319,0.1015215,0
sb_cf,fixed_payload,30,5,6,1140,NaN,0,NaN,NaN,NaN,NaN,NaN,NaN,NaN,NaN,NaN,NaN,NaN,NaN,NaN,NaN,NaN,NaN,NaN,NaN,NaN,NaN,NaN,NaN,NaN,NaN,NaN,NaN,NaN,NaN,NaN,NaN,NaN,NaN,NaN,NaN,NaN,NaN,NaN,NaN,NaN,NaN,NaN,NaN,NaN,NaN,NaN,NaN,NaN,NaN,NaN,NaN,NaN,NaN,NaN,NaN,NaN,NaN,NaN,NaN,NaN,NaN,NaN,NaN,NaN,NaN,NaN,NaN,NaN,NaN,NaN,NaN,NaN,NaN,NaN,NaN,NaN,NaN,NaN,NaN,NaN,NaN,NaN,NaN,NaN,NaN,NaN,NaN,0.612211,0
sb_cb,fixed_payload,30,5,6,1140,0.05,1,20,25.4124094723494,20,25.4124094723494,0,0,0,0,1522.48737373737,300.168043704329,0,0,1522.48737373737,300.168043704329,1522.48737373737,300.168043704329,1442.5,158.827559202184,2208,152.474456834096,2475,1715.33763938358,1442.5,158.827559202184,2208,152.474456834096,2475,1715.33763938358,0,0,15,0,75.5808080808081,137.329687552595,101.906565656566,162.838356151734,0,0,190,0,1140,0,0,0,200,254.124094723494,200,254.124094723494,1200,1524.74456834096,1200,1524.74456834096,NaN,NaN,0.228,0.289701467984783,0.304025,0.326867116838094,0.076025,0.0371656488533108,0.228,0.289701467984783,-4.34443444344435,18.4512544023659,1,0,9.97325749753105e-17,1.26722251650219e-15,0.333710407239819,0.281721281480796,21.5,31.7655118404367,0,0,1,0,0,0,0,0,0,0,0,0,0,0,2.3158022,0
s7_clean,fixed_payload,30,5,6,1140,0.05,1,20,25.4124094723494,20,25.4124094723494,0,0,0,0,1615.84343434343,871.209270193473,0,0,1615.84343434343,871.209270193473,1615.84343434343,871.209270193473,1499.5,406.59855155759,2473.6,3087.60775089045,2645,3379.85045982247,1499.5,406.59855155759,2473.6,3087.60775089045,2645,3379.85045982247,4.5479797979798,3.43324218881488,36,0,152.045454545455,807.421555507828,121.25,60.3544724968298,0,0,162,0,1140,0,0,0,200,254.124094723494,200,254.124094723494,1200,1524.74456834096,1200,1524.74456834096,NaN,NaN,0.228,0.289701467984783,0.32454,0.584866604006121,0.09654,0.295165136021338,0.228,0.289701467984783,-3.80438043804381,25.6182705751857,1,0,1.74557058607712e-16,3.14576305149411e-16,0.333710407239819,0.281721281480796,21.5,31.7655118404367,0,0,1,0,0,0,0,0,0,0,0,0,0,0,0.6063067,0
s7_busy,fixed_payload,30,5,6,1140,NaN,0,NaN,NaN,NaN,NaN,NaN,NaN,NaN,NaN,NaN,NaN,NaN,NaN,NaN,NaN,NaN,NaN,NaN,NaN,NaN,NaN,NaN,NaN,NaN,NaN,NaN,NaN,NaN,NaN,NaN,NaN,NaN,NaN,NaN,NaN,NaN,NaN,NaN,NaN,NaN,NaN,NaN,NaN,NaN,NaN,NaN,NaN,NaN,NaN,NaN,NaN,NaN,NaN,NaN,NaN,NaN,NaN,NaN,NaN,NaN,NaN,NaN,NaN,NaN,NaN,NaN,NaN,NaN,NaN,NaN,NaN,NaN,NaN,NaN,NaN,NaN,NaN,NaN,NaN,NaN,NaN,NaN,NaN,NaN,NaN,NaN,NaN,1.5901369,0
