protocol,load_mode,lambda_base,lambda_effective,M,Tp_us,best_q,q_selection_mode,q_stable_basin_left,q_stable_basin_right,q_search_boundary_hit,q_refinement_passes,stable_fraction,n_arrived,n_arrived_ci95,n_completed,n_completed_ci95,n_censored,n_censored_ci95,final_backlog,final_backlog_ci95,mean_delay_us,mean_delay_us_ci95,mean_queue_delay_us,mean_queue_delay_us_ci95,mean_access_delay_us,mean_access_delay_us_ci95,conditional_mean_delay_us,conditional_mean_delay_us_ci95,p50_delay_us,p50_delay_us_ci95,p95_delay_us,p95_delay_us_ci95,p99_delay_us,p99_delay_us_ci95,conditional_p50_delay_us,conditional_p50_delay_us_ci95,conditional_p95_delay_us,conditional_p95_delay_us_ci95,conditional_p99_delay_us,conditional_p99_delay_us_ci95,mean_boundary_wait_us,mean_boundary_wait_us_ci95,mean_difs_wait_us,mean_difs_wait_us_ci95,mean_probability_wait_us,mean_probability_wait_us_ci95,mean_busy_nav_wait_us,mean_busy_nav_wait_us_ci95,mean_collision_delay_us,mean_collision_delay_us_ci95,mean_control_delay_us,mean_control_delay_us_ci95,mean_data_delay_us,mean_data_delay_us_ci95,mean_other_access_delay_us,mean_other_access_delay_us_ci95,arrival_rate_pkt_s,arrival_rate_pkt_s_ci95,goodput_pkt_s,goodput_pkt_s_ci95,normalized_offered_units_s,normalized_offered_units_s_ci95,normalized_goodput_units_s,normalized_goodput_units_s_ci95,goodput_bit_s,goodput_bit_s_ci95,payload_airtime,payload_airtime_ci95,mean_system_packets,mean_system_packets_ci95,mean_waiting_packets,mean_waiting_packets_ci95,mean_service_packets,mean_service_packets_ci95,backlog_slope_pkt_s,backlog_slope_pkt_s_ci95,completion_ratio,completion_ratio_ci95,little_relative_error,little_relative_error_ci95,jain_fairness,jain_fairness_ci95,attempts_total,attempts_total_ci95,retransmissions_completed_cohort,retransmissions_completed_cohort_ci95,mean_attempts_completed,mean_attempts_completed_ci95,collision_waste_us_total,collision_waste_us_total_ci95,collision_channel_time_us_total,collision_channel_time_us_total_ci95,collision_tx_airtime_us_total,collision_tx_airtime_us_total_ci95,collision_channel_time_us_measure,collision_channel_time_us_measure_ci95,collision_tx_airtime_us_measure,collision_tx_airtime_us_measure_ci95,condition_elapsed_s,timeout_exceeded
sf_cf,fixed_packet,5,5,1,198,0.6,neighbor_stable,0.2,0.8,0,1,1,203.666666666667,31.2580473968789,203.666666666667,31.2580473968789,0,0,0,0,486.445662898663,182.756471997053,1.48514851485149,6.3900783115091,484.960514383812,176.420811134907,486.445662898663,182.756471997053,372,12.9079581892484,1107.45,734.51527894251,2388.38999999999,4606.45410863594,372,12.9079581892484,1107.45,734.51527894251,2388.38999999999,4606.45410863594,94.2034508030296,13.9236871176697,0,0,155.002093124059,51.8473729183453,0,0,37.7549704567231,112.820954148323,0,0,198,0,0,0,203.666666666667,31.2580473968789,203.666666666667,31.2580473968789,203.666666666667,31.2580473968789,203.666666666667,31.2580473968789,NaN,NaN,0.040326,0.00618909338458201,0.099081,0.0394943086240575,0.051099,0.0172042165269939,0.047982,0.0231348207886527,-0.00686400686400686,0.184726163934454,1,0,1.02381851855206e-16,2.22478151178794e-16,0.862691051918784,0.0566646134417911,291.333333333333,105.461325461475,38.6666666666667,114.844922070399,1.19068166897335,0.569802798728902,3960,8519.25240490393,3960,8519.25240490393,8844,21014.1559320964,3366,9384.07672602904,7656,22739.2945699391,1.6508316,0
sf_cb,fixed_packet,5,5,1,198,0.5,neighbor_stable,0.2,0.6,0,1,1,203.666666666667,31.2580473968789,203.666666666667,31.2580473968789,0,0,0,0,736.224902472966,51.9831754283507,2.01906339827531,5.28855954331684,734.205839074691,47.6665724509946,736.224902472966,51.9831754283507,625.5,51.2268709535562,1396.8,130.536414017758,2439.86999999999,1275.46454507306,625.5,51.2268709535562,1396.8,130.536414017758,2439.86999999999,1275.46454507306,100.745356059223,12.557500976121,0,0,207.125333645116,16.7679162349946,13.526014338185,5.1939354372226,16.8091350321668,23.6899444254169,198,0,198,0,0,0,203.666666666667,31.2580473968789,204.333333333333,29.94734219999,203.666666666667,31.2580473968789,204.333333333333,29.94734219999,NaN,NaN,0.0404446666666667,0.00595568653255643,0.150217666666667,0.0323925985717095,0.109773,0.026498573166232,0.0404446666666667,0.00595568653255643,0.00420400420400416,0.300243310547485,1,0,0.000826983820273871,0.00178520939276286,0.861229899134252,0.0527140328421364,267,68.6179812470998,17.6666666666667,26.5620812351773,1.08489462137458,0.119646183966752,1980,3443.01486848596,1980,3443.01486848596,4026,7133.3726191106,1716,2524.02572216565,3498,5259.29208456511,1.16935,0
sb_cf,fixed_packet,5,5,1,198,0.0316227766016838,self_stable_fallback,0.02,0.0316227766016838,0,1,1,203.666666666667,31.2580473968789,203.666666666667,31.2580473968789,0,0,0,0,647.896272014874,19.3585625447126,0,0,647.896272014874,19.3585625447126,647.896272014874,19.3585625447126,454.5,84.3967279715729,1548,598.456152239949,3809.39999999999,3710.09763112674,454.5,84.3967279715729,1548,598.456152239949,3809.39999999999,3710.09763112674,0,0,44.9109081991148,7.13698964967579,354.213920700826,25.426498459408,1.76144801980198,3.861280286792,49.0099950951316,39.2534430732168,0,0,198,0,0,0,203.666666666667,31.2580473968789,203.666666666667,31.2580473968789,203.666666666667,31.2580473968789,203.666666666667,31.2580473968789,NaN,NaN,0.040326,0.00618909338458201,0.132009,0.0235730170615603,0.081585,0.00891426059749206,0.050424,0.0151148387405836,0.112864294784078,0.619070192814743,1,0,0,0,0.862691051918784,0.0566646134417911,300.333333333333,77.6599351471885,51,46.5403051128804,1.24752522775319,0.198249712490994,10626,9388.37248122132,7776,6470.01666862672,10626,9388.37248122132,7272,6246.11815450204,10098,9214.98041235031,22.5316708,0
sb_cb,fixed_packet,5,5,1,198,0.5,neighbor_stable,0.2,0.8,0,1,1,203.666666666667,31.2580473968789,203.666666666667,31.2580473968789,0,0,0,0,472.187899946389,5.03367141111039,0.649769585253456,2.79573287969896,471.538130361135,6.01122839188204,472.187899946389,5.03367141111039,441,0,636.149999999999,333.445940146222,1215.20999999999,616.142249072639,441,0,636.149999999999,333.445940146222,1215.20999999999,616.142249072639,0,0,37.7658666788338,0.825857167900904,10.9860938426792,0.560168047481145,18.634214451111,2.32720838781067,8.1519553885112,6.83230601189801,198,0,198,0,0,0,203.666666666667,31.2580473968789,203.666666666667,31.2580473968789,203.666666666667,31.2580473968789,203.666666666667,31.2580473968789,NaN,NaN,0.040326,0.00618909338458201,0.096174,0.0150663410953025,0.055584,0.00890500380512162,0.04059,0.00616297895002583,-1.20000120000333e-05,0.138724797691899,1,0,0,0,0.862691051918784,0.0566646134417911,257,36.0841845698136,10,4.96827542350066,1.04905185218983,0.0229404768861362,426,329.595556355408,387,285.438124778249,426,329.595556355408,381,291.788384858722,420,338.572569201027,40.4821395,0
s7_clean,fixed_packet,5,5,1,198,0.75,neighbor_stable,0.5,0.875,0,1,1,203.666666666667,31.2580473968789,203.666666666667,31.2580473968789,0,0,0,0,419.377464553771,13.2798494066831,0.400921658986175,1.72502667045255,418.976542894785,11.6805677523713,419.377464553771,13.2798494066831,396,0,521.55,285.08987044574,893.009999999998,321.403208231555,396,0,521.55,285.08987044574,893.009999999998,321.403208231555,0,0,36.4506091162112,1.25283476463372,3.24113060067527,0.408058584646989,17.2570621549482,4.83064347510595,2.02774102295022,5.63775644085173,162,0,198,0,0,0,203.666666666667,31.2580473968789,203.666666666667,31.2580473968789,203.666666666667,31.2580473968789,203.666666666667,31.2580473968789,NaN,NaN,0.040326,0.00618909338458201,0.085458,0.015848907038269,0.045132,0.0096608198648737,0.040326,0.00618909338458201,0.00259200259200261,0.201309018171225,1,0,0,0,0.862691051918784,0.0566646134417911,249.333333333333,40.3879336582745,2.66666666666667,7.58916606719352,1.01251691989475,0.0348009656842701,168,478.117462233192,84,239.058731116596,168,478.117462233192,84,239.058731116596,168,478.117462233192,17.5666364,0
s7_busy,fixed_packet,5,5,1,198,0.6,neighbor_stable,0.2,0.8,0,1,1,203.666666666667,31.2580473968789,203.666666666667,31.2580473968789,0,0,0,0,1316.48599617306,297.148584278575,7.06659784642059,22.6761380741985,1309.41939832664,274.4947014082,1316.48599617306,297.148584278575,991.5,161.349477365605,3583.65,1063.99928227998,4938.96,2062.45306108265,991.5,161.349477365605,3583.65,1063.99928227998,4938.96,2062.45306108265,0,0,73.4916759821143,16.7069634649181,12.5127305573299,3.94577576598103,694.702449867683,188.472215620738,168.712541919515,75.1813355921315,162,0,198,0,0,0,203.666666666667,31.2580473968789,203,32.5791606614061,203.666666666667,31.2580473968789,203,32.5791606614061,NaN,NaN,0.040194,0.0064506738109584,0.265745333333333,0.0666152007691185,0.225551333333333,0.062870581272245,0.040194,0.0064506738109584,-0.0465800465800467,1.30996676505687,1,0,0.0085604055278805,0.0279501696815749,0.863890249656799,0.0644612921876694,500.666666666667,132.414870787604,212.666666666667,107.144788478048,2.04143544394762,0.464082318469948,124236,5116.87808967688,56595,2344.02976484121,124236,5116.87808967688,47145,4438.47983331785,103467,9088.27510925689,128.106864,0
sf_cf,fixed_packet,5,5,2,396,0.6,neighbor_stable,0.2,0.8,0,1,1,203.666666666667,31.2580473968789,203.666666666667,31.2580473968789,0,0,0,0,2660.46892537756,6866.33129802986,203.475452844824,843.548349525714,2456.99347253274,6022.86837571354,2660.46892537756,6866.33129802986,769.5,58.0858118516177,5197.04999999996,11240.3932741046,45411.24,173280.82562361,769.5,58.0858118516177,5197.04999999996,11240.3932741046,45411.24,173280.82562361,190.31635545467,8.48453364990966,0,0,915.444911484236,2424.84656981567,0,0,955.232205593831,3607.08786602953,0,0,396,0,0,0,203.666666666667,31.2580473968789,201.333333333333,41.144800241277,407.333333333333,62.5160947937577,402.666666666667,82.2896004825539,NaN,NaN,0.0797213333333333,0.0162908662728606,0.274954333333333,0.223850054259173,0.135237,0.088870052885357,0.139717333333333,0.138610378722995,1.58360958360958,6.57155336412302,1,0,0.657833112602545,2.82660352110457,0.864473869054609,0.0637292092840617,717,1712.45758822021,466.333333333333,1741.9852233927,3.41220253937836,9.10880774249881,53196,176933.567319228,53196,176933.567319228,186252,688135.079993411,19708,37141.0127639003,59996,153582.935513098,0.8967556,0
sf_cb,fixed_packet,5,5,2,396,0.6,neighbor_stable,0.2,0.8,0,1,1,203.666666666667,31.2580473968789,203.666666666667,31.2580473968789,0,0,0,0,892.998020942647,74.177862642508,2.60538908153488,6.33123670085282,890.392631861112,71.6156633125989,892.998020942647,74.177862642508,778.5,19.3619372838726,1560.75,544.453101392014,2612.52,1301.27638033999,778.5,19.3619372838726,1560.75,544.453101392014,2612.52,1301.27638033999,114.969390199389,16.2503280709008,0,0,143.705081956928,50.5237923109484,17.4752731897614,9.13641410176835,20.242886515034,44.1022991086087,198,0,396,0,0,0,203.666666666667,31.2580473968789,203.666666666667,31.2580473968789,407.333333333333,62.5160947937577,407.333333333333,62.5160947937577,NaN,NaN,0.080652,0.012378186769164,0.181977,0.0363038085287523,0.101325,0.0252159961410335,0.080652,0.012378186769164,-0.027892027892028,0.288491009552652,1,0,1.03560002742824e-16,2.24840975812688e-16,0.862691051918784,0.0566646134417911,267,33.4206548550469,20.3333333333333,44.7374741736901,1.10223680058098,0.222738884386912,1848,4183.21414887937,1848,4183.21414887937,4026,8858.01988639065,1848,4183.21414887937,4026,8858.01988639065,1.0879786,0
sb_cf,fixed_packet,5,5,2,396,0.00707106781186547,neighbor_stable,0.005,0.01,0,1,1,203.666666666667,31.2580473968789,203.666666666667,31.2580473968789,0,0,0,0,2083.48836305722,712.379191157321,31.4772964479628,100.598925305627,2052.01106660925,613.069746274563,2083.48836305722,712.379191157321,1455,390.665704033119,6188.39999999999,5170.37590464988,9660.44999999998,6898.22411342894,1455,390.665704033119,6188.39999999999,5170.37590464988,9660.44999999998,6898.22411342894,0,0,44.365851850162,11.6255975170465,1507.90343397819,470.303838442718,11.7174104291189,9.29503284960673,92.0243703517817,127.881572687512,0,0,396,0,0,0,203.666666666667,31.2580473968789,203,28.648473654543,407.333333333333,62.5160947937577,406,57.2969473090859,NaN,NaN,0.0803746666666667,0.0113513801000864,0.425063666666667,0.211528821687134,0.325549,0.171610790741202,0.0995146666666667,0.0402140923841282,-0.297980325686423,0.892525248882266,1,0,0.00381990946719698,0.00567947536366131,0.860172705682044,0.0728002775967985,299.333333333333,104.69788309057,48.3333333333333,74.6206741744204,1.23238477361561,0.322933264362404,20856,28668.8279495343,15624,21409.0501100676,20856,28668.8279495343,14073,21852.6356938752,19140,29549.7869730705,17.0358737,0
sb_cb,fixed_packet,5,5,2,396,0.4,neighbor_stable,0.2,0.8,0,1,1,203.666666666667,31.2580473968789,203.666666666667,31.2580473968789,0,0,0,0,697.517842884519,4.84412239147866,1.80086234429895,6.19091316777684,695.71698054022,3.03548037039537,697.517842884519,4.84412239147866,639,0,1059.15,240.707464490696,1747.46999999999,256.924307171148,639,0,1059.15,240.707464490696,1747.46999999999,256.924307171148,0,0,37.8857479353926,0.612726454131869,14.0431136503627,6.20717230820915,41.1343071303098,4.02707633797977,8.65381182415477,7.71060396374911,198,0,396,0,0,0,203.666666666667,31.2580473968789,203.666666666667,31.2580473968789,407.333333333333,62.5160947937577,407.333333333333,62.5160947937577,NaN,NaN,0.080652,0.012378186769164,0.142077,0.0227643507839645,0.061161,0.0109064455818919,0.080916,0.011859147511196,0.00110000110000107,0.202464977854268,1,0,0,0,0.862691051918784,0.0566646134417911,257.333333333333,34.8074884695988,10.6666666666667,3.79458303359676,1.05238188709424,0.0170201792814408,438,518.250904485462,399,433.715078399136,438,518.250904485462,399,433.715078399136,438,518.250904485462,36.5788201,0
s7_clean,fixed_packet,5,5,2,396,0.75,neighbor_stable,0.5,0.875,0,1,1,203.666666666667,31.2580473968789,203.666666666667,31.2580473968789,0,0,0,0,642.78597164872,7.68551921407784,1.49260847743761,5.22586655132636,641.293363171283,5.6344477324235,642.78597164872,7.68551921407784,594,0,946.199999999999,307.4940074463,1562.96999999999,430.257061283832,594,0,946.199999999999,307.4940074463,1562.96999999999,430.257061283832,0,0,37.2600150568052,2.20532474715479,2.82606110553452,1.60673208045922,37.5372192533193,7.29165383420889,5.67006775562349,9.92396136219656,162,0,396,0,0,0,203.666666666667,31.2580473968789,203.666666666667,31.2580473968789,407.333333333333,62.5160947937577,407.333333333333,62.5160947937577,NaN,NaN,0.080652,0.012378186769164,0.130926,0.020913477682328,0.050274,0.00860283215440839,0.080652,0.012378186769164,-0.00431600431600434,0.216024904974797,1,0,0,0,0.862691051918784,0.0566646134417911,253.666666666667,28.6843515316631,7,11.3837491007903,1.03500041824459,0.0612590207542997,441,717.176193349787,210,393.851397200674,441,717.176193349787,210,393.851397200674,441,717.176193349787,16.9771035,0
s7_busy,fixed_packet,5,5,2,396,0.6,neighbor_stable,0.2,0.8,0,1,1,203.666666666667,31.2580473968789,203.666666666667,31.2580473968789,0,0,0,0,1833.96645725921,158.147355122349,7.22739340466305,6.55694926500624,1826.73906385454,152.408068010871,1833.96645725921,158.147355122349,1371,401.549546708172,4594.65,445.796196536216,7680.44999999997,4059.47833869737,1371,401.549546708172,4594.65,445.796196536216,7680.44999999997,4059.47833869737,0,0,72.17151925446,6.80188205637617,12.0210445943788,3.32673509856711,1021.77466336063,129.268671995811,162.77183664507,30.6084692536928,162,0,396,0,0,0,203.666666666667,31.2580473968789,203,32.5791606614061,407.333333333333,62.5160947937577,406,65.1583213228121,NaN,NaN,0.080491,0.0125530857520147,0.372068333333333,0.0495331055730922,0.291577333333333,0.0398476915335469,0.080491,0.0125530857520147,-0.0916680916680918,1.52969826169189,1,0,0.00318311481832984,0.0131870870505393,0.863890249656799,0.0644612921876694,488.666666666667,12.5032189587515,204,7.45241313525099,2.004764423735,0.188941168232671,91140,9950.21073607527,41664,4708.91089809032,91140,9950.21073607527,34818,3717.78327253465,76167,8618.91152328145,107.9130098,0
sf_cf,fixed_packet,5,5,3,594,0.3,neighbor_stable,0.1,0.4,0,1,1,203.666666666667,31.2580473968789,203.666666666667,31.2580473968789,0,0,0,0,2699.18036370169,96.6342410402113,17.2798997353652,23.0164670051183,2681.90046396633,73.7390064873625,2699.18036370169,96.6342410402113,1953,373.941120416652,7340.1,960.306112253155,11522.37,2167.78064884162,1953,373.941120416652,7340.1,960.306112253155,11522.37,2167.78064884162,282.767329584341,17.4038849174709,0,0,1697.10328597664,116.968085644302,0,0,108.029848405347,64.9236652172442,0,0,594,0,0,0,203.666666666667,31.2580473968789,203.333333333333,31.4548471210306,611,93.7741421906366,610,94.3645413630918,NaN,NaN,0.12082,0.0185510926957182,0.549901666666667,0.102563576457063,0.407103666666667,0.0845189751094046,0.142798,0.0233609287793935,-0.469172469172469,1.67028313989318,1,0,0.00292160846257271,0.00633954336430632,0.863174946769344,0.060162480458056,288,38.7238745677451,37,22.0794989414224,1.18186843165883,0.10929909969233,11484,6143.32027490021,11484,6143.32027490021,24552,14926.9360862528,10296,5182.05893147026,21978,13115.2223712049,0.8601402,0
sf_cb,fixed_packet,5,5,3,594,0.5,neighbor_stable,0.2,0.6,0,1,1,203.666666666667,31.2580473968789,203.666666666667,31.2580473968789,0,0,0,0,1191.56962203997,38.5666483258003,5.32135442806954,2.55288971996247,1186.2482676119,38.6064238884048,1191.56962203997,38.5666483258003,1048.5,33.5358591086294,1968.6,182.651029182805,3172.35,754.432988276629,1048.5,33.5358591086294,1968.6,182.651029182805,3172.35,754.432988276629,139.162790299767,30.7948264224889,0,0,201.042698019802,7.68843951749922,40.5780430145549,15.5818063116678,13.4647362777752,21.3312105462818,198,0,594,0,0,0,203.666666666667,31.2580473968789,203.666666666667,31.2580473968789,611,93.7741421906366,611,93.7741421906366,NaN,NaN,0.121011333333333,0.018551375664121,0.242598333333333,0.0301382762205166,0.121587,0.0118969577300572,0.121011333333333,0.018551375664121,-0.00939600939600949,0.402077752734793,1,0,0.000137346601015127,0.000590954727778819,0.862200145312791,0.0563227663281894,263,34.7779279645046,13.6666666666667,21.4174357173438,1.06800371857462,0.107733386597383,1584,1703.85048098079,1584,1703.85048098079,3234,3691.67604212504,1320,1987.82556114425,2706,4240.65227203406,1.1481681,0
sb_cf,fixed_packet,5,5,3,594,0.00447213595499958,neighbor_stable,0.002,0.005,0,1,0.666666666666667,203.666666666667,31.2580473968789,137.666666666667,289.232297534909,66,283.975080163464,70,301.185691082462,NaN,NaN,NaN,NaN,NaN,NaN,164160.224078341,690940.069536849,NaN,NaN,NaN,NaN,NaN,NaN,98358,412919.172224932,454263.45,1911748.49194203,458318.64,1903037.3280648,NaN,NaN,NaN,NaN,NaN,NaN,NaN,NaN,NaN,NaN,NaN,NaN,NaN,NaN,NaN,NaN,203.666666666667,31.2580473968789,138,289.814883445738,611,93.7741421906366,414,869.444650337213,NaN,NaN,0.08209,0.172357948300503,35.199898,148.285530335024,33.2519796666667,140.587429327852,1.94791833333333,7.69814874002879,74.521259207123,324.734935292609,0.673267326732673,1.405817228532,NaN,NaN,0.609101573608604,1.09711286533372,6800.33333333333,27908.5089206972,82.3333333333333,98.1574988826354,11.6134712621608,44.3960849980571,3933933,16757675.7184687,713916,2942134.37788207,3933933,16757675.7184687,350601.333333333,1388199.09047412,1865828.33333333,7869576.65615968,24.396614,0
sb_cb,fixed_packet,5,5,3,594,0.6,neighbor_stable,0.2,0.8,0,1,1,203.666666666667,31.2580473968789,203.666666666667,31.2580473968789,0,0,0,0,918.95107821554,12.7010466238613,3.4767353823516,8.0892014636414,915.474342833189,20.2826966025868,918.95107821554,12.7010466238613,831,12.9079581892484,1444.95,180.731006024043,2345.39999999999,838.718836944872,831,12.9079581892484,1444.95,180.731006024043,2345.39999999999,838.718836944872,0,0,37.7095547976457,0.160200506415438,6.03872707259205,1.11050168711801,73.7077019265867,16.1297594982687,6.01835903636447,8.87906055595407,198,0,594,0,0,0,203.666666666667,31.2580473968789,204,31.1261563132618,611,93.7741421906366,612,93.3784689397853,NaN,NaN,0.121001333333333,0.0185560320477231,0.187148333333333,0.0265964355019128,0.065949,0.00891805403920349,0.121199333333333,0.0178763640375295,-0.00219200219200225,0.31373932654047,1,0,0.000125108352769835,0.000538297795559591,0.862368199200461,0.0564311261737092,256.666666666667,35.2479212779414,9.66666666666667,1.43421757658315,1.04748763326794,0.00445001406709569,366,801.541591607648,345,731.438309086966,366,801.541591607648,339,742.964850602482,360,813.508640207531,35.190243,0
s7_clean,fixed_packet,5,5,3,594,0.5,neighbor_stable,0.2,0.8,0,1,1,203.666666666667,31.2580473968789,203.666666666667,31.2580473968789,0,0,0,0,877.728313780399,16.6011885240011,2.72351157206734,5.43390886869614,875.004802208331,12.5297151222653,877.728313780399,16.6011885240011,801,0,1375.35,209.139795904007,2113.86,1192.61489671936,801,0,1375.35,209.139795904007,2113.86,1192.61489671936,0,0,36.7026338002464,0.86645705110943,8.83906756171009,1.71808497416913,70.3012487452662,7.03499615367102,3.16185210110873,3.89905672999245,162,0,594,0,0,0,203.666666666667,31.2580473968789,204,31.1261563132618,611,93.7741421906366,612,93.3784689397853,NaN,NaN,0.120989333333333,0.0185617498186589,0.178823333333333,0.0303480818431948,0.057834,0.0118524369646077,0.120989333333333,0.0185617498186589,0.01006001006001,0.326822487526095,1,0,6.3676851217176e-05,0.000273979377711433,0.862368199200461,0.0564311261737092,250.666666666667,34.8074884695988,4,4.96827542350066,1.0195176055624,0.0240682514197064,252,313.001351680542,126,156.500675840271,252,313.001351680542,126,156.500675840271,252,313.001351680542,22.3950293,0
s7_busy,fixed_packet,5,5,3,594,0.6,neighbor_stable,0.2,0.8,0,1,1,203.666666666667,31.2580473968789,203.666666666667,31.2580473968789,0,0,0,0,2545.63023708765,86.7812840768563,16.864247074189,15.6067884405459,2528.76599001346,84.5067923574013,2545.63023708765,86.7812840768563,2011.5,91.500945770648,6633.9,1765.09944936647,9938.75999999999,4922.44321955295,2011.5,91.500945770648,6633.9,1765.09944936647,9938.75999999999,4922.44321955295,0,0,75.3011959894146,5.96235721854976,13.8287509410503,1.8224986744274,1506.78066113063,53.2245067594689,176.855381952366,26.8306074834739,162,0,594,0,0,0,203.666666666667,31.2580473968789,202.333333333333,30.6600698962002,611,93.7741421906366,607,91.9802096886008,NaN,NaN,0.119998666666667,0.0184239305745995,0.514384666666667,0.0772262947498584,0.394386,0.0593254153695465,0.119998666666667,0.0184239305745995,0.341452341452341,1.87492828609669,1,0,0.00784754063727219,0.0269128850452492,0.861507507308985,0.073491485093652,522.333333333333,116.895331465882,222.333333333333,46.4960862856869,2.09169988859485,0.165621033848605,74907,7533.19542987007,33747,2395.70452139786,74907,7533.19542987007,28266,787.702794401347,62874,3286.51419264569,98.6979006,0
sf_cf,fixed_packet,5,5,4,792,0.4,self_stable_fallback,0.2,0.4,0,1,1,203.666666666667,31.2580473968789,203.666666666667,31.2580473968789,0,0,0,0,3324.02302151298,256.700066482149,30.0061410662956,65.082855308396,3294.01688044669,211.122999234714,3324.02302151298,256.700066482149,2296.5,35.9342348014985,9244.64999999999,1063.85598956738,18390.4799999999,5787.78067074735,2296.5,35.9342348014985,9244.64999999999,1063.85598956738,18390.4799999999,5787.78067074735,380.178324759319,34.7374085549644,0,0,1763.75886868641,149.241531236145,0,0,358.079687000958,111.311977390782,0,0,792,0,0,0,203.666666666667,31.2580473968789,202.333333333333,34.8960197405405,814.666666666667,125.032189587515,809.333333333333,139.584078962162,NaN,NaN,0.160248,0.0276376476345081,0.671098333333333,0.102141099788925,0.439226333333333,0.0816274228227833,0.231872,0.0205758593925889,0.641436641436641,4.33427582623257,1,0,0.00849974294679158,0.0213508497756057,0.863490783572586,0.0629821221731514,347.333333333333,37.3723087150026,91.6666666666667,18.644828495581,1.4521208169204,0.140545425998462,35376,10835.7984477379,35376,10835.7984477379,79728,4543.60128261543,31456,6434.00683069546,71624,11434.5309502088,0.940305,0
sf_cb,fixed_packet,5,5,4,792,0.5,neighbor_stable,0.2,0.6,0,1,1,203.666666666667,31.2580473968789,203.666666666667,31.2580473968789,0,0,0,0,1458.73685238628,22.9647053750605,5.9181999133093,3.70689484771741,1452.81865247297,24.2970959660771,1458.73685238628,22.9647053750605,1270.5,35.9342348014985,2521.65,316.483946001883,3906.71999999999,227.318049369647,1270.5,35.9342348014985,2521.65,316.483946001883,3906.71999999999,227.318049369647,163.89953717434,23.6269983181317,0,0,207.616671704613,23.1034001132593,74.6090420678012,45.2348238397658,16.6934015262125,15.5190746556426,198,0,792,0,0,0,203.666666666667,31.2580473968789,203.666666666667,31.2580473968789,814.666666666667,125.032189587515,814.666666666667,125.032189587515,NaN,NaN,0.161198666666667,0.0247189559170615,0.296751666666667,0.0492294743182041,0.135553,0.0246875651736887,0.161198666666667,0.0247189559170615,-0.0499320499320501,0.688408680018307,1,0,0.00158908522238167,0.00608518842488527,0.863331887134188,0.0602221026765599,265.666666666667,28.791716915859,17,13.8310934238456,1.08431010871825,0.0783791649274879,1848,751.327440652158,1848,751.327440652158,3762,1773.42380721586,1650,1237.8186769164,3366,2738.55649792143,1.0980779,0
sb_cf,fixed_packet,5,5,4,792,0.00149534878122122,neighbor_stable,0.001,0.00223606797749979,0,1,1,203.666666666667,31.2580473968789,203.666666666667,31.2580473968789,0,0,0,0,11809.2115046254,3149.69662861327,432.709381558836,495.057252698616,11376.5021230666,2740.95438781013,11809.2115046254,3149.69662861327,7293,2297.09981866768,38335.95,12600.9097856982,55909.11,19068.0392620705,7293,2297.09981866768,38335.95,12600.9097856982,55909.11,19068.0392620705,0,0,56.6383058812794,12.367088847166,9962.2623541372,2350.48790729246,111.558733659944,106.466180866805,454.042729388146,272.075954637651,0,0,792,0,0,0,203.666666666667,31.2580473968789,200.666666666667,29.63664090835,814.666666666667,125.032189587515,802.666666666667,118.5465636334,NaN,NaN,0.158959,0.0234370707553172,2.38357066666667,0.515039131896439,2.13273966666667,0.466109507730121,0.250831,0.0490666248848414,-1.4708972060566,9.22873814729037,1,0,0.00742045779118539,0.0135138109261153,0.860259303864074,0.0662754573681123,391.333333333333,14.973671099995,116,57.2969473090859,1.57328627447998,0.34353024575461,114576,37810.298182048,81285,21982.5256580697,114576,37810.298182048,64380,34101.6163095399,91872,51266.7440925026,29.3207006,0
sb_cb,fixed_packet,5,5,4,792,0.4,neighbor_stable,0.2,0.8,0,1,1,203.666666666667,31.2580473968789,203.666666666667,31.2580473968789,0,0,0,0,1173.51708861842,19.6542717390194,3.86668239836657,4.31701241232792,1169.65040622006,23.616091774868,1173.51708861842,19.6542717390194,1038,12.9079581892484,1904.85,16.767929554315,2997.21,130.843598767618,1038,12.9079581892484,1904.85,16.767929554315,2997.21,130.843598767618,0,0,37.9523543368162,0.642526281688175,13.7460147944518,2.26292465130797,120.203731692294,12.2474675760742,7.74830539649587,11.1677757438253,198,0,792,0,0,0,203.666666666667,31.2580473968789,203.333333333333,32.4209316509691,814.666666666667,125.032189587515,813.333333333333,129.683726603876,NaN,NaN,0.161257333333333,0.0247947630458818,0.238915333333333,0.0342482456677993,0.077394,0.0104618105287021,0.161521333333333,0.023896984692074,-0.0180800180800182,0.469929855070502,1,0,0.000198801478843774,0.000717933591107441,0.864540767684532,0.0645329897141285,258.333333333333,33.0804079526445,11,2.48413771175033,1.05423206491156,0.0178479522691159,462,1097.40420994272,438,1033.60429863359,462,1097.40420994272,426,1059.39663524538,450,1123.21489142002,35.8379649,0
s7_clean,fixed_packet,5,5,4,792,0.5,neighbor_stable,0.2,0.8,0,1,1,203.666666666667,31.2580473968789,203.666666666667,31.2580473968789,0,0,0,0,1122.46946434275,20.8843346568766,3.54352143883743,4.23748599687974,1118.92594290391,17.9058388346309,1122.46946434275,20.8843346568766,999,0,1828.5,143.406195553318,2744.79,1234.57235400641,999,0,1828.5,143.406195553318,2744.79,1234.57235400641,0,0,37.0508566409636,1.75188060206823,9.23052168408085,0.953509399114508,113.915709694529,9.17539386696451,4.72885488433636,7.88346270930703,162,0,792,0,0,0,203.666666666667,31.2580473968789,203.666666666667,31.2580473968789,814.666666666667,125.032189587515,814.666666666667,125.032189587515,NaN,NaN,0.161274333333333,0.0247713400154199,0.228612333333333,0.0371200282328246,0.067338,0.0127199135700982,0.161274333333333,0.0247713400154199,-0.0162160162160164,0.425878499560001,1,0,0.000129959070194007,0.000559168748125699,0.862200145312791,0.0563227663281894,252.666666666667,37.3723087150026,6,9.93655084700132,1.02919046224899,0.0486633500574508,378,626.002703361083,189,313.001351680542,378,626.002703361083,189,313.001351680542,378,626.002703361083,22.5778721,0
s7_busy,fixed_packet,5,5,4,792,0.5,neighbor_stable,0.2,0.8,0,1,1,203.666666666667,31.2580473968789,203.666666666667,31.2580473968789,0,0,0,0,3507.01576188005,857.742107817755,70.7810696320208,196.051829394507,3436.23469224803,721.052509002928,3507.01576188005,857.742107817755,2541,376.826168861003,9459.29999999999,3705.52094562444,14166.6,7449.77034352479,2541,376.826168861003,9459.29999999999,3705.52094562444,14166.6,7449.77034352479,0,0,76.3763688004745,21.2026707512789,20.4031024718255,5.16760653955568,2203.76156137359,605.359323719777,181.693659602135,95.4120183807552,162,0,792,0,0,0,203.666666666667,31.2580473968789,203,29.2875516860096,814.666666666667,125.032189587515,812,117.150206744038,NaN,NaN,0.160951333333333,0.0240230036399706,0.714165,0.247095778056195,0.553213666666667,0.22587565241417,0.160951333333333,0.0240230036399706,-0.277668277668278,1.47161163221134,1,0,0.0103320090865546,0.0232489646395342,0.861941962671324,0.0684228827026266,520.333333333333,216.922741508298,230.333333333333,153.260090273545,2.12156580001318,0.588963076424415,67473,10382.2600251953,30765,3490.11712388876,67473,10382.2600251953,25788,1643.87801344167,56448,5414.56152070862,98.4142094,0
sf_cf,fixed_packet,5,5,5,990,0.4,neighbor_stable,0.2,0.5,0,1,0.333333333333333,203.666666666667,31.2580473968789,116.333333333333,254.018517843498,87.3333333333333,257.696612627221,91.3333333333333,274.216999770187,NaN,NaN,NaN,NaN,NaN,NaN,4565.29329219745,3815.98512045876,NaN,NaN,NaN,NaN,NaN,NaN,3012.75,1057.79154428654,14290.425,25721.487902557,21443.625,60064.834559869,NaN,NaN,NaN,NaN,NaN,NaN,NaN,NaN,NaN,NaN,NaN,NaN,NaN,NaN,NaN,NaN,203.666666666667,31.2580473968789,117.333333333333,254.455420955344,1018.33333333333,156.290236984394,586.666666666667,1272.27710477672,NaN,NaN,0.116153333333333,0.251892274832373,38.8659003333333,145.544047498537,33.3609303333333,127.679291940974,5.50497,17.9279838663577,118.299106299106,280.493545370034,0.574500768049155,1.28276573987299,NaN,NaN,0.577962183377944,1.19339107639577,15404.6666666667,37245.4194222232,78,175.725310116057,1.68949044585987,2.40770440064457,1149390,2547457.09573292,1149390,2547457.09573292,15087930,37106088.0590646,448213.333333333,1225766.85525425,5388816.66666667,18179766.2620501,1.0108652,0
sf_cb,fixed_packet,5,5,5,990,0.5,neighbor_stable,0.2,0.6,0,1,1,203.666666666667,31.2580473968789,203.666666666667,31.2580473968789,0,0,0,0,1766.8063332687,23.4168633670604,11.4357419468905,18.9740239489928,1755.3705913218,33.6630661599456,1766.8063332687,23.4168633670604,1527,64.5397909462419,3164.1,295.693685060426,4759.73999999999,819.477338157595,1527,64.5397909462419,3164.1,295.693685060426,4759.73999999999,819.477338157595,210.6382688096,11.7343254796917,0,0,232.259015547292,14.8564197361127,96.7560498129306,28.2290302289362,27.7172571519825,18.881545173774,198,0,990,0,0,0,203.666666666667,31.2580473968789,203.333333333333,31.4548471210306,1018.33333333333,156.290236984394,1016.66666666667,157.274235605153,NaN,NaN,0.201769333333333,0.0301895596674029,0.360085666666667,0.0585558165739167,0.158316333333333,0.0284060885926574,0.201769333333333,0.0301895596674029,-0.138584138584139,0.855083617199959,1,0,0.00198775009209202,0.00472933366528665,0.862681369106455,0.0600241170186847,276,49.6206119289668,28.6666666666667,22.4031947253764,1.13998614723223,0.0953613392614848,2904,1987.82556114425,2904,1987.82556114425,5808,3975.6511222885,2838,2217.91627781226,5676,4435.83255562453,1.2081754,0
sb_cf,fixed_packet,5,5,5,990,NaN,no_stable_q,NaN,NaN,0,1,0,NaN,NaN,NaN,NaN,NaN,NaN,NaN,NaN,NaN,NaN,NaN,NaN,NaN,NaN,NaN,NaN,NaN,NaN,NaN,NaN,NaN,NaN,NaN,NaN,NaN,NaN,NaN,NaN,NaN,NaN,NaN,NaN,NaN,NaN,NaN,NaN,NaN,NaN,NaN,NaN,NaN,NaN,NaN,NaN,NaN,NaN,NaN,NaN,NaN,NaN,NaN,NaN,NaN,NaN,NaN,NaN,NaN,NaN,NaN,NaN,NaN,NaN,NaN,NaN,NaN,NaN,NaN,NaN,NaN,NaN,NaN,NaN,NaN,NaN,NaN,NaN,NaN,NaN,NaN,NaN,NaN,NaN,NaN,NaN,NaN,NaN,22.4101288,0
sb_cb,fixed_packet,5,5,5,990,0.5,neighbor_stable,0.2,0.8,0,1,1,203.666666666667,31.2580473968789,203.666666666667,31.2580473968789,0,0,0,0,1449.28590463453,32.2572264811239,7.72135785007072,12.2756697526568,1441.56454678446,22.5073707853821,1449.28590463453,32.2572264811239,1233,0,2374.5,170.47792097061,4519.10999999999,2828.67671994957,1233,0,2374.5,170.47792097061,4519.10999999999,2828.67671994957,0,0,40.1646096637313,5.5081283867393,10.3057365572387,1.37970862744704,185.575610542045,15.070096489892,17.5185900214445,24.9611636891222,198,0,990,0,0,0,203.666666666667,31.2580473968789,203.333333333333,31.4548471210306,1018.33333333333,156.290236984394,1016.66666666667,157.274235605153,NaN,NaN,0.201342666666667,0.0310148568039544,0.294748666666667,0.0509382027973888,0.093076,0.0188731010224903,0.201672666666667,0.0323470960136844,0.00312800312800301,0.541515657475617,1,0,0.00201494028127545,0.00783385681269309,0.862681369106455,0.0600241170186847,271.333333333333,52.3636745841467,23.6666666666667,31.2580473968789,1.11568360177032,0.153003566298314,756,1432.95778025732,669,1367.32996411591,756,1432.95778025732,651,1380.78957345203,738,1439.2228672233,38.787654,0
s7_clean,fixed_packet,5,5,5,990,0.6,neighbor_stable,0.2,0.8,0,1,1,203.666666666667,31.2580473968789,203.666666666667,31.2580473968789,0,0,0,0,1385.93750499042,32.0897937912108,5.58914883423826,6.48608264679615,1380.34835615618,26.5331631897181,1385.93750499042,32.0897937912108,1197,0,2256.9,152.067581130133,3840.20999999999,2455.35109085631,1197,0,2256.9,152.067581130133,3840.20999999999,2455.35109085631,0,0,38.4090945384861,1.44624660214821,6.16426176027741,0.466985230567293,172.934074434229,19.2835472168007,10.8409254231875,6.50810970966693,162,0,990,0,0,0,203.666666666667,31.2580473968789,203.666666666667,31.2580473968789,1018.33333333333,156.290236984394,1018.33333333333,156.290236984394,NaN,NaN,0.201495666666667,0.0309738045816478,0.282198666666667,0.0472616314388543,0.080703,0.016875613958062,0.201495666666667,0.0309738045816478,-0.0102560102560104,0.700277223861062,1,0,0.000589455504965115,0.00217139521452768,0.863331887134188,0.0602221026765599,262.333333333333,38.5908481541098,13.6666666666667,8.72400493513512,1.06691929273573,0.0401735167263392,987,1042.0328505083,483,478.117462233192,987,1042.0328505083,420,239.058731116596,861,549.612310913513,23.6983671,0
s7_busy,fixed_packet,5,5,5,990,0.5,neighbor_stable,0.2,0.8,0,1,1,203.666666666667,31.2580473968789,203.666666666667,31.2580473968789,0,0,0,0,4299.9905203438,1402.52574920379,97.2440407275175,54.7350490069918,4202.74647961628,1389.41204240901,4299.9905203438,1402.52574920379,3096,775.767213299691,11402.1,5613.1486190907,17682,8788.62525189672,3096,775.767213299691,11402.1,5613.1486190907,17682,8788.62525189672,0,0,81.647896039604,29.7693401236719,20.0181572808779,8.753496284089,2743.66489411758,1218.01816406919,205.415532178218,133.962030556524,162,0,990,0,0,0,203.666666666667,31.2580473968789,202.666666666667,30.3566642687741,1018.33333333333,156.290236984394,1013.33333333333,151.78332134387,NaN,NaN,0.200830666666667,0.0310667359029528,0.867889,0.180349980545851,0.667058333333333,0.201541666847615,0.200830666666667,0.0310667359029528,0.48973248973249,2.79551904469807,1,0,0.00599849850820757,0.0201861355874804,0.860852525206528,0.0644160482828067,543,85.9454209636289,255.666666666667,129.58852258277,2.26799711221122,0.826926114546442,63042,3963.31073724985,27951,1110.30952025515,63042,3963.31073724985,23604,2765.82937901927,53529,7414.12488741279,92.2233573,0
sf_cf,fixed_packet,5,5,6,1188,0.2,self_stable_fallback,0.1,0.2,0,1,1,203.666666666667,31.2580473968789,203.666666666667,31.2580473968789,0,0,0,0,10355.0911991833,495.069036838982,366.879139195602,193.705278178708,9988.21205998768,369.330065396671,10355.0911991833,495.069036838982,7314,829.656439553329,31277.55,5817.8754749412,42097.7699999999,9579.29040955371,7314,829.656439553329,31277.55,5817.8754749412,42097.7699999999,9579.29040955371,558.185579401834,21.8022634448533,0,0,7560.51482296847,451.05708855099,0,0,681.511657617375,132.400531564065,0,0,1188,0,0,0,203.666666666667,31.2580473968789,200.666666666667,33.7269917352552,1222,187.548284381273,1204,202.361950411531,NaN,NaN,0.238293333333333,0.0399980723786246,2.06086366666667,0.436917968321625,1.68713833333333,0.363957917973722,0.373725333333333,0.0854073830397466,1.37906137906138,4.85637207153688,1,0,0.0244676784466829,0.0316273256144598,0.862360215827928,0.0712076900142251,383.666666666667,51.1716289806726,117,35.2187304478593,1.57366301146244,0.11144825889231,74844,12863.7890338614,74844,12863.7890338614,162756,34034.386701597,62172,19201.4197552,135432,51200.6360777796,0.7739144,0
sf_cb,fixed_packet,5,5,6,1188,0.5,neighbor_stable,0.2,0.6,0,1,1,203.666666666667,31.2580473968789,203.666666666667,31.2580473968789,0,0,0,0,2055.29465854132,96.3907436000133,16.5092600777935,33.0796771419384,2038.78539846352,109.943668078116,2055.29465854132,96.3907436000133,1716,74.4309178934502,3901.95,624.634822239239,5695.85999999999,2622.24729335501,1716,74.4309178934502,3901.95,624.634822239239,5695.85999999999,2622.24729335501,253.59390470297,64.2130030709553,0,0,231.491369427841,52.3705724346583,131.654916845371,60.3267033013948,36.0452074873386,31.9622026767405,198,0,1188,0,0,0,203.666666666667,31.2580473968789,203.333333333333,31.4548471210306,1222,187.548284381273,1220,188.729082726184,NaN,NaN,0.241725333333333,0.0368196935202994,0.417703666666667,0.060733770766858,0.175978333333333,0.0277098053928872,0.241725333333333,0.0368196935202994,-0.0223480223480226,1.16826986348193,1,0,0.00275504728603465,0.00926426179214642,0.862681369106455,0.0600241170186847,284.666666666667,28.576582766683,36.6666666666667,29.94734219999,1.18204650246131,0.161425266044144,3696,3200.23662586666,3696,3200.23662586666,7524,6886.02973697191,3472,2443.40674322154,7076,5304.97365082028,1.1834986,0
sb_cf,fixed_packet,5,5,6,1188,NaN,no_stable_q,NaN,NaN,0,1,0,NaN,NaN,NaN,NaN,NaN,NaN,NaN,NaN,NaN,NaN,NaN,NaN,NaN,NaN,NaN,NaN,NaN,NaN,NaN,NaN,NaN,NaN,NaN,NaN,NaN,NaN,NaN,NaN,NaN,NaN,NaN,NaN,NaN,NaN,NaN,NaN,NaN,NaN,NaN,NaN,NaN,NaN,NaN,NaN,NaN,NaN,NaN,NaN,NaN,NaN,NaN,NaN,NaN,NaN,NaN,NaN,NaN,NaN,NaN,NaN,NaN,NaN,NaN,NaN,NaN,NaN,NaN,NaN,NaN,NaN,NaN,NaN,NaN,NaN,NaN,NaN,NaN,NaN,NaN,NaN,NaN,NaN,NaN,NaN,NaN,NaN,17.9844444,0
sb_cb,fixed_packet,5,5,6,1188,0.4,neighbor_stable,0.2,0.8,0,1,1,203.666666666667,31.2580473968789,203.666666666667,31.2580473968789,0,0,0,0,1758.01416993658,81.4534382465602,10.0242990600903,14.7990625276341,1747.98987087649,69.066555225317,1758.01416993658,81.4534382465602,1440,0,2898.3,624.813179463074,5893.25999999997,1551.18995373031,1440,0,2898.3,624.813179463074,5893.25999999997,1551.18995373031,0,0,41.7286894876124,3.08659422899981,15.6705211707807,4.96960076318308,273.917693029384,50.6997251510993,30.672967188712,28.3939434916836,198,0,1188,0,0,0,203.666666666667,31.2580473968789,203.333333333333,31.4548471210306,1222,187.548284381273,1220,188.729082726184,NaN,NaN,0.241737666666667,0.0369515058213767,0.357847666666667,0.0712819265457526,0.114526,0.0301436480496902,0.243321666666667,0.0414577472801424,-0.044852044852045,0.726619607926438,1,0,0.00195889006233749,0.00639890419264458,0.862681369106455,0.0600241170186847,295,84.5702054988614,32.6666666666667,21.7036502240621,1.15913026354479,0.0857387285833278,2796,5195.80191485987,2544,4811.76064050763,2796,5195.80191485987,1971,4511.45603308527,2136,4794.53766119481,45.2956812,0
s7_clean,fixed_packet,5,5,6,1188,0.5,neighbor_stable,0.2,0.8,0,1,1,203.666666666667,31.2580473968789,203.666666666667,31.2580473968789,0,0,0,0,1657.53766625222,39.3666690916161,7.23364283432952,7.60270924288314,1650.30402341789,32.2679990861116,1657.53766625222,39.3666690916161,1395,0,2820.6,635.594729367699,4082.54999999999,1891.94410796854,1395,0,2820.6,635.594729367699,4082.54999999999,1891.94410796854,0,0,37.9543219874983,3.85048093558827,8.23965985308208,3.00438249581766,245.315592633572,19.9260879327295,8.7944489437423,17.3271642101472,162,0,1188,0,0,0,203.666666666667,31.2580473968789,203.333333333333,31.4548471210306,1222,187.548284381273,1220,188.729082726184,NaN,NaN,0.241818666666667,0.0369791651214927,0.337399666666667,0.0551269387148794,0.095581,0.0190809056160393,0.241818666666667,0.0369791651214927,-0.0246720246720249,0.775965907509249,1,0,0.00121531097804147,0.00369201100957101,0.862681369106455,0.0600241170186847,260.333333333333,42.2546883725189,11,21.5132636487473,1.05428672187495,0.106957803766341,861,2078.18126846899,420,993.912780572126,861,2078.18126846899,336,632.489951273171,693,1355.33560987108,23.7419014,0
s7_busy,fixed_packet,5,5,6,1188,0.5,neighbor_stable,0.2,0.6,0,1,1,203.666666666667,31.2580473968789,203.666666666667,31.2580473968789,0,0,0,0,4989.58224066934,813.797348826209,75.1259160982342,117.100110236715,4914.45632457111,751.659984640346,4989.58224066934,813.797348826209,3855,539.515594698686,12434.7,2442.02501688187,19266.57,6608.65506446129,3855,539.515594698686,12434.7,2442.02501688187,19266.57,6608.65506446129,0,0,84.1432050463111,22.027894097147,20.1918651902633,6.36926562975701,3243.47683162613,627.653477691236,216.6444227084,99.1255234371615,162,0,1188,0,0,0,203.666666666667,31.2580473968789,203,29.2875516860096,1222,187.548284381273,1218,175.725310116057,NaN,NaN,0.241260333333333,0.035917042561501,1.00781433333333,0.331070010413459,0.766554,0.29803263313426,0.241260333333333,0.035917042561501,-0.468616468616468,4.75916918808169,1,0,0.0141767104236402,0.0515171573726878,0.861941962671324,0.0684228827026266,596,161.812543226102,274,164.178764359666,2.33731125128642,0.611885947142972,63588,6825.89378762957,28035,2821.35605693432,63588,6825.89378762957,22974,5502.80352324018,51723,13721.2809841557,89.5321175,0
sf_cf,fixed_packet,10,10,1,198,0.5,neighbor_stable,0.2,0.6,0,1,1,383,29.2875516860096,383,29.2875516860096,0,0,0,0,548.37371046243,10.8057913558434,0.922510799372722,1.5405854239131,547.451199663057,9.55658553206514,548.37371046243,10.8057913558434,426,25.8159163784968,1308.6,11.8303390939113,1900.56,208.475633108524,426,25.8159163784968,1308.6,11.8303390939113,1900.56,208.475633108524,92.6167218438626,8.32817908820451,0,0,233.620745699225,6.36782829067293,0,0,23.2137321199695,16.1541716197685,0,0,198,0,0,0,383,29.2875516860096,383.333333333333,32.7993989243792,383,29.2875516860096,383.333333333333,32.7993989243792,NaN,NaN,0.0758933333333333,0.00647235744490265,0.210089666666667,0.0141370582079486,0.125352333333333,0.013298372798302,0.0847373333333333,0.0027431644878511,-0.020844020844021,0.521584590770285,1,0,0.00193611541689488,0.00441020282164921,0.903790347541699,0.0244468921095695,512,17.9133717900592,44.6666666666667,28.2508099372082,1.11724107131298,0.0815867253523662,4818,2475.63735383281,4818,2475.63735383281,10032,5929.57375559803,4224,2324.43620955871,8844,5593.66036756722,1.9342129,0
sf_cb,fixed_packet,10,10,1,198,0.4,neighbor_stable,0.2,0.5,0,1,1,383,29.2875516860096,383,29.2875516860096,0,0,0,0,908.456133113693,72.09031571895,5.82378534449491,1.83629903679798,902.632347769199,70.2837384076254,908.456133113693,72.09031571895,742.5,62.2399204073052,1986.9,237.095686623322,2997.3,663.615944307002,742.5,62.2399204073052,1986.9,237.095686623322,2997.3,663.615944307002,104.28258877079,7.43223900541255,0,0,344.755261253422,59.6006268889362,35.1055816802445,15.5231542648233,22.4889160647417,21.1832750159614,198,0,198,0,0,0,383,29.2875516860096,383,31.7153471975832,383,29.2875516860096,383,31.7153471975832,NaN,NaN,0.075834,0.00627963874512146,0.347772333333333,0.014127407648875,0.271938333333333,0.0135688109603418,0.075834,0.00627963874512146,0.00524000524000495,1.1313212698294,1,0,0.000995622196488078,0.00216633055016503,0.903892465358984,0.0248476334859779,506.666666666667,48.2545482260628,43.3333333333333,40.1580921443283,1.11358038416536,0.10698623745435,4290,3975.6511222885,4290,3975.6511222885,8976,8926.03741869817,4092,3489.5442065162,8580,7951.302244577,1.7970211,0
sb_cf,fixed_packet,10,10,1,198,0.01,neighbor_stable,0.005,0.014142135623731,0,1,1,383,29.2875516860096,383,29.2875516860096,0,0,0,0,1324.17228839804,47.7981214930852,19.4403368998077,27.5896949333327,1304.73195149823,34.1753006704773,1324.17228839804,47.7981214930852,940.5,29.5758477347779,3704.55,678.272672364826,5575.17,1448.81763842106,940.5,29.5758477347779,3704.55,678.272672364826,5575.17,1448.81763842106,0,0,41.8508674240035,5.47529421770454,1026.84944311475,67.7377879306926,5.85187012745451,2.41963582828425,32.1797708320194,30.114118197375,0,0,198,0,0,0,383,29.2875516860096,384,30.1185691082462,383,29.2875516860096,384,30.1185691082462,NaN,NaN,0.0759923333333333,0.00583033330376989,0.507814333333333,0.0416371653912422,0.41948,0.0416250024977796,0.0883343333333333,0.014066281529746,-0.145493653147262,1.16961439738736,1,0,0.00132095703963224,0.00325476606100416,0.904184651130595,0.0243404988684649,543,92.5820495422082,62.3333333333333,59.5329878149638,1.16252409511121,0.152091506047348,16170,10227.0462236923,12057,8378.3388017508,16170,10227.0462236923,9189,8016.52793632294,12342,11787.5315873628,20.5274463,0
sb_cb,fixed_packet,10,10,1,198,0.6,neighbor_stable,0.2,0.8,0,1,1,383,29.2875516860096,383,29.2875516860096,0,0,0,0,500.258898779332,13.1352866819734,0.953125644728698,2.19099549626317,499.305773134603,13.0497736411598,500.258898779332,13.1352866819734,439.5,6.45397909462419,785.1,107.136052970762,1994.46,843.471098260048,439.5,6.45397909462419,785.1,107.136052970762,1994.46,843.471098260048,0,0,40.1508301165937,1.96028413876049,7.12154935855842,1.7659477563393,36.8189818818542,6.0079673756984,19.2144117775965,7.834431473672,198,0,198,0,0,0,383,29.2875516860096,383,31.7153471975832,383,29.2875516860096,383,31.7153471975832,NaN,NaN,0.075834,0.00627963874512146,0.191517333333333,0.0107877896315187,0.114693333333333,0.00410260613926111,0.076824,0.00676194696586943,0.00100000100000093,0.643491744392655,1,0,0.00118882922910803,0.00271523585633214,0.903892465358984,0.0248476334859779,517.333333333333,50.7477982905567,44,17.3889639822523,1.11530083657205,0.0544523371877912,2304,1514.3626229692,2049,1403.58836832324,2304,1514.3626229692,1494,226.901198423794,1668,287.473878411988,53.1980044,0
s7_clean,fixed_packet,10,10,1,198,0.6,neighbor_stable,0.2,0.8,0,1,1,383,29.2875516860096,383,29.2875516860096,0,0,0,0,432.351557023147,22.4060326037345,0.50381679389313,2.1677487035379,431.847740229253,24.344824402151,432.351557023147,22.4060326037345,396,0,657.75,113.628529394285,928.23,673.666337896872,396,0,657.75,113.628529394285,928.23,673.666337896872,0,0,36.3108808290155,1.33761224759051,5.6262251849603,0.726030692333941,28.5116704847077,19.1720226854586,1.39896373056995,6.01925511415728,162,0,198,0,0,0,383,29.2875516860096,383,31.7153471975832,383,29.2875516860096,383,31.7153471975832,NaN,NaN,0.075834,0.00627963874512146,0.165516333333333,0.0132588483916351,0.0896823333333333,0.00926471651249945,0.075834,0.00627963874512146,-0.0202080202080203,0.629891665116012,1,0,0.00119208934652677,0.0028526716871047,0.903892465358984,0.0248476334859779,464.666666666667,48.7633976038272,3.33333333333333,14.3421757658315,1.00863557858377,0.0371558957664031,210,903.557073247387,105,451.778536623693,210,903.557073247387,105,451.778536623693,210,903.557073247387,25.5522139,0
s7_busy,fixed_packet,10,10,1,198,0.4,neighbor_stable,0.2,0.6,0,1,1,383,29.2875516860096,383,29.2875516860096,0,0,0,0,1609.92891623578,272.345419905257,18.5403844694277,8.14419302892378,1591.38853176635,276.663864646793,1609.92891623578,272.345419905257,1215,161.220346110533,4176.15,853.347107435913,5824.92,1155.8589274581,1215,161.220346110533,4176.15,853.347107435913,5824.92,1155.8589274581,0,0,72.3327162466822,14.3885499859123,27.4073963810743,5.50979644077551,968.151196028525,194.300157776523,163.49722311007,64.7484749366053,162,0,198,0,0,0,383,29.2875516860096,382.666666666667,33.9094655199968,383,29.2875516860096,382.666666666667,33.9094655199968,NaN,NaN,0.0757163333333333,0.0065415937187941,0.616279666666667,0.112333646325847,0.540563333333333,0.110410770125309,0.0757163333333333,0.0065415937187941,0.0136720136720135,2.17554738434693,1,0,0.00178937773690982,0.00303312114256657,0.903574640513845,0.0233335129420366,905.333333333333,163.299385971563,386.333333333333,153.05863539489,2.00924211796339,0.399681944053119,143325,13472.699523909,65226,6080.07307648391,143325,13472.699523909,55104,6779.08710668331,121275,15235.3227074453,203.525736,0
sf_cf,fixed_packet,10,10,2,396,0.3,neighbor_stable,0.1,0.4,0,1,1,383,29.2875516860096,383,29.2875516860096,0,0,0,0,1933.1319312945,83.8103856668791,52.7908958161183,113.240246125143,1880.34103547838,136.202755025048,1933.1319312945,83.8103856668791,1422,198.715490472802,5129.7,414.462055421984,8917.47,2007.14946732155,1422,198.715490472802,5129.7,414.462055421984,8917.47,2007.14946732155,185.104938154149,5.50385733578883,0,0,1200.52318799835,121.174765188447,0,0,98.7129093258904,29.4660453885442,0,0,396,0,0,0,383,29.2875516860096,384.333333333333,27.3631273932776,766,58.5751033720192,768.666666666667,54.7262547865552,NaN,NaN,0.152196,0.0108357984477379,0.744175,0.0236111738349291,0.554095,0.00719770446431047,0.19008,0.0231330778556794,-0.153592153592154,2.87112126859608,1,0,0.00603034176242748,0.0155676254632228,0.903564386843362,0.0233463605330889,576.333333333333,78.4111815388174,95.6666666666667,34.2714985452287,1.24927502355023,0.074409205526627,21252,4852.56829698697,21252,4852.56829698697,45540,14690.0503847908,17556,4648.87241911743,37884,13571.5134239106,1.5110426,0
sf_cb,fixed_packet,10,10,2,396,0.4,neighbor_stable,0.2,0.5,0,1,1,383,29.2875516860096,383,29.2875516860096,0,0,0,0,1209.75817775217,163.013844799971,10.7464277353333,7.30529487033131,1199.01175001684,161.945044541286,1209.75817775217,163.013844799971,996,106.245904898459,2637,891.030659923147,3930.96,859.524100454165,996,106.245904898459,2637,891.030659923147,3930.96,859.524100454165,136.230220284755,8.19485142566458,0,0,350.347359565395,89.3938941204722,84.3040688594302,36.163265309209,34.1301013072559,46.1765970644618,198,0,396,0,0,0,383,29.2875516860096,383.333333333333,32.7993989243792,766,58.5751033720192,766.666666666667,65.5987978487584,NaN,NaN,0.1518,0.0129885619740542,0.463397666666667,0.0506198303789675,0.311597666666667,0.0521093144319689,0.1518,0.0129885619740542,-0.0382280382280385,1.02655468476732,1,0,0.00237134071857083,0.00592163056667859,0.903790347541699,0.0244468921095695,530.666666666667,49.3295794367579,65.3333333333333,84.8373338770921,1.17237424902654,0.233215136689201,6600,7640.98793451374,6600,7640.98793451374,13728,16507.2347215954,6204,7782.16078358308,12936,16797.7921076642,1.868735,0
sb_cf,fixed_packet,10,10,2,396,0.00334370152488211,self_stable_fallback,0.00223606797749979,0.00334370152488211,0,1,0.666666666666667,383,29.2875516860096,296.666666666667,350.512916799516,86.3333333333333,371.462352335037,86.3333333333333,371.462352335037,NaN,NaN,NaN,NaN,NaN,NaN,86876.7918885477,352464.120746382,NaN,NaN,NaN,NaN,NaN,NaN,18016.5,63578.1637849759,397513.8,1649304.03326489,566086.44,2315314.97209659,NaN,NaN,NaN,NaN,NaN,NaN,NaN,NaN,NaN,NaN,NaN,NaN,NaN,NaN,NaN,NaN,383,29.2875516860096,291.333333333333,379.596509430092,766,58.5751033720192,582.666666666667,759.193018860184,NaN,NaN,0.115361333333333,0.150306781099642,43.4238213333333,178.703193518972,42.2220513333333,174.516190981161,1.20177,4.1875101393571,109.300155528741,472.883668737528,0.780322307039864,0.945196825279992,NaN,NaN,0.80716517624575,0.391931035156812,6331.33333333333,24340.1312535819,1416.66666666667,5246.30026142694,10.9338508410197,40.5060010682152,2358522,9772408.07472004,668556,2602457.51938488,2358522,9772408.07472004,330426.333333333,1179152.90357686,1086408.66666667,4337607.93211326,37.8838506,0
sb_cb,fixed_packet,10,10,2,396,0.6,neighbor_stable,0.4,0.8,0,1,1,383,29.2875516860096,383,29.2875516860096,0,0,0,0,762.312348538865,61.6286222791984,1.77840574427214,5.19069974125088,760.533942794592,65.4767722435297,762.312348538865,61.6286222791984,639,0,1247.55,263.247198100364,2696.25,1290.52036597645,639,0,1247.55,263.247198100364,2696.25,1290.52036597645,0,0,42.6087637136801,6.14517901139771,7.3969922103411,0.602792272414868,85.9046456811596,35.6452649473508,30.6235411894115,24.5296573029567,198,0,396,0,0,0,383,29.2875516860096,383,31.7153471975832,766,58.5751033720192,766,63.4306943951663,NaN,NaN,0.151668,0.0125592774902429,0.291909333333333,0.032516625304376,0.139317333333333,0.0259919327317901,0.152592,0.0129885619740542,0.0341400341400339,0.747080548442131,1,0,0.00128114957297852,0.00285217231371523,0.903892465358984,0.0248476334859779,533.666666666667,89.9907244349687,70.3333333333333,66.3935860012717,1.18357676982445,0.17069941698327,2286,1589.72392378241,1986,1246.87134614849,2286,1589.72392378241,1836,682.170630583558,2124,951.693874504417,175.0365203,0
s7_clean,fixed_packet,10,10,2,396,0.6,neighbor_stable,0.2,0.8,0,1,1,383,29.2875516860096,383,29.2875516860096,0,0,0,0,680.198858436018,38.6663512811484,1.36712233730388,4.9135059061474,678.831736098714,43.5656091294063,680.198858436018,38.6663512811484,600,12.9079581892484,1089.15,150.444176971445,1728.72,422.488178733121,600,12.9079581892484,1089.15,150.444176971445,1728.72,422.488178733121,0,0,37.2322036706643,1.26579520958895,6.14592638360783,2.92914569976852,71.9086895264524,38.2712757501552,5.54491651798933,5.69607844315024,162,0,396,0,0,0,383,29.2875516860096,383,31.7153471975832,766,58.5751033720192,766,63.4306943951663,NaN,NaN,0.151668,0.0125592774902429,0.260394333333333,0.0169412448337931,0.108726333333333,0.0120889030575112,0.151668,0.0125592774902429,0.00915600915600897,0.528490221444951,1,0,0.00128006730620981,0.00285664761245604,0.903892465358984,0.0248476334859779,474.333333333333,31.4548471210306,13,12.4206885587516,1.03422787974067,0.0351609780441373,819,782.503379201354,399,393.851397200674,819,782.503379201354,399,393.851397200674,819,782.503379201354,25.1331492,0
s7_busy,fixed_packet,10,10,2,396,0.5,neighbor_stable,0.2,0.6,0,1,1,383,29.2875516860096,383,29.2875516860096,0,0,0,0,2523.08955830806,554.021244633422,57.4184959234439,55.1960703361717,2465.67106238462,501.02256645706,2523.08955830806,554.021244633422,1776,478.117462233192,6698.4,1898.60401023812,10543.65,5743.67290079866,1776,478.117462233192,6698.4,1898.60401023812,10543.65,5743.67290079866,0,0,91.8040123103763,25.1052494247214,23.0888363188169,6.45553955428498,1541.66015835873,357.6234061333,251.118055396693,112.973622411246,162,0,396,0,0,0,383,29.2875516860096,383.666666666667,32.4209316509691,766,58.5751033720192,767.333333333333,64.8418633019381,NaN,NaN,0.151826333333333,0.0124693470177244,0.966821666666667,0.256846634798549,0.814995333333333,0.248463822033565,0.151826333333333,0.0124693470177244,0.455800455800456,3.01394321978053,1,0,0.00276664315565697,0.0029089132706561,0.905251015343595,0.0236165539826217,1176,453.360236758258,595,293.128249986539,2.55011145306601,0.697368039575594,132447,35169.965265397,57477,12681.7059820587,132447,35169.965265397,47985,9360.43263299955,110439,25975.8122668585,178.7219171,0
sf_cf,fixed_packet,10,10,3,594,0.2,self_stable_fallback,0.1,0.2,0,1,1,383,29.2875516860096,383,29.2875516860096,0,0,0,0,5129.42732708978,1721.97878987461,287.988829049751,254.511519960982,4841.43849804002,1467.46769445801,5129.42732708978,1721.97878987461,3537,925.330460721174,14488.35,5848.58506567054,23759.94,19168.9497925449,3537,925.330460721174,14488.35,5848.58506567054,23759.94,19168.9497925449,271.337448835934,26.5089450595399,0,0,3659.15015815562,1186.04065675675,0,0,316.950891048466,308.523604748693,0,0,594,0,0,0,383,29.2875516860096,382.666666666667,32.3256224835017,1149,87.8626550580287,1148,96.976867450505,NaN,NaN,0.227344,0.019194553864346,1.97788166666667,0.81759120780523,1.62738166666667,0.671562565295593,0.3505,0.146554429883095,0.539200539200539,9.89328693285688,1,0,0.00708187554159441,0.00946028193206707,0.904202630061913,0.0266279597295678,689.333333333333,247.497089107749,206,211.851947980772,1.53358735866745,0.519400007994432,62766,53637.4729399569,62766,53637.4729399569,135432,121311.880828523,56826,56887.9418506242,123156,128182.903679439,1.2951272,0
sf_cb,fixed_packet,10,10,3,594,0.3,neighbor_stable,0.1,0.4,0,1,1,383,29.2875516860096,383,29.2875516860096,0,0,0,0,1696.10133622528,68.9502422066775,15.4055383865454,17.3532848747205,1680.69579783874,70.3920430212346,1696.10133622528,68.9502422066775,1375.5,63.5643223587184,3512.1,185.124602529049,5276.85,1460.47824632365,1375.5,63.5643223587184,3512.1,185.124602529049,5276.85,1460.47824632365,177.837222212126,5.36515950479281,0,0,509.221294941265,50.5570527464661,180.848604606663,54.563701894812,20.7886760786812,7.88423066046062,198,0,594,0,0,0,383,29.2875516860096,383,32.5791606614061,1149,87.8626550580287,1149,97.7374819842182,NaN,NaN,0.227608,0.019417518534851,0.650085666666667,0.0793966330944879,0.422477666666667,0.0601050048302695,0.227608,0.019417518534851,0.104124104124104,1.26722384828431,1,0,0.00197750877386872,0.00377411143893213,0.90432778460904,0.0226063336463187,509,59.1516954695558,40.3333333333333,17.9706947263001,1.10499331352869,0.0398193467700032,4488,1237.8186769164,4488,1237.8186769164,9438,3274.96038731181,3762,1301.33730033023,7986,3558.19755580741,1.6134361,0
sb_cf,fixed_packet,10,10,3,594,NaN,no_stable_q,NaN,NaN,0,1,0,NaN,NaN,NaN,NaN,NaN,NaN,NaN,NaN,NaN,NaN,NaN,NaN,NaN,NaN,NaN,NaN,NaN,NaN,NaN,NaN,NaN,NaN,NaN,NaN,NaN,NaN,NaN,NaN,NaN,NaN,NaN,NaN,NaN,NaN,NaN,NaN,NaN,NaN,NaN,NaN,NaN,NaN,NaN,NaN,NaN,NaN,NaN,NaN,NaN,NaN,NaN,NaN,NaN,NaN,NaN,NaN,NaN,NaN,NaN,NaN,NaN,NaN,NaN,NaN,NaN,NaN,NaN,NaN,NaN,NaN,NaN,NaN,NaN,NaN,NaN,NaN,NaN,NaN,NaN,NaN,NaN,NaN,NaN,NaN,NaN,NaN,21.0318842,0
sb_cb,fixed_packet,10,10,3,594,0.5,neighbor_stable,0.2,0.8,0,1,1,383,29.2875516860096,383,29.2875516860096,0,0,0,0,1052.62600048532,101.932445815823,5.36574132175129,5.06008620147196,1047.26025916357,106.933622260673,1052.62600048532,101.932445815823,837,0,1880.25,337.705959378866,3440.1,2895.80694414953,837,0,1880.25,337.705959378866,3440.1,2895.80694414953,0,0,43.5668577646982,5.77710699743002,12.0342371917462,1.84917966021201,165.156247494578,83.5897532473846,34.5029167125437,27.7859842406158,198,0,594,0,0,0,383,29.2875516860096,383.333333333333,32.7993989243792,1149,87.8626550580287,1150,98.3981967731377,NaN,NaN,0.227513333333333,0.0188753292468406,0.402911666666667,0.0213789995257881,0.174012333333333,0.0281692147657424,0.228899333333333,0.0190655258925961,-0.0472360472360476,1.36384966416402,1,0,0.00143397161713989,0.00309709740846504,0.903790347541699,0.0244468921095695,550,17.3889639822523,80,54.4813933579366,1.21019049346384,0.160475194373056,3282,2036.5142164606,2931,1706.97681476751,3282,2036.5142164606,2439,725.491557497397,2748,956.234924466383,102.0606869,0
s7_clean,fixed_packet,10,10,3,594,0.5,neighbor_stable,0.2,0.8,0,1,1,383,29.2875516860096,383,29.2875516860096,0,0,0,0,959.25217200747,74.8020201207351,3.39351802461006,7.38124693475961,955.85865398286,81.0165524145037,959.25217200747,74.8020201207351,801,0,1593,354.910172817334,2527.38,770.361954847799,801,0,1593,354.910172817334,2527.38,770.361954847799,0,0,37.4779827487971,2.32953315154606,9.76017225547345,1.85704153917182,145.969576609002,70.0183851283876,6.65092236958709,10.4828991819572,162,0,594,0,0,0,383,29.2875516860096,383.333333333333,32.7993989243792,1149,87.8626550580287,1150,98.3981967731377,NaN,NaN,0.227519333333333,0.0188946292632894,0.367385666666667,0.0360486542827251,0.139866333333333,0.0283702787637679,0.227519333333333,0.0188946292632894,0.0143640143640141,1.10515183999079,1,0,0.00157526832367845,0.0034107892461894,0.903790347541699,0.0244468921095695,481,54.4813933579366,15.6666666666667,24.8827449681701,1.04105507635548,0.0647092542096126,1239,1981.65536862493,609,1006.15857444196,1239,1981.65536862493,483,787.702794401347,987,1567.61293299472,27.8112137,0
s7_busy,fixed_packet,10,10,3,594,0.5,neighbor_stable,0.2,0.6,0,1,0.666666666666667,383,29.2875516860096,257.333333333333,519.566968501496,125.666666666667,540.700026371849,125.666666666667,540.700026371849,NaN,NaN,NaN,NaN,NaN,NaN,8992.89279162582,23724.863742022,NaN,NaN,NaN,NaN,NaN,NaN,7137,20188.2931699385,20038.2,45964.5236408053,23577.24,42508.3383656488,NaN,NaN,NaN,NaN,NaN,NaN,NaN,NaN,NaN,NaN,NaN,NaN,NaN,NaN,NaN,NaN,383,29.2875516860096,260.333333333333,506.577342553537,1149,87.8626550580287,781,1519.73202766061,NaN,NaN,0.154568333333333,0.301206516475413,63.3576626666667,266.939280068861,63.2030943333333,267.240301694676,0.154568333333333,0.301206516475413,130.16913016913,560.602843902315,0.680237489397795,1.37582703911412,NaN,NaN,0.734509267698112,0.718379416875645,85001.3333333333,360559.566175937,645.666666666667,267.207475115938,15.6730815011903,55.8344583582598,5585727,23522499.6253049,456393,1743891.28176134,5585727,23522499.6253049,235393,826628.258740225,2631822,10888512.1966269,155.5713239,0
sf_cf,fixed_packet,10,10,4,792,0.0875,neighbor_stable,0.05,0.1,0,1,1,383,29.2875516860096,383,29.2875516860096,0,0,0,0,19964.9899903899,9417.43066034999,3699.29892567487,3622.1697410789,16265.691064715,5799.28923405384,19964.9899903899,9417.43066034999,13042.5,6649.09274030907,62237.25,22743.4162324548,106359.12,62197.1681101782,13042.5,6649.09274030907,62237.25,22743.4162324548,106359.12,62197.1681101782,319.659959528409,46.562526012484,0,0,14490.785794108,5323.8197201045,0,0,663.24531107859,519.913988697566,0,0,792,0,0,0,383,29.2875516860096,384.333333333333,36.1980150877958,1532,117.150206744038,1537.33333333333,144.792060351183,NaN,NaN,0.304194666666667,0.0290893969996039,7.77440166666667,4.22078664167341,7.21019366666667,3.96066321095806,0.564208,0.260126092652716,-4.25357625357625,44.9708125150923,1,0,0.0184496493223646,0.0250194431679064,0.903598719845706,0.031955720314253,823.666666666667,342.43577807855,322.666666666667,274.655474421373,1.83743094833155,0.656457056436321,125664,88541.9545508924,125664,88541.9545508924,286968,241332.709545588,113381.333333333,84882.7291751856,260013.333333333,231517.609188734,0.8880548,0
sf_cb,fixed_packet,10,10,4,792,0.3,neighbor_stable,0.1,0.4,0,1,1,383,29.2875516860096,383,29.2875516860096,0,0,0,0,2132.30909360098,276.097945941875,42.6866914099956,71.2136485522657,2089.62240219098,263.451914503801,2132.30909360098,276.097945941875,1704,71.8684696029971,4456.8,784.493835833997,7082.91,3214.02537680615,1704,71.8684696029971,4456.8,784.493835833997,7082.91,3214.02537680615,230.490630922819,42.4924948296175,0,0,531.646102123957,143.352884504499,296.041101862057,140.478815685589,41.4445672821498,32.8047984688112,198,0,792,0,0,0,383,29.2875516860096,383,32.5791606614061,1532,117.150206744038,1532,130.316642645624,NaN,NaN,0.303409333333333,0.0259977848896418,0.819805,0.0660219673373493,0.516395666666667,0.0702672170416257,0.303409333333333,0.0259977848896418,-0.225064225064225,3.2814025755313,1,0,0.00666033919413685,0.0223640767513498,0.90384979415937,0.0230176730610436,554.333333333333,27.3631273932776,79.6666666666667,57.583433831718,1.20931599637449,0.165680800347531,9042,4570.14640398381,9042,4570.14640398381,18414,9486.63798759562,7847.33333333333,4977.61032380122,16024.6666666667,10416.0191465069,1.7459891,0
sb_cf,fixed_packet,10,10,4,792,NaN,no_stable_q,NaN,NaN,0,1,0,NaN,NaN,NaN,NaN,NaN,NaN,NaN,NaN,NaN,NaN,NaN,NaN,NaN,NaN,NaN,NaN,NaN,NaN,NaN,NaN,NaN,NaN,NaN,NaN,NaN,NaN,NaN,NaN,NaN,NaN,NaN,NaN,NaN,NaN,NaN,NaN,NaN,NaN,NaN,NaN,NaN,NaN,NaN,NaN,NaN,NaN,NaN,NaN,NaN,NaN,NaN,NaN,NaN,NaN,NaN,NaN,NaN,NaN,NaN,NaN,NaN,NaN,NaN,NaN,NaN,NaN,NaN,NaN,NaN,NaN,NaN,NaN,NaN,NaN,NaN,NaN,NaN,NaN,NaN,NaN,NaN,NaN,NaN,NaN,NaN,NaN,17.8375708,0
sb_cb,fixed_packet,10,10,4,792,0.6,neighbor_stable,0.4,0.8,0,1,1,383,29.2875516860096,383,29.2875516860096,0,0,0,0,1386.08509552942,157.546263823423,8.53371103967948,11.929354566692,1377.55138448974,167.74784185699,1386.08509552942,157.546263823423,1038,12.9079581892484,2662.2,913.566155240003,5014.47,1168.01229334282,1038,12.9079581892484,2662.2,913.566155240003,5014.47,1168.01229334282,0,0,47.056477432224,8.23411915335723,7.76079440196436,1.16281938426654,284.083370516029,117.742295095964,48.6507421395212,46.5562637378424,198,0,792,0,0,0,383,29.2875516860096,383.333333333333,32.7993989243792,1532,117.150206744038,1533.33333333333,131.197595697517,NaN,NaN,0.303413333333333,0.0253677970021194,0.530942666666667,0.0672352145271993,0.225681333333333,0.0559232031427857,0.305261333333333,0.0284759935208089,-0.0771920771920774,1.59201519799983,1,0,0.00160795806749052,0.00362473305592557,0.903790347541699,0.0244468921095695,599.666666666667,149.303358560659,117.666666666667,89.233232601816,1.30712437311733,0.228725532037701,4254,7049.06894015634,3678,5977.76449081864,4254,7049.06894015634,3393,5423.32437078672,3888,6282.50361657736,477.9697529,0
s7_clean,fixed_packet,10,10,4,792,0.4,neighbor_stable,0.2,0.8,0,1,1,383,29.2875516860096,383,29.2875516860096,0,0,0,0,1277.64480823029,116.6780530663,8.12617868432052,6.6456214910829,1269.51862954597,123.119548329348,1277.64480823029,116.6780530663,1014,12.9079581892484,2307.6,646.692569927941,3567.81,614.84377126351,1014,12.9079581892484,2307.6,646.692569927941,3567.81,614.84377126351,0,0,38.3202865722187,4.80851455740934,13.964043139766,2.85853578672073,252.793010259003,94.926518388192,10.4412895749842,21.638315508342,162,0,792,0,0,0,383,29.2875516860096,383.333333333333,32.7993989243792,1532,117.150206744038,1533.33333333333,131.197595697517,NaN,NaN,0.303401333333333,0.0253289957654134,0.489365666666667,0.0508224865672419,0.185964333333333,0.0433879243362808,0.303401333333333,0.0253289957654134,0.00500800500800471,1.24111422699333,1,0,0.00165375490020724,0.00367276347056995,0.903790347541699,0.0244468921095695,490.666666666667,64.6512449670033,24.6666666666667,51.7114501254226,1.06445240478385,0.133569848816926,1848,2840.10281504033,924,1420.05140752016,1848,2840.10281504033,777,1628.91067895081,1554,3257.82135790162,28.909505,0
s7_busy,fixed_packet,10,10,4,792,0.2,neighbor_stable,0.1,0.3,0,1,1,383,29.2875516860096,383,29.2875516860096,0,0,0,0,8905.10990634664,2440.85742374818,737.92845935363,604.595357939382,8167.18144699301,1972.64579903474,8905.10990634664,2440.85742374818,6130.5,2006.68938035531,25930.65,7687.26427548537,40409.13,16965.9607162881,6130.5,2006.68938035531,25930.65,7687.26427548537,40409.13,16965.9607162881,0,0,108.421428349997,25.4555553302846,108.605618773858,34.4705039193748,6670.25797229417,1799.10119718413,325.896427574986,114.549998986281,162,0,792,0,0,0,383,29.2875516860096,385.666666666667,36.8736195357035,1532,117.150206744038,1542.66666666667,147.494478142814,NaN,NaN,0.305641,0.0290375934167399,3.45406533333333,1.07609200792448,3.14842433333333,1.06236239614979,0.305641,0.0290375934167399,-2.82082282082282,14.337119661421,1,0,0.0162971369754656,0.0323609908572095,0.905798565382184,0.0106626880387284,1403.66666666667,191.171035129186,769.333333333333,244.839886049168,3.01170634305547,0.707098759174572,125727,23314.0487821267,53172,9263.99402152058,125727,23314.0487821267,44058,12382.6884554452,104370,32485.2329836189,160.4724639,0
sf_cf,fixed_packet,10,10,5,990,NaN,no_stable_q,NaN,NaN,0,1,0,NaN,NaN,NaN,NaN,NaN,NaN,NaN,NaN,NaN,NaN,NaN,NaN,NaN,NaN,NaN,NaN,NaN,NaN,NaN,NaN,NaN,NaN,NaN,NaN,NaN,NaN,NaN,NaN,NaN,NaN,NaN,NaN,NaN,NaN,NaN,NaN,NaN,NaN,NaN,NaN,NaN,NaN,NaN,NaN,NaN,NaN,NaN,NaN,NaN,NaN,NaN,NaN,NaN,NaN,NaN,NaN,NaN,NaN,NaN,NaN,NaN,NaN,NaN,NaN,NaN,NaN,NaN,NaN,NaN,NaN,NaN,NaN,NaN,NaN,NaN,NaN,NaN,NaN,NaN,NaN,NaN,NaN,NaN,NaN,NaN,NaN,0.4279296,0
sf_cb,fixed_packet,10,10,5,990,0.2,neighbor_stable,0.1,0.3,0,1,1,383,29.2875516860096,383,29.2875516860096,0,0,0,0,3261.46259830609,219.346841255801,99.6908859815002,72.1485946427462,3161.77171232459,152.212379417341,3261.46259830609,219.346841255801,2542.5,164.671351018184,7945.8,2329.72447231922,12240.51,4245.10014314602,2542.5,164.671351018184,7945.8,2329.72447231922,12240.51,4245.10014314602,286.644859434445,52.5596976341064,0,0,918.574523635687,19.0018691848547,730.890254214187,91.1297069454822,37.6620750402738,11.5602614633485,198,0,990,0,0,0,383,29.2875516860096,383.666666666667,33.5435253240933,1915,146.437758430048,1918.33333333333,167.717626620467,NaN,NaN,0.379962666666667,0.0330700408434933,1.254171,0.171068393918823,0.874208333333333,0.141969554078699,0.379962666666667,0.0330700408434933,0.142056142056142,4.21875501265875,1,0,0.00611128699004966,0.0180736149553186,0.904542119798178,0.025984173526992,548.333333333333,48.0623408084604,72.6666666666667,16.5402039763223,1.1902125002034,0.0583851589058006,8382,1135.90032065386,8382,1135.90032065386,17226,2555.77572147118,6996,1581.10633126594,14388,3274.96038731181,1.8995498,0
sb_cf,fixed_packet,10,10,5,990,NaN,no_stable_q,NaN,NaN,0,1,0,NaN,NaN,NaN,NaN,NaN,NaN,NaN,NaN,NaN,NaN,NaN,NaN,NaN,NaN,NaN,NaN,NaN,NaN,NaN,NaN,NaN,NaN,NaN,NaN,NaN,NaN,NaN,NaN,NaN,NaN,NaN,NaN,NaN,NaN,NaN,NaN,NaN,NaN,NaN,NaN,NaN,NaN,NaN,NaN,NaN,NaN,NaN,NaN,NaN,NaN,NaN,NaN,NaN,NaN,NaN,NaN,NaN,NaN,NaN,NaN,NaN,NaN,NaN,NaN,NaN,NaN,NaN,NaN,NaN,NaN,NaN,NaN,NaN,NaN,NaN,NaN,NaN,NaN,NaN,NaN,NaN,NaN,NaN,NaN,NaN,NaN,16.6549437,0
sb_cb,fixed_packet,10,10,5,990,0.6,self_stable_fallback,0.6,0.8,0,1,1,383,29.2875516860096,383,29.2875516860096,0,0,0,0,1834.44949934311,84.4151431144253,20.6823347810889,7.9982692475068,1813.76716456202,83.1145743970902,1834.44949934311,84.4151431144253,1245,12.9079581892484,4135.65,1235.23107009921,7611.24,2431.30122942111,1245,12.9079581892484,4135.65,1235.23107009921,7611.24,2431.30122942111,0,0,53.7629232760823,3.2467083459917,8.91494637460702,1.82315946707367,483.296881891582,76.4054972631635,79.7924130197515,7.28806030734732,198,0,990,0,0,0,383,29.2875516860096,382.666666666667,33.9094655199968,1915,146.437758430048,1913.33333333333,169.547327599984,NaN,NaN,0.379027333333333,0.0319140427404597,0.702787666666667,0.0880676454739306,0.320130333333333,0.0555694584711325,0.382657333333333,0.0332459906268084,-0.0705440705440706,2.1589399828253,1,0,0.00207594241270655,0.00238590261646932,0.903574640513845,0.0233335129420366,684,55.4914330802435,189,39.0412886854702,1.49341453544673,0.0901863429442137,7848,2860.6784563752,6726,2867.42672094685,7848,2860.6784563752,5949,1649.44312280982,6924,1622.91589430876,1234.1238544,0
s7_clean,fixed_packet,10,10,5,990,0.2,neighbor_stable,0.1,0.5,0,1,1,383,29.2875516860096,383,29.2875516860096,0,0,0,0,1678.2366019898,113.256978973523,17.6815805086422,7.21005419995963,1660.55502148116,112.040982216939,1678.2366019898,113.256978973523,1264.5,33.5358591086294,3368.4,298.293948983213,4754.31,188.115190528823,1264.5,33.5358591086294,3368.4,298.293948983213,4754.31,188.115190528823,0,0,37.5719576555553,1.0267758426544,35.8159986787404,4.15852620231842,428.093255696863,103.229741742125,7.07380944999898,4.62049129194478,162,0,990,0,0,0,383,29.2875516860096,382.666666666667,33.9094655199968,1915,146.437758430048,1913.33333333333,169.547327599984,NaN,NaN,0.378934333333333,0.0318873738446199,0.642475666666667,0.0560504423865877,0.263541333333333,0.0423625326305863,0.378934333333333,0.0318873738446199,-0.0324600324600325,1.77253627003266,1,0,0.00234721582194647,0.00224087088587017,0.903574640513845,0.0233335129420366,481.333333333333,46.1630949897354,16.6666666666667,10.3422900250845,1.04366549043209,0.0285215511848442,1260,1128.54242277373,630,564.271211386865,1260,1128.54242277373,525,325.782135790162,1050,651.564271580325,29.4522445,0
s7_busy,fixed_packet,10,10,5,990,NaN,no_stable_q,NaN,NaN,0,1,0,NaN,NaN,NaN,NaN,NaN,NaN,NaN,NaN,NaN,NaN,NaN,NaN,NaN,NaN,NaN,NaN,NaN,NaN,NaN,NaN,NaN,NaN,NaN,NaN,NaN,NaN,NaN,NaN,NaN,NaN,NaN,NaN,NaN,NaN,NaN,NaN,NaN,NaN,NaN,NaN,NaN,NaN,NaN,NaN,NaN,NaN,NaN,NaN,NaN,NaN,NaN,NaN,NaN,NaN,NaN,NaN,NaN,NaN,NaN,NaN,NaN,NaN,NaN,NaN,NaN,NaN,NaN,NaN,NaN,NaN,NaN,NaN,NaN,NaN,NaN,NaN,NaN,NaN,NaN,NaN,NaN,NaN,NaN,NaN,NaN,NaN,94.8768789,0
sf_cf,fixed_packet,10,10,6,1188,NaN,no_stable_q,NaN,NaN,0,1,0,NaN,NaN,NaN,NaN,NaN,NaN,NaN,NaN,NaN,NaN,NaN,NaN,NaN,NaN,NaN,NaN,NaN,NaN,NaN,NaN,NaN,NaN,NaN,NaN,NaN,NaN,NaN,NaN,NaN,NaN,NaN,NaN,NaN,NaN,NaN,NaN,NaN,NaN,NaN,NaN,NaN,NaN,NaN,NaN,NaN,NaN,NaN,NaN,NaN,NaN,NaN,NaN,NaN,NaN,NaN,NaN,NaN,NaN,NaN,NaN,NaN,NaN,NaN,NaN,NaN,NaN,NaN,NaN,NaN,NaN,NaN,NaN,NaN,NaN,NaN,NaN,NaN,NaN,NaN,NaN,NaN,NaN,NaN,NaN,NaN,NaN,0.3360273,0
sf_cb,fixed_packet,10,10,6,1188,0.2,neighbor_stable,0.1,0.3,0,1,1,383,29.2875516860096,383,29.2875516860096,0,0,0,0,4188.45191598671,674.532352775226,156.076310649929,87.2193645634971,4032.37560533678,607.086239785091,4188.45191598671,674.532352775226,3114,704.253041281218,10448.85,1461.78238291476,15891.45,7782.24592284751,3114,704.253041281218,10448.85,1461.78238291476,15891.45,7782.24592284751,367.639242370955,7.52884447172058,0,0,1049.27547684535,203.905511634557,1169.73792880805,368.451592582989,59.7229573124127,35.6479022472877,198,0,1188,0,0,0,383,29.2875516860096,384.333333333333,33.5435253240933,2298,175.725310116057,2306,201.26115194456,NaN,NaN,0.456397333333333,0.0381915744002272,1.61768566666667,0.397042813522787,1.16128833333333,0.360201301380934,0.456397333333333,0.0381915744002272,-0.177880177880178,5.20241014533883,1,0,0.00850614867987178,0.0166152955222166,0.904856800011613,0.0265847009611545,598.333333333333,120.917386032837,116,77.0082690642602,1.30163109753744,0.180039910339837,12672,7683.08736020978,12672,7683.08736020978,27126,16372.3393751591,10956,8011.9229613409,23562,17292.1937746042,1.8528324,0
sb_cf,fixed_packet,10,10,6,1188,NaN,no_stable_q,NaN,NaN,0,1,0,NaN,NaN,NaN,NaN,NaN,NaN,NaN,NaN,NaN,NaN,NaN,NaN,NaN,NaN,NaN,NaN,NaN,NaN,NaN,NaN,NaN,NaN,NaN,NaN,NaN,NaN,NaN,NaN,NaN,NaN,NaN,NaN,NaN,NaN,NaN,NaN,NaN,NaN,NaN,NaN,NaN,NaN,NaN,NaN,NaN,NaN,NaN,NaN,NaN,NaN,NaN,NaN,NaN,NaN,NaN,NaN,NaN,NaN,NaN,NaN,NaN,NaN,NaN,NaN,NaN,NaN,NaN,NaN,NaN,NaN,NaN,NaN,NaN,NaN,NaN,NaN,NaN,NaN,NaN,NaN,NaN,NaN,NaN,NaN,NaN,NaN,16.9156963,0
sb_cb,fixed_packet,10,10,6,1188,0.00707106781186547,neighbor_stable,0.005,0.01,0,1,1,383,29.2875516860096,383,29.2875516860096,0,0,0,0,5639.66297255607,281.226697751307,297.588461320554,164.153641712273,5342.07451123552,442.237581957649,5639.66297255607,281.226697751307,4072.5,469.901094339583,15042.3,2176.70470171348,25874.31,8737.99381424776,4072.5,469.901094339583,15042.3,2176.70470171348,25874.31,8737.99381424776,0,0,42.7593693444265,3.20036617405998,1514.90776229301,292.226800988465,2353.09384641534,113.775881210025,45.3135331827497,34.4579868018904,198,0,1188,0,0,0,383,29.2875516860096,384,33.6047920880646,2298,175.725310116057,2304,201.628752528388,NaN,NaN,0.456120666666667,0.0377855577498498,2.171211,0.101893928215723,1.70835833333333,0.0728694475666749,0.462852666666667,0.0303809362038283,-0.175152175152175,7.64306588313432,1,0,0.00845353092985553,0.0205183006286889,0.906135400988791,0.0216111332165637,542.666666666667,29.63664090835,71.6666666666667,29.63664090835,1.1877602595674,0.0888990603905551,8790,9622.69020436752,8598,9319.65308037061,8790,9622.69020436752,7683,7594.69641870612,7854,7865.72463286123,454.3479413,0
s7_clean,fixed_packet,10,10,6,1188,0.2,neighbor_stable,0.1,0.5,0,1,1,383,29.2875516860096,383,29.2875516860096,0,0,0,0,2166.65707691633,89.3507377328938,28.7988012455758,6.05351703185492,2137.85827567076,95.3212742625844,2166.65707691633,89.3507377328938,1558.5,93.7494615369151,4514.4,824.118292479902,7279.74,951.836617880644,1558.5,93.7494615369151,4514.4,824.118292479902,7279.74,951.836617880644,0,0,38.3103112763517,2.8185933436557,38.5549469732359,1.10256525896684,700.596616677588,105.38425145189,10.3964007435826,12.6836700464507,162,0,1188,0,0,0,383,29.2875516860096,383,33.6047920880646,2298,175.725310116057,2298,201.628752528388,NaN,NaN,0.455037666666667,0.03864543907153,0.830404333333333,0.0913606215735,0.375366666666667,0.0565139067670433,0.455037666666667,0.03864543907153,-0.0812760812760815,2.44480198943999,1,0,0.00317727353785393,0.00480677601983171,0.90443711661366,0.023612173183859,493.666666666667,14.5557186654918,24.3333333333333,27.6993422530854,1.06417531323199,0.078294259545992,2037,1827.3310928994,1008,871.358885702273,2037,1827.3310928994,756,828.123736573782,1533,1745.05856194438,32.1618587,0
s7_busy,fixed_packet,10,10,6,1188,NaN,no_stable_q,NaN,NaN,0,1,0,NaN,NaN,NaN,NaN,NaN,NaN,NaN,NaN,NaN,NaN,NaN,NaN,NaN,NaN,NaN,NaN,NaN,NaN,NaN,NaN,NaN,NaN,NaN,NaN,NaN,NaN,NaN,NaN,NaN,NaN,NaN,NaN,NaN,NaN,NaN,NaN,NaN,NaN,NaN,NaN,NaN,NaN,NaN,NaN,NaN,NaN,NaN,NaN,NaN,NaN,NaN,NaN,NaN,NaN,NaN,NaN,NaN,NaN,NaN,NaN,NaN,NaN,NaN,NaN,NaN,NaN,NaN,NaN,NaN,NaN,NaN,NaN,NaN,NaN,NaN,NaN,NaN,NaN,NaN,NaN,NaN,NaN,NaN,NaN,NaN,NaN,88.2162368,0
sf_cf,fixed_packet,15,15,1,198,0.4,self_stable_fallback,0.2,0.4,0,1,1,584,38.803471516211,584,38.803471516211,0,0,0,0,738.43084959759,91.995082080237,6.97346543459618,12.4375063682669,731.457384162994,100.063089406012,738.43084959759,91.995082080237,546,25.8159163784968,1853.1,717.305120143872,3326.4,1815.3232547231,546,25.8159163784968,1853.1,717.305120143872,3326.4,1815.3232547231,96.1113623461238,4.89381572547811,0,0,384.125289158416,57.2147354454762,0,0,53.2207326584535,46.1190543325229,0,0,198,0,0,0,584,38.803471516211,584.666666666667,42.4731857761048,584,38.803471516211,584.666666666667,42.4731857761048,NaN,NaN,0.115764,0.00840969078366875,0.432626,0.073105917895196,0.28571,0.04188899098523,0.146916,0.0322646182683136,-0.228656228656229,0.713568015422074,1,0,0.00317904413040943,0.00651597092237325,0.934353476712611,0.00868995737173017,903.333333333333,118.5465636334,157.333333333333,141.319564722013,1.2687915790831,0.232924516830924,18084,11869.3430833711,18084,11869.3430833711,38346,26296.4604228255,14784,12504.5807483621,31152,27981.2738149587,2.2673195,0
sf_cb,fixed_packet,15,15,1,198,0.3,neighbor_stable,0.1,0.4,0,1,1,584,38.803471516211,584,38.803471516211,0,0,0,0,1271.1139452374,29.2656056280905,18.3453845348722,20.7752230423836,1252.76856070253,47.435057142658,1271.1139452374,29.2656056280905,951,34.1512473023708,3152.1,54.9612310913485,4944.78000000001,1315.13537607938,951,34.1512473023708,3152.1,54.9612310913485,4944.78000000001,1315.13537607938,120.147457709074,10.3463875301236,0,0,580.757886862127,60.2610196196476,101.465758603126,24.6594802076316,54.3974575281996,7.93968416855978,198,0,198,0,0,0,584,38.803471516211,586,41.3442913514118,584,38.803471516211,586,41.3442913514118,NaN,NaN,0.116028,0.00818616968757953,0.745736,0.0366578136918538,0.629708,0.0288379601069182,0.116028,0.00818616968757953,-0.268040268040268,1.33282857195583,1,0,0.00469809467178091,0.0109332135032034,0.934067717961523,0.0103835294498269,902,57.8862722311647,160.333333333333,18.3108642419671,1.27473463398081,0.0400994149927262,17688,4240.65227203406,17688,4240.65227203406,38082,9890.32655601499,14850,1703.85048098079,31878,4026.04161390851,2.1878891,0
sb_cf,fixed_packet,15,15,1,198,0.01,self_stable_fallback,0.01,0.01,1,1,1,584,38.803471516211,584,38.803471516211,0,0,0,0,1589.83762880693,245.809028360301,47.0691670428861,80.1383565173784,1542.76846176405,201.52813460604,1589.83762880693,245.809028360301,1066.5,172.092662874931,4684.2,1255.62789441409,8681.87999999999,8351.58095571218,1066.5,172.092662874931,4684.2,1255.62789441409,8681.87999999999,8351.58095571218,0,0,49.2810909206669,4.9730560931969,1209.34992720395,160.685018960497,13.0914435757634,13.3346503304334,73.0460000636679,27.3518085125829,0,0,198,0,0,0,584,38.803471516211,585,43.3124209894322,584,38.803471516211,585,43.3124209894322,NaN,NaN,0.115823333333333,0.00855879333828125,0.930403333333333,0.205481906681028,0.771812,0.178693992840121,0.158591333333333,0.0269243329012371,-0.398196443141212,1.74523509421657,1,0,0.00119021629479232,0.00170983731434544,0.934511168629905,0.00935939683646467,967,108.024292931025,216,93.5105460481448,1.36891919224075,0.138140447033247,50952,16761.7478802182,36660,11521.992275644,50952,16761.7478802182,30498,12094.4468630474,42768,18515.0881175327,38.4207668,0
sb_cb,fixed_packet,15,15,1,198,0.2,neighbor_stable,0.1,0.5,0,1,1,584,38.803471516211,584,38.803471516211,0,0,0,0,637.033186294229,150.129477401404,4.90220657535145,10.487683324205,632.130979718877,140.260141367952,637.033186294229,150.129477401404,474,12.9079581892484,1249.8,349.240785352811,3807.24000000001,4283.40709260571,474,12.9079581892484,1249.8,349.240785352811,3807.24000000001,4283.40709260571,0,0,47.2470724820548,12.7385056589278,46.8848013609498,8.82160292326394,91.9955285955728,63.2695458034021,50.0035772802999,55.9237056703206,198,0,198,0,0,0,584,38.803471516211,585,41.0446910899164,584,38.803471516211,585,41.0446910899164,NaN,NaN,0.11583,0.00812684883580345,0.373444,0.098964604529906,0.254446,0.0908746699864451,0.118998,0.0111728947836339,-0.180572180572181,0.736331529038734,1,0,0.00324950934115689,0.0127182917568988,0.934474409474566,0.00836696524803827,949,165.358507181928,183,213.158702563682,1.31241868005708,0.353847379414662,7806,5761.80949141713,6996,4951.22423089637,7806,5761.80949141713,5442,5983.82369392682,6024,6920.83263109955,61.4696353,0
s7_clean,fixed_packet,15,15,1,198,0.5,neighbor_stable,0.2,0.8,0,1,1,584,38.803471516211,584,38.803471516211,0,0,0,0,474.811975402965,52.2746934148965,1.64180073102335,2.64670573624887,473.170174671941,53.2443783669334,474.811975402965,52.2746934148965,405,0,800.7,173.327493491367,1282.56,506.146832815571,405,0,800.7,173.327493491367,1282.56,506.146832815571,0,0,37.2833841711934,2.41011835618048,9.34628860711016,1.18171876421824,60.7652731232678,39.7368699131365,5.77522877037011,10.8455326028122,162,0,198,0,0,0,584,38.803471516211,585,41.0446910899164,584,38.803471516211,585,41.0446910899164,NaN,NaN,0.115826333333333,0.00811776308535618,0.277732,0.0428881082450323,0.161905666666667,0.0369575212104761,0.115826333333333,0.00811776308535618,-0.093864093864094,0.528257966330322,1,0,0.00119190352204332,0.00368265444540684,0.934474409474566,0.00836696524803827,740.666666666667,40.8437366827623,21,39.978412978425,1.03564956031093,0.0669477321161242,1953,2174.176873422,945,951.956446967547,1953,2174.176873422,630,1128.54242277373,1323,2518.64001764078,28.5910523,0
s7_busy,fixed_packet,15,15,1,198,0.4,neighbor_stable,0.2,0.5,0,1,1,584,38.803471516211,584,38.803471516211,0,0,0,0,2487.50102622298,1875.72254720188,235.1822063993,798.184629504895,2252.31881982368,1077.54168511139,2487.50102622298,1875.72254720188,1446,164.797778177704,7644,8149.36107245412,19743,43356.4540679835,1446,164.797778177704,7644,8149.36107245412,19743,43356.4540679835,0,0,104.036913881437,64.1503943363949,38.8462001593627,26.4062046802628,1443.26959331641,699.450309058531,306.166112466466,288.676774513777,162,0,198,0,0,0,584,38.803471516211,586.333333333333,42.2546883725189,584,38.803471516211,586.333333333333,42.2546883725189,NaN,NaN,0.116069333333333,0.00847091736758381,1.46572666666667,1.19640450519418,1.34965733333333,1.19072572984336,0.116069333333333,0.00847091736758381,-0.325724325724326,7.75868968514994,1,0,0.00438443213742513,0.0182865403028158,0.933613098574437,0.0106433347851322,2029.66666666667,1125.45512414633,1107.33333333333,1088.45019856576,2.88991427448436,1.78195539823319,209097,71348.5190876447,87570,18007.1013299668,209097,71348.5190876447,72807,20777.0979390585,175140,76556.8290638248,235.8163589,0
sf_cf,fixed_packet,15,15,2,396,0.2,self_stable_fallback,0.1,0.2,0,1,0.666666666666667,584,38.803471516211,400.333333333333,769.41863204567,183.666666666667,790.253884697318,183.666666666667,790.253884697318,NaN,NaN,NaN,NaN,NaN,NaN,68561.3301037139,280523.448589594,NaN,NaN,NaN,NaN,NaN,NaN,4035,7744.20479107789,452140.05,1901291.40060406,581339.76,2429376.32429278,NaN,NaN,NaN,NaN,NaN,NaN,NaN,NaN,NaN,NaN,NaN,NaN,NaN,NaN,NaN,NaN,584,38.803471516211,401,766.552734009274,1168,77.606943032422,802,1533.10546801855,NaN,NaN,0.158789333333333,0.303583541555545,90.948456,382.898366604965,88.3704746666667,373.293614469204,2.57798133333333,9.60489689348618,192.530232530233,833.916750672731,0.690796857463524,1.33039374528168,NaN,NaN,0.819977806477868,0.482740437113775,13453.6666666667,53280.8793513221,1366,4614.11578513505,28.5466944880619,116.346487416025,699336,2725558.49838716,699336,2725558.49838716,5117904,21394548.783593,354460,1296174.4845623,2419192,9908133.10625181,1.8977066,0
sf_cb,fixed_packet,15,15,2,396,0.3,neighbor_stable,0.1,0.4,0,1,1,584,38.803471516211,584,38.803471516211,0,0,0,0,1725.91613302589,237.157641170405,26.6390637947617,17.6143749440796,1699.27706923113,246.990720039474,1725.91613302589,237.157641170405,1254,205.009099235206,4326,1060.82057933397,6622.92,2518.03933044375,1254,205.009099235206,4326,1060.82057933397,6622.92,2518.03933044375,162.987162716845,16.9730298092555,0,0,611.826957257611,123.301520499395,257.494596186292,90.861465441008,72.9683530703849,52.8781992960489,198,0,396,0,0,0,584,38.803471516211,586,46.006874254099,1168,77.606943032422,1172,92.013748508198,NaN,NaN,0.232056,0.0182187222046232,1.01867933333333,0.138937175184611,0.786623333333333,0.129540935563785,0.232056,0.0182187222046232,-0.335928335928336,2.39080489272299,1,0,0.0110242690656227,0.0444578938702586,0.934727630154052,0.0102802606185148,987.666666666667,207.783431524158,215.333333333333,160.189969132983,1.36852703570901,0.267061612606307,25476,18419.0186158012,25476,18419.0186158012,55044,40413.3555913617,20460,12753.6113980436,44220,27254.2115080051,2.3276699,0
sb_cf,fixed_packet,15,15,2,396,NaN,no_stable_q,NaN,NaN,0,1,0,NaN,NaN,NaN,NaN,NaN,NaN,NaN,NaN,NaN,NaN,NaN,NaN,NaN,NaN,NaN,NaN,NaN,NaN,NaN,NaN,NaN,NaN,NaN,NaN,NaN,NaN,NaN,NaN,NaN,NaN,NaN,NaN,NaN,NaN,NaN,NaN,NaN,NaN,NaN,NaN,NaN,NaN,NaN,NaN,NaN,NaN,NaN,NaN,NaN,NaN,NaN,NaN,NaN,NaN,NaN,NaN,NaN,NaN,NaN,NaN,NaN,NaN,NaN,NaN,NaN,NaN,NaN,NaN,NaN,NaN,NaN,NaN,NaN,NaN,NaN,NaN,NaN,NaN,NaN,NaN,NaN,NaN,NaN,NaN,NaN,NaN,28.1116353,0
sb_cb,fixed_packet,15,15,2,396,0.4,self_stable_fallback,0.4,0.5,0,1,0.666666666666667,584,38.803471516211,493,371.434663705085,91,391.541398407201,91,391.541398407201,NaN,NaN,NaN,NaN,NaN,NaN,1207.05678243962,587.110122394873,NaN,NaN,NaN,NaN,NaN,NaN,663,12.9079581892484,3821.85,4489.3633170743,9321.72000000001,11341.2920512368,NaN,NaN,NaN,NaN,NaN,NaN,NaN,NaN,NaN,NaN,NaN,NaN,NaN,NaN,NaN,NaN,584,38.803471516211,493.666666666667,368.80313079982,1168,77.606943032422,987.333333333333,737.60626159964,NaN,NaN,0.195601,0.146241810908842,23.131622,96.8343632127274,22.908961,96.8925070935741,0.222661,0.0599093203540321,189.237997237997,812.810265821187,0.846801346801347,0.659160603379126,NaN,NaN,0.921888988674189,0.0450892778090298,66532.6666666667,281157.638092554,431,217.798110859615,1.95436782428213,1.06627212301386,1226862,5209912.6663192,453561,1892330.38322134,1226862,5209912.6663192,146620,580387.997142539,365677,1514527.19222867,1555.9576984,0
s7_clean,fixed_packet,15,15,2,396,0.4,neighbor_stable,0.2,0.6,0,1,1,584,38.803471516211,584,38.803471516211,0,0,0,0,797.624840528772,62.258656217819,5.12302792271874,4.34249303010196,792.501812606053,63.6146948564596,797.624840528772,62.258656217819,613.5,6.45397909462419,1621.5,207.649693918907,2734.92,440.895644795939,613.5,6.45397909462419,1621.5,207.649693918907,2734.92,440.895644795939,0,0,38.6550012106549,2.32395848395477,14.8583997987708,0.405788852626162,169.04090614868,55.5906276118011,11.9475054479471,10.4578131777964,162,0,396,0,0,0,584,38.803471516211,584.666666666667,42.4731857761048,1168,77.606943032422,1169.33333333333,84.9463715522095,NaN,NaN,0.231649,0.016300831976565,0.466976,0.0607178505465357,0.235327,0.0469763696626693,0.231649,0.016300831976565,-0.124516124516125,0.961479719271337,1,0,0.002183870511441,0.00748556989484959,0.934353476712611,0.00868995737173017,764.333333333333,77.9771315735135,43.3333333333333,39.9269275572206,1.0737500336293,0.0645544023320767,3444,3486.60652740212,1701,1763.67304662304,3444,3486.60652740212,1386,1355.33560987108,2814,2666.64170821653,28.5443852,0
s7_busy,fixed_packet,15,15,2,396,0.2,self_stable_fallback,0.1,0.2,0,1,1,584,38.803471516211,584,38.803471516211,0,0,0,0,7608.10871982647,9892.96872843838,1238.28478806063,4040.88830784265,6369.82393176585,5884.10503564933,7608.10871982647,9892.96872843838,4237.5,2647.38257529961,27200.1,52151.7545329014,42644.82,85450.7405510472,4237.5,2647.38257529961,27200.1,52151.7545329014,42644.82,85450.7405510472,0,0,138.378358120408,180.678711650223,141.838511475658,181.13774156992,5070.90445062795,4717.01166180356,460.702611541834,813.054202426002,162,0,396,0,0,0,584,38.803471516211,588.666666666667,46.8925546426261,1168,77.606943032422,1177.33333333333,93.7851092852523,NaN,NaN,0.233112,0.01856945163848,4.571038,6.40826032657461,4.337926,6.39237172680813,0.233112,0.01856945163848,-5.11158111158111,29.9774822751133,1,0,0.0137354027187076,0.0538896223586806,0.93204846837134,0.00852521898593089,2632.66666666667,3184.01567216146,1674.66666666667,3018.40859845655,3.84384328112243,5.01885310139507,228858,221672.660452298,90300,61429.7216199755,228858,221672.660452298,78057,65334.6743644421,200550,230335.307162606,182.0711804,0
sf_cf,fixed_packet,15,15,3,594,NaN,no_stable_q,NaN,NaN,0,1,0,NaN,NaN,NaN,NaN,NaN,NaN,NaN,NaN,NaN,NaN,NaN,NaN,NaN,NaN,NaN,NaN,NaN,NaN,NaN,NaN,NaN,NaN,NaN,NaN,NaN,NaN,NaN,NaN,NaN,NaN,NaN,NaN,NaN,NaN,NaN,NaN,NaN,NaN,NaN,NaN,NaN,NaN,NaN,NaN,NaN,NaN,NaN,NaN,NaN,NaN,NaN,NaN,NaN,NaN,NaN,NaN,NaN,NaN,NaN,NaN,NaN,NaN,NaN,NaN,NaN,NaN,NaN,NaN,NaN,NaN,NaN,NaN,NaN,NaN,NaN,NaN,NaN,NaN,NaN,NaN,NaN,NaN,NaN,NaN,NaN,NaN,0.7779112,0
sf_cb,fixed_packet,15,15,3,594,0.2,neighbor_stable,0.1,0.3,0,1,1,584,38.803471516211,584,38.803471516211,0,0,0,0,3058.58654416141,530.424995548714,177.137464741484,223.776875531368,2881.44907941993,355.478377506612,3058.58654416141,530.424995548714,2068.5,167.430697488658,8752.5,2811.1248170302,16808.9999999999,13767.1019332898,2068.5,167.430697488658,8752.5,2811.1248170302,16808.9999999999,13767.1019332898,222.528636450456,23.4516707234317,0,0,1061.91175627925,131.915404248068,729.260166969089,185.013910296473,75.7485197211346,24.3978555347274,198,0,594,0,0,0,584,38.803471516211,586.333333333333,44.59932415519,1752,116.410414548633,1759,133.79797246557,NaN,NaN,0.348381333333333,0.0260729349277998,1.79588866666667,0.41239766471941,1.44750733333333,0.393526228037698,0.348381333333333,0.0260729349277998,-1.89134589134589,11.1201214844259,1,0,0.00444142909718341,0.0177657328530625,0.933481500364175,0.00891470269178075,965,134.21242252107,223.333333333333,72.0542688799051,1.38256828141987,0.123221492599633,22968,8404.89483757942,22968,8404.89483757942,50556,22616.6140293777,20130,5213.08950180659,44550,15499.4212695929,2.3687633,0
sb_cf,fixed_packet,15,15,3,594,NaN,no_stable_q,NaN,NaN,0,1,0,NaN,NaN,NaN,NaN,NaN,NaN,NaN,NaN,NaN,NaN,NaN,NaN,NaN,NaN,NaN,NaN,NaN,NaN,NaN,NaN,NaN,NaN,NaN,NaN,NaN,NaN,NaN,NaN,NaN,NaN,NaN,NaN,NaN,NaN,NaN,NaN,NaN,NaN,NaN,NaN,NaN,NaN,NaN,NaN,NaN,NaN,NaN,NaN,NaN,NaN,NaN,NaN,NaN,NaN,NaN,NaN,NaN,NaN,NaN,NaN,NaN,NaN,NaN,NaN,NaN,NaN,NaN,NaN,NaN,NaN,NaN,NaN,NaN,NaN,NaN,NaN,NaN,NaN,NaN,NaN,NaN,NaN,NaN,NaN,NaN,NaN,20.5365974,0
sb_cb,fixed_packet,15,15,3,594,0.01,neighbor_stable,0.005,0.014142135623731,0,1,1,584,38.803471516211,584,38.803471516211,0,0,0,0,3499.05688389964,1607.90657569818,194.65033639084,381.833077900432,3304.4065475088,1229.41830725781,3499.05688389964,1607.90657569818,2379,485.251679345566,10055.4,9558.39977820554,18044.04,19449.9280135602,2379,485.251679345566,10055.4,9558.39977820554,18044.04,19449.9280135602,0,0,44.9385035533445,7.22084514421538,1101.50132743971,244.789695306782,1324.78319334834,935.577448159328,41.1835231674013,44.5000710023335,198,0,594,0,0,0,584,38.803471516211,586,44.1589978828448,1752,116.410414548633,1758,132.476993648534,NaN,NaN,0.348014333333333,0.0265225947655903,2.05539266666667,1.07393386199408,1.70262633333333,1.04260596977977,0.352766333333333,0.0336963856065583,-3.53812353812354,17.4113240376331,1,0,0.00349836358209785,0.0117026002127704,0.934371065589634,0.0123213582894671,876.333333333333,144.685472801819,145.666666666667,124.71097069154,1.24829176537068,0.200579031783761,7590,11568.0369453607,7266,11044.4838093677,7590,11568.0369453607,6765,10348.4397709175,7068,10864.0848246377,765.3023481,0
s7_clean,fixed_packet,15,15,3,594,0.4,neighbor_stable,0.2,0.8,0,1,1,584,38.803471516211,584,38.803471516211,0,0,0,0,1264.8278237079,140.988324438408,18.0108940855407,22.4095326909849,1246.81692962236,124.042542729762,1264.8278237079,140.988324438408,840,25.8159163784968,2863.5,620.599004684492,5531.82,2619.32265782291,840,25.8159163784968,2863.5,620.599004684492,5531.82,2619.32265782291,0,0,42.4065917025281,1.63753182068301,15.9076213621267,3.11155996567931,403.673053896331,116.601883055244,28.8296626613764,7.36889319307354,162,0,594,0,0,0,584,38.803471516211,585.333333333333,44.1822823547412,1752,116.410414548633,1756,132.546847064223,NaN,NaN,0.347809,0.0257289275878438,0.742788666666667,0.140365221665612,0.394979666666667,0.115041816294544,0.347809,0.0257289275878438,-0.281888281888282,2.03802219335958,1,0,0.00472245388354224,0.0177643541821467,0.934669716956438,0.0100336982947622,835,50.4224885386208,104,30.1185691082462,1.17796088062578,0.0454869950189726,7896,1956.78004738554,3801,722.84565859791,7896,1956.78004738554,3171,917.010275925982,6636,2258.89268311847,36.2160942,0
s7_busy,fixed_packet,15,15,3,594,0.1,self_stable_fallback,0.1,0.1,1,1,1,584,38.803471516211,584,38.803471516211,0,0,0,0,22083.0921732848,2964.16048053538,5696.98026228525,3317.78593303883,16386.1119109995,380.444493673696,22083.0921732848,2964.16048053538,14452.5,943.341279299686,70925.1,25191.5969111497,107068.56,56314.3214542745,14452.5,943.341279299686,70925.1,25191.5969111497,107068.56,56314.3214542745,0,0,148.802056232268,12.615630265844,337.198451603708,28.5794072448131,14636.5021501183,477.817027734455,507.609253045207,56.7703361962978,162,0,594,0,0,0,584,38.803471516211,585.666666666667,60.7133285375481,1752,116.410414548633,1757,182.139985612644,NaN,NaN,0.348006333333333,0.0361684423277524,13.0638313333333,3.02072831994619,12.715825,2.98607873071644,0.348006333333333,0.0361684423277524,-2.82047882047882,55.1995213232417,1,0,0.0190638480521298,0.0202621411455216,0.932123523421914,0.0199850386558584,2790,263.880444309329,1830.33333333333,269.186248659244,4.13339045089634,0.350434174051221,226422,13045.9999705185,90384,4949.81067236997,226422,13045.9999705185,78370,9245.09421122137,197942,22961.7620817183,85.5930661,0
sf_cf,fixed_packet,15,15,4,792,NaN,no_stable_q,NaN,NaN,0,1,0,NaN,NaN,NaN,NaN,NaN,NaN,NaN,NaN,NaN,NaN,NaN,NaN,NaN,NaN,NaN,NaN,NaN,NaN,NaN,NaN,NaN,NaN,NaN,NaN,NaN,NaN,NaN,NaN,NaN,NaN,NaN,NaN,NaN,NaN,NaN,NaN,NaN,NaN,NaN,NaN,NaN,NaN,NaN,NaN,NaN,NaN,NaN,NaN,NaN,NaN,NaN,NaN,NaN,NaN,NaN,NaN,NaN,NaN,NaN,NaN,NaN,NaN,NaN,NaN,NaN,NaN,NaN,NaN,NaN,NaN,NaN,NaN,NaN,NaN,NaN,NaN,NaN,NaN,NaN,NaN,NaN,NaN,NaN,NaN,NaN,NaN,0.4488246,0
sf_cb,fixed_packet,15,15,4,792,0.1,self_stable_fallback,0.1,0.1,1,1,1,584,38.803471516211,584,38.803471516211,0,0,0,0,7707.02275422306,3234.92977337462,1031.63806126637,1645.97592454889,6675.38469295669,1609.72417543786,7707.02275422306,3234.92977337462,5091,996.862983409609,24151.2,17422.379895013,37845.48,30526.5912595981,5091,996.862983409609,24151.2,17422.379895013,37845.48,30526.5912595981,294.258606623006,35.2484613658485,0,0,2655.68359967742,702.158582773973,2643.51549782999,875.620175959013,91.9269888262821,54.0470820477344,198,0,792,0,0,0,584,38.803471516211,587,46.5403051128804,2336,155.213886064844,2348,186.161220451521,NaN,NaN,0.464904,0.0368599216494012,4.526164,2.08689263548649,4.06126,2.0685936035373,0.464904,0.0368599216494012,-3.87347187347187,29.2276119234768,1,0,0.00418431752195276,0.0171912327437802,0.933346595326367,0.0111446621334462,1033.33333333333,191.412979640694,271,160.587543023607,1.46427772134486,0.272965060847143,29568,14401.7647636563,29568,14401.7647636563,64086,33800.1928169284,24882,13845.059346485,53988,32985.1449641758,2.0220876,0
sb_cf,fixed_packet,15,15,4,792,NaN,no_stable_q,NaN,NaN,0,1,0,NaN,NaN,NaN,NaN,NaN,NaN,NaN,NaN,NaN,NaN,NaN,NaN,NaN,NaN,NaN,NaN,NaN,NaN,NaN,NaN,NaN,NaN,NaN,NaN,NaN,NaN,NaN,NaN,NaN,NaN,NaN,NaN,NaN,NaN,NaN,NaN,NaN,NaN,NaN,NaN,NaN,NaN,NaN,NaN,NaN,NaN,NaN,NaN,NaN,NaN,NaN,NaN,NaN,NaN,NaN,NaN,NaN,NaN,NaN,NaN,NaN,NaN,NaN,NaN,NaN,NaN,NaN,NaN,NaN,NaN,NaN,NaN,NaN,NaN,NaN,NaN,NaN,NaN,NaN,NaN,NaN,NaN,NaN,NaN,NaN,NaN,19.3550319,0
sb_cb,fixed_packet,15,15,4,792,0.00707106781186547,neighbor_stable,0.005,0.01,0,1,1,584,38.803471516211,584,38.803471516211,0,0,0,0,6542.16903920062,3589.48680787997,759.416389506275,1376.6262152424,5782.75264969435,2264.41653709997,6542.16903920062,3589.48680787997,4101,1223.3993624324,21328.8,16267.2800035484,34596.6,33791.1162894499,4101,1223.3993624324,21328.8,16267.2800035484,34596.6,33791.1162894499,0,0,47.5320013235208,11.2875654639275,1685.82252606767,297.299193433376,2996.76509074124,1904.70880596511,62.6330315619185,70.4728004701438,198,0,792,0,0,0,584,38.803471516211,588,47.1986165232563,2336,155.213886064844,2352,188.794466093025,NaN,NaN,0.465412666666667,0.0375249136505912,3.85786966666667,2.3905311998498,3.380049,2.33939530117211,0.477820666666667,0.0552926088506408,-5.69150569150569,25.6085477571736,1,0,0.00546433674773325,0.0193565626987093,0.933468129688929,0.0106695222777673,940.333333333333,248.591737296017,188.333333333333,193.002206857465,1.3203333700978,0.313543485109097,18426,24162.8013276606,17811,23262.7478898047,18426,24162.8013276606,14886,20030.6267462142,15402,20849.0497846563,880.9329474,0
s7_clean,fixed_packet,15,15,4,792,0.3,neighbor_stable,0.1,0.5,0,1,1,584,38.803471516211,584,38.803471516211,0,0,0,0,2075.77405905343,772.544204427517,70.1742231912285,102.048111090598,2005.5998358622,671.560008932903,2075.77405905343,772.544204427517,1312.5,234.573508242578,5869.8,4007.9964693674,10836.42,9499.66394427144,1312.5,234.573508242578,5869.8,4007.9964693674,10836.42,9499.66394427144,0,0,46.950179379508,12.8749892268585,26.4646042605407,6.22206921043497,928.909245014369,594.686954275541,49.275807207786,57.9374515208633,162,0,792,0,0,0,584,38.803471516211,586.333333333333,44.59932415519,2336,155.213886064844,2345.33333333333,178.39729662076,NaN,NaN,0.464255666666667,0.035804777664854,1.22199166666667,0.540896407930364,0.757736,0.512076187177126,0.464255666666667,0.035804777664854,-1.42046142046142,7.71632806357071,1,0,0.00540481720603187,0.021015393113844,0.933872451241414,0.0104867763499862,915,266.243478311845,178.666666666667,217.831163873345,1.30417164943078,0.357638589634959,12936,14908.144088177,5712,5296.41696011413,12936,14908.144088177,4998,5165.31264970774,11424,14433.1753103211,39.592433,0
s7_busy,fixed_packet,15,15,4,792,NaN,no_stable_q,NaN,NaN,0,1,0,NaN,NaN,NaN,NaN,NaN,NaN,NaN,NaN,NaN,NaN,NaN,NaN,NaN,NaN,NaN,NaN,NaN,NaN,NaN,NaN,NaN,NaN,NaN,NaN,NaN,NaN,NaN,NaN,NaN,NaN,NaN,NaN,NaN,NaN,NaN,NaN,NaN,NaN,NaN,NaN,NaN,NaN,NaN,NaN,NaN,NaN,NaN,NaN,NaN,NaN,NaN,NaN,NaN,NaN,NaN,NaN,NaN,NaN,NaN,NaN,NaN,NaN,NaN,NaN,NaN,NaN,NaN,NaN,NaN,NaN,NaN,NaN,NaN,NaN,NaN,NaN,NaN,NaN,NaN,NaN,NaN,NaN,NaN,NaN,NaN,NaN,63.1442261,0
sf_cf,fixed_packet,15,15,5,990,NaN,no_stable_q,NaN,NaN,0,1,0,NaN,NaN,NaN,NaN,NaN,NaN,NaN,NaN,NaN,NaN,NaN,NaN,NaN,NaN,NaN,NaN,NaN,NaN,NaN,NaN,NaN,NaN,NaN,NaN,NaN,NaN,NaN,NaN,NaN,NaN,NaN,NaN,NaN,NaN,NaN,NaN,NaN,NaN,NaN,NaN,NaN,NaN,NaN,NaN,NaN,NaN,NaN,NaN,NaN,NaN,NaN,NaN,NaN,NaN,NaN,NaN,NaN,NaN,NaN,NaN,NaN,NaN,NaN,NaN,NaN,NaN,NaN,NaN,NaN,NaN,NaN,NaN,NaN,NaN,NaN,NaN,NaN,NaN,NaN,NaN,NaN,NaN,NaN,NaN,NaN,NaN,0.5021146,0
sf_cb,fixed_packet,15,15,5,990,0.0875,neighbor_stable,0.05,0.1,0,1,1,584,38.803471516211,584,38.803471516211,0,0,0,0,15021.3977024929,9872.14487930406,3154.93143418475,5058.97148451579,11866.4662683081,4850.36631034435,15021.3977024929,9872.14487930406,9354,3804.56456621011,48409.5,43925.468955896,77643.9,73465.971702966,9354,3804.56456621011,48409.5,43925.468955896,77643.9,73465.971702966,364.625033522118,14.964558635572,0,0,4007.69380643895,1575.86920793685,6121.97576109679,3154.65456003273,184.171667250289,148.806711375043,198,0,990,0,0,0,584,38.803471516211,591,43.5256089271435,2920,194.017357581055,2955,217.628044635717,NaN,NaN,0.585018,0.0422522706341752,8.93548066666667,6.43171891681942,8.35046266666667,6.39650652482202,0.585018,0.0422522706341752,-13.6508496508497,60.1604585778269,1,0,0.0143165174208152,0.0281076584501532,0.934576688508884,0.00869235585371061,1355.33333333333,542.693603775047,545,463.576305965902,1.93015993560752,0.751549047348701,56034,40904.2421271926,56034,40904.2421271926,127842,102188.818292414,47982,38698.8336377607,110088,97634.9936856657,1.8455143,0
sb_cf,fixed_packet,15,15,5,990,NaN,no_stable_q,NaN,NaN,0,1,0,NaN,NaN,NaN,NaN,NaN,NaN,NaN,NaN,NaN,NaN,NaN,NaN,NaN,NaN,NaN,NaN,NaN,NaN,NaN,NaN,NaN,NaN,NaN,NaN,NaN,NaN,NaN,NaN,NaN,NaN,NaN,NaN,NaN,NaN,NaN,NaN,NaN,NaN,NaN,NaN,NaN,NaN,NaN,NaN,NaN,NaN,NaN,NaN,NaN,NaN,NaN,NaN,NaN,NaN,NaN,NaN,NaN,NaN,NaN,NaN,NaN,NaN,NaN,NaN,NaN,NaN,NaN,NaN,NaN,NaN,NaN,NaN,NaN,NaN,NaN,NaN,NaN,NaN,NaN,NaN,NaN,NaN,NaN,NaN,NaN,NaN,18.3692705,0
sb_cb,fixed_packet,15,15,5,990,0.00299069756244244,neighbor_stable,0.002,0.00447213595499958,0,1,1,584,38.803471516211,584,38.803471516211,0,0,0,0,21526.2119344288,10752.0744389632,5704.05025399637,7067.44453018926,15822.1616804324,3752.68706120278,21526.2119344288,10752.0744389632,14751,4716.21182730377,64329,42532.2752938734,99965.34,74858.0131429656,14751,4716.21182730377,64329,42532.2752938734,99965.34,74858.0131429656,0,0,53.0529077905403,3.45078790596026,4382.75854211102,547.300517270884,10091.9720947055,3231.29795443898,106.378135825353,16.5139111479423,198,0,990,0,0,0,584,38.803471516211,586.666666666667,57.1531655333659,2920,194.017357581055,2933.33333333333,285.76582766683,NaN,NaN,0.580906333333333,0.0558033326276089,12.8143353333333,7.34453442779603,12.2088146666667,7.29155857924417,0.605520666666667,0.0563053617682352,-4.62906462906463,72.1042666411292,1,0,0.0199043565726927,0.0282134743115743,0.932836873052856,0.00198703857490846,1028.66666666667,80.9285147610192,277,72.5521327447509,1.47369188307056,0.0958552196100071,33018,5367.2898188937,32160,5264.94396200728,33018,5367.2898188937,28208.3333333333,1537.97685028832,28964.3333333333,1589.89535931182,703.3509108,0
s7_clean,fixed_packet,15,15,5,990,0.2,neighbor_stable,0.1,0.3,0,1,1,584,38.803471516211,584,38.803471516211,0,0,0,0,3467.28171385327,2314.0463207678,301.340378464716,916.760555346955,3165.94133538855,1401.71119825959,3467.28171385327,2314.0463207678,1953,226.073592510866,11445,12987.6968347266,24090.24,31940.4083995699,1953,226.073592510866,11445,12987.6968347266,24090.24,31940.4083995699,0,0,49.9821698505444,16.2629425515941,49.9771218174487,11.051207541279,1851.06227939311,1301.95167772233,62.9197643274498,73.1832414821735,162,0,990,0,0,0,584,38.803471516211,586.666666666667,45.5575776078236,2920,194.017357581055,2933.33333333333,227.787888039118,NaN,NaN,0.580619666666667,0.0453011197500017,2.041015,1.48592684227511,1.46039533333333,1.45327349421109,0.580619666666667,0.0453011197500017,-3.89153189153189,17.742052677629,1,0,0.00405737515058098,0.0158046107820509,0.933774729498437,0.0100904957151698,965,318.289686899096,228,274.977326182596,1.38839360695957,0.451748404210948,16086,18205.497897402,7203,7435.5665450693,16086,18205.497897402,6426,7091.05235761671,14385,17413.3522906992,44.4113442,0
s7_busy,fixed_packet,15,15,5,990,NaN,no_stable_q,NaN,NaN,0,1,0,NaN,NaN,NaN,NaN,NaN,NaN,NaN,NaN,NaN,NaN,NaN,NaN,NaN,NaN,NaN,NaN,NaN,NaN,NaN,NaN,NaN,NaN,NaN,NaN,NaN,NaN,NaN,NaN,NaN,NaN,NaN,NaN,NaN,NaN,NaN,NaN,NaN,NaN,NaN,NaN,NaN,NaN,NaN,NaN,NaN,NaN,NaN,NaN,NaN,NaN,NaN,NaN,NaN,NaN,NaN,NaN,NaN,NaN,NaN,NaN,NaN,NaN,NaN,NaN,NaN,NaN,NaN,NaN,NaN,NaN,NaN,NaN,NaN,NaN,NaN,NaN,NaN,NaN,NaN,NaN,NaN,NaN,NaN,NaN,NaN,NaN,53.0088764,0
sf_cf,fixed_packet,15,15,6,1188,NaN,no_stable_q,NaN,NaN,0,1,0,NaN,NaN,NaN,NaN,NaN,NaN,NaN,NaN,NaN,NaN,NaN,NaN,NaN,NaN,NaN,NaN,NaN,NaN,NaN,NaN,NaN,NaN,NaN,NaN,NaN,NaN,NaN,NaN,NaN,NaN,NaN,NaN,NaN,NaN,NaN,NaN,NaN,NaN,NaN,NaN,NaN,NaN,NaN,NaN,NaN,NaN,NaN,NaN,NaN,NaN,NaN,NaN,NaN,NaN,NaN,NaN,NaN,NaN,NaN,NaN,NaN,NaN,NaN,NaN,NaN,NaN,NaN,NaN,NaN,NaN,NaN,NaN,NaN,NaN,NaN,NaN,NaN,NaN,NaN,NaN,NaN,NaN,NaN,NaN,NaN,NaN,0.3215648,0
sf_cb,fixed_packet,15,15,6,1188,NaN,no_stable_q,NaN,NaN,0,1,0,NaN,NaN,NaN,NaN,NaN,NaN,NaN,NaN,NaN,NaN,NaN,NaN,NaN,NaN,NaN,NaN,NaN,NaN,NaN,NaN,NaN,NaN,NaN,NaN,NaN,NaN,NaN,NaN,NaN,NaN,NaN,NaN,NaN,NaN,NaN,NaN,NaN,NaN,NaN,NaN,NaN,NaN,NaN,NaN,NaN,NaN,NaN,NaN,NaN,NaN,NaN,NaN,NaN,NaN,NaN,NaN,NaN,NaN,NaN,NaN,NaN,NaN,NaN,NaN,NaN,NaN,NaN,NaN,NaN,NaN,NaN,NaN,NaN,NaN,NaN,NaN,NaN,NaN,NaN,NaN,NaN,NaN,NaN,NaN,NaN,NaN,0.9835265,0
sb_cf,fixed_packet,15,15,6,1188,NaN,no_stable_q,NaN,NaN,0,1,0,NaN,NaN,NaN,NaN,NaN,NaN,NaN,NaN,NaN,NaN,NaN,NaN,NaN,NaN,NaN,NaN,NaN,NaN,NaN,NaN,NaN,NaN,NaN,NaN,NaN,NaN,NaN,NaN,NaN,NaN,NaN,NaN,NaN,NaN,NaN,NaN,NaN,NaN,NaN,NaN,NaN,NaN,NaN,NaN,NaN,NaN,NaN,NaN,NaN,NaN,NaN,NaN,NaN,NaN,NaN,NaN,NaN,NaN,NaN,NaN,NaN,NaN,NaN,NaN,NaN,NaN,NaN,NaN,NaN,NaN,NaN,NaN,NaN,NaN,NaN,NaN,NaN,NaN,NaN,NaN,NaN,NaN,NaN,NaN,NaN,NaN,15.1888378,0
sb_cb,fixed_packet,15,15,6,1188,NaN,no_stable_q,NaN,NaN,0,1,0,NaN,NaN,NaN,NaN,NaN,NaN,NaN,NaN,NaN,NaN,NaN,NaN,NaN,NaN,NaN,NaN,NaN,NaN,NaN,NaN,NaN,NaN,NaN,NaN,NaN,NaN,NaN,NaN,NaN,NaN,NaN,NaN,NaN,NaN,NaN,NaN,NaN,NaN,NaN,NaN,NaN,NaN,NaN,NaN,NaN,NaN,NaN,NaN,NaN,NaN,NaN,NaN,NaN,NaN,NaN,NaN,NaN,NaN,NaN,NaN,NaN,NaN,NaN,NaN,NaN,NaN,NaN,NaN,NaN,NaN,NaN,NaN,NaN,NaN,NaN,NaN,NaN,NaN,NaN,NaN,NaN,NaN,NaN,NaN,NaN,NaN,580.77983,0
s7_clean,fixed_packet,15,15,6,1188,0.1,neighbor_stable,0.05,0.1625,0,1,1,584,38.803471516211,584,38.803471516211,0,0,0,0,6438.32390680513,5578.36372641808,881.227810709039,2301.5992641691,5557.0960960961,3277.10591325958,6438.32390680513,5578.36372641808,3142.5,1274.96719414809,23361.3,28937.9284506843,42392.5199999999,66755.0660816317,3142.5,1274.96719414809,23361.3,28937.9284506843,42392.5199999999,66755.0660816317,0,0,47.3093411432634,13.3225150645117,107.603500685877,24.6340517080519,4001.29121912227,3180.09331684152,50.8920351446853,59.9513177903027,162,0,1188,0,0,0,584,38.803471516211,587.666666666667,48.5732037789986,3504,232.820829097266,3526,291.439222673991,NaN,NaN,0.698070333333333,0.0566754727233567,3.806504,3.56538724181756,3.10843366666667,3.52635651485062,0.698070333333333,0.0566754727233567,-5.84021384021384,34.4033715393721,1,0,0.00656120181280355,0.027072043474687,0.933946275339724,0.0107873614976667,935.666666666667,292.773659939578,184,223.461960662767,1.31414836509065,0.370069862903103,14238,16820.0006905698,6531,6883.06507082642,14238,16820.0006905698,5355,5944.96610587478,11697,14521.9922187006,48.9550266,0
s7_busy,fixed_packet,15,15,6,1188,NaN,no_stable_q,NaN,NaN,0,1,0,NaN,NaN,NaN,NaN,NaN,NaN,NaN,NaN,NaN,NaN,NaN,NaN,NaN,NaN,NaN,NaN,NaN,NaN,NaN,NaN,NaN,NaN,NaN,NaN,NaN,NaN,NaN,NaN,NaN,NaN,NaN,NaN,NaN,NaN,NaN,NaN,NaN,NaN,NaN,NaN,NaN,NaN,NaN,NaN,NaN,NaN,NaN,NaN,NaN,NaN,NaN,NaN,NaN,NaN,NaN,NaN,NaN,NaN,NaN,NaN,NaN,NaN,NaN,NaN,NaN,NaN,NaN,NaN,NaN,NaN,NaN,NaN,NaN,NaN,NaN,NaN,NaN,NaN,NaN,NaN,NaN,NaN,NaN,NaN,NaN,NaN,49.318875,0
sf_cf,fixed_payload,5,5,1,198,0.6,neighbor_stable,0.2,0.8,0,1,1,203.666666666667,31.2580473968789,203.666666666667,31.2580473968789,0,0,0,0,486.445662898663,182.756471997053,1.48514851485149,6.3900783115091,484.960514383812,176.420811134907,486.445662898663,182.756471997053,372,12.9079581892484,1107.45,734.51527894251,2388.38999999999,4606.45410863594,372,12.9079581892484,1107.45,734.51527894251,2388.38999999999,4606.45410863594,94.2034508030296,13.9236871176697,0,0,155.002093124059,51.8473729183453,0,0,37.7549704567231,112.820954148323,0,0,198,0,0,0,203.666666666667,31.2580473968789,203.666666666667,31.2580473968789,203.666666666667,31.2580473968789,203.666666666667,31.2580473968789,NaN,NaN,0.040326,0.00618909338458201,0.099081,0.0394943086240575,0.051099,0.0172042165269939,0.047982,0.0231348207886527,-0.00686400686400686,0.184726163934454,1,0,1.02381851855206e-16,2.22478151178794e-16,0.862691051918784,0.0566646134417911,291.333333333333,105.461325461475,38.6666666666667,114.844922070399,1.19068166897335,0.569802798728902,3960,8519.25240490393,3960,8519.25240490393,8844,21014.1559320964,3366,9384.07672602904,7656,22739.2945699391,1.17807,0
sf_cb,fixed_payload,5,5,1,198,0.5,neighbor_stable,0.2,0.6,0,1,1,203.666666666667,31.2580473968789,203.666666666667,31.2580473968789,0,0,0,0,736.224902472966,51.9831754283507,2.01906339827531,5.28855954331684,734.205839074691,47.6665724509946,736.224902472966,51.9831754283507,625.5,51.2268709535562,1396.8,130.536414017758,2439.86999999999,1275.46454507306,625.5,51.2268709535562,1396.8,130.536414017758,2439.86999999999,1275.46454507306,100.745356059223,12.557500976121,0,0,207.125333645116,16.7679162349946,13.526014338185,5.1939354372226,16.8091350321668,23.6899444254169,198,0,198,0,0,0,203.666666666667,31.2580473968789,204.333333333333,29.94734219999,203.666666666667,31.2580473968789,204.333333333333,29.94734219999,NaN,NaN,0.0404446666666667,0.00595568653255643,0.150217666666667,0.0323925985717095,0.109773,0.026498573166232,0.0404446666666667,0.00595568653255643,0.00420400420400416,0.300243310547485,1,0,0.000826983820273871,0.00178520939276286,0.861229899134252,0.0527140328421364,267,68.6179812470998,17.6666666666667,26.5620812351773,1.08489462137458,0.119646183966752,1980,3443.01486848596,1980,3443.01486848596,4026,7133.3726191106,1716,2524.02572216565,3498,5259.29208456511,1.1306162,0
sb_cf,fixed_payload,5,5,1,198,0.0316227766016838,self_stable_fallback,0.02,0.0316227766016838,0,1,1,203.666666666667,31.2580473968789,203.666666666667,31.2580473968789,0,0,0,0,647.896272014874,19.3585625447126,0,0,647.896272014874,19.3585625447126,647.896272014874,19.3585625447126,454.5,84.3967279715729,1548,598.456152239949,3809.39999999999,3710.09763112674,454.5,84.3967279715729,1548,598.456152239949,3809.39999999999,3710.09763112674,0,0,44.9109081991148,7.13698964967579,354.213920700826,25.426498459408,1.76144801980198,3.861280286792,49.0099950951316,39.2534430732168,0,0,198,0,0,0,203.666666666667,31.2580473968789,203.666666666667,31.2580473968789,203.666666666667,31.2580473968789,203.666666666667,31.2580473968789,NaN,NaN,0.040326,0.00618909338458201,0.132009,0.0235730170615603,0.081585,0.00891426059749206,0.050424,0.0151148387405836,0.112864294784078,0.619070192814743,1,0,0,0,0.862691051918784,0.0566646134417911,300.333333333333,77.6599351471885,51,46.5403051128804,1.24752522775319,0.198249712490994,10626,9388.37248122132,7776,6470.01666862672,10626,9388.37248122132,7272,6246.11815450204,10098,9214.98041235031,20.533799,0
sb_cb,fixed_payload,5,5,1,198,0.5,neighbor_stable,0.2,0.8,0,1,1,203.666666666667,31.2580473968789,203.666666666667,31.2580473968789,0,0,0,0,472.187899946389,5.03367141111039,0.649769585253456,2.79573287969896,471.538130361135,6.01122839188204,472.187899946389,5.03367141111039,441,0,636.149999999999,333.445940146222,1215.20999999999,616.142249072639,441,0,636.149999999999,333.445940146222,1215.20999999999,616.142249072639,0,0,37.7658666788338,0.825857167900904,10.9860938426792,0.560168047481145,18.634214451111,2.32720838781067,8.1519553885112,6.83230601189801,198,0,198,0,0,0,203.666666666667,31.2580473968789,203.666666666667,31.2580473968789,203.666666666667,31.2580473968789,203.666666666667,31.2580473968789,NaN,NaN,0.040326,0.00618909338458201,0.096174,0.0150663410953025,0.055584,0.00890500380512162,0.04059,0.00616297895002583,-1.20000120000333e-05,0.138724797691899,1,0,0,0,0.862691051918784,0.0566646134417911,257,36.0841845698136,10,4.96827542350066,1.04905185218983,0.0229404768861362,426,329.595556355408,387,285.438124778249,426,329.595556355408,381,291.788384858722,420,338.572569201027,39.1976434,0
s7_clean,fixed_payload,5,5,1,198,0.75,neighbor_stable,0.5,0.875,0,1,1,203.666666666667,31.2580473968789,203.666666666667,31.2580473968789,0,0,0,0,419.377464553771,13.2798494066831,0.400921658986175,1.72502667045255,418.976542894785,11.6805677523713,419.377464553771,13.2798494066831,396,0,521.55,285.08987044574,893.009999999998,321.403208231555,396,0,521.55,285.08987044574,893.009999999998,321.403208231555,0,0,36.4506091162112,1.25283476463372,3.24113060067527,0.408058584646989,17.2570621549482,4.83064347510595,2.02774102295022,5.63775644085173,162,0,198,0,0,0,203.666666666667,31.2580473968789,203.666666666667,31.2580473968789,203.666666666667,31.2580473968789,203.666666666667,31.2580473968789,NaN,NaN,0.040326,0.00618909338458201,0.085458,0.015848907038269,0.045132,0.0096608198648737,0.040326,0.00618909338458201,0.00259200259200261,0.201309018171225,1,0,0,0,0.862691051918784,0.0566646134417911,249.333333333333,40.3879336582745,2.66666666666667,7.58916606719352,1.01251691989475,0.0348009656842701,168,478.117462233192,84,239.058731116596,168,478.117462233192,84,239.058731116596,168,478.117462233192,16.6346298,0
s7_busy,fixed_payload,5,5,1,198,0.6,neighbor_stable,0.2,0.8,0,1,1,203.666666666667,31.2580473968789,203.666666666667,31.2580473968789,0,0,0,0,1316.48599617306,297.148584278575,7.06659784642059,22.6761380741985,1309.41939832664,274.4947014082,1316.48599617306,297.148584278575,991.5,161.349477365605,3583.65,1063.99928227998,4938.96,2062.45306108265,991.5,161.349477365605,3583.65,1063.99928227998,4938.96,2062.45306108265,0,0,73.4916759821143,16.7069634649181,12.5127305573299,3.94577576598103,694.702449867683,188.472215620738,168.712541919515,75.1813355921315,162,0,198,0,0,0,203.666666666667,31.2580473968789,203,32.5791606614061,203.666666666667,31.2580473968789,203,32.5791606614061,NaN,NaN,0.040194,0.0064506738109584,0.265745333333333,0.0666152007691185,0.225551333333333,0.062870581272245,0.040194,0.0064506738109584,-0.0465800465800467,1.30996676505687,1,0,0.0085604055278805,0.0279501696815749,0.863890249656799,0.0644612921876694,500.666666666667,132.414870787604,212.666666666667,107.144788478048,2.04143544394762,0.464082318469948,124236,5116.87808967688,56595,2344.02976484121,124236,5116.87808967688,47145,4438.47983331785,103467,9088.27510925689,133.8173082,0
sf_cf,fixed_payload,5,2.5,2,396,0.6,neighbor_stable,0.2,0.8,0,1,1,102.333333333333,27.4756561507033,102.333333333333,27.4756561507033,0,0,0,0,900.636115957133,116.847087381195,2.91089108910891,12.5245534905578,897.725224868025,105.413772135891,900.636115957133,116.847087381195,742.5,140.067703409678,1854.3,528.739652381016,2712.03,1497.3822193877,742.5,140.067703409678,1854.3,528.739652381016,2712.03,1497.3822193877,200.553962661712,33.7748924965539,0,0,274.30790493237,103.254575597203,0,0,26.8633572739425,43.2540146328003,0,0,396,0,0,0,102.333333333333,27.4756561507033,102.666666666667,27.3631273932776,204.666666666667,54.9513123014066,205.333333333333,54.7262547865552,NaN,NaN,0.0406493333333333,0.0108373397730313,0.0921233333333333,0.0213426224056697,0.048834,0.0133443131016117,0.0432893333333333,0.00818318449844633,-0.0150920150920151,0.0859504920347641,1,0,0.00130017877458151,0.00559421775361544,0.737703447158424,0.128145219574004,126.333333333333,22.5404985320661,6.66666666666667,10.3422900250845,1.06783676079278,0.109227309678789,1452,2271.80064130772,1452,2271.80064130772,2904,4543.60128261543,1320,2047.77342496674,2640,4095.54684993347,0.8207156,0
sf_cb,fixed_payload,5,2.5,2,396,0.6,neighbor_stable,0.2,0.8,0,1,1,102.333333333333,27.4756561507033,102.333333333333,27.4756561507033,0,0,0,0,853.53414935315,131.285583366716,0,0,853.53414935315,131.285583366716,853.53414935315,131.285583366716,757.5,52.828095671789,1401.3,274.429991072404,2090.58,1005.12661677713,757.5,52.828095671789,1401.3,274.429991072404,2090.58,1005.12661677713,113.9974227972,26.5304938761435,0,0,129.312991367787,92.4206805000081,9.98715363527199,12.509169363502,6.23658155289213,14.6894872971345,198,0,396,0,0,0,102.333333333333,27.4756561507033,102.333333333333,27.4756561507033,204.666666666667,54.9513123014066,204.666666666667,54.9513123014066,NaN,NaN,0.040524,0.0108803598356785,0.087642,0.0342993062073811,0.047118,0.02384596715783,0.040524,0.0108803598356785,-0.0490360490360491,0.093628417565579,1,0,6.34323264260354e-17,2.7292727245134e-16,0.734953694438344,0.123173153661714,122.333333333333,35.3353490797373,3.33333333333333,7.58916606719352,1.03149788663077,0.0741893297835078,330,751.327440652158,330,751.327440652158,660,1502.65488130432,330,751.327440652158,660,1502.65488130432,0.8326554,0
sb_cf,fixed_payload,5,2.5,2,396,0.014142135623731,neighbor_stable,0.005,0.02,0,1,1,102.333333333333,27.4756561507033,102.333333333333,27.4756561507033,0,0,0,0,1188.1099757573,304.150625145772,0,0,1188.1099757573,304.150625145772,1188.1099757573,304.150625145772,901.5,285.511080210693,3051.9,759.327028969123,4854.6,1379.83839187504,901.5,285.511080210693,3051.9,759.327028969123,4854.6,1379.83839187504,0,0,40.9089426105082,2.9039323364063,693.492138115413,258.443930195251,3.71052631578947,15.9651061814388,53.9983687155901,31.9432557004693,0,0,396,0,0,0,102.333333333333,27.4756561507033,102.333333333333,27.4756561507033,204.666666666667,54.9513123014066,204.666666666667,54.9513123014066,NaN,NaN,0.040524,0.0108803598356785,0.12207,0.0578381322512034,0.076002,0.0447851296285514,0.046068,0.0135715134239106,-0.0645520965564447,0.292387226312655,1,0,1.47298023938962e-16,8.42183656140021e-17,0.734953694438344,0.123173153661714,133,32.2937902527543,14,9.93655084700132,1.13635951695856,0.0806647871223972,5544,3934.87413541252,4371,3234.18416772595,5544,3934.87413541252,4371,3234.18416772595,5544,3934.87413541252,7.8245306,0
sb_cb,fixed_payload,5,2.5,2,396,0.8,neighbor_stable,0.2,1,0,1,1,102.333333333333,27.4756561507033,102.333333333333,27.4756561507033,0,0,0,0,670.116954029499,70.263464422472,1.65789473684211,7.13334531511095,668.459059292657,63.146394185498,670.116954029499,70.263464422472,630,0,940.95,502.862724424255,1388.1,1050.78019919267,630,0,940.95,502.862724424255,1388.1,1050.78019919267,0,0,37.0913519269547,3.08737937368723,2.76651109046831,0.899900582171237,29.3259963296101,41.3780644562275,5.27519994562385,18.7166663681035,198,0,396,0,0,0,102.333333333333,27.4756561507033,102.333333333333,27.4756561507033,204.666666666667,54.9513123014066,204.666666666667,54.9513123014066,NaN,NaN,0.040524,0.0108803598356785,0.06876,0.0253648472769819,0.028104,0.0141221380545146,0.040656,0.0114015198986802,-0.025992025992026,0.0365039370078558,1,0,3.83461758452824e-17,1.64990278176157e-16,0.734953694438344,0.123173153661714,122.333333333333,36.1980150877958,3.33333333333333,10.0395230360821,1.0303153313043,0.0857605381579785,186,722.84565859791,174,671.213825840916,186,722.84565859791,174,671.213825840916,186,722.84565859791,26.73897,0
s7_clean,fixed_payload,5,2.5,2,396,0.875,neighbor_stable,0.5,1,0,1,1,102.333333333333,27.4756561507033,102.333333333333,27.4756561507033,0,0,0,0,619.62846364728,30.1263851915507,0,0,619.62846364728,30.1263851915507,619.62846364728,30.1263851915507,594,0,812.85,297.17963293397,1082.55,95.3898110185471,594,0,812.85,297.17963293397,1082.55,95.3898110185471,0,0,36,0,0.643320796610554,0.235955507391946,24.9851428506695,29.9632700299689,0,0,162,0,396,0,0,0,102.333333333333,27.4756561507033,102.333333333333,27.4756561507033,204.666666666667,54.9513123014066,204.666666666667,54.9513123014066,NaN,NaN,0.040524,0.0108803598356785,0.063486,0.0199053145705825,0.022962,0.00910969947152695,0.040524,0.0108803598356785,-0.0266480266480267,0.0657809277222522,1,0,7.84065471049648e-17,1.69179057004408e-16,0.734953694438344,0.123173153661714,119,28.648473654543,0,0,1,0,0,0,0,0,0,0,0,0,0,0,10.9670255,0
s7_busy,fixed_payload,5,2.5,2,396,0.5,neighbor_stable,0.2,0.8,0,1,1,102.333333333333,27.4756561507033,102.333333333333,27.4756561507033,0,0,0,0,1777.5052790176,419.3179466524,9.3421052631579,40.1958347121331,1768.16317375445,423.358963951953,1777.5052790176,419.3179466524,1303.5,477.725258989854,4209.45,1781.48634432039,6194.19,724.780266128444,1303.5,477.725258989854,4209.45,1781.48634432039,6194.19,724.780266128444,0,0,63.4458844053742,10.5917065031851,16.3946518793756,5.80520111356639,1006.81615764551,360.262401233463,123.506479824184,47.6626792643329,162,0,396,0,0,0,102.333333333333,27.4756561507033,102.666666666667,27.3631273932776,204.666666666667,54.9513123014066,205.333333333333,54.7262547865552,NaN,NaN,0.040656,0.0108357984477379,0.182384333333333,0.0442445249850306,0.141728333333333,0.0380208756177543,0.040656,0.0108357984477379,-0.00166400166400176,0.141289499376062,1,0,0.00633237655676778,0.027246017277778,0.737703447158424,0.128145219574004,210.333333333333,47.2204021770927,77.6666666666667,28.2508099372082,1.76238567792706,0.294214069532919,77238,7668.53311617327,35721,3996.13374689548,77238,7668.53311617327,29946,4560.94990106227,64827,9445.9534926134,79.2120213,0
sf_cf,fixed_payload,5,1.66666666666667,3,594,0.75,neighbor_stable,0.5,0.875,0,1,1,63.3333333333333,12.2539603459267,63.3333333333333,12.2539603459267,0,0,0,0,1073.28638631504,129.417762971624,0,0,1073.28638631504,129.417762971624,1073.28638631504,129.417762971624,975,93.0806102257607,1918.2,260.234649292342,2406.75,629.164827113628,975,93.0806102257607,1918.2,260.234649292342,2406.75,629.164827113628,289.685744832502,42.6378171669128,0,0,176.508838203849,76.4978291530972,0,0,13.0918032786885,28.1676269440143,0,0,594,0,0,0,63.3333333333333,12.2539603459267,63.3333333333333,12.2539603459267,190,36.7618810377801,190,36.7618810377801,NaN,NaN,0.03762,0.00727885244548046,0.067833,0.00750147853118609,0.029421,0.00451798820102656,0.038412,0.00558644739181696,-0.0758560758560759,0.291109423239344,1,0,7.13481594989124e-17,3.06986353230595e-16,0.667028065203248,0.0818541892253687,74.6666666666667,13.6815636966388,1.33333333333333,2.86843515316631,1.02204007285975,0.0474202473804956,396,851.925240490393,396,851.925240490393,792,1703.85048098079,396,851.925240490393,792,1703.85048098079,0.7342538,0
sf_cb,fixed_payload,5,1.66666666666667,3,594,0.75,neighbor_stable,0.5,0.875,0,1,1,63.3333333333333,12.2539603459267,63.3333333333333,12.2539603459267,0,0,0,0,993.574411974341,17.3027572722951,0,0,993.574411974341,17.3027572722951,993.574411974341,17.3027572722951,936,22.357239405753,1384.8,170.986602039232,1967.91,314.434072801379,936,22.357239405753,1384.8,170.986602039232,1967.91,314.434072801379,105.955167498218,15.3512007313919,0,0,77.4939415538133,32.6537273196436,15.9613684960798,15.8231359465636,2.16393442622951,9.31065836601523,198,0,594,0,0,0,63.3333333333333,12.2539603459267,63.3333333333333,12.2539603459267,190,36.7618810377801,190,36.7618810377801,NaN,NaN,0.03762,0.00727885244548046,0.062949,0.013302357043888,0.025329,0.00602453280665493,0.03762,0.00727885244548046,-0.0551640551640552,0.213157355658808,1,0,0,0,0.667028065203248,0.0818541892253687,74,13.8310934238456,0.666666666666667,2.86843515316631,1.01092896174863,0.0470235271010871,66,283.975080163464,66,283.975080163464,132,567.950160326929,66,283.975080163464,132,567.950160326929,0.8028457,0
sb_cf,fixed_payload,5,1.66666666666667,3,594,0.0149534878122122,neighbor_stable,0.01,0.02,0,1,0.666666666666667,63.3333333333333,12.2539603459267,60,23.6971634495683,3.33333333333333,14.3421757658315,3.33333333333333,14.3421757658315,NaN,NaN,NaN,NaN,NaN,NaN,8468.22106913756,30118.2193030729,NaN,NaN,NaN,NaN,NaN,NaN,1114.5,103.866963726905,8047.2,19283.6001265324,243519,1021208.20859796,NaN,NaN,NaN,NaN,NaN,NaN,NaN,NaN,NaN,NaN,NaN,NaN,NaN,NaN,NaN,NaN,63.3333333333333,12.2539603459267,59.3333333333333,26.3287348576091,190,36.7618810377801,178,78.9862045728272,NaN,NaN,0.035244,0.0156392685054198,0.488958,1.69012015835438,0.269767,0.946041389982922,0.219191,0.744081518340185,6.54121080434489,28.672494385022,0.944444444444445,0.239036262763859,NaN,NaN,0.659514648387505,0.0650301891456374,2714,11305.3036301968,255.333333333333,1043.03417791379,6.06020432406747,20.9571326203694,1570218,6722897.27365214,396567,1682123.77508859,1570218,6722897.27365214,64075,251731.470797549,183947,758408.687788231,13.2561401,0
sb_cb,fixed_payload,5,1.66666666666667,3,594,0.8,neighbor_stable,0.2,1,0,1,1,63.3333333333333,12.2539603459267,63.3333333333333,12.2539603459267,0,0,0,0,858.568389166073,13.9072746816103,0,0,858.568389166073,13.9072746816103,858.568389166073,13.9072746816103,828,0,990.9,242.596652427915,1597.77,273.496667987016,828,0,990.9,242.596652427915,1597.77,273.496667987016,0,0,37.1739130434783,3.98159938138582,2.50727013542409,0.642905505067671,21.8654668567356,13.304081011742,5.02173913043478,18.3428225516009,198,0,594,0,0,0,63.3333333333333,12.2539603459267,63.3333333333333,12.2539603459267,190,36.7618810377801,190,36.7618810377801,NaN,NaN,0.03762,0.00727885244548046,0.05436,0.00973705903316728,0.01674,0.00248326438383028,0.03762,0.00727885244548046,-0.0468960468960469,0.192862818701882,1,0,4.45941472349614e-17,1.91873129331356e-16,0.667028065203248,0.0818541892253687,75.3333333333333,18.3108642419671,2,6.57241060772843,1.03260869565217,0.110599982816273,36,118.303390939112,36,118.303390939112,36,118.303390939112,36,118.303390939112,36,118.303390939112,21.7580372,0
s7_clean,fixed_payload,5,1.66666666666667,3,594,0.875,neighbor_stable,0.5,1,0,1,1,63.3333333333333,12.2539603459267,63.3333333333333,12.2539603459267,0,0,0,0,819.9505702067,7.95875574075342,0,0,819.9505702067,7.95875574075342,819.9505702067,7.95875574075342,792,0,921.15,250.677898599286,1596.12,545.607452591219,792,0,921.15,250.677898599286,1596.12,545.607452591219,0,0,36.3478260869565,1.49657486252155,1.19697077690663,0.611438493314446,24.8405559515324,13.4958420637898,1.56521739130435,6.73458688134698,162,0,594,0,0,0,63.3333333333333,12.2539603459267,63.3333333333333,12.2539603459267,190,36.7618810377801,190,36.7618810377801,NaN,NaN,0.03762,0.00727885244548046,0.051924,0.0097513024692168,0.014304,0.00249484486954137,0.03762,0.00727885244548046,-0.0434280434280434,0.169856064420115,1,0,0,0,0.667028065203248,0.0818541892253687,74,18.7548284381273,0.666666666666667,2.86843515316631,1.00966183574879,0.0415715239589319,42,180.711414649477,21,90.3557073247387,42,180.711414649477,21,90.3557073247387,42,180.711414649477,9.4835822,0
s7_busy,fixed_payload,5,1.66666666666667,3,594,0.6,neighbor_stable,0.2,0.8,0,1,1,63.3333333333333,12.2539603459267,63.3333333333333,12.2539603459267,0,0,0,0,2064.29066286529,224.441578965248,0,0,2064.29066286529,224.441578965248,2064.29066286529,224.441578965248,1579.5,228.273873972607,4662.45,756.88171339841,7645.35,2236.77737045956,1579.5,228.273873972607,4662.45,756.88171339841,7645.35,2236.77737045956,0,0,62.0329294369209,4.78158435481255,9.36600142551675,4.06848488126137,1119.74354953671,203.782553670732,117.148182466144,21.5171295966565,162,0,594,0,0,0,63.3333333333333,12.2539603459267,63.3333333333333,12.2539603459267,190,36.7618810377801,190,36.7618810377801,NaN,NaN,0.03762,0.00727885244548046,0.130596,0.0218502109688811,0.092976,0.0162219503143118,0.03762,0.00727885244548046,-0.121380121380121,0.389740998441393,1,0,1.09024782676971e-16,2.65237824255253e-16,0.667028065203248,0.0818541892253687,125.666666666667,33.7269917352552,45.6666666666667,5.73687030633261,1.72313692880336,0.132821787633682,54327,4229.38069661778,25410,1779.80102604412,54327,4229.38069661778,21903,1174.6241952216,46872,3126.09855152491,56.765614,0
sf_cf,fixed_payload,5,1.25,4,792,0.6,neighbor_stable,0.2,0.8,0,1,1,58.3333333333333,8.72400493513513,58.3333333333333,8.72400493513513,0,0,0,0,1938.91374254222,496.839615437229,30.5612903225806,76.0147964464559,1908.35245221964,450.271426850949,1938.91374254222,496.839615437229,1509,51.6318327569935,3946.05,2340.15025479134,7166.85,12522.2648120482,1509,51.6318327569935,3946.05,2340.15025479134,7166.85,12522.2648120482,381.188937202953,115.923050844372,0,0,612.440489432703,90.9775121106281,0,0,122.723025583982,357.39359618407,0,0,792,0,0,0,58.3333333333333,8.72400493513513,58.3333333333333,8.72400493513513,233.333333333333,34.8960197405405,233.333333333333,34.8960197405405,NaN,NaN,0.0462,0.00690941190862702,0.112653,0.0129439920901849,0.059589,0.00257768402312558,0.053064,0.0137720594739438,0.22997222997223,0.441843084196033,1,0,3.89830975373656e-17,1.67730731033235e-16,0.641385133385133,0.0115880975780157,76.6666666666667,18.3108642419671,8.66666666666667,24.5079206918534,1.15495331513129,0.451254540636451,3168,8575.85935590758,3168,8575.85935590758,6864,19410.2731879479,3168,8575.85935590758,6864,19410.2731879479,0.6114591,0
sf_cb,fixed_payload,5,1.25,4,792,0.875,neighbor_stable,0.5,1,0,1,1,58.3333333333333,8.72400493513513,58.3333333333333,8.72400493513513,0,0,0,0,1158.18826979472,66.6029125696962,2.98064516129032,9.33150096553341,1155.20762463343,57.5940916667156,1158.18826979472,66.6029125696962,1110,12.9079581892484,1560.3,547.046212363762,2317.02,2646.70043856643,1110,12.9079581892484,1560.3,547.046212363762,2317.02,2646.70043856643,114.925088482152,19.3171017604141,0,0,35.8825361512792,20.1141834937269,4.8,20.6527331027974,9.6,41.3054662055948,198,0,792,0,0,0,58.3333333333333,8.72400493513513,58.3333333333333,8.72400493513513,233.333333333333,34.8960197405405,233.333333333333,34.8960197405405,NaN,NaN,0.0462,0.00690941190862702,0.067509,0.00722975878946498,0.021309,0.00205106602676603,0.0462,0.00690941190862702,0.0908600908600909,0.213559889697978,1,0,1.35089313838602e-16,2.91097832848004e-16,0.641385133385133,0.0115880975780157,70.6666666666667,7.98538551144412,2.66666666666667,11.4737406126652,1.04848484848485,0.208613465684822,264,1135.90032065386,264,1135.90032065386,528,2271.80064130772,264,1135.90032065386,528,2271.80064130772,0.7415807,0
sb_cf,fixed_payload,5,1.25,4,792,0.005,neighbor_stable,0.002,0.00668740304976422,0,1,1,58.3333333333333,8.72400493513513,58.3333333333333,8.72400493513513,0,0,0,0,2967.29271918293,429.677526233008,17.3762463343108,57.8831173403969,2949.91647284862,377.151281737744,2967.29271918293,429.677526233008,2211,483.445685438634,7522.2,3821.38003907972,10326.27,579.380098314632,2211,483.445685438634,7522.2,3821.38003907972,10326.27,579.380098314632,0,0,38.3148144402872,5.07200913779209,2050.15182526039,307.033140660286,18.523915461624,53.844340529313,50.9259176863181,111.584201031426,0,0,792,0,0,0,58.3333333333333,8.72400493513513,58.3333333333333,8.72400493513513,233.333333333333,34.8960197405405,233.333333333333,34.8960197405405,NaN,NaN,0.0462,0.00690941190862702,0.172716,0.00886301241547834,0.123612,0.00363773194343778,0.049104,0.00590231120311878,0.289831609615559,0.385421470237029,1,0,5.32000352978487e-17,2.28901277097056e-16,0.641385133385133,0.0115880975780157,72.3333333333333,10.0395230360821,3.66666666666667,7.58916606719352,1.06430040111909,0.140889142716447,3432,6909.41190862702,2964,5738.55651911497,3432,6909.41190862702,2436,4858.59044136497,2904,6010.61952521727,9.5738012,0
sb_cb,fixed_payload,5,1.25,4,792,0.8,neighbor_stable,0.2,1,0,1,1,58.3333333333333,8.72400493513513,58.3333333333333,8.72400493513513,0,0,0,0,1080.34098493275,142.27746256193,2.61818181818182,11.2651271469804,1077.72280311457,131.201104102075,1080.34098493275,142.27746256193,1026,0,1364.4,947.029015882342,2271.12,2582.53926947878,1026,0,1364.4,947.029015882342,2271.12,2582.53926947878,0,0,38.8363636363636,12.2038877425621,2.33498837091718,1.36028523810476,32.8059965618364,61.2888609082331,13.7454545454545,59.1419175216471,198,0,792,0,0,0,58.3333333333333,8.72400493513513,58.3333333333333,8.72400493513513,233.333333333333,34.8960197405405,233.333333333333,34.8960197405405,NaN,NaN,0.0462,0.00690941190862702,0.062898,0.00371778327253465,0.016698,0.00590317211987954,0.0462,0.00690941190862702,0.0665880665880666,0.200588524120156,1,0,3.76992915527479e-17,1.62206959709052e-16,0.641385133385133,0.0115880975780157,72.3333333333333,13.6815636966388,4.33333333333333,18.644828495581,1.07878787878788,0.338996881737836,78,335.606912920458,48,206.527331027974,78,335.606912920458,48,206.527331027974,78,335.606912920458,20.7631847,0
s7_clean,fixed_payload,5,1.25,4,792,0.875,neighbor_stable,0.5,1,0,1,1,58.3333333333333,8.72400493513513,58.3333333333333,8.72400493513513,0,0,0,0,1029.79718879563,88.0207438247637,2.4,10.3263665513987,1027.39718879563,78.032345850504,1029.79718879563,88.0207438247637,990,0,1267.65,727.042678622419,2144.88,2372.1785791384,990,0,1267.65,727.042678622419,2144.88,2372.1785791384,0,0,37.3090909090909,5.63256357349021,1.85484882192335,1.35831168944397,28.3423399737082,48.5090579687841,5.89090909090909,25.3465360807059,162,0,792,0,0,0,58.3333333333333,8.72400493513513,58.3333333333333,8.72400493513513,233.333333333333,34.8960197405405,233.333333333333,34.8960197405405,NaN,NaN,0.0462,0.00690941190862702,0.059994,0.00452141657516246,0.013794,0.00316750353044548,0.0462,0.00690941190862702,0.0687280687280687,0.171430860415486,1,0,7.8478406720147e-17,1.68833741414056e-16,0.641385133385133,0.0115880975780157,70,6.57241060772843,2,8.60530545949892,1.03636363636364,0.156460099263617,126,542.134243948432,63,271.067121974216,126,542.134243948432,63,271.067121974216,126,542.134243948432,10.1647021,0
s7_busy,fixed_payload,5,1.25,4,792,0.6,neighbor_stable,0.2,0.8,0,1,1,58.3333333333333,8.72400493513513,58.3333333333333,8.72400493513513,0,0,0,0,2844.76478915967,571.230809520671,29.8055718475073,94.6341224367175,2814.95921731217,562.444701970163,2844.76478915967,571.230809520671,2236.5,475.978223483773,7403.55,3353.54945594389,9212.25,4014.14607744431,2236.5,475.978223483773,7403.55,3353.54945594389,9212.25,4014.14607744431,0,0,69.0905854990393,11.2309979399118,11.7700475275559,7.71514410130161,1631.19094953989,508.302035319652,148.907634745677,50.5394907296033,162,0,792,0,0,0,58.3333333333333,8.72400493513513,58.3333333333333,8.72400493513513,233.333333333333,34.8960197405405,233.333333333333,34.8960197405405,NaN,NaN,0.0462,0.00690941190862702,0.165693,0.0304116425782576,0.119493,0.0288611438442762,0.0462,0.00690941190862702,0.186868186868187,0.545736759011624,1,0,5.26766221911519e-17,2.26649212264741e-16,0.641385133385133,0.0115880975780157,129.666666666667,7.98538551144412,53.3333333333333,10.3422900250845,1.91918293052887,0.311972164997551,45255,8966.18218212617,21084,4452.2539840469,45255,8966.18218212617,17871,3897.88279809595,38262,7514.20574645118,49.2101822,0
sf_cf,fixed_payload,5,1,5,990,0.5,neighbor_stable,0.2,0.8,0,1,1,35.6666666666667,5.17114501254226,35.6666666666667,5.17114501254226,0,0,0,0,2628.06912870411,830.091684354831,27.3529411764706,117.690207019618,2600.71618752764,796.855700746123,2628.06912870411,830.091684354831,2050.5,593.660839459444,5595.9,2201.06577226719,8373,10175.5244582282,2050.5,593.660839459444,5595.9,2201.06577226719,8373,10175.5244582282,459.204467049978,185.55836232691,0,0,1116.7748783724,517.277316006954,0,0,34.7368421052632,149.460568507087,0,0,990,0,0,0,35.6666666666667,5.17114501254226,35.6666666666667,5.17114501254226,178.333333333333,25.8557250627113,178.333333333333,25.8557250627113,NaN,NaN,0.03531,0.00511943356241684,0.093936,0.0379514407814066,0.057306,0.0300218712659236,0.03663,0.0107198241948845,0.0117960117960118,0.400294178999462,1,0,0,0,0.46593461265103,0.114268896319472,47.6666666666667,12.2539603459267,1.33333333333333,5.73687030633262,1.03508771929825,0.15097027121928,660,2839.75080163464,660,2839.75080163464,1320,5679.50160326929,660,2839.75080163464,1320,5679.50160326929,0.5216588,0
sf_cb,fixed_payload,5,1,5,990,0.875,neighbor_stable,0.5,1,0,1,1,35.6666666666667,5.17114501254226,35.6666666666667,5.17114501254226,0,0,0,0,1342.16669615215,114.60873628951,4.05882352941176,17.4637081383949,1338.10787262273,102.200040421895,1342.16669615215,114.60873628951,1296,62.2399204073052,1747.5,688.763859277003,1920,1032.39460255496,1296,62.2399204073052,1747.5,688.763859277003,1920,1032.39460255496,117.227554179567,89.1136305711981,0,0,32.8803184431667,31.2083208339101,0,0,0,0,198,0,990,0,0,0,35.6666666666667,5.17114501254226,35.6666666666667,5.17114501254226,178.333333333333,25.8557250627113,178.333333333333,25.8557250627113,NaN,NaN,0.03531,0.00511943356241684,0.047868,0.00793081380051641,0.012558,0.00434239138299128,0.03531,0.00511943356241684,0.00118400118400118,0.194276634917021,1,0,9.42158431682852e-17,2.03301307751593e-16,0.46593461265103,0.114268896319472,46.3333333333333,10.0395230360821,0,0,1,0,0,0,0,0,0,0,0,0,0,0,0.5721843,0
sb_cf,fixed_payload,5,1,5,990,NaN,no_stable_q,NaN,NaN,0,1,0,NaN,NaN,NaN,NaN,NaN,NaN,NaN,NaN,NaN,NaN,NaN,NaN,NaN,NaN,NaN,NaN,NaN,NaN,NaN,NaN,NaN,NaN,NaN,NaN,NaN,NaN,NaN,NaN,NaN,NaN,NaN,NaN,NaN,NaN,NaN,NaN,NaN,NaN,NaN,NaN,NaN,NaN,NaN,NaN,NaN,NaN,NaN,NaN,NaN,NaN,NaN,NaN,NaN,NaN,NaN,NaN,NaN,NaN,NaN,NaN,NaN,NaN,NaN,NaN,NaN,NaN,NaN,NaN,NaN,NaN,NaN,NaN,NaN,NaN,NaN,NaN,NaN,NaN,NaN,NaN,NaN,NaN,NaN,NaN,NaN,NaN,5.9941208,0
sb_cb,fixed_payload,5,1,5,990,0.8,neighbor_stable,0.2,1,0,1,1,35.6666666666667,5.17114501254226,35.6666666666667,5.17114501254226,0,0,0,0,1262.81437417072,86.4406055975927,2.82352941176471,12.1486665310573,1259.99084475896,74.6100866466086,1262.81437417072,86.4406055975927,1224,0,1561.2,1031.04775387429,1920,1002.42575017573,1224,0,1561.2,1031.04775387429,1920,1002.42575017573,0,0,36,0,2.18531623175586,0.899867720176304,33.8055285272004,75.4379078826568,0,0,198,0,990,0,0,0,35.6666666666667,5.17114501254226,35.6666666666667,5.17114501254226,178.333333333333,25.8557250627113,178.333333333333,25.8557250627113,NaN,NaN,0.03531,0.00511943356241684,0.045015,0.00553513656283481,0.009705,0.00252788446060215,0.03531,0.00511943356241684,0.00763200763200762,0.204998589028242,1,0,0,0,0.46593461265103,0.114268896319472,46.3333333333333,10.0395230360821,0,0,1,0,0,0,0,0,0,0,0,0,0,0,19.1062223,0
s7_clean,fixed_payload,5,1,5,990,0.875,neighbor_stable,0.5,1,0,1,1,35.6666666666667,5.17114501254226,35.6666666666667,5.17114501254226,0,0,0,0,1223.49049093322,80.9058054632769,2.47058823529412,10.6300832146751,1221.01990269792,70.5463343525856,1223.49049093322,80.9058054632769,1188,0,1503,998.835786919333,1842,1005.91015044547,1188,0,1503,998.835786919333,1842,1005.91015044547,0,0,36,0,1.24763379035825,2.25737346971553,31.772268907563,72.7892262428671,0,0,162,0,990,0,0,0,35.6666666666667,5.17114501254226,35.6666666666667,5.17114501254226,178.333333333333,25.8557250627113,178.333333333333,25.8557250627113,NaN,NaN,0.03531,0.00511943356241684,0.043614,0.00536718116820251,0.008304,0.0023749590765705,0.03531,0.00511943356241684,0.00726000726000726,0.19075542293611,1,0,0,0,0.46593461265103,0.114268896319472,46.3333333333333,10.0395230360821,0,0,1,0,0,0,0,0,0,0,0,0,0,0,10.1704943,0
s7_busy,fixed_payload,5,1,5,990,0.6,neighbor_stable,0.2,0.8,0,1,1,35.6666666666667,5.17114501254226,35.6666666666667,5.17114501254226,0,0,0,0,3340.97302078726,696.622738986867,2.73529411764706,11.7690207019618,3338.23772666962,704.379992622703,3340.97302078726,696.622738986867,2580,559.526860563733,8128.95,5509.61906707086,11301,2607.50340364111,2580,559.526860563733,8128.95,5509.61906707086,11301,2607.50340364111,0,0,69.5745245466608,27.8666511017535,11.7644847412649,6.5822109690605,1953.81335692172,566.525622903925,151.085360459973,125.399929957891,162,0,990,0,0,0,35.6666666666667,5.17114501254226,35.6666666666667,5.17114501254226,178.333333333333,25.8557250627113,178.333333333333,25.8557250627113,NaN,NaN,0.03531,0.00511943356241684,0.11955,0.0427812908047791,0.08424,0.0376672112851482,0.03531,0.00511943356241684,0.0204080204080204,0.452311364647853,1,0,0,0,0.46593461265103,0.114268896319472,86,53.7401153701776,33.6666666666667,33.0804079526445,1.93262568185169,0.774073641715376,37527,4852.36227958174,17388,2117.10190154807,37527,4852.36227958174,14700,1643.87801344167,31773,4153.41511011397,41.6701298,0
sf_cf,fixed_payload,5,0.833333333333333,6,1188,0.75,neighbor_stable,0.5,0.875,0,1,1,33.3333333333333,10.3422900250845,33.3333333333333,10.3422900250845,0,0,0,0,2381.84144736842,289.527767049429,0,0,2381.84144736842,289.527767049429,2381.84144736842,289.527767049429,1990.5,200.385397901912,5579.1,3340.35637596673,7788,6990.68131377544,1990.5,200.385397901912,5579.1,3340.35637596673,7788,6990.68131377544,633.753289473684,143.590698382099,0,0,410.285526315789,218.053778431976,0,0,149.802631578947,493.506400472873,0,0,1188,0,0,0,33.3333333333333,10.3422900250845,33.3333333333333,10.3422900250845,200,62.0537401505071,200,62.0537401505071,NaN,NaN,0.0396,0.0122866405498004,0.079635,0.0323962673562153,0.034491,0.00743882617911435,0.045144,0.0312320952079255,-0.0393240393240393,0.395798040292139,1,0,5.92293317619457e-17,2.54843245986772e-16,0.473572505925447,0.126977380512468,42.6666666666667,28.791716915859,4.66666666666667,15.9707710228882,1.12609649122807,0.415409428007469,2772,9486.63798759562,2772,9486.63798759562,5544,18973.2759751912,2772,9486.63798759562,5544,18973.2759751912,0.5843913,0
sf_cb,fixed_payload,5,0.833333333333333,6,1188,0.875,neighbor_stable,0.5,1,0,1,1,33.3333333333333,10.3422900250845,33.3333333333333,10.3422900250845,0,0,0,0,1530.04342105263,52.4734575761879,0,0,1530.04342105263,52.4734575761879,1530.04342105263,52.4734575761879,1500,23.2701525564402,1882.2,676.273540468989,2064,883.417489943719,1500,23.2701525564402,1882.2,676.273540468989,2064,883.417489943719,117.708552631579,78.079453338595,0,0,26.3348684210526,28.6777465822972,0,0,0,0,198,0,1188,0,0,0,33.3333333333333,10.3422900250845,33.3333333333333,10.3422900250845,200,62.0537401505071,200,62.0537401505071,NaN,NaN,0.0396,0.0122866405498004,0.051057,0.0175496639415556,0.011457,0.00527645059894215,0.0396,0.0122866405498004,-0.06006006006006,0.0682257346074621,1,0,3.92540202405808e-17,1.68896417341776e-16,0.473572505925447,0.126977380512468,38,12.9079581892484,0,0,1,0,0,0,0,0,0,0,0,0,0,0,0.6369303,0
sb_cf,fixed_payload,5,0.833333333333333,6,1188,NaN,no_stable_q,NaN,NaN,0,1,0,NaN,NaN,NaN,NaN,NaN,NaN,NaN,NaN,NaN,NaN,NaN,NaN,NaN,NaN,NaN,NaN,NaN,NaN,NaN,NaN,NaN,NaN,NaN,NaN,NaN,NaN,NaN,NaN,NaN,NaN,NaN,NaN,NaN,NaN,NaN,NaN,NaN,NaN,NaN,NaN,NaN,NaN,NaN,NaN,NaN,NaN,NaN,NaN,NaN,NaN,NaN,NaN,NaN,NaN,NaN,NaN,NaN,NaN,NaN,NaN,NaN,NaN,NaN,NaN,NaN,NaN,NaN,NaN,NaN,NaN,NaN,NaN,NaN,NaN,NaN,NaN,NaN,NaN,NaN,NaN,NaN,NaN,NaN,NaN,NaN,NaN,8.0544185,0
sb_cb,fixed_payload,5,0.833333333333333,6,1188,0.8,neighbor_stable,0.2,1,0,1,1,33.3333333333333,10.3422900250845,33.3333333333333,10.3422900250845,0,0,0,0,1452.79046052632,80.3365727541012,0,0,1452.79046052632,80.3365727541012,1452.79046052632,80.3365727541012,1422,0,1685.4,1036.5693208479,1947,1198.21732971559,1422,0,1685.4,1036.5693208479,1947,1198.21732971559,0,0,36,0,3.58322368421053,2.99711700414556,27.2072368421053,82.4452724947329,0,0,198,0,1188,0,0,0,33.3333333333333,10.3422900250845,33.3333333333333,10.3422900250845,200,62.0537401505071,200,62.0537401505071,NaN,NaN,0.0396,0.0122866405498004,0.048516,0.0178374672098238,0.008916,0.00555082725643387,0.0396,0.0122866405498004,-0.0432280432280432,0.0527403657719233,1,0,0,0,0.473572505925447,0.126977380512468,38,12.9079581892484,0,0,1,0,0,0,0,0,0,0,0,0,0,0,19.1078151,0
s7_clean,fixed_payload,5,0.833333333333333,6,1188,0.875,neighbor_stable,0.5,1,0,1,1,33.3333333333333,10.3422900250845,33.3333333333333,10.3422900250845,0,0,0,0,1413.04835526316,79.1318490701412,0,0,1413.04835526316,79.1318490701412,1413.04835526316,79.1318490701412,1386,0,1628.7,988.15541677021,1881,1175.19144103287,1386,0,1628.7,988.15541677021,1881,1175.19144103287,0,0,36,0,1.32138157894737,0.958899985760927,25.7269736842105,78.2686870964863,0,0,162,0,1188,0,0,0,33.3333333333333,10.3422900250845,33.3333333333333,10.3422900250845,200,62.0537401505071,200,62.0537401505071,NaN,NaN,0.0396,0.0122866405498004,0.04719,0.0173900858891142,0.00759,0.00510373876531856,0.0396,0.0122866405498004,-0.0473440473440473,0.050232210138196,1,0,4.20202862189474e-17,1.80798699204808e-16,0.473572505925447,0.126977380512468,38,12.9079581892484,0,0,1,0,0,0,0,0,0,0,0,0,0,0,9.2553068,0
s7_busy,fixed_payload,5,0.833333333333333,6,1188,0.5,neighbor_stable,0.2,0.8,0,1,1,33.3333333333333,10.3422900250845,33.3333333333333,10.3422900250845,0,0,0,0,3953.59375,1084.02096140325,10.6875,45.9846010491974,3942.90625,1046.36080313558,3953.59375,1084.02096140325,2950.5,544.931435348309,10078.2,5640.42976431351,12894,4626.45423291215,2950.5,544.931435348309,10078.2,5640.42976431351,12894,4626.45423291215,0,0,65.3552631578947,12.2852058204689,17.8088815789474,8.63305098507459,2377.64342105263,970.963234090317,132.098684210526,55.2834261921099,162,0,1188,0,0,0,33.3333333333333,10.3422900250845,33.3333333333333,10.3422900250845,200,62.0537401505071,200,62.0537401505071,NaN,NaN,0.0396,0.0122866405498004,0.132165,0.0602952156999848,0.092565,0.0502960574322756,0.0396,0.0122866405498004,-0.108780108780109,0.43711833356276,1,0,6.61636276025185e-17,2.84679112914103e-16,0.473572505925447,0.126977380512468,67.3333333333333,26.0933018006614,27.3333333333333,15.9707710228882,1.81542397660819,0.341255717235246,32907,4862.44686741783,15372,1492.9212973228,32907,4862.44686741783,13062,3107.76350451575,28077,8334.79364333173,40.7457804,0
sf_cf,fixed_payload,10,10,1,198,0.5,neighbor_stable,0.2,0.6,0,1,1,383,29.2875516860096,383,29.2875516860096,0,0,0,0,548.37371046243,10.8057913558434,0.922510799372722,1.5405854239131,547.451199663057,9.55658553206514,548.37371046243,10.8057913558434,426,25.8159163784968,1308.6,11.8303390939113,1900.56,208.475633108524,426,25.8159163784968,1308.6,11.8303390939113,1900.56,208.475633108524,92.6167218438626,8.32817908820451,0,0,233.620745699225,6.36782829067293,0,0,23.2137321199695,16.1541716197685,0,0,198,0,0,0,383,29.2875516860096,383.333333333333,32.7993989243792,383,29.2875516860096,383.333333333333,32.7993989243792,NaN,NaN,0.0758933333333333,0.00647235744490265,0.210089666666667,0.0141370582079486,0.125352333333333,0.013298372798302,0.0847373333333333,0.0027431644878511,-0.020844020844021,0.521584590770285,1,0,0.00193611541689488,0.00441020282164921,0.903790347541699,0.0244468921095695,512,17.9133717900592,44.6666666666667,28.2508099372082,1.11724107131298,0.0815867253523662,4818,2475.63735383281,4818,2475.63735383281,10032,5929.57375559803,4224,2324.43620955871,8844,5593.66036756722,1.919175,0
sf_cb,fixed_payload,10,10,1,198,0.4,neighbor_stable,0.2,0.5,0,1,1,383,29.2875516860096,383,29.2875516860096,0,0,0,0,908.456133113693,72.09031571895,5.82378534449491,1.83629903679798,902.632347769199,70.2837384076254,908.456133113693,72.09031571895,742.5,62.2399204073052,1986.9,237.095686623322,2997.3,663.615944307002,742.5,62.2399204073052,1986.9,237.095686623322,2997.3,663.615944307002,104.28258877079,7.43223900541255,0,0,344.755261253422,59.6006268889362,35.1055816802445,15.5231542648233,22.4889160647417,21.1832750159614,198,0,198,0,0,0,383,29.2875516860096,383,31.7153471975832,383,29.2875516860096,383,31.7153471975832,NaN,NaN,0.075834,0.00627963874512146,0.347772333333333,0.014127407648875,0.271938333333333,0.0135688109603418,0.075834,0.00627963874512146,0.00524000524000495,1.1313212698294,1,0,0.000995622196488078,0.00216633055016503,0.903892465358984,0.0248476334859779,506.666666666667,48.2545482260628,43.3333333333333,40.1580921443283,1.11358038416536,0.10698623745435,4290,3975.6511222885,4290,3975.6511222885,8976,8926.03741869817,4092,3489.5442065162,8580,7951.302244577,1.8303517,0
sb_cf,fixed_payload,10,10,1,198,0.01,neighbor_stable,0.005,0.014142135623731,0,1,1,383,29.2875516860096,383,29.2875516860096,0,0,0,0,1324.17228839804,47.7981214930852,19.4403368998077,27.5896949333327,1304.73195149823,34.1753006704773,1324.17228839804,47.7981214930852,940.5,29.5758477347779,3704.55,678.272672364826,5575.17,1448.81763842106,940.5,29.5758477347779,3704.55,678.272672364826,5575.17,1448.81763842106,0,0,41.8508674240035,5.47529421770454,1026.84944311475,67.7377879306926,5.85187012745451,2.41963582828425,32.1797708320194,30.114118197375,0,0,198,0,0,0,383,29.2875516860096,384,30.1185691082462,383,29.2875516860096,384,30.1185691082462,NaN,NaN,0.0759923333333333,0.00583033330376989,0.507814333333333,0.0416371653912422,0.41948,0.0416250024977796,0.0883343333333333,0.014066281529746,-0.145493653147262,1.16961439738736,1,0,0.00132095703963224,0.00325476606100416,0.904184651130595,0.0243404988684649,543,92.5820495422082,62.3333333333333,59.5329878149638,1.16252409511121,0.152091506047348,16170,10227.0462236923,12057,8378.3388017508,16170,10227.0462236923,9189,8016.52793632294,12342,11787.5315873628,20.7673623,0
sb_cb,fixed_payload,10,10,1,198,0.6,neighbor_stable,0.2,0.8,0,1,1,383,29.2875516860096,383,29.2875516860096,0,0,0,0,500.258898779332,13.1352866819734,0.953125644728698,2.19099549626317,499.305773134603,13.0497736411598,500.258898779332,13.1352866819734,439.5,6.45397909462419,785.1,107.136052970762,1994.46,843.471098260048,439.5,6.45397909462419,785.1,107.136052970762,1994.46,843.471098260048,0,0,40.1508301165937,1.96028413876049,7.12154935855842,1.7659477563393,36.8189818818542,6.0079673756984,19.2144117775965,7.834431473672,198,0,198,0,0,0,383,29.2875516860096,383,31.7153471975832,383,29.2875516860096,383,31.7153471975832,NaN,NaN,0.075834,0.00627963874512146,0.191517333333333,0.0107877896315187,0.114693333333333,0.00410260613926111,0.076824,0.00676194696586943,0.00100000100000093,0.643491744392655,1,0,0.00118882922910803,0.00271523585633214,0.903892465358984,0.0248476334859779,517.333333333333,50.7477982905567,44,17.3889639822523,1.11530083657205,0.0544523371877912,2304,1514.3626229692,2049,1403.58836832324,2304,1514.3626229692,1494,226.901198423794,1668,287.473878411988,51.9020153,0
s7_clean,fixed_payload,10,10,1,198,0.6,neighbor_stable,0.2,0.8,0,1,1,383,29.2875516860096,383,29.2875516860096,0,0,0,0,432.351557023147,22.4060326037345,0.50381679389313,2.1677487035379,431.847740229253,24.344824402151,432.351557023147,22.4060326037345,396,0,657.75,113.628529394285,928.23,673.666337896872,396,0,657.75,113.628529394285,928.23,673.666337896872,0,0,36.3108808290155,1.33761224759051,5.6262251849603,0.726030692333941,28.5116704847077,19.1720226854586,1.39896373056995,6.01925511415728,162,0,198,0,0,0,383,29.2875516860096,383,31.7153471975832,383,29.2875516860096,383,31.7153471975832,NaN,NaN,0.075834,0.00627963874512146,0.165516333333333,0.0132588483916351,0.0896823333333333,0.00926471651249945,0.075834,0.00627963874512146,-0.0202080202080203,0.629891665116012,1,0,0.00119208934652677,0.0028526716871047,0.903892465358984,0.0248476334859779,464.666666666667,48.7633976038272,3.33333333333333,14.3421757658315,1.00863557858377,0.0371558957664031,210,903.557073247387,105,451.778536623693,210,903.557073247387,105,451.778536623693,210,903.557073247387,26.4264735,0
s7_busy,fixed_payload,10,10,1,198,0.4,neighbor_stable,0.2,0.6,0,1,1,383,29.2875516860096,383,29.2875516860096,0,0,0,0,1609.92891623578,272.345419905257,18.5403844694277,8.14419302892378,1591.38853176635,276.663864646793,1609.92891623578,272.345419905257,1215,161.220346110533,4176.15,853.347107435913,5824.92,1155.8589274581,1215,161.220346110533,4176.15,853.347107435913,5824.92,1155.8589274581,0,0,72.3327162466822,14.3885499859123,27.4073963810743,5.50979644077551,968.151196028525,194.300157776523,163.49722311007,64.7484749366053,162,0,198,0,0,0,383,29.2875516860096,382.666666666667,33.9094655199968,383,29.2875516860096,382.666666666667,33.9094655199968,NaN,NaN,0.0757163333333333,0.0065415937187941,0.616279666666667,0.112333646325847,0.540563333333333,0.110410770125309,0.0757163333333333,0.0065415937187941,0.0136720136720135,2.17554738434693,1,0,0.00178937773690982,0.00303312114256657,0.903574640513845,0.0233335129420366,905.333333333333,163.299385971563,386.333333333333,153.05863539489,2.00924211796339,0.399681944053119,143325,13472.699523909,65226,6080.07307648391,143325,13472.699523909,55104,6779.08710668331,121275,15235.3227074453,209.0718219,0
sf_cf,fixed_payload,10,5,2,396,0.6,neighbor_stable,0.2,0.8,0,1,1,203.666666666667,31.2580473968789,203.666666666667,31.2580473968789,0,0,0,0,2660.46892537756,6866.33129802986,203.475452844824,843.548349525714,2456.99347253274,6022.86837571354,2660.46892537756,6866.33129802986,769.5,58.0858118516177,5197.04999999996,11240.3932741046,45411.24,173280.82562361,769.5,58.0858118516177,5197.04999999996,11240.3932741046,45411.24,173280.82562361,190.31635545467,8.48453364990966,0,0,915.444911484236,2424.84656981567,0,0,955.232205593831,3607.08786602953,0,0,396,0,0,0,203.666666666667,31.2580473968789,201.333333333333,41.144800241277,407.333333333333,62.5160947937577,402.666666666667,82.2896004825539,NaN,NaN,0.0797213333333333,0.0162908662728606,0.274954333333333,0.223850054259173,0.135237,0.088870052885357,0.139717333333333,0.138610378722995,1.58360958360958,6.57155336412302,1,0,0.657833112602545,2.82660352110457,0.864473869054609,0.0637292092840617,717,1712.45758822021,466.333333333333,1741.9852233927,3.41220253937836,9.10880774249881,53196,176933.567319228,53196,176933.567319228,186252,688135.079993411,19708,37141.0127639003,59996,153582.935513098,0.9074262,0
sf_cb,fixed_payload,10,5,2,396,0.6,neighbor_stable,0.2,0.8,0,1,1,203.666666666667,31.2580473968789,203.666666666667,31.2580473968789,0,0,0,0,892.998020942647,74.177862642508,2.60538908153488,6.33123670085282,890.392631861112,71.6156633125989,892.998020942647,74.177862642508,778.5,19.3619372838726,1560.75,544.453101392014,2612.52,1301.27638033999,778.5,19.3619372838726,1560.75,544.453101392014,2612.52,1301.27638033999,114.969390199389,16.2503280709008,0,0,143.705081956928,50.5237923109484,17.4752731897614,9.13641410176835,20.242886515034,44.1022991086087,198,0,396,0,0,0,203.666666666667,31.2580473968789,203.666666666667,31.2580473968789,407.333333333333,62.5160947937577,407.333333333333,62.5160947937577,NaN,NaN,0.080652,0.012378186769164,0.181977,0.0363038085287523,0.101325,0.0252159961410335,0.080652,0.012378186769164,-0.027892027892028,0.288491009552652,1,0,1.03560002742824e-16,2.24840975812688e-16,0.862691051918784,0.0566646134417911,267,33.4206548550469,20.3333333333333,44.7374741736901,1.10223680058098,0.222738884386912,1848,4183.21414887937,1848,4183.21414887937,4026,8858.01988639065,1848,4183.21414887937,4026,8858.01988639065,0.9852556,0
sb_cf,fixed_payload,10,5,2,396,0.00707106781186547,neighbor_stable,0.005,0.01,0,1,1,203.666666666667,31.2580473968789,203.666666666667,31.2580473968789,0,0,0,0,2083.48836305722,712.379191157321,31.4772964479628,100.598925305627,2052.01106660925,613.069746274563,2083.48836305722,712.379191157321,1455,390.665704033119,6188.39999999999,5170.37590464988,9660.44999999998,6898.22411342894,1455,390.665704033119,6188.39999999999,5170.37590464988,9660.44999999998,6898.22411342894,0,0,44.365851850162,11.6255975170465,1507.90343397819,470.303838442718,11.7174104291189,9.29503284960673,92.0243703517817,127.881572687512,0,0,396,0,0,0,203.666666666667,31.2580473968789,203,28.648473654543,407.333333333333,62.5160947937577,406,57.2969473090859,NaN,NaN,0.0803746666666667,0.0113513801000864,0.425063666666667,0.211528821687134,0.325549,0.171610790741202,0.0995146666666667,0.0402140923841282,-0.297980325686423,0.892525248882266,1,0,0.00381990946719698,0.00567947536366131,0.860172705682044,0.0728002775967985,299.333333333333,104.69788309057,48.3333333333333,74.6206741744204,1.23238477361561,0.322933264362404,20856,28668.8279495343,15624,21409.0501100676,20856,28668.8279495343,14073,21852.6356938752,19140,29549.7869730705,17.3034202,0
sb_cb,fixed_payload,10,5,2,396,0.4,neighbor_stable,0.2,0.8,0,1,1,203.666666666667,31.2580473968789,203.666666666667,31.2580473968789,0,0,0,0,697.517842884519,4.84412239147866,1.80086234429895,6.19091316777684,695.71698054022,3.03548037039537,697.517842884519,4.84412239147866,639,0,1059.15,240.707464490696,1747.46999999999,256.924307171148,639,0,1059.15,240.707464490696,1747.46999999999,256.924307171148,0,0,37.8857479353926,0.612726454131869,14.0431136503627,6.20717230820915,41.1343071303098,4.02707633797977,8.65381182415477,7.71060396374911,198,0,396,0,0,0,203.666666666667,31.2580473968789,203.666666666667,31.2580473968789,407.333333333333,62.5160947937577,407.333333333333,62.5160947937577,NaN,NaN,0.080652,0.012378186769164,0.142077,0.0227643507839645,0.061161,0.0109064455818919,0.080916,0.011859147511196,0.00110000110000107,0.202464977854268,1,0,0,0,0.862691051918784,0.0566646134417911,257.333333333333,34.8074884695988,10.6666666666667,3.79458303359676,1.05238188709424,0.0170201792814408,438,518.250904485462,399,433.715078399136,438,518.250904485462,399,433.715078399136,438,518.250904485462,36.7717278,0
s7_clean,fixed_payload,10,5,2,396,0.75,neighbor_stable,0.5,0.875,0,1,1,203.666666666667,31.2580473968789,203.666666666667,31.2580473968789,0,0,0,0,642.78597164872,7.68551921407784,1.49260847743761,5.22586655132636,641.293363171283,5.6344477324235,642.78597164872,7.68551921407784,594,0,946.199999999999,307.4940074463,1562.96999999999,430.257061283832,594,0,946.199999999999,307.4940074463,1562.96999999999,430.257061283832,0,0,37.2600150568052,2.20532474715479,2.82606110553452,1.60673208045922,37.5372192533193,7.29165383420889,5.67006775562349,9.92396136219656,162,0,396,0,0,0,203.666666666667,31.2580473968789,203.666666666667,31.2580473968789,407.333333333333,62.5160947937577,407.333333333333,62.5160947937577,NaN,NaN,0.080652,0.012378186769164,0.130926,0.020913477682328,0.050274,0.00860283215440839,0.080652,0.012378186769164,-0.00431600431600434,0.216024904974797,1,0,0,0,0.862691051918784,0.0566646134417911,253.666666666667,28.6843515316631,7,11.3837491007903,1.03500041824459,0.0612590207542997,441,717.176193349787,210,393.851397200674,441,717.176193349787,210,393.851397200674,441,717.176193349787,17.1808597,0
s7_busy,fixed_payload,10,5,2,396,0.6,neighbor_stable,0.2,0.8,0,1,1,203.666666666667,31.2580473968789,203.666666666667,31.2580473968789,0,0,0,0,1833.96645725921,158.147355122349,7.22739340466305,6.55694926500624,1826.73906385454,152.408068010871,1833.96645725921,158.147355122349,1371,401.549546708172,4594.65,445.796196536216,7680.44999999997,4059.47833869737,1371,401.549546708172,4594.65,445.796196536216,7680.44999999997,4059.47833869737,0,0,72.17151925446,6.80188205637617,12.0210445943788,3.32673509856711,1021.77466336063,129.268671995811,162.77183664507,30.6084692536928,162,0,396,0,0,0,203.666666666667,31.2580473968789,203,32.5791606614061,407.333333333333,62.5160947937577,406,65.1583213228121,NaN,NaN,0.080491,0.0125530857520147,0.372068333333333,0.0495331055730922,0.291577333333333,0.0398476915335469,0.080491,0.0125530857520147,-0.0916680916680918,1.52969826169189,1,0,0.00318311481832984,0.0131870870505393,0.863890249656799,0.0644612921876694,488.666666666667,12.5032189587515,204,7.45241313525099,2.004764423735,0.188941168232671,91140,9950.21073607527,41664,4708.91089809032,91140,9950.21073607527,34818,3717.78327253465,76167,8618.91152328145,112.0797773,0
sf_cf,fixed_payload,10,3.33333333333333,3,594,0.5,neighbor_stable,0.2,0.6,0,1,1,140.666666666667,12.7476046574023,140.666666666667,12.7476046574023,0,0,0,0,1650.34769305488,541.286149629825,12.2191139172198,30.8908107631694,1638.12857913766,541.681189311056,1650.34769305488,541.286149629825,1176,167.803456460229,4039.2,2121.92257679753,6430.20000000001,5187.93108507251,1176,167.803456460229,4039.2,2121.92257679753,6430.20000000001,5187.93108507251,293.46913280449,37.8990797760313,0,0,649.582677675247,426.448180816831,0,0,101.076768657925,158.044397314552,0,0,594,0,0,0,140.666666666667,12.7476046574023,141,11.3837491007903,422,38.2428139722068,423,34.1512473023708,NaN,NaN,0.0836153333333333,0.00732831628069992,0.232502333333333,0.0881295712763663,0.134631,0.0626026178022318,0.0978713333333333,0.0257260901116561,-0.0567760567760568,0.995822547691334,1,0,0.000270578810639001,0.00116420665820782,0.770581570017734,0.0622651709380114,198,31.0268700752536,24,38.5641878067797,1.17016291019853,0.266068008947058,7722,3904.01190099068,7722,3904.01190099068,17424,15072.0960922953,6138,8390.49055135083,14256,22907.1275572272,0.907257,0
sf_cb,fixed_payload,10,3.33333333333333,3,594,0.6,neighbor_stable,0.2,0.8,0,1,1,140.666666666667,12.7476046574023,140.666666666667,12.7476046574023,0,0,0,0,1321.45012681453,786.684754524142,9.621758135017,28.4344167268073,1311.82836867951,795.977058938136,1321.45012681453,786.684754524142,987,64.5397909462419,2119.5,713.770405878312,9347.28000000001,26596.7291277281,987,64.5397909462419,2119.5,713.770405878312,9347.28000000001,26596.7291277281,127.589892612379,3.54962253769455,0,0,214.709600129513,296.150961687979,43.3133236198802,58.0132323074385,134.215552317738,446.394778998161,198,0,594,0,0,0,140.666666666667,12.7476046574023,141,11.3837491007903,422,38.2428139722068,423,34.1512473023708,NaN,NaN,0.0836813333333333,0.00705812436930206,0.186698333333333,0.123752099305363,0.103017,0.11877069030829,0.0836813333333333,0.00705812436930206,-0.118348118348118,0.561107910083177,1,0,0.000783906565009125,0.00337287772180441,0.770581570017734,0.0622651709380114,269.333333333333,324.171246644419,97.3333333333333,328.548538956031,1.67785632483706,2.2545190858493,7524,22345.7895672678,7524,22345.7895672678,19932,65178.9313906784,7194,22315.0935467454,19272,65052.6107132941,0.9416473,0
sb_cf,fixed_payload,10,3.33333333333333,3,594,0.01,neighbor_stable,0.005,0.014142135623731,0,1,0.333333333333333,140.666666666667,12.7476046574023,66,165.768502982915,74.6666666666667,161.322384314489,74.6666666666667,161.322384314489,NaN,NaN,NaN,NaN,NaN,NaN,2537.29239691543,1532.89849241234,NaN,NaN,NaN,NaN,NaN,NaN,1786.5,1280.86690895719,6330.45,4107.17614543318,18752.64,41204.6660068702,NaN,NaN,NaN,NaN,NaN,NaN,NaN,NaN,NaN,NaN,NaN,NaN,NaN,NaN,NaN,NaN,140.666666666667,12.7476046574023,66.3333333333333,164.860175581847,422,38.2428139722068,199,494.580526745541,NaN,NaN,0.0392153333333333,0.0984354884973661,33.1501243333333,73.0856969181736,29.332892,64.8235279484389,3.81723233333333,8.26495880946019,91.2302085588044,199.605956635,0.464963814389102,1.16466822588923,NaN,NaN,0.501644688644689,0.60385123724816,15708,33538.4624759076,41.6666666666667,82.1770377116717,1.70781552057443,0.632024949251689,9272835,20028943.6969187,1233060,2578431.45150025,9272835,20028943.6969187,563696,1159945.61011748,3778017,8362707.04561657,16.8166262,0
sb_cb,fixed_payload,10,3.33333333333333,3,594,0.6,neighbor_stable,0.2,0.8,0,1,1,140.666666666667,12.7476046574023,140.666666666667,12.7476046574023,0,0,0,0,939.987291565485,129.085349951404,3,12.9079581892484,936.987291565485,133.897717263036,939.987291565485,129.085349951404,834,12.9079581892484,1407.15,60.992663493243,3626.16,5461.27314953208,834,12.9079581892484,1407.15,60.992663493243,3626.16,5461.27314953208,0,0,40.1199503534618,8.23062222771088,7.69920133829799,1.18275445473225,77.6923911283795,77.7961401180903,19.4757487453456,47.8930911563278,198,0,594,0,0,0,140.666666666667,12.7476046574023,141,11.3837491007903,422,38.2428139722068,423,34.1512473023708,NaN,NaN,0.0835703333333333,0.00751312095157854,0.132344333333333,0.0272739660044617,0.048378,0.0196932171024988,0.0839663333333333,0.00883828072225341,-0.0213440213440213,0.339345118143984,1,0,0.000115340253748599,0.000496269057641406,0.770581570017734,0.0622651709380114,186.666666666667,42.7627790333518,16.3333333333333,33.7269917352552,1.11444306537394,0.228628395214191,900,1973.52507730944,774,1668.42537464797,900,1973.52507730944,570,1929.77212684256,678,2259.00332005068,35.7531616,0
s7_clean,fixed_payload,10,3.33333333333333,3,594,0.625,neighbor_stable,0.5,0.875,0,1,1,140.666666666667,12.7476046574023,140.666666666667,12.7476046574023,0,0,0,0,867.730964330042,35.2763283864779,2.68888888888889,11.5693551177708,865.042075441153,33.8013488921036,867.730964330042,35.2763283864779,792,0,1296.75,149.176296065066,2365.92,1311.90962556936,792,0,1296.75,149.176296065066,2365.92,1311.90962556936,0,0,36.5123091036641,0.0470694264540365,4.42468296368248,1.20094699417679,65.7996924073175,33.8138461679025,2.30539096648859,0.211812419043174,162,0,594,0,0,0,140.666666666667,12.7476046574023,140.666666666667,12.7476046574023,422,38.2428139722068,422,38.2428139722068,NaN,NaN,0.083556,0.00757207716649696,0.122061,0.0122410190375198,0.038505,0.0061774526490107,0.083556,0.00757207716649696,-0.0197000197000197,0.258048083608604,1,0,0,0,0.770535716424019,0.0624504380518294,170.666666666667,26.3287348576091,2,0,1.01423080843511,0.00130748406816775,126,0,63,0,126,0,63,0,126,0,15.4016792,0
s7_busy,fixed_payload,10,3.33333333333333,3,594,0.5,neighbor_stable,0.2,0.8,0,1,1,140.666666666667,12.7476046574023,140.666666666667,12.7476046574023,0,0,0,0,2561.00598996276,867.598545048334,44.1126436781609,95.9766452545025,2516.8933462846,783.603048782657,2561.00598996276,867.598545048334,1864.5,606.364989094852,6643.05,2632.49405412434,9979.02000000001,4786.35680265029,1864.5,606.364989094852,6643.05,2632.49405412434,9979.02000000001,4786.35680265029,0,0,68.4743402946414,20.336303803869,17.4306675300847,4.47924613837667,1528.85380713399,669.348817056881,146.134531325886,91.5133671174106,162,0,594,0,0,0,140.666666666667,12.7476046574023,140.666666666667,11.2015973626882,422,38.2428139722068,422,33.6047920880646,NaN,NaN,0.083556,0.0066537488334368,0.360486333333333,0.141628598491883,0.276930333333333,0.137109338623785,0.083556,0.0066537488334368,-0.0257760257760259,1.43003362275657,1,0,0.00205229337936363,0.00526714104412637,0.771341049974397,0.0629072679322624,317,78.0825773709403,127.333333333333,88.0497463639608,1.90206500818448,0.564897327885251,63210,9879.808873891,29022,4082.03846135726,63210,9879.808873891,24864,4614.33778897571,54180,10487.880852166,79.3532438,0
sf_cf,fixed_payload,10,2.5,4,792,0.5,neighbor_stable,0.2,0.6,0,1,1,102.333333333333,27.4756561507033,102.333333333333,27.4756561507033,0,0,0,0,2219.92084305685,605.365553182032,2.5,10.7566318243737,2217.42084305685,594.643618500551,2219.92084305685,605.365553182032,1719,399.782200319508,5680.35,2225.83161373279,7979.07,6041.89427331299,1719,399.782200319508,5680.35,2225.83161373279,7979.07,6041.89427331299,403.752446926615,48.5955466019618,0,0,889.615560640732,270.987685735657,0,0,132.052835489499,342.289627704973,0,0,792,0,0,0,102.333333333333,27.4756561507033,103,28.648473654543,409.333333333333,109.902624602813,412,114.593894618172,NaN,NaN,0.081576,0.022689591134398,0.229792666666667,0.123194233206159,0.133696666666667,0.0623330546633471,0.096096,0.0622572862686646,0.0490040490040489,0.535235504097323,1,0,0.00447066337299473,0.0116202411593338,0.741608171182639,0.137953773348274,137.333333333333,75.9323060344877,18.3333333333333,50.320397952942,1.16673337814331,0.432183873364864,6600,17189.2909774572,6600,17189.2909774572,14520,39853.75517873,6600,17189.2909774572,14520,39853.75517873,0.5347925,0
sf_cb,fixed_payload,10,2.5,4,792,0.6,neighbor_stable,0.2,0.8,0,1,1,102.333333333333,27.4756561507033,102.333333333333,27.4756561507033,0,0,0,0,1300.8514908127,100.005380013706,0,0,1300.8514908127,100.005380013706,1300.8514908127,100.005380013706,1156.5,19.3619372838726,2026.8,449.552885568626,3102.12,2076.54347710509,1156.5,19.3619372838726,2026.8,449.552885568626,3102.12,2076.54347710509,150.475343815846,13.4447087009703,0,0,116.889548451413,17.7016216289868,32.3627342139248,51.5100264666545,11.1238643315132,21.7027875220969,198,0,792,0,0,0,102.333333333333,27.4756561507033,102.666666666667,27.3631273932776,409.333333333333,109.902624602813,410.666666666667,109.45250957311,NaN,NaN,0.0811733333333333,0.0217110460228752,0.133505333333333,0.04536188876559,0.052332,0.0240114079714045,0.0811733333333333,0.0217110460228752,-0.0325000325000326,0.0935396023863033,1,0,0.000971071872231742,0.00417818504184057,0.737703447158424,0.128145219574004,125,37.2620656762549,6,13.1448212154569,1.05618113298744,0.109610037990388,594,1301.33730033023,594,1301.33730033023,1188,2602.67460066046,594,1301.33730033023,1188,2602.67460066046,0.9171835,0
sb_cf,fixed_payload,10,2.5,4,792,0.005,self_stable_fallback,0.005,0.00707106781186547,1,1,1,102.333333333333,27.4756561507033,102.333333333333,27.4756561507033,0,0,0,0,3445.62629426558,1244.79002474108,13.764981761334,45.7075478402583,3431.86131250425,1233.05175389252,3445.62629426558,1244.79002474108,2449.5,530.994241602849,9918.6,10896.0995158112,14952.84,13149.0640557874,2449.5,530.994241602849,9918.6,10896.0995158112,14952.84,13149.0640557874,0,0,44.998663253053,17.372297346343,2381.90716972155,823.019962935961,14.9848879624805,35.7915556247623,197.970591567166,382.190541619546,0,0,792,0,0,0,102.333333333333,27.4756561507033,102.333333333333,28.576582766683,409.333333333333,109.902624602813,409.333333333333,114.306331066732,NaN,NaN,0.081145,0.0222776255340621,0.357174333333333,0.22163514887311,0.254645333333333,0.155589655830022,0.102529,0.067733378895982,0.320212612118793,0.704990598302474,1,0,0.00375575363940283,0.0123587531002688,0.74089863698152,0.114414841579059,148.666666666667,78.3324422571613,27,57.8862722311647,1.24996286814036,0.482563815176194,23496,41472.0302706442,16929,25552.8673688342,23496,41472.0302706442,15171,29202.9139431193,21384,45845.9276070824,17.1540266,0
sb_cb,fixed_payload,10,2.5,4,792,0.8,neighbor_stable,0.2,1,0,1,1,102.333333333333,27.4756561507033,102.333333333333,27.4756561507033,0,0,0,0,1131.35920542855,171.811514910887,0,0,1131.35920542855,171.811514910887,1131.35920542855,171.811514910887,1026,0,1738.05,485.896336285204,3354.66,6107.1461907859,1026,0,1738.05,485.896336285204,3354.66,6107.1461907859,0,0,39.6176677164284,13.9570023136264,2.17485896186873,1.45978493202879,84.1917268958017,96.6096061278125,15.3749518544532,60.8611058961513,198,0,792,0,0,0,102.333333333333,27.4756561507033,102.666666666667,27.3631273932776,409.333333333333,109.902624602813,410.666666666667,109.45250957311,NaN,NaN,0.0811733333333333,0.0217110460228752,0.116363333333333,0.0483287881799851,0.03519,0.0272792129398079,0.0811733333333333,0.0217110460228752,-0.0315080315080316,0.0964846831639382,1,0,0.00113433069963466,0.00488063108122171,0.737703447158424,0.128145219574004,130.333333333333,67.2248851630494,11.3333333333333,44.4607448740778,1.10049076990079,0.387694508711844,204,800.2934077334,138,516.318327569935,204,800.2934077334,138,516.318327569935,204,800.2934077334,28.4624833,0
s7_clean,fixed_payload,10,2.5,4,792,0.75,neighbor_stable,0.5,1,0,1,1,102.333333333333,27.4756561507033,102.333333333333,27.4756561507033,0,0,0,0,1094.0720710515,180.698877371151,2.47368421052632,10.6434041209592,1091.59838684097,170.057306023177,1094.0720710515,180.698877371151,990,0,1883.55,1400.45858876517,2586.09,3139.61943480416,990,0,1883.55,1400.45858876517,2586.09,3139.61943480416,0,0,39.2631578947368,14.040235223393,2.70081224369577,1.04491326493868,80.950206176224,92.5283693149076,14.6842105263158,63.1810585052684,162,0,792,0,0,0,102.333333333333,27.4756561507033,102.666666666667,27.3631273932776,409.333333333333,109.902624602813,410.666666666667,109.45250957311,NaN,NaN,0.0811613333333333,0.021715227218498,0.112559333333333,0.0482496354754103,0.031398,0.0272561921715471,0.0811613333333333,0.021715227218498,-0.0328040328040328,0.0869031967965039,1,0,0.00106448259884032,0.0045800989596711,0.737703447158424,0.128145219574004,129.333333333333,67.2248851630494,10.3333333333333,44.4607448740778,1.0906432748538,0.390006533983138,651,2801.0269270669,294,1264.97990254634,651,2801.0269270669,294,1264.97990254634,651,2801.0269270669,11.7421155,0
s7_busy,fixed_payload,10,2.5,4,792,0.6,neighbor_stable,0.2,0.8,0,1,1,102.333333333333,27.4756561507033,102.333333333333,27.4756561507033,0,0,0,0,2955.64441398373,484.62983426953,0,0,2955.64441398373,484.62983426953,2955.64441398373,484.62983426953,2278.5,471.670639649843,7240.95,327.063947522846,11219.79,3139.80363070686,2278.5,471.670639649843,7240.95,327.063947522846,11219.79,3139.80363070686,0,0,76.5172304415796,21.2524616010686,12.3814826562748,4.78693250311691,1730.41816389877,370.077730597318,182.327536987108,95.6360772048087,162,0,792,0,0,0,102.333333333333,27.4756561507033,102.666666666667,27.3631273932776,409.333333333333,109.902624602813,410.666666666667,109.45250957311,NaN,NaN,0.0812033333333333,0.0217011269569642,0.303599333333333,0.123461251418067,0.222396,0.103202979471749,0.0812033333333333,0.0217011269569642,-0.145480145480146,0.139813805282877,1,0,0.000553096688660001,0.00237978297727834,0.737703447158424,0.128145219574004,248.666666666667,84.6552923243344,116,83.023732576536,2.12547862337721,0.590346155585238,52605,18625.5530181192,24381,8611.80431375803,52605,18625.5530181192,20748,7906.51162017738,44814,17293.3836925704,65.9873858,0
sf_cf,fixed_payload,10,2,5,990,0.6,neighbor_stable,0.2,0.8,0,1,1,86.3333333333333,14.5557186654918,86.3333333333333,14.5557186654918,0,0,0,0,3104.22274362145,1673.34639111916,105.964285714286,455.927523184523,2998.25845790716,1217.54026567454,3104.22274362145,1673.34639111916,2142,580.965674876421,9407.1,16383.7450935605,16172.91,29441.415146265,2142,580.965674876421,9407.1,16383.7450935605,16172.91,29441.415146265,512.662751489266,78.5727029361989,0,0,1089.93284253119,278.913959042073,0,0,405.662863886703,1089.2394184223,0,0,990,0,0,0,86.3333333333333,14.5557186654918,86.3333333333333,14.5557186654918,431.666666666667,72.7785933274589,431.666666666667,72.7785933274589,NaN,NaN,0.08547,0.0144101614788369,0.267042,0.131536496387885,0.146922,0.0429375444158319,0.12012,0.089090817190619,-0.126972126972127,0.52265061034188,1,0,7.36325680152088e-17,3.16815369769101e-16,0.637300225455442,0.0778380356009332,145.666666666667,71.8398424480661,35,91.5767857718739,1.40976046857243,1.1002418367902,16170,29749.6934696555,16170,29749.6934696555,37950,83265.7355883974,14520,33480.168182649,34650,90661.0179141551,0.7153275,0
sf_cb,fixed_payload,10,2,5,990,0.6,neighbor_stable,0.2,0.8,0,1,1,86.3333333333333,14.5557186654918,86.3333333333333,14.5557186654918,0,0,0,0,1495.08421377993,69.107870160155,0,0,1495.08421377993,69.107870160155,1495.08421377993,69.107870160155,1386,40.3050865276332,2143.5,263.021622392825,2969.67,1249.58857868684,1386,40.3050865276332,2143.5,263.021622392825,2969.67,1249.58857868684,151.108491626391,50.0224657570463,0,0,131.020175340002,16.2483938358545,15.5257390131505,18.5997570018589,9.42980780038215,21.2782812923204,198,0,990,0,0,0,86.3333333333333,14.5557186654918,86.3333333333333,14.5557186654918,431.666666666667,72.7785933274589,431.666666666667,72.7785933274589,NaN,NaN,0.08547,0.0144101614788369,0.12897,0.0158078963569087,0.0435,0.00198291615090969,0.08547,0.0144101614788369,-0.0385320385320385,0.226341408268842,1,0,0,0,0.637300225455442,0.0778380356009332,113.333333333333,20.0790460721642,4,8.60530545949892,1.04762529192112,0.107466067132932,594,1301.33730033023,594,1301.33730033023,1188,2602.67460066046,396,851.925240490393,792,1703.85048098079,0.7040971,0
sb_cf,fixed_payload,10,2,5,990,0.00447213595499958,neighbor_stable,0.002,0.00668740304976422,0,1,1,86.3333333333333,14.5557186654918,86.3333333333333,14.5557186654918,0,0,0,0,5544.5913510172,3986.76874168933,0,0,5544.5913510172,3986.76874168933,5544.5913510172,3986.76874168933,2917.5,471.140473907566,25496.7,40172.9678298728,37904.82,61374.546430871,2917.5,471.140473907566,25496.7,40172.9678298728,37904.82,61374.546430871,0,0,65.7560975609756,54.0017891418902,3642.27939192986,2529.8775182148,28.2631785995279,96.1667827889291,818.292682926829,1485.04920140198,0,0,990,0,0,0,86.3333333333333,14.5557186654918,86.6666666666667,13.6815636966388,431.666666666667,72.7785933274589,433.333333333333,68.407818483194,NaN,NaN,0.0856943333333333,0.0137415879824423,0.475415666666667,0.297562807653392,0.320091333333333,0.185328572139559,0.155324333333333,0.112245205623258,-0.187164717906645,1.13419395623525,1,0,0.00446365207923302,0.0116343097807889,0.637231247563229,0.0717672320029195,191,81.2202871377283,70,123.534347623384,1.82655826558266,1.50004969838584,82830,94493.7480227375,50895,41927.2875583432,82830,94493.7480227375,41763,63680.8292502539,69630,121886.193261141,15.8381421,0
sb_cb,fixed_payload,10,2,5,990,0.8,neighbor_stable,0.2,1,0,1,1,86.3333333333333,14.5557186654918,86.3333333333333,14.5557186654918,0,0,0,0,1295.74148589412,43.9349290500643,0,0,1295.74148589412,43.9349290500643,1295.74148589412,43.9349290500643,1224,0,1799.55,304.4630007836,2380.86,988.993605112711,1224,0,1799.55,304.4630007836,2380.86,988.993605112711,0,0,36.2926829268293,1.25931299407301,2.25935708665842,0.213793604583675,68.8235922220973,42.964432599774,0.365853658536585,1.57414124259127,198,0,990,0,0,0,86.3333333333333,14.5557186654918,86.3333333333333,14.5557186654918,431.666666666667,72.7785933274589,431.666666666667,72.7785933274589,NaN,NaN,0.08547,0.0144101614788369,0.111801,0.0152229708158933,0.026331,0.00155062136428744,0.08547,0.0144101614788369,-0.0311920311920312,0.208903055842206,1,0,0,0,0.637300225455442,0.0778380356009332,109,19.8731016940026,0.666666666666667,2.86843515316631,1.00813008130081,0.0349809165020282,30,51.6318327569935,30,51.6318327569935,30,51.6318327569935,12,51.6318327569935,12,51.6318327569935,24.5378127,0
s7_clean,fixed_payload,10,2,5,990,0.625,neighbor_stable,0.5,0.875,0,1,1,86.3333333333333,14.5557186654918,86.3333333333333,14.5557186654918,0,0,0,0,1257.81766325728,43.4635870974374,0,0,1257.81766325728,43.4635870974374,1257.81766325728,43.4635870974374,1188,0,1733.1,300.372929744139,2272.8,728.881848481735,1188,0,1733.1,300.372929744139,2272.8,728.881848481735,0,0,36,0,5.42657637405867,1.96079356419833,64.3910868832191,42.495202997483,0,0,162,0,990,0,0,0,86.3333333333333,14.5557186654918,86.3333333333333,14.5557186654918,431.666666666667,72.7785933274589,431.666666666667,72.7785933274589,NaN,NaN,0.08547,0.0144101614788369,0.108528,0.014737751352329,0.023058,0.00141981672706781,0.08547,0.0144101614788369,-0.023940023940024,0.179872934945044,1,0,1.28122757660085e-16,1.70372120433662e-17,0.637300225455442,0.0778380356009332,108,22.7674982015806,0,0,1,0,42,180.711414649477,21,90.3557073247387,42,180.711414649477,0,0,0,0,11.3089037,0
s7_busy,fixed_payload,10,2,5,990,0.6,neighbor_stable,0.2,0.8,0,1,1,86.3333333333333,14.5557186654918,86.3333333333333,14.5557186654918,0,0,0,0,3470.18379790941,30.8703642283106,49.9228110599078,124.971737551455,3420.2609868495,132.815199315189,3470.18379790941,30.8703642283106,2749.5,865.675658750924,8489.1,422.524222337063,12461.22,7850.38988272748,2749.5,865.675658750924,8489.1,422.524222337063,12461.22,7850.38988272748,0,0,68.4930875576037,7.66550026967533,12.2055187141733,2.35011310725331,2041.34348656851,99.6241261907542,146.218894009217,34.494751213539,162,0,990,0,0,0,86.3333333333333,14.5557186654918,86.3333333333333,14.3421757658315,431.666666666667,72.7785933274589,431.666666666667,71.7108788291577,NaN,NaN,0.08547,0.0141987540081732,0.300069333333333,0.0459563506367928,0.214599333333333,0.031779905435556,0.08547,0.0141987540081732,0.0108240108240107,0.970965651526809,1,0,0.00567005057645025,0.0139786011480555,0.629597299093556,0.0652332396739079,202,44.7144788115059,77.6666666666667,11.2015973626882,1.90258576548899,0.212930563046537,43785,5994.20062034322,19887,2549.2482149721,43785,5994.20062034322,16674,771.999501793382,36792,1492.9212973228,56.7087017,0
sf_cf,fixed_payload,10,1.66666666666667,6,1188,0.6,neighbor_stable,0.2,0.8,0,1,1,63.3333333333333,12.2539603459267,63.3333333333333,12.2539603459267,0,0,0,0,2921.44632929437,1221.17060551762,0,0,2921.44632929437,1221.17060551762,2921.44632929437,1221.17060551762,2322,549.460714631243,7212.9,6169.33431027392,8996.58,8832.03980101034,2322,549.460714631243,7212.9,6169.33431027392,8996.58,8832.03980101034,582.444903777619,77.7406246424529,0,0,935.652316464718,928.431150217859,0,0,215.349109052031,375.410774082329,0,0,1188,0,0,0,63.3333333333333,12.2539603459267,63.3333333333333,12.2539603459267,380,73.5237620755602,380,73.5237620755602,NaN,NaN,0.07524,0.0145577048909609,0.184257,0.065723534509805,0.095553,0.0457172090759301,0.088704,0.0229229638035412,-0.0957760957760959,0.438896073577439,1,0,5.76612229111695e-17,2.48096218159436e-16,0.667028065203248,0.0818541892253687,86,16.289580330703,11.3333333333333,18.8095871778349,1.18127029381484,0.316002335086135,7524,10364.1178629405,7524,10364.1178629405,15048,20728.2357258811,6732,11172.8947836339,13464,22345.7895672678,0.3892189,0
sf_cb,fixed_payload,10,1.66666666666667,6,1188,0.75,neighbor_stable,0.5,0.875,0,1,1,63.3333333333333,12.2539603459267,63.3333333333333,12.2539603459267,0,0,0,0,1610.38667141839,29.0076922940898,0,0,1610.38667141839,29.0076922940898,1610.38667141839,29.0076922940898,1518,25.8159163784968,2388,580.677737647999,3119.1,885.517570767778,1518,25.8159163784968,2388,580.677737647999,3119.1,885.517570767778,143.903207412687,42.7837444252792,0,0,57.1443335709195,16.538610497345,18.9391304347826,49.3251981182566,4.4,18.9316720108976,198,0,1188,0,0,0,63.3333333333333,12.2539603459267,63.3333333333333,12.2539603459267,380,73.5237620755602,380,73.5237620755602,NaN,NaN,0.07524,0.0145577048909609,0.101955,0.0179470618593856,0.026715,0.00342790752500705,0.07524,0.0145577048909609,-0.061040061040061,0.298688622027989,1,0,0,0,0.667028065203248,0.0818541892253687,74.6666666666667,16.9091758498227,1.33333333333333,5.73687030633262,1.02222222222222,0.0956145051055436,132,567.950160326929,132,567.950160326929,264,1135.90032065386,132,567.950160326929,264,1135.90032065386,0.8240958,0
sb_cf,fixed_payload,10,1.66666666666667,6,1188,0.005,self_stable_fallback,0.005,0.005,1,1,1,63.3333333333333,12.2539603459267,63.3333333333333,12.2539603459267,0,0,0,0,4074.00274411974,2041.6115335341,7.59130434782609,25.3159860144584,4066.41143977192,2016.41991436584,4074.00274411974,2041.6115335341,2778,437.158834010987,9894.89999999999,6287.92204507972,20928,42083.0782540916,2778,437.158834010987,9894.89999999999,6287.92204507972,20928,42083.0782540916,0,0,46.5563791874555,21.193449958787,2479.90438346401,1305.00800295634,3.59016393442623,15.4472286527071,348.36051318603,699.38384863997,0,0,1188,0,0,0,63.3333333333333,12.2539603459267,63.3333333333333,12.2539603459267,380,73.5237620755602,380,73.5237620755602,NaN,NaN,0.07524,0.0145577048909609,0.260679,0.184452755156769,0.162471,0.119653550254956,0.098208,0.0648135406365533,-0.0139189185940665,0.94009296953929,1,0,8.49549255296145e-17,1.8279183509944e-16,0.667028065203248,0.0818541892253687,94,56.1547008481963,19.3333333333333,42.4731857761048,1.2932327552071,0.588706943299638,24552,47980.8651860301,17067,30883.1120467531,24552,47980.8651860301,15765,32698.2428956288,22968,50458.1447020125,13.6930224,0
sb_cb,fixed_payload,10,1.66666666666667,6,1188,0.8,neighbor_stable,0.2,1,0,1,1,63.3333333333333,12.2539603459267,63.3333333333333,12.2539603459267,0,0,0,0,1495.04376336422,16.7360382753568,0,0,1495.04376336422,16.7360382753568,1495.04376336422,16.7360382753568,1422,0,2177.25,261.379778954214,2916.3,790.738115735499,1422,0,2177.25,261.379778954214,2916.3,790.738115735499,0,0,36.5739130434783,1.49470297328051,2.08905915894512,0.584349028811529,69.2090520313614,15.115461223674,1.17173913043478,2.56569922538615,198,0,1188,0,0,0,63.3333333333333,12.2539603459267,63.3333333333333,12.2539603459267,380,73.5237620755602,380,73.5237620755602,NaN,NaN,0.07524,0.0145577048909609,0.094668,0.0174345522057604,0.019428,0.00292412977192821,0.07524,0.0145577048909609,-0.0532840532840533,0.284886257918204,1,0,0,0,0.667028065203248,0.0818541892253687,74.3333333333333,17.4480098702703,1,2.48413771175033,1.01594202898551,0.0415195270355696,18,44.7144788115059,18,44.7144788115059,18,44.7144788115059,18,44.7144788115059,18,44.7144788115059,21.0700609,0
s7_clean,fixed_payload,10,1.66666666666667,6,1188,0.875,neighbor_stable,0.5,1,0,1,1,63.3333333333333,12.2539603459267,63.3333333333333,12.2539603459267,0,0,0,0,1455.01022808268,15.9496782944839,0,0,1455.01022808268,15.9496782944839,1455.01022808268,15.9496782944839,1386,0,2103.6,256.066856504312,2839.74,757.11032103346,1386,0,2103.6,256.066856504312,2839.74,757.11032103346,0,0,36,0,1.29889522451889,1.70066793921797,67.7113328581611,16.1693497403663,0,0,162,0,1188,0,0,0,63.3333333333333,12.2539603459267,63.3333333333333,12.2539603459267,380,73.5237620755602,380,73.5237620755602,NaN,NaN,0.07524,0.0145577048909609,0.092136,0.0171224101871023,0.016896,0.00264178322641821,0.07524,0.0145577048909609,-0.0607360607360607,0.266765756986124,1,0,0,0,0.667028065203248,0.0818541892253687,73.3333333333333,16.1628112417508,0,0,1,0,0,0,0,0,0,0,0,0,0,0,9.4388167,0
s7_busy,fixed_payload,10,1.66666666666667,6,1188,0.6,neighbor_stable,0.2,0.8,0,1,1,63.3333333333333,12.2539603459267,63.3333333333333,12.2539603459267,0,0,0,0,3659.41528866714,870.279989776596,0,0,3659.41528866714,870.279989776596,3659.41528866714,870.279989776596,2715,594.186839302251,8075.85,2831.96432853186,10519.71,3430.81426396126,2715,594.186839302251,8075.85,2831.96432853186,10519.71,3430.81426396126,0,0,66.8905203136137,11.7499469587868,10.3888809693514,5.39079655172977,2093.12854597292,800.316330412228,139.007341411262,52.8747613145407,162,0,1188,0,0,0,63.3333333333333,12.2539603459267,63.3333333333333,12.2539603459267,380,73.5237620755602,380,73.5237620755602,NaN,NaN,0.07524,0.0145577048909609,0.231696,0.0674791968660883,0.156456,0.0594595773368506,0.07524,0.0145577048909609,0.123364123364123,1.52733371433356,1,0,0,0,0.667028065203248,0.0818541892253687,134,48.8687409921091,54.3333333333333,22.2650442113236,1.85807000871149,0.326387415521856,35931,7809.89074088846,16674,3216.20629361316,35931,7809.89074088846,14217,4315.37193334212,30744,10408.177428571,52.7230453,0
sf_cf,fixed_payload,15,15,1,198,0.4,self_stable_fallback,0.2,0.4,0,1,1,584,38.803471516211,584,38.803471516211,0,0,0,0,738.43084959759,91.995082080237,6.97346543459618,12.4375063682669,731.457384162994,100.063089406012,738.43084959759,91.995082080237,546,25.8159163784968,1853.1,717.305120143872,3326.4,1815.3232547231,546,25.8159163784968,1853.1,717.305120143872,3326.4,1815.3232547231,96.1113623461238,4.89381572547811,0,0,384.125289158416,57.2147354454762,0,0,53.2207326584535,46.1190543325229,0,0,198,0,0,0,584,38.803471516211,584.666666666667,42.4731857761048,584,38.803471516211,584.666666666667,42.4731857761048,NaN,NaN,0.115764,0.00840969078366875,0.432626,0.073105917895196,0.28571,0.04188899098523,0.146916,0.0322646182683136,-0.228656228656229,0.713568015422074,1,0,0.00317904413040943,0.00651597092237325,0.934353476712611,0.00868995737173017,903.333333333333,118.5465636334,157.333333333333,141.319564722013,1.2687915790831,0.232924516830924,18084,11869.3430833711,18084,11869.3430833711,38346,26296.4604228255,14784,12504.5807483621,31152,27981.2738149587,2.2785413,0
sf_cb,fixed_payload,15,15,1,198,0.3,neighbor_stable,0.1,0.4,0,1,1,584,38.803471516211,584,38.803471516211,0,0,0,0,1271.1139452374,29.2656056280905,18.3453845348722,20.7752230423836,1252.76856070253,47.435057142658,1271.1139452374,29.2656056280905,951,34.1512473023708,3152.1,54.9612310913485,4944.78000000001,1315.13537607938,951,34.1512473023708,3152.1,54.9612310913485,4944.78000000001,1315.13537607938,120.147457709074,10.3463875301236,0,0,580.757886862127,60.2610196196476,101.465758603126,24.6594802076316,54.3974575281996,7.93968416855978,198,0,198,0,0,0,584,38.803471516211,586,41.3442913514118,584,38.803471516211,586,41.3442913514118,NaN,NaN,0.116028,0.00818616968757953,0.745736,0.0366578136918538,0.629708,0.0288379601069182,0.116028,0.00818616968757953,-0.268040268040268,1.33282857195583,1,0,0.00469809467178091,0.0109332135032034,0.934067717961523,0.0103835294498269,902,57.8862722311647,160.333333333333,18.3108642419671,1.27473463398081,0.0400994149927262,17688,4240.65227203406,17688,4240.65227203406,38082,9890.32655601499,14850,1703.85048098079,31878,4026.04161390851,2.2699801,0
sb_cf,fixed_payload,15,15,1,198,0.01,self_stable_fallback,0.01,0.01,1,1,1,584,38.803471516211,584,38.803471516211,0,0,0,0,1589.83762880693,245.809028360301,47.0691670428861,80.1383565173784,1542.76846176405,201.52813460604,1589.83762880693,245.809028360301,1066.5,172.092662874931,4684.2,1255.62789441409,8681.87999999999,8351.58095571218,1066.5,172.092662874931,4684.2,1255.62789441409,8681.87999999999,8351.58095571218,0,0,49.2810909206669,4.9730560931969,1209.34992720395,160.685018960497,13.0914435757634,13.3346503304334,73.0460000636679,27.3518085125829,0,0,198,0,0,0,584,38.803471516211,585,43.3124209894322,584,38.803471516211,585,43.3124209894322,NaN,NaN,0.115823333333333,0.00855879333828125,0.930403333333333,0.205481906681028,0.771812,0.178693992840121,0.158591333333333,0.0269243329012371,-0.398196443141212,1.74523509421657,1,0,0.00119021629479232,0.00170983731434544,0.934511168629905,0.00935939683646467,967,108.024292931025,216,93.5105460481448,1.36891919224075,0.138140447033247,50952,16761.7478802182,36660,11521.992275644,50952,16761.7478802182,30498,12094.4468630474,42768,18515.0881175327,38.8613367,0
sb_cb,fixed_payload,15,15,1,198,0.2,neighbor_stable,0.1,0.5,0,1,1,584,38.803471516211,584,38.803471516211,0,0,0,0,637.033186294229,150.129477401404,4.90220657535145,10.487683324205,632.130979718877,140.260141367952,637.033186294229,150.129477401404,474,12.9079581892484,1249.8,349.240785352811,3807.24000000001,4283.40709260571,474,12.9079581892484,1249.8,349.240785352811,3807.24000000001,4283.40709260571,0,0,47.2470724820548,12.7385056589278,46.8848013609498,8.82160292326394,91.9955285955728,63.2695458034021,50.0035772802999,55.9237056703206,198,0,198,0,0,0,584,38.803471516211,585,41.0446910899164,584,38.803471516211,585,41.0446910899164,NaN,NaN,0.11583,0.00812684883580345,0.373444,0.098964604529906,0.254446,0.0908746699864451,0.118998,0.0111728947836339,-0.180572180572181,0.736331529038734,1,0,0.00324950934115689,0.0127182917568988,0.934474409474566,0.00836696524803827,949,165.358507181928,183,213.158702563682,1.31241868005708,0.353847379414662,7806,5761.80949141713,6996,4951.22423089637,7806,5761.80949141713,5442,5983.82369392682,6024,6920.83263109955,62.5417186,0
s7_clean,fixed_payload,15,15,1,198,0.5,neighbor_stable,0.2,0.8,0,1,1,584,38.803471516211,584,38.803471516211,0,0,0,0,474.811975402965,52.2746934148965,1.64180073102335,2.64670573624887,473.170174671941,53.2443783669334,474.811975402965,52.2746934148965,405,0,800.7,173.327493491367,1282.56,506.146832815571,405,0,800.7,173.327493491367,1282.56,506.146832815571,0,0,37.2833841711934,2.41011835618048,9.34628860711016,1.18171876421824,60.7652731232678,39.7368699131365,5.77522877037011,10.8455326028122,162,0,198,0,0,0,584,38.803471516211,585,41.0446910899164,584,38.803471516211,585,41.0446910899164,NaN,NaN,0.115826333333333,0.00811776308535618,0.277732,0.0428881082450323,0.161905666666667,0.0369575212104761,0.115826333333333,0.00811776308535618,-0.093864093864094,0.528257966330322,1,0,0.00119190352204332,0.00368265444540684,0.934474409474566,0.00836696524803827,740.666666666667,40.8437366827623,21,39.978412978425,1.03564956031093,0.0669477321161242,1953,2174.176873422,945,951.956446967547,1953,2174.176873422,630,1128.54242277373,1323,2518.64001764078,28.9883455,0
s7_busy,fixed_payload,15,15,1,198,0.4,neighbor_stable,0.2,0.5,0,1,1,584,38.803471516211,584,38.803471516211,0,0,0,0,2487.50102622298,1875.72254720188,235.1822063993,798.184629504895,2252.31881982368,1077.54168511139,2487.50102622298,1875.72254720188,1446,164.797778177704,7644,8149.36107245412,19743,43356.4540679835,1446,164.797778177704,7644,8149.36107245412,19743,43356.4540679835,0,0,104.036913881437,64.1503943363949,38.8462001593627,26.4062046802628,1443.26959331641,699.450309058531,306.166112466466,288.676774513777,162,0,198,0,0,0,584,38.803471516211,586.333333333333,42.2546883725189,584,38.803471516211,586.333333333333,42.2546883725189,NaN,NaN,0.116069333333333,0.00847091736758381,1.46572666666667,1.19640450519418,1.34965733333333,1.19072572984336,0.116069333333333,0.00847091736758381,-0.325724325724326,7.75868968514994,1,0,0.00438443213742513,0.0182865403028158,0.933613098574437,0.0106433347851322,2029.66666666667,1125.45512414633,1107.33333333333,1088.45019856576,2.88991427448436,1.78195539823319,209097,71348.5190876447,87570,18007.1013299668,209097,71348.5190876447,72807,20777.0979390585,175140,76556.8290638248,238.4299396,0
sf_cf,fixed_payload,15,7.5,2,396,0.5,neighbor_stable,0.2,0.6,0,1,1,290.333333333333,36.1980150877958,290.333333333333,36.1980150877958,0,0,0,0,1291.9643009766,457.049035676748,3.69173723536737,3.43070723267048,1288.27256374123,456.733297589946,1291.9643009766,457.049035676748,924,123.134073269749,3263.55,1904.8401868156,6550.41,3773.8940405145,924,123.134073269749,3263.55,1904.8401868156,6550.41,3773.8940405145,186.084005702301,18.5669745011946,0,0,567.680310021629,291.517013622575,0,0,138.508248017304,190.033146541695,0,0,396,0,0,0,290.333333333333,36.1980150877958,292,29.809652541004,580.666666666667,72.3960301755917,584,59.6193050820079,NaN,NaN,0.115632,0.0118046224062376,0.396083666666667,0.15279234917752,0.229123666666667,0.0934753256115951,0.16696,0.0593438336130843,0.314608314608314,1.25601631926782,1,0,0.0495244258058629,0.213086405882871,0.892543505727813,0.0503522788882387,528.666666666667,161.551734633098,103,152.789615702988,1.349768303074,0.479881683186099,28776,25355.0152344356,28776,25355.0152344356,66528,66406.4659131693,21641.3333333333,21240.4932827509,51328,55590.2093279761,1.520557,0
sf_cb,fixed_payload,15,7.5,2,396,0.5,neighbor_stable,0.2,0.6,0,1,1,290.333333333333,36.1980150877958,290.333333333333,36.1980150877958,0,0,0,0,1029.50999311791,273.00778400965,1.55975126171593,4.92547584656082,1027.9502418562,274.045433800816,1029.50999311791,273.00778400965,879,90.3557073247387,2003.85,956.205956451771,3559.82999999999,4285.6814128641,879,90.3557073247387,2003.85,956.205956451771,3559.82999999999,4285.6814128641,124.989239693256,10.9291926024644,0,0,228.992292718097,149.779280697252,50.5906416726748,65.6024725173286,29.3780677721702,66.6998668598462,198,0,396,0,0,0,290.333333333333,36.1980150877958,290.666666666667,34.8960197405405,580.666666666667,72.3960301755917,581.333333333333,69.792039481081,NaN,NaN,0.115104,0.013818823817254,0.300212333333333,0.113158144160817,0.185108333333333,0.100409554130007,0.115104,0.013818823817254,0.0566200566200565,0.557427876855169,1,0,0.00147437329667603,0.00634371628961247,0.892202079420687,0.0505267796452517,416.333333333333,111.988425327832,44,104.333783893514,1.14837407965742,0.336868014443667,5346,9384.07672602904,5346,9384.07672602904,11022,20186.2143210505,4224,9767.25672847806,8712,20658.0892109157,1.3577597,0
sb_cf,fixed_payload,15,7.5,2,396,0.00447213595499958,neighbor_stable,0.002,0.005,0,1,1,290.333333333333,36.1980150877958,290.333333333333,36.1980150877958,0,0,0,0,3112.97179753556,393.302288453219,50.4191995477486,82.9404560965259,3062.55259798781,405.956137813932,3112.97179753556,393.302288453219,2166,226.165698276558,9179.55,1503.85094635278,14180.85,6251.96560741687,2166,226.165698276558,9179.55,1503.85094635278,14180.85,6251.96560741687,0,0,45.1941672674838,1.89805375136571,2506.04957724323,436.211457999556,14.1730135347709,17.5560096038498,101.135839942322,20.8785912650228,0,0,396,0,0,0,290.333333333333,36.1980150877958,291.666666666667,31.0600007521514,580.666666666667,72.3960301755917,583.333333333333,62.1200015043028,NaN,NaN,0.115463333333333,0.0124384030643818,0.903954333333333,0.0156425116812489,0.759055,0.0293472720638519,0.144899333333333,0.0218389735933843,0.181924546750944,2.24781241272478,1,0,0.00184816521665816,0.00795201311448171,0.891636969655851,0.0509075212779699,464,66.7951326339707,74.3333333333333,24.1272741130314,1.25539353520788,0.0527237153157141,40920,18280.5856159352,29937,10559.2541913207,40920,18280.5856159352,21333,5903.7224762791,29436,9554.40054876044,25.8651856,0
sb_cb,fixed_payload,15,7.5,2,396,0.6,neighbor_stable,0.2,0.8,0,1,1,290.333333333333,36.1980150877958,290.333333333333,36.1980150877958,0,0,0,0,720.814829750278,79.1978597761257,0.0789473684210526,0.339683110243378,720.735882381858,78.978798116866,720.814829750278,79.1978597761257,633,12.9079581892484,1117.8,138.163398247817,1879.98,1823.14097945107,633,12.9079581892484,1117.8,138.163398247817,1879.98,1823.14097945107,0,0,39.7027829848594,4.87398563143631,5.89878711411156,2.23136554360814,65.6751581241397,48.0193260525141,15.4591541587468,26.2360550327128,198,0,396,0,0,0,290.333333333333,36.1980150877958,291,33.6047920880646,580.666666666667,72.3960301755917,582,67.2095841761292,NaN,NaN,0.115196333333333,0.0134606765964066,0.209971666666667,0.0467048771596867,0.0946433333333333,0.0329771606616586,0.115328333333333,0.0139351872232083,0.0117720117720117,0.534937218274889,1,0,0.0020832673514705,0.00896357595660222,0.891728928568491,0.0508378367187971,410.666666666667,84.9826863546745,30.3333333333333,41.5923097209115,1.10285508291276,0.13538848976212,1380,2210.69275602433,1185,1887.74199671296,1380,2210.69275602433,546,928.386441421558,666,1146.12202330628,47.7972553,0
s7_clean,fixed_payload,15,7.5,2,396,0.5,neighbor_stable,0.2,0.8,0,1,1,290.333333333333,36.1980150877958,290.333333333333,36.1980150877958,0,0,0,0,665.513624238055,58.3766548310605,0.0296052631578947,0.127381166341267,665.484018974897,58.2751932416941,665.513624238055,58.3766548310605,603,0,1035.6,216.926676729542,1364.64,467.979337019191,603,0,1035.6,216.926676729542,1364.64,467.979337019191,0,0,36.56236481615,1.23701448248831,8.71249934456315,1.85316441199682,59.6785131415088,50.2185076342856,2.53064167267484,5.56656517119739,162,0,396,0,0,0,290.333333333333,36.1980150877958,290.666666666667,34.8960197405405,580.666666666667,72.3960301755917,581.333333333333,69.792039481081,NaN,NaN,0.115085333333333,0.0138914876212191,0.193562333333333,0.0404334911456817,0.078477,0.0265428205764543,0.115085333333333,0.0138914876212191,0.000852000852000832,0.584450620895403,1,0,0.000642191611088774,0.00276312748847332,0.892202079420687,0.0505267796452517,366.666666666667,29.63664090835,4.66666666666667,10.3422900250845,1.01562124489305,0.0343615134024531,378,626.002703361083,189,313.001351680542,378,626.002703361083,147,325.782135790162,294,651.564271580325,25.067239,0
s7_busy,fixed_payload,15,7.5,2,396,0.5,neighbor_stable,0.2,0.6,0,1,1,290.333333333333,36.1980150877958,290.333333333333,36.1980150877958,0,0,0,0,2197.42781673986,478.735632443276,19.5979650324441,76.9370278665662,2177.82985170741,406.515977903194,2197.42781673986,478.735632443276,1597.5,384.486020552113,6062.7,1530.23885164274,9179.31,4012.30480893463,1597.5,384.486020552113,6062.7,1530.23885164274,9179.31,4012.30480893463,0,0,78.1441325293308,10.6528495524331,19.6619959690634,6.11532805486482,1332.37512682703,347.911030340729,189.648596381989,47.937822985949,162,0,396,0,0,0,290.333333333333,36.1980150877958,291.666666666667,31.0600007521514,580.666666666667,72.3960301755917,583.333333333333,62.1200015043028,NaN,NaN,0.1155,0.012299760297852,0.644667333333333,0.161460897284619,0.529167333333333,0.15364306208524,0.1155,0.012299760297852,0.00496800496800491,2.85844090345155,1,0,0.0101675925764674,0.0437476199541179,0.891636969655851,0.0509075212779699,797.333333333333,149.385998802353,340,98.7112685052447,2.17067034803697,0.295912487567587,109116,18746.795209192,48615,7909.60877180893,109116,18746.795209192,39816,6645.29217971987,89439,14669.6602288795,141.740442,0
sf_cf,fixed_payload,15,5,3,594,0.3,neighbor_stable,0.1,0.4,0,1,1,203.666666666667,31.2580473968789,203.666666666667,31.2580473968789,0,0,0,0,2699.18036370169,96.6342410402113,17.2798997353652,23.0164670051183,2681.90046396633,73.7390064873625,2699.18036370169,96.6342410402113,1953,373.941120416652,7340.1,960.306112253155,11522.37,2167.78064884162,1953,373.941120416652,7340.1,960.306112253155,11522.37,2167.78064884162,282.767329584341,17.4038849174709,0,0,1697.10328597664,116.968085644302,0,0,108.029848405347,64.9236652172442,0,0,594,0,0,0,203.666666666667,31.2580473968789,203.333333333333,31.4548471210306,611,93.7741421906366,610,94.3645413630918,NaN,NaN,0.12082,0.0185510926957182,0.549901666666667,0.102563576457063,0.407103666666667,0.0845189751094046,0.142798,0.0233609287793935,-0.469172469172469,1.67028313989318,1,0,0.00292160846257271,0.00633954336430632,0.863174946769344,0.060162480458056,288,38.7238745677451,37,22.0794989414224,1.18186843165883,0.10929909969233,11484,6143.32027490021,11484,6143.32027490021,24552,14926.9360862528,10296,5182.05893147026,21978,13115.2223712049,0.9143429,0
sf_cb,fixed_payload,15,5,3,594,0.5,neighbor_stable,0.2,0.6,0,1,1,203.666666666667,31.2580473968789,203.666666666667,31.2580473968789,0,0,0,0,1191.56962203997,38.5666483258003,5.32135442806954,2.55288971996247,1186.2482676119,38.6064238884048,1191.56962203997,38.5666483258003,1048.5,33.5358591086294,1968.6,182.651029182805,3172.35,754.432988276629,1048.5,33.5358591086294,1968.6,182.651029182805,3172.35,754.432988276629,139.162790299767,30.7948264224889,0,0,201.042698019802,7.68843951749922,40.5780430145549,15.5818063116678,13.4647362777752,21.3312105462818,198,0,594,0,0,0,203.666666666667,31.2580473968789,203.666666666667,31.2580473968789,611,93.7741421906366,611,93.7741421906366,NaN,NaN,0.121011333333333,0.018551375664121,0.242598333333333,0.0301382762205166,0.121587,0.0118969577300572,0.121011333333333,0.018551375664121,-0.00939600939600949,0.402077752734793,1,0,0.000137346601015127,0.000590954727778819,0.862200145312791,0.0563227663281894,263,34.7779279645046,13.6666666666667,21.4174357173438,1.06800371857462,0.107733386597383,1584,1703.85048098079,1584,1703.85048098079,3234,3691.67604212504,1320,1987.82556114425,2706,4240.65227203406,1.08247,0
sb_cf,fixed_payload,15,5,3,594,0.00447213595499958,neighbor_stable,0.002,0.005,0,1,0.666666666666667,203.666666666667,31.2580473968789,137.666666666667,289.232297534909,66,283.975080163464,70,301.185691082462,NaN,NaN,NaN,NaN,NaN,NaN,164160.224078341,690940.069536849,NaN,NaN,NaN,NaN,NaN,NaN,98358,412919.172224932,454263.45,1911748.49194203,458318.64,1903037.3280648,NaN,NaN,NaN,NaN,NaN,NaN,NaN,NaN,NaN,NaN,NaN,NaN,NaN,NaN,NaN,NaN,203.666666666667,31.2580473968789,138,289.814883445738,611,93.7741421906366,414,869.444650337213,NaN,NaN,0.08209,0.172357948300503,35.199898,148.285530335024,33.2519796666667,140.587429327852,1.94791833333333,7.69814874002879,74.521259207123,324.734935292609,0.673267326732673,1.405817228532,NaN,NaN,0.609101573608604,1.09711286533372,6800.33333333333,27908.5089206972,82.3333333333333,98.1574988826354,11.6134712621608,44.3960849980571,3933933,16757675.7184687,713916,2942134.37788207,3933933,16757675.7184687,350601.333333333,1388199.09047412,1865828.33333333,7869576.65615968,24.1499008,0
sb_cb,fixed_payload,15,5,3,594,0.6,neighbor_stable,0.2,0.8,0,1,1,203.666666666667,31.2580473968789,203.666666666667,31.2580473968789,0,0,0,0,918.95107821554,12.7010466238613,3.4767353823516,8.0892014636414,915.474342833189,20.2826966025868,918.95107821554,12.7010466238613,831,12.9079581892484,1444.95,180.731006024043,2345.39999999999,838.718836944872,831,12.9079581892484,1444.95,180.731006024043,2345.39999999999,838.718836944872,0,0,37.7095547976457,0.160200506415438,6.03872707259205,1.11050168711801,73.7077019265867,16.1297594982687,6.01835903636447,8.87906055595407,198,0,594,0,0,0,203.666666666667,31.2580473968789,204,31.1261563132618,611,93.7741421906366,612,93.3784689397853,NaN,NaN,0.121001333333333,0.0185560320477231,0.187148333333333,0.0265964355019128,0.065949,0.00891805403920349,0.121199333333333,0.0178763640375295,-0.00219200219200225,0.31373932654047,1,0,0.000125108352769835,0.000538297795559591,0.862368199200461,0.0564311261737092,256.666666666667,35.2479212779414,9.66666666666667,1.43421757658315,1.04748763326794,0.00445001406709569,366,801.541591607648,345,731.438309086966,366,801.541591607648,339,742.964850602482,360,813.508640207531,35.2059896,0
s7_clean,fixed_payload,15,5,3,594,0.5,neighbor_stable,0.2,0.8,0,1,1,203.666666666667,31.2580473968789,203.666666666667,31.2580473968789,0,0,0,0,877.728313780399,16.6011885240011,2.72351157206734,5.43390886869614,875.004802208331,12.5297151222653,877.728313780399,16.6011885240011,801,0,1375.35,209.139795904007,2113.86,1192.61489671936,801,0,1375.35,209.139795904007,2113.86,1192.61489671936,0,0,36.7026338002464,0.86645705110943,8.83906756171009,1.71808497416913,70.3012487452662,7.03499615367102,3.16185210110873,3.89905672999245,162,0,594,0,0,0,203.666666666667,31.2580473968789,204,31.1261563132618,611,93.7741421906366,612,93.3784689397853,NaN,NaN,0.120989333333333,0.0185617498186589,0.178823333333333,0.0303480818431948,0.057834,0.0118524369646077,0.120989333333333,0.0185617498186589,0.01006001006001,0.326822487526095,1,0,6.3676851217176e-05,0.000273979377711433,0.862368199200461,0.0564311261737092,250.666666666667,34.8074884695988,4,4.96827542350066,1.0195176055624,0.0240682514197064,252,313.001351680542,126,156.500675840271,252,313.001351680542,126,156.500675840271,252,313.001351680542,22.8673819,0
s7_busy,fixed_payload,15,5,3,594,0.6,neighbor_stable,0.2,0.8,0,1,1,203.666666666667,31.2580473968789,203.666666666667,31.2580473968789,0,0,0,0,2545.63023708765,86.7812840768563,16.864247074189,15.6067884405459,2528.76599001346,84.5067923574013,2545.63023708765,86.7812840768563,2011.5,91.500945770648,6633.9,1765.09944936647,9938.75999999999,4922.44321955295,2011.5,91.500945770648,6633.9,1765.09944936647,9938.75999999999,4922.44321955295,0,0,75.3011959894146,5.96235721854976,13.8287509410503,1.8224986744274,1506.78066113063,53.2245067594689,176.855381952366,26.8306074834739,162,0,594,0,0,0,203.666666666667,31.2580473968789,202.333333333333,30.6600698962002,611,93.7741421906366,607,91.9802096886008,NaN,NaN,0.119998666666667,0.0184239305745995,0.514384666666667,0.0772262947498584,0.394386,0.0593254153695465,0.119998666666667,0.0184239305745995,0.341452341452341,1.87492828609669,1,0,0.00784754063727219,0.0269128850452492,0.861507507308985,0.073491485093652,522.333333333333,116.895331465882,222.333333333333,46.4960862856869,2.09169988859485,0.165621033848605,74907,7533.19542987007,33747,2395.70452139786,74907,7533.19542987007,28266,787.702794401347,62874,3286.51419264569,101.6304131,0
sf_cf,fixed_payload,15,3.75,4,792,0.4,neighbor_stable,0.2,0.5,0,1,0.666666666666667,143.666666666667,12.5032189587515,102,167.876989967904,41.6666666666667,179.277197072894,41.6666666666667,179.277197072894,NaN,NaN,NaN,NaN,NaN,NaN,3940.54030412034,4239.30897226731,NaN,NaN,NaN,NaN,NaN,NaN,2256,202.864486788595,15732.5999999999,32219.3954198398,29670.42,58273.9735362184,NaN,NaN,NaN,NaN,NaN,NaN,NaN,NaN,NaN,NaN,NaN,NaN,NaN,NaN,NaN,NaN,143.666666666667,12.5032189587515,102.333333333333,168.561755825767,574.666666666667,50.0128758350062,409.333333333333,674.247023303068,NaN,NaN,0.081048,0.133500910614007,20.1383986666667,84.8147728093981,16.5785106666667,70.1316400250051,3.559888,14.6831401185995,39.6799756799757,171.531906016979,0.720357941834452,1.20320266491875,NaN,NaN,0.632662449147165,0.50067798967121,11218.6666666667,47360.0243211298,39.6666666666667,12.2539603459267,1.76570491858262,2.11940610940136,619080,2588728.79283452,619080,2588728.79283452,8780112,37622727.1132159,284368,1150305.25217756,3478840,14816612.1308511,1.0628393,0
sf_cb,fixed_payload,15,3.75,4,792,0.5,neighbor_stable,0.2,0.6,0,1,1,143.666666666667,12.5032189587515,143.666666666667,12.5032189587515,0,0,0,0,1392.41245539261,105.421756949485,2.01398601398601,8.66548242075416,1390.39846937862,108.036879884109,1392.41245539261,105.421756949485,1230,71.8684696029971,2261.1,137.075283919233,3004.28999999999,1441.80640884965,1230,71.8684696029971,2261.1,137.075283919233,3004.28999999999,1441.80640884965,154.420442094721,40.5081235731147,0,0,201.378984783263,32.9554007813965,38.2702317237588,45.9542903434547,6.32881077688185,16.5610684436337,198,0,792,0,0,0,143.666666666667,12.5032189587515,144,11.3837491007903,574.666666666667,50.0128758350062,576,45.5349964031611,NaN,NaN,0.113909333333333,0.00947499665772065,0.200309333333333,0.0322225009243178,0.0864,0.0227685296271985,0.113909333333333,0.00947499665772065,-0.127088127088127,0.638980890238654,1,0,0.000662673004358512,0.00285125181113443,0.767115962520031,0.0928727759073564,175.333333333333,33.0804079526445,4.66666666666667,12.5032189587515,1.03196369079233,0.0836417598163318,462,1237.8186769164,462,1237.8186769164,924,2475.63735383281,462,1237.8186769164,924,2475.63735383281,0.9821871,0
sb_cf,fixed_payload,15,3.75,4,792,0.00447213595499958,self_stable_fallback,0.00447213595499958,0.005,0,1,1,143.666666666667,12.5032189587515,143.666666666667,12.5032189587515,0,0,0,0,4410.04472438382,953.916325483176,62.1713990707279,222.367753334255,4347.87332531309,1052.83024202171,4410.04472438382,953.916325483176,2982,1072.75927473896,13325.7,4968.3400525806,25222.7699999999,26516.3413213023,2982,1072.75927473896,13325.7,4968.3400525806,25222.7699999999,26516.3413213023,0,0,54.3984889621508,12.9068465925805,3068.14908499352,718.061834935479,28.5589941901081,43.7723113277154,404.766757167317,283.95062503677,0,0,792,0,0,0,143.666666666667,12.5032189587515,143.666666666667,12.5032189587515,574.666666666667,50.0128758350062,574.666666666667,50.0128758350062,NaN,NaN,0.113717333333333,0.0101343141405679,0.631536333333333,0.082343004489853,0.460003,0.0555079555577858,0.171533333333333,0.0277003688177283,-0.438169708035027,1.70678743219641,1,0,0.00124048974455472,0.00533739658563418,0.766985906350845,0.0931354735048479,258.333333333333,61.0680345459459,73,45.331259379407,1.51106913783752,0.358523516460569,69432,39756.511222885,51150,24981.1246775209,69432,39756.511222885,43092,22551.7397418606,57816,35902.3574284903,22.4530006,0
sb_cb,fixed_payload,15,3.75,4,792,0.8,neighbor_stable,0.2,1,0,1,1,143.666666666667,12.5032189587515,143.666666666667,12.5032189587515,0,0,0,0,1143.71428851193,155.897637634676,0,0,1143.71428851193,155.897637634676,1143.71428851193,155.897637634676,1026,0,1822.95,513.427322023287,2613.62999999999,1255.94069025204,1026,0,1822.95,513.427322023287,2613.62999999999,1255.94069025204,0,0,39.375398972135,5.73345590425749,2.65034694917366,0.70774399144666,92.9380849945284,118.454140308677,18.7504575960952,31.9784655401085,198,0,792,0,0,0,143.666666666667,12.5032189587515,144,11.3837491007903,574.666666666667,50.0128758350062,576,45.5349964031611,NaN,NaN,0.113804333333333,0.00983243934426699,0.164534333333333,0.0365548008818263,0.050202,0.0262963432058527,0.114332333333333,0.0107625346872652,-0.141936141936142,0.395972085863013,1,0,0.000132735371365351,0.000571114207939062,0.767115962520031,0.0928727759073564,186.666666666667,54.7262547865552,13.6666666666667,24.3816988019136,1.09376108255931,0.159262664007152,792,1478.28528525971,735,1337.01774914863,792,1478.28528525971,699,1226.2560279786,756,1364.34126116712,33.3567058,0
s7_clean,fixed_payload,15,3.75,4,792,0.6,neighbor_stable,0.2,0.8,0,1,1,143.666666666667,12.5032189587515,143.666666666667,12.5032189587515,0,0,0,0,1088.09113767793,98.4344969508146,0,0,1088.09113767793,98.4344969508146,1088.09113767793,98.4344969508146,993,12.9079581892484,1731.6,359.38349615375,2273.45999999999,869.939759373282,993,12.9079581892484,1731.6,359.38349615375,2273.45999999999,869.939759373282,0,0,36.5063975665106,1.28771321258772,5.82662198021186,0.329250295310983,89.4793290819074,98.3951662163958,2.27878904929747,5.79470945664474,162,0,792,0,0,0,143.666666666667,12.5032189587515,143.666666666667,12.5032189587515,574.666666666667,50.0128758350062,574.666666666667,50.0128758350062,NaN,NaN,0.113784,0.00990254941533122,0.156438,0.0270827204377199,0.042654,0.0177296761521901,0.113784,0.00990254941533122,-0.125520125520125,0.365149339065465,1,0,0,0,0.764699348767369,0.0981611167700544,172.666666666667,22.4031947253764,2,4.96827542350066,1.01406659906974,0.0357698114607701,126,313.001351680542,63,156.500675840271,126,313.001351680542,63,156.500675840271,126,313.001351680542,23.8030338,0
s7_busy,fixed_payload,15,3.75,4,792,0.6,neighbor_stable,0.2,0.8,0,1,1,143.666666666667,12.5032189587515,143.666666666667,12.5032189587515,0,0,0,0,3289.75497902706,563.105738209398,66.2347115971277,260.182877040753,3223.52026742993,450.639031064085,3289.75497902706,563.105738209398,2385,461.989510370428,8614.8,3715.79807536996,14295.8699999999,8130.71033966633,2385,461.989510370428,8614.8,3715.79807536996,14295.8699999999,8130.71033966633,0,0,77.3626514473407,25.1440113528216,14.0248305602948,1.84513991027747,1992.00085390926,328.495049606966,186.131931513033,113.148051087697,162,0,792,0,0,0,143.666666666667,12.5032189587515,143.666666666667,10.0395230360821,574.666666666667,50.0128758350062,574.666666666667,40.1580921443283,NaN,NaN,0.113784,0.007951302244577,0.475938666666667,0.0992286339224992,0.362154666666667,0.0923222949864292,0.113784,0.007951302244577,-0.515192515192515,2.53018035487408,1,0,0.00809634981596336,0.0298615202082495,0.770956099940816,0.0952624241022768,358,135.993778138221,166,115.772544462329,2.14896254020391,0.698444759800601,57750,16376.8317448767,26439,7275.73869366276,57750,16376.8317448767,22365,5947.02568193029,48930,13940.2781177421,80.7544316,0
sf_cf,fixed_payload,15,3,5,990,0.4,neighbor_stable,0.2,0.5,0,1,1,123,23.9561565343324,123,23.9561565343324,0,0,0,0,3340.14156722905,1136.57079982527,9.70792588780237,20.9681953171673,3330.43364134125,1118.4569150843,3340.14156722905,1136.57079982527,2595,424.983619593834,8981.99999999999,6964.44371504286,12839.73,12067.6448155368,2595,424.983619593834,8981.99999999999,6964.44371504286,12839.73,12067.6448155368,483.91657079713,38.829170745892,0,0,1699.98839834441,775.83413146867,0,0,156.528672199708,347.487877244646,0,0,990,0,0,0,123,23.9561565343324,123.666666666667,24.8827449681701,615,119.780782671662,618.333333333333,124.413724840851,NaN,NaN,0.122456666666667,0.024510954618217,0.41462,0.215095919377784,0.272033333333333,0.145463216377348,0.142586666666667,0.0723509419348524,0.0704760704760706,0.64653866275069,1,0,0.00353553185130831,0.0107714078474669,0.717066035485848,0.12494994702592,176.333333333333,80.3161842886566,20.3333333333333,48.8266309101896,1.1581097698987,0.350997855802673,13530,23631.43636378,13530,23631.43636378,28050,51253.3719716229,9570,22042.3937692103,20130,48338.3646010877,0.8226181,0
sf_cb,fixed_payload,15,3,5,990,0.6,neighbor_stable,0.2,0.8,0,1,1,123,23.9561565343324,123,23.9561565343324,0,0,0,0,1555.71077926796,107.661693151589,4.76363870303654,11.6822154879345,1550.94714056492,96.0832895638975,1555.71077926796,107.661693151589,1419,39.2580222081081,2503.2,609.173578900766,3529.62,713.396913624687,1419,39.2580222081081,2503.2,609.173578900766,3529.62,713.396913624687,170.617528122932,70.9611558505027,0,0,144.084005501326,15.4657197268833,39.7822716322762,33.8124039284809,8.46333530838995,11.2211942716623,198,0,990,0,0,0,123,23.9561565343324,123,23.9561565343324,615,119.780782671662,615,119.780782671662,NaN,NaN,0.12177,0.023716594968989,0.191586,0.0494856893206355,0.069816,0.0262433837200336,0.12177,0.023716594968989,0.051980051980052,0.224758743090455,1,0,4.31147205494414e-17,1.85507670064439e-16,0.714916670135853,0.121103780107789,156,39.978412978425,5.33333333333333,7.58916606719352,1.04274411771914,0.0566726983417289,792,1301.33730033023,792,1301.33730033023,1584,2602.67460066046,528,751.327440652158,1056,1502.65488130432,0.8356234,0
sb_cf,fixed_payload,15,3,5,990,0.00334370152488211,self_stable_fallback,0.00334370152488211,0.00334370152488211,0,1,0.666666666666667,123,23.9561565343324,89.6666666666667,119.815123493087,33.3333333333333,143.421757658315,33.3333333333333,143.421757658315,NaN,NaN,NaN,NaN,NaN,NaN,6050.24739206027,2542.0483876432,NaN,NaN,NaN,NaN,NaN,NaN,3351,1077.17665146509,18582.9,20440.4076547863,32792.73,7001.36773487422,NaN,NaN,NaN,NaN,NaN,NaN,NaN,NaN,NaN,NaN,NaN,NaN,NaN,NaN,NaN,NaN,123,23.9561565343324,90.3333333333333,119.065975629928,615,119.780782671662,451.666666666667,595.329878149638,NaN,NaN,0.08943,0.117875315873628,13.741635,56.3069285772442,12.282149,50.7961182204861,1.459486,5.51081549215171,35.490786142978,156.022652956467,0.751243781094527,1.07031162431579,NaN,NaN,0.600409950276192,0.453310052637558,3704.33333333333,15032.7528117679,53.6666666666667,31.4548471210306,1.73580121703854,0.954556162866118,3553023,14995640.9753398,628635,2509649.52188526,3553023,14995640.9753398,277846,1018817.65153696,1370056,5628671.25000707,21.6441592,0
sb_cb,fixed_payload,15,3,5,990,0.8,neighbor_stable,0.2,1,0,1,1,123,23.9561565343324,123,23.9561565343324,0,0,0,0,1354.46073493731,171.799765761148,4.45367987647967,10.4857927970649,1350.00705506083,162.25323416145,1354.46073493731,171.799765761148,1224,0,2136.3,660.770218410652,2865.3,1697.8044817578,1224,0,2136.3,660.770218410652,2865.3,1697.8044817578,0,0,38.8603519637397,7.79679259966017,2.46551507890856,1.06031889174819,108.162752955016,121.496289217628,12.5184350631658,36.8987170694031,198,0,990,0,0,0,123,23.9561565343324,123,23.9561565343324,615,119.780782671662,615,119.780782671662,NaN,NaN,0.12177,0.023716594968989,0.167013,0.0536551993566327,0.045243,0.0303821886764142,0.12177,0.023716594968989,0.0357600357600358,0.237795890671988,1,0,4.81988129248092e-17,2.07382754001614e-16,0.714916670135853,0.121103780107789,165,58.5751033720192,10.3333333333333,29.63664090835,1.07945422121499,0.216577572212782,630,1742.71777140455,525,1576.19859154867,630,1742.71777140455,135,316.968574030734,186,533.4595363503,30.6722293,0
s7_clean,fixed_payload,15,3,5,990,0.4,neighbor_stable,0.2,0.8,0,1,1,123,23.9561565343324,123,23.9561565343324,0,0,0,0,1318.32227085379,132.593907685138,4.32784354091611,10.3683354402852,1313.99442731287,122.84970621751,1318.32227085379,132.593907685138,1197,0,2074.5,557.179906037814,2623.23,960.950015245327,1197,0,2074.5,557.179906037814,2623.23,960.950015245327,0,0,36.5373134328358,2.3118731085221,13.9889627492788,3.32738928650766,109.050240682995,113.282150913134,2.41791044776119,10.4034289883494,162,0,990,0,0,0,123,23.9561565343324,123,23.9561565343324,615,119.780782671662,615,119.780782671662,NaN,NaN,0.12177,0.023716594968989,0.162468,0.0477153774342434,0.040698,0.0244453282747755,0.12177,0.023716594968989,0.043948043948044,0.215511580962127,1,0,0,0,0.714916670135853,0.121103780107789,150,36.5936335595963,2,8.60530545949892,1.01492537313433,0.0642186974589471,126,542.134243948432,63,271.067121974216,126,542.134243948432,63,271.067121974216,126,542.134243948432,15.3317316,0
s7_busy,fixed_payload,15,3,5,990,0.6,neighbor_stable,0.2,0.8,0,1,1,123,23.9561565343324,123,23.9561565343324,0,0,0,0,4191.70969046394,1109.47160820074,36.6033423147952,73.4350450850148,4155.10634814914,1056.57151155281,4191.70969046394,1109.47160820074,3111,589.117854214117,10445.4,3936.25343696261,15815.28,3114.45580855562,3111,589.117854214117,10445.4,3936.25343696261,15815.28,3114.45580855562,0,0,90.6351955089807,27.693794381417,14.931288573072,6.04878303490295,2651.68148427668,911.430347518147,245.858379790413,124.622074716376,162,0,990,0,0,0,123,23.9561565343324,123.666666666667,22.5404985320661,615,119.780782671662,618.333333333333,112.70249266033,NaN,NaN,0.122240333333333,0.0226136078880637,0.521146666666667,0.235272881026991,0.398906333333333,0.212998615099319,0.122240333333333,0.0226136078880637,0.116716116716117,0.18539420672231,1,0,0.00594249425481453,0.0236409460343792,0.717913356832615,0.111994184731783,385.333333333333,206.442654993026,188.333333333333,130.277175476529,2.51764431969391,0.769272066150471,56679,10707.818480689,25368,4021.59032836896,56679,10707.818480689,21063,4003.27790691578,46935,9477.01727662973,66.5873828,0
sf_cf,fixed_payload,15,2.5,6,1188,0.4,neighbor_stable,0.2,0.5,0,1,1,102.333333333333,27.4756561507033,102.333333333333,27.4756561507033,0,0,0,0,5030.9587930761,2270.9710770715,14.4103699843669,40.7423944647718,5016.54842309174,2283.63840979115,5030.9587930761,2270.9710770715,3373.5,268.364490944685,16494.9,18964.236827371,22779.96,32692.1405888091,3373.5,268.364490944685,16494.9,18964.236827371,22779.96,32692.1405888091,593.849349751909,126.498728041086,0,0,2736.08258377325,1042.99217196499,0,0,498.616489566577,1138.76325486495,0,0,1188,0,0,0,102.333333333333,27.4756561507033,102.666666666667,27.3631273932776,614,164.85393690422,616,164.178764359666,NaN,NaN,0.121829333333333,0.0325441219998441,0.520859333333333,0.370952200296054,0.345174,0.207757962643294,0.175685333333333,0.163868778045969,-0.396264396264397,1.05537820836658,1,0,0.000578952381166774,0.00249103104322161,0.737703447158424,0.128145219574004,165,131.377774597226,45.3333333333333,113.981954887105,1.41971084980352,0.9585549283375,24156,53556.224512189,24156,53556.224512189,54648,134074.737403607,23760,54176.0152891977,53856,135410.562405881,0.5845943,0
sf_cb,fixed_payload,15,2.5,6,1188,0.6,neighbor_stable,0.2,0.8,0,1,1,102.333333333333,27.4756561507033,102.333333333333,27.4756561507033,0,0,0,0,1843.12654348959,337.731676963452,17.3051068264721,40.3844004837591,1825.82143666312,321.921288269186,1843.12654348959,337.731676963452,1585.5,152.592594839986,3083.55,1270.93105983218,5600.64,4535.92454395929,1585.5,152.592594839986,3083.55,1270.93105983218,5600.64,4535.92454395929,200.661219611664,45.3906329037888,0,0,146.567517049188,84.0842752126855,61.6717266692344,142.793171682725,30.9209733330312,68.0792040388802,198,0,1188,0,0,0,102.333333333333,27.4756561507033,102.666666666667,27.3631273932776,614,164.85393690422,616,164.178764359666,NaN,NaN,0.121829333333333,0.0325441219998441,0.189869333333333,0.0858852744661467,0.06804,0.0535043773205664,0.121829333333333,0.0325441219998441,0.0149240149240149,0.334741764936506,1,0,0.00139921230871847,0.00602032465960629,0.737703447158424,0.128145219574004,136,67.2095841761292,17,39.978412978425,1.15616653198501,0.343834363832728,1452,3200.23662586666,1452,3200.23662586666,3366,7915.72576972815,1452,3200.23662586666,3366,7915.72576972815,0.7883206,0
sb_cf,fixed_payload,15,2.5,6,1188,0.00299069756244244,self_stable_fallback,0.002,0.00299069756244244,0,1,1,102.333333333333,27.4756561507033,102.333333333333,27.4756561507033,0,0,0,0,6786.0600629857,1955.70815051519,81.8898033396017,133.913037513878,6704.1702596461,1936.84176734029,6786.0600629857,1955.70815051519,4353,607.085851234593,20954.25,13545.1228845691,43183.5299999999,55392.5344441407,4353,607.085851234593,20954.25,13545.1228845691,43183.5299999999,55392.5344441407,0,0,54.783469651313,25.3086658208713,4790.62673040759,1003.08993870674,50.9055610938668,116.498135588245,619.854498493328,835.185972088753,0,0,1188,0,0,0,102.333333333333,27.4756561507033,102.333333333333,23.6102010885463,614,164.85393690422,614,141.661206531278,NaN,NaN,0.121572,0.0280489188931931,0.694174333333333,0.335710297798266,0.508211333333333,0.219331315311437,0.185963,0.117852620683197,0.883300626984698,2.39226903176843,1,0,0.0130300877915629,0.0317505888599612,0.733889268626111,0.103736424426545,182,82.0893821798328,55,79.8409744215412,1.5217630458698,0.703018495024203,74844,63911.4292703943,52767,41993.6629450023,74844,63911.4292703943,45340,62551.7515543155,64391,92601.8168988835,21.4135696,0
sb_cb,fixed_payload,15,2.5,6,1188,0.6,neighbor_stable,0.2,0.8,0,1,1,102.333333333333,27.4756561507033,102.333333333333,27.4756561507033,0,0,0,0,1602.34578131726,144.878411100669,3.31240229286087,12.1114486659286,1599.0333790244,150.989845314983,1602.34578131726,144.878411100669,1429.5,6.45397909462419,2549.25,460.612037235408,4505.13,3435.11339871268,1429.5,6.45397909462419,2549.25,460.612037235408,4505.13,3435.11339871268,0,0,38.7799578584861,4.50565351917707,7.03060923941365,2.8676058320061,152.638659174842,152.665749340683,14.5841527516596,32.5689373982662,198,0,1188,0,0,0,102.333333333333,27.4756561507033,102.666666666667,27.3631273932776,614,164.85393690422,616,164.178764359666,NaN,NaN,0.121829333333333,0.0325441219998441,0.164609333333333,0.058004697611462,0.042384,0.0273112721530028,0.122225333333333,0.0311470729352382,-0.0436960436960438,0.102902714036015,1,0,0.00162073193261785,0.00697344667407031,0.737703447158424,0.128145219574004,127,32.5791606614061,8,13.8310934238456,1.07722105162461,0.125157042199363,534,1734.28397994011,489,1631.05727862446,534,1734.28397994011,489,1631.05727862446,534,1734.28397994011,29.064038,0
s7_clean,fixed_payload,15,2.5,6,1188,0.6,neighbor_stable,0.2,0.8,0,1,1,102.333333333333,27.4756561507033,102.333333333333,27.4756561507033,0,0,0,0,1553.29697306115,183.352182190658,2.71235018238666,10.667488654078,1550.58462287876,187.27194267101,1553.29697306115,183.352182190658,1392,12.9079581892484,2457.9,475.063718803148,4106.76,4683.43304623698,1392,12.9079581892484,2457.9,475.063718803148,4106.76,4683.43304623698,0,0,37.2631578947368,5.43492976389406,6.21312051113578,1.98734444032186,151.424133946575,159.188091104676,5.68421052631579,24.4571839375233,162,0,1188,0,0,0,102.333333333333,27.4756561507033,102.666666666667,27.3631273932776,614,164.85393690422,616,164.178764359666,NaN,NaN,0.121820333333333,0.0325468822418341,0.159722333333333,0.0614072272374934,0.037902,0.029365060188022,0.121820333333333,0.0325468822418341,-0.0476720476720477,0.125693932802461,1,0,0.00161004495159059,0.00692746430598057,0.737703447158424,0.128145219574004,123,42.2303410997556,4,17.2106109189978,1.03508771929825,0.15097027121928,252,1084.26848789686,105,451.778536623693,252,1084.26848789686,105,451.778536623693,252,1084.26848789686,15.3494172,0
s7_busy,fixed_payload,15,2.5,6,1188,0.6,neighbor_stable,0.2,0.8,0,1,1,102.333333333333,27.4756561507033,102.333333333333,27.4756561507033,0,0,0,0,4467.95938781521,578.746754530748,91.5802501302762,201.078205716978,4376.37913768494,527.522229778917,4467.95938781521,578.746754530748,3349.5,623.034663809079,11000.4,2481.71030572436,18450.63,14281.973612392,3349.5,623.034663809079,11000.4,2481.71030572436,18450.63,14281.973612392,0,0,78.3162652649704,17.2407162549018,14.3690780977411,5.23826876263611,2743.27060062986,462.999849378122,190.423193692367,77.583223147058,162,0,1188,0,0,0,102.333333333333,27.4756561507033,103,28.648473654543,614,164.85393690422,618,171.890841927258,NaN,NaN,0.122364,0.034034386701597,0.460045666666667,0.179189899760782,0.337681666666667,0.146528324540298,0.122364,0.034034386701597,0.15992415992416,0.131029030990951,1,0,0.00304123564122766,0.00718813881683474,0.741608171182639,0.137953773348274,255.333333333333,113.683796989746,121.666666666667,82.7383202006762,2.17545181291585,0.478908784858383,44793,6111.54676380324,20370,2945.92863770688,44793,6111.54676380324,17388,3233.92657259299,38451,8017.25534274475,65.0257304,0
