protocol,load_mode,lambda_base,lambda_effective,M,Tp_us,best_q,q_tuning_best_q,q_selection_mode,q_stable_basin_left,q_stable_basin_right,q_search_boundary_hit,q_refinement_passes,q_preferred_neighbor_radius,q_neighbor_radius_used,q_validation_runs,q_validation_candidates_tested,q_validation_passed,q_validation_selected_rank,stable_fraction,n_arrived,n_arrived_ci95,n_completed,n_completed_ci95,n_censored,n_censored_ci95,final_backlog,final_backlog_ci95,mean_delay_us,mean_delay_us_ci95,mean_queue_delay_us,mean_queue_delay_us_ci95,mean_access_delay_us,mean_access_delay_us_ci95,conditional_mean_delay_us,conditional_mean_delay_us_ci95,p50_delay_us,p50_delay_us_ci95,p95_delay_us,p95_delay_us_ci95,p99_delay_us,p99_delay_us_ci95,conditional_p50_delay_us,conditional_p50_delay_us_ci95,conditional_p95_delay_us,conditional_p95_delay_us_ci95,conditional_p99_delay_us,conditional_p99_delay_us_ci95,mean_boundary_wait_us,mean_boundary_wait_us_ci95,mean_difs_wait_us,mean_difs_wait_us_ci95,mean_probability_wait_us,mean_probability_wait_us_ci95,mean_busy_nav_wait_us,mean_busy_nav_wait_us_ci95,mean_collision_delay_us,mean_collision_delay_us_ci95,mean_control_delay_us,mean_control_delay_us_ci95,mean_data_delay_us,mean_data_delay_us_ci95,mean_other_access_delay_us,mean_other_access_delay_us_ci95,arrival_rate_pkt_s,arrival_rate_pkt_s_ci95,goodput_pkt_s,goodput_pkt_s_ci95,normalized_offered_units_s,normalized_offered_units_s_ci95,normalized_goodput_units_s,normalized_goodput_units_s_ci95,goodput_bit_s,goodput_bit_s_ci95,payload_airtime,payload_airtime_ci95,mean_system_packets,mean_system_packets_ci95,mean_waiting_packets,mean_waiting_packets_ci95,mean_service_packets,mean_service_packets_ci95,backlog_slope_pkt_s,backlog_slope_pkt_s_ci95,completion_ratio,completion_ratio_ci95,little_relative_error,little_relative_error_ci95,jain_fairness,jain_fairness_ci95,attempts_total,attempts_total_ci95,retransmissions_completed_cohort,retransmissions_completed_cohort_ci95,mean_attempts_completed,mean_attempts_completed_ci95,collision_waste_us_total,collision_waste_us_total_ci95,collision_channel_time_us_total,collision_channel_time_us_total_ci95,collision_tx_airtime_us_total,collision_tx_airtime_us_total_ci95,collision_channel_time_us_measure,collision_channel_time_us_measure_ci95,collision_tx_airtime_us_measure,collision_tx_airtime_us_measure_ci95,stability_rate_ok,stability_rate_ok_ci95,stability_censor_ok,stability_censor_ok_ci95,stability_slope_ok,stability_slope_ok_ci95,stability_rate_relative_error,stability_rate_relative_error_ci95,stability_allowed_censored,stability_allowed_censored_ci95,stability_slope_limit_pkt_s,stability_slope_limit_pkt_s_ci95,condition_elapsed_s,timeout_exceeded,result_source,rerun_replaced
sf_cf,fixed_packet,5,5,1,198,0.7,0.7,wide_neighbor_stable_validated,0.4,0.8,0,1,2,2,2,1,1,1,1,192,39.978412978425,192,39.978412978425,0,0,0,0,384.248242293362,35.9820778214633,1.53280127693535,4.56474188455716,382.715441016427,38.9296511751186,384.248242293362,35.9820778214633,330,25.8159163784968,756.6,56.6187248178559,1167.99,519.271820903668,330,25.8159163784968,756.6,56.6187248178559,1167.99,519.271820903668,94.81863804943,6.15210462619351,0,0,82.8521947326416,46.9097260642585,0,0,7.0446082343552,17.0295154117272,0,0,198,0,0,0,192,39.978412978425,192,39.978412978425,192,39.978412978425,192,39.978412978425,NaN,NaN,0.038016,0.00791572576972815,0.073929,0.0223980302396301,0.034593,0.0159085596843576,0.039336,0.00720088238182814,-0.034948034948035,0.280277526720109,1,0,0,0,0.824403073879348,0.140168567362443,241.666666666667,27.4756561507033,6.66666666666667,15.9707710228882,1.03557882946644,0.086007653594582,1254,2839.75080163464,1254,2839.75080163464,2508,5679.50160326929,660,1581.10633126594,1320,3162.21266253187,1,0,1,0,1,0,0,0,1.33333333333333,1.43421757658315,9.6,1.99892064892125,3.531548,0,original_stable,0
sf_cb,fixed_packet,5,5,1,198,0.625,0.625,wide_neighbor_stable_validated,0.4,0.775,0,1,2,2,2,1,1,1,1,192,39.978412978425,192,39.978412978425,0,0,0,0,707.077818369603,140.572807920976,3.37981742214407,8.19865228258687,703.698000947459,146.82238386894,707.077818369603,140.572807920976,558,0,1287.45,663.640109547335,3916.05,7457.86022273558,558,0,1287.45,663.640109547335,3916.05,7457.86022273558,100.033562658177,9.70392904355832,0,0,143.277846110511,70.3007525785838,13.0425426036336,18.4379487298962,51.3440495751373,73.2444297186041,198,0,198,0,0,0,192,39.978412978425,191.666666666667,40.9945448389503,192,39.978412978425,191.666666666667,40.9945448389503,NaN,NaN,0.03799,0.00799438434954218,0.136273,0.05396434138368,0.098283,0.0461542578100872,0.03799,0.00799438434954218,-0.0171520171520172,0.451414592105366,1,0,0.000225318912922891,0.000969469035751858,0.825433585583104,0.138474473130842,281.666666666667,101.343482397742,51.3333333333333,82.2896004825539,1.25931338169261,0.369921362215172,4554,5963.47668343275,4554,5963.47668343275,10428,16761.7478802182,4422,5700.75994934008,10164,16293.3408955457,1,0,1,0,1,0,0.00186219739292365,0.00801238869599527,1.33333333333333,1.43421757658315,9.6,1.99892064892125,2.446176,0,original_stable,0
sb_cf,fixed_packet,5,5,1,198,0.0159693021024534,0.0159693021024534,wide_neighbor_stable_validated,0.01,0.019257517959341,0,2,2,2,2,1,1,1,1,192,39.978412978425,192,39.978412978425,0,0,0,0,935.625131555924,72.4967542386104,18.3261630909347,11.391352575556,917.298968464989,65.424306044935,935.625131555924,72.4967542386104,690,64.5397909462419,2481.45,540.282862881168,3490.92,1639.83430361823,690,64.5397909462419,2481.45,540.282862881168,3490.92,1639.83430361823,0,0,42.6939307160142,11.5174919450076,637.490099483166,23.7437671303346,2.29831932773109,7.69975280189668,36.816618938078,63.3462056975417,0,0,198,0,0,0,192,39.978412978425,191.333333333333,40.8437366827623,192,39.978412978425,191.333333333333,40.8437366827623,NaN,NaN,0.0379063333333333,0.00805938286362238,0.178736333333333,0.0248869939747594,0.134032,0.0277282344560789,0.0447043333333333,0.00341878394017955,-0.0891476172584239,0.885856629257323,1,0,0.00347776229293117,0.0148622770499181,0.825601923671135,0.138693656726577,266.666666666667,46.7607720270934,34.3333333333333,56.7740059295427,1.18594251988928,0.319930331805766,7458,12696.5763283469,5334,9116.99421621301,7458,12696.5763283469,4857,8049.76536686246,6798,11241.2531740494,1,0,1,0,1,0,0.0035650623885918,0.0153392254180016,1.33333333333333,1.43421757658315,9.6,1.99892064892125,95.4509216,0,original_stable,0
sb_cb,fixed_packet,5,5,1,198,0.775,0.775,wide_neighbor_stable_validated,0.4,0.925,0,1,2,2,2,1,1,1,1,192,39.978412978425,192,39.978412978425,0,0,0,0,457.260565231679,9.87226045026828,2.21412609736632,4.89258496762941,455.046439134313,14.3115277441956,457.260565231679,9.87226045026828,432,0,624.3,149.815748376258,869.760000000001,161.871354048636,432,0,624.3,149.815748376258,869.760000000001,161.871354048636,0,0,36.9733798242507,1.66165243514626,2.93056749363026,0.404274632388268,15.6283405388565,15.6316749426637,3.51415127757553,6.88184306012522,198,0,198,0,0,0,192,39.978412978425,191.666666666667,40.9945448389503,192,39.978412978425,191.666666666667,40.9945448389503,NaN,NaN,0.037987,0.00800351121343562,0.087742,0.0173350183436407,0.049755,0.00938488454910341,0.037987,0.00800351121343562,-0.0150200150200151,0.242412300829475,1,0,0.000355483641623472,0.00152952266101251,0.825433585583104,0.138474473130842,241.666666666667,37.9458303359676,5.33333333333333,9.40479358891743,1.02703832845141,0.046157012087396,348,1159.41921800396,291,969.472735364633,348,1159.41921800396,81,135.993778138221,96,169.286284600514,1,0,1,0,1,0,0.00186219739292365,0.00801238869599527,1.33333333333333,1.43421757658315,9.6,1.99892064892125,95.2370251,0,original_stable,0
s7_clean,fixed_packet,5,5,1,198,0.775,0.775,wide_neighbor_stable_validated,0.4,0.925,0,1,2,2,2,1,1,1,1,192,39.978412978425,192,39.978412978425,0,0,0,0,416.214768832876,8.67140650053435,1.89872306464485,4.16117211979973,414.316045768231,12.6111827115138,416.214768832876,8.67140650053435,396,0,542.1,108.221125123873,759.06,87.6822882737613,396,0,542.1,108.221125123873,759.06,87.6822882737613,0,0,36.3569136745607,0.853849043843251,2.54613270397036,1.67052693147904,13.8068878541767,12.905192107828,1.6061115355233,3.84232069729464,162,0,198,0,0,0,192,39.978412978425,191.666666666667,40.9945448389503,192,39.978412978425,191.666666666667,40.9945448389503,NaN,NaN,0.038002,0.00795798158921964,0.079882,0.0159098920671934,0.04188,0.00801419979209979,0.038002,0.00795798158921964,-0.0243000243000243,0.294205931669045,1,0,0.00018859028760019,0.000811438515747195,0.825433585583104,0.138474473130842,231,22.0794989414224,2,4.96827542350066,1.0099142687378,0.0237180289956459,126,313.001351680542,63,156.500675840271,126,313.001351680542,63,156.500675840271,126,313.001351680542,1,0,1,0,1,0,0.00186219739292365,0.00801238869599527,1.33333333333333,1.43421757658315,9.6,1.99892064892125,67.3431715,0,original_stable,0
s7_busy,fixed_packet,5,5,1,198,0.6,0.6,wide_neighbor_stable_validated,0.2,0.9,0,1,2,2,2,1,1,1,1,192,39.978412978425,192,39.978412978425,0,0,0,0,1175.80950531558,175.691045897783,10.4709638045162,6.16502047510303,1165.33854151107,169.893182793496,1175.80950531558,175.691045897783,880.5,106.245904898459,2815.5,1163.31214211836,4086.6,1311.4604626141,880.5,106.245904898459,2815.5,1163.31214211836,4086.6,1311.4604626141,0,0,65.8689604841429,17.8177689489397,11.3781721728813,2.05364595275706,593.681086675401,71.1987148604481,134.410322178643,80.1799602702285,162,0,198,0,0,0,192,39.978412978425,191.666666666667,38.5908481541098,192,39.978412978425,191.666666666667,38.5908481541098,NaN,NaN,0.03795,0.00764098793451374,0.226315333333333,0.0806135132302391,0.188365333333333,0.0730089903549917,0.03795,0.00764098793451374,-0.0935240935240937,0.631444186101575,1,0,0.000756240055296494,0.00168860805430656,0.825335497390544,0.134745232543847,413.666666666667,134.266053860882,161.333333333333,128.272302060045,1.82969334678175,0.494938026359435,112581,9289.0764880046,52143,4799.07053500988,112581,9289.0764880046,44520,5333.28341643307,96096,10800.0586109521,1,0,1,0,1,0,0.00158730158730159,0.00682960750753883,1.33333333333333,1.43421757658315,9.6,1.99892064892125,302.6202227,0,original_stable,0
sf_cf,fixed_packet,5,5,2,396,0.5875,0.5875,wide_neighbor_stable_validated,0.4,0.625,0,2,2,2,2,1,1,1,1,192,39.978412978425,192,39.978412978425,0,0,0,0,1044.16102573076,184.596052390013,7.59960650588321,16.5149345537827,1036.56141922488,168.207207285443,1044.16102573076,184.596052390013,790.5,101.432243394297,2706.9,1460.53589690697,4774.74,1927.76311999963,790.5,101.432243394297,2706.9,1460.53589690697,4774.74,1927.76311999963,187.238307633871,26.9878159106558,0,0,346.071564715272,48.4854339939914,0,0,107.251546875734,143.067868849474,0,0,396,0,0,0,192,39.978412978425,191.666666666667,40.9945448389503,384,79.9568259568501,383.333333333333,81.9890896779006,NaN,NaN,0.07594,0.0161108509508025,0.200161,0.0452332908823941,0.103761,0.0184741293247528,0.0964,0.0295813655411992,-0.112152112152112,0.620923816622212,1,0,0.000513541875990798,0.00220959235457247,0.825433585583104,0.138474473130842,285.333333333333,49.7654899363403,51.6666666666667,66.2074353938022,1.27083723958519,0.361282497094632,10164,8191.09369986694,10164,8191.09369986694,22308,22003.9461076347,9240,10048.0640615302,20460,26218.1444159457,1,0,1,0,1,0,0.00186219739292365,0.00801238869599527,1.33333333333333,1.43421757658315,9.6,1.99892064892125,2.4782312,0,original_stable,0
sf_cb,fixed_packet,5,5,2,396,0.704375,0.704375,neighbor_stable,0.703125,0.705,0,2,1,1,0,0,1,NaN,1,1995.4,23.2125692002088,1995.4,23.2125692002088,0,0,0,0,856.486304388725,8.38797352101132,2.80508916601628,0.427479360166173,853.681215222709,8.45972117244455,856.486304388725,8.38797352101132,750.6,4.50163591548994,1419.615,33.1889160022961,2289.393,123.972270021553,750.6,4.50163591548994,1419.615,33.1889160022961,2289.393,123.972270021553,118.816830170168,2.12251675637039,0,0,93.85781087958,2.64374605492156,20.0271264346126,1.54385920533857,26.9794477383485,5.04803220673097,198,0,396,0,0,0,199.54,2.32125692002088,199.52,2.31330688248113,399.08,4.64251384004176,399.04,4.62661376496227,NaN,NaN,0.0790125,0.000918924643833039,0.17088663,0.0021868827193669,0.09187413,0.00170390847903269,0.0790125,0.000918924643833039,0.000379616403796177,0.00222752971145838,1,0,3.90692879684881e-05,7.04751005569772e-05,0.97961840907687,0.0021805661225799,2378.1,51.4807972322908,271.6,50.3266562196595,1.13625983706237,0.0254951121552069,26274.6,4044.99228877681,26274.6,4044.99228877681,56548.8,9928.59656177266,24928.2,4081.96618949016,53776.8,9964.67793149259,1,0,1,0,1,0,9.94242338663636e-05,0.000149961629608773,19.4,0.36940871778918,9.977,0.116062846001044,133.2197783,0,original_stable,0
sb_cf,fixed_packet,5,5,2,396,0.00307529122036138,0.00307529122036138,wide_neighbor_stable_validated,0.001,0.005,0,1,2,2,2,1,1,1,1,192,39.978412978425,192,39.978412978425,0,0,0,0,4286.03364545412,930.020692207689,80.9288688964667,119.295623837312,4205.10477655765,955.141850569331,4286.03364545412,930.020692207689,3066,1347.63039899955,12344.4,1797.3722290097,20512.65,11950.3598989519,3066,1347.63039899955,12344.4,1797.3722290097,20512.65,11950.3598989519,0,0,44.6288172556986,1.33009397130119,3640.34836520693,1001.92958028715,29.2106042823427,35.9605891159203,94.9169898126848,14.631033684313,0,0,396,0,0,0,192,39.978412978425,192.333333333333,38.5108117427122,384,79.9568259568501,384.666666666667,77.0216234854244,NaN,NaN,0.0760343333333333,0.0146999483157027,0.818076333333333,0.280686407014616,0.723694,0.267502503144675,0.0943823333333333,0.0176160089799525,-0.351276341425973,3.88504083028623,1,0,0.00728203463995275,0.0028345718449436,0.825060811610557,0.135234611557667,280,13.1448212154569,46,10.8281052473581,1.23968936821385,0.0369470547583661,20196,1703.85048098079,14562,1554.75271345639,20196,1703.85048098079,13077,4713.24332231899,18348,3724.2982612113,1,0,1,0,1,0,0.0055069259801432,0.0138820968597831,1.33333333333333,1.43421757658315,9.6,1.99892064892125,48.2401009,0,original_stable,0
sb_cb,fixed_packet,5,5,2,396,0.45,0.45,wide_neighbor_stable_validated,0.1,0.8,0,1,2,2,2,1,1,1,1,192,39.978412978425,192,39.978412978425,0,0,0,0,725.210369978362,140.375132118362,7.16202397668057,5.92738729441808,718.048346001682,134.468056045466,725.210369978362,140.375132118362,639,0,1075.95,524.355913698672,2420.07,2963.46918072253,639,0,1075.95,524.355913698672,2420.07,2963.46918072253,0,0,40.0790556141197,8.92664985309862,12.9465880816522,3.32598420530148,50.5872451570776,83.8183965244079,20.4354571488321,41.6592806076302,198,0,396,0,0,0,192,39.978412978425,192,39.978412978425,384,79.9568259568501,384,79.9568259568501,NaN,NaN,0.0759543333333333,0.0160669995094438,0.138744333333333,0.021770084404523,0.062262,0.0208151662200721,0.0764823333333333,0.0147267981238305,-0.0175920175920176,0.384165457389896,1,0,0.000601237568832699,0.00258691646676594,0.826005138297928,0.137587497581622,253.333333333333,49.0158413837068,21,46.006874254099,1.11330710039221,0.247962495919406,1056,2161.3025986837,915,1852.59555966549,1056,2161.3025986837,747,1630.23985965256,870,1835.65507066593,1,0,1,0,1,0,0,0,1.33333333333333,1.43421757658315,9.6,1.99892064892125,66.3252634,0,original_stable,0
s7_clean,fixed_packet,5,5,2,396,0.7,0.7,wide_neighbor_stable_validated,0.4,0.925,0,1,2,2,2,1,1,1,1,192,39.978412978425,192,39.978412978425,0,0,0,0,641.002681478889,42.3995982496455,3.85947266666951,7.55849257097541,637.14320881222,46.4016687459645,641.002681478889,42.3995982496455,594,0,903.899999999999,302.1461866,1397.19,487.792047385264,594,0,903.899999999999,302.1461866,1397.19,487.792047385264,0,0,36.1283422459893,0.552212115048056,4.16531106094037,0.558053419577333,38.2720153983381,43.8227301088897,0.577540106951872,2.48495451771627,162,0,396,0,0,0,192,39.978412978425,191.666666666667,40.9945448389503,384,79.9568259568501,383.333333333333,81.9890896779006,NaN,NaN,0.075952,0.0160741301443479,0.122839,0.0192509093025332,0.046887,0.00519498413412842,0.075952,0.0160741301443479,-0.020936020936021,0.348360397096302,1,0,0.000694480615309872,0.00298810891522062,0.825433585583104,0.138474473130842,230.333333333333,16.1628112417508,0.666666666666667,2.86843515316631,1.00356506238859,0.0153392254180017,84,361.422829298955,42,180.711414649477,84,361.422829298955,21,90.3557073247387,42,180.711414649477,1,0,1,0,1,0,0.00186219739292365,0.00801238869599527,1.33333333333333,1.43421757658315,9.6,1.99892064892125,51.8438334,0,original_stable,0
s7_busy,fixed_packet,5,5,2,396,0.6,0.6,wide_neighbor_stable_validated,0.2,0.9,0,1,2,2,2,1,1,1,1,192,39.978412978425,192,39.978412978425,0,0,0,0,1824.67592217181,264.595139824594,18.6350081728984,29.6510986093385,1806.04091399892,255.692039360692,1824.67592217181,264.595139824594,1360.5,109.717644608611,4878.3,1014.34152930703,7093.74,2211.97073260649,1360.5,109.717644608611,4878.3,1014.34152930703,7093.74,2211.97073260649,0,0,70.8639133459377,11.8083126749117,11.8166424111544,4.06829482095595,1008.4727481851,208.395669970261,156.887610056719,53.1374070371026,162,0,396,0,0,0,192,39.978412978425,191.333333333333,38.9885657867568,384,79.9568259568501,382.666666666667,77.9771315735135,NaN,NaN,0.075768,0.0154394720515557,0.347531666666667,0.0246415655687887,0.271763666666667,0.0134183071743235,0.075768,0.0154394720515557,-0.0919760919760921,1.17910152626361,1,0,0.00545776612649418,0.0153104103818283,0.826560540729277,0.131452984664314,453.333333333333,44.8063894507528,184.666666666667,35.2479212779414,1.96844203738716,0.328008685414213,87549,4872.51058332513,40194,1923.11250120935,87549,4872.51058332513,33558,2042.51869401105,73080,4886.73203685244,1,0,1,0,1,0,0.00336983278159749,0.00728601765546793,1.33333333333333,1.43421757658315,9.6,1.99892064892125,241.8767251,0,original_stable,0
sf_cf,fixed_packet,5,5,3,594,0.325,0.325,wide_neighbor_stable_validated,0.2,0.4,0,2,2,2,2,1,1,1,1,192,39.978412978425,192,39.978412978425,0,0,0,0,2398.47930186803,499.633981373402,54.5097289499853,98.7237898494069,2343.96957291804,455.083573953038,2398.47930186803,499.633981373402,1861.5,171.121751528419,5501.85,2039.23465818769,10300.77,6236.5418416138,1861.5,171.121751528419,5501.85,2039.23465818769,10300.77,6236.5418416138,289.451972805374,17.5272666508207,0,0,1371.12179709873,372.903488277509,0,0,89.395803013943,96.3098268162125,0,0,594,0,0,0,192,39.978412978425,191.666666666667,38.5908481541098,576,119.935238935275,575,115.772544462329,NaN,NaN,0.113751333333333,0.0229672584514332,0.459739666666667,0.153485967913122,0.328762333333333,0.120027745319578,0.130977333333333,0.0334613612878566,0.0977080977080974,1.2555362934856,1,0,0.00482398293484658,0.0092346875032602,0.825327179547738,0.131424811677888,261.666666666667,22.9474812253305,29,31.1261563132618,1.15049798487196,0.162137755582849,8712,3071.6601374501,8712,3071.6601374501,19404,10876.6533597284,7722,6761.94696586943,17226,18488.9368500775,1,0,1,0,1,0,0.00158730158730159,0.00682960750753883,1.33333333333333,1.43421757658315,9.6,1.99892064892125,2.7703162,0,original_stable,0
sf_cb,fixed_packet,5,5,3,594,0.55,0.55,wide_neighbor_stable_validated,0.4,0.775,0,1,2,2,2,1,1,1,1,192,39.978412978425,192,39.978412978425,0,0,0,0,1267.0259428708,381.55758962115,9.94867931936614,5.32616329607709,1257.07726355143,382.855546926046,1267.0259428708,381.55758962115,1038,103.263665513987,2423.7,1557.17329849264,5568.45,12180.7515712133,1038,103.263665513987,2423.7,1557.17329849264,5568.45,12180.7515712133,132.512585836772,3.3549925225937,0,0,213.552434158021,87.438444468703,69.8750575090371,144.054721367129,49.1371860476034,158.542054810279,198,0,594,0,0,0,192,39.978412978425,192,39.978412978425,576,119.935238935275,576,119.935238935275,NaN,NaN,0.114041333333333,0.0237672525325471,0.242460333333333,0.0648857795696766,0.128419,0.064492754560652,0.114041333333333,0.0237672525325471,-0.00671600671600682,0.550193320556208,1,0,0.00015043780471337,0.000647281631107248,0.826005138297928,0.137587497581622,275.666666666667,143.615246514216,46.6666666666667,149.158627964648,1.24816760630103,0.800717448536761,3894,11642.978286702,3894,11642.978286702,9240,29533.4083370003,3894,11642.978286702,9240,29533.4083370003,1,0,1,0,1,0,0,0,1.33333333333333,1.43421757658315,9.6,1.99892064892125,2.5495743,0,original_stable,0
sb_cf,fixed_packet,5,5,3,594,0.00105737126344056,0.00105737126344056,wide_neighbor_stable_validated,0.0005,0.002,0,1,2,2,2,1,1,1,1,192,39.978412978425,192,39.978412978425,0,0,0,0,13019.4815172997,3185.78594239243,973.842957010128,793.845848931718,12045.6385602895,3058.70656460863,13019.4815172997,3185.78594239243,9430.5,3089.15109698441,37655.7,12975.7361891635,56932.08,26541.2631961866,9430.5,3089.15109698441,37655.7,12975.7361891635,56932.08,26541.2631961866,0,0,49.5856071631293,8.23400619934575,11087.6545492956,2913.09005151137,90.2358856391719,53.4316770567441,224.162518191634,135.861102289205,0,0,594,0,0,0,192,39.978412978425,191,32.8620530386421,576,119.935238935275,573,98.5861591159264,NaN,NaN,0.113454,0.0195200595049534,2.47738066666667,0.971728594064798,2.32135666666667,0.920173276373738,0.156024,0.0528399719850854,-1.80795894477655,13.9907474170805,1,0,0.0181575206687524,0.0267144458004122,0.822905028822221,0.12001271800013,310,66.7951326339707,73.3333333333333,59.8431473036159,1.37737797675359,0.228722394426271,48114,29622.0176220324,35193,15709.1283017232,48114,29622.0176220324,31344,19228.3350533289,42570,34045.0474337932,1,0,1,0,1,0,0.0118561323293495,0.0170796866029723,1.33333333333333,1.43421757658315,9.6,1.99892064892125,50.5848635,0,original_stable,0
sb_cb,fixed_packet,5,5,3,594,0.55,0.55,wide_neighbor_stable_validated,0.4,0.925,0,1,2,2,2,1,1,1,1,192,39.978412978425,192,39.978412978425,0,0,0,0,971.555861653956,133.075650954591,6.50141820059664,10.1904689390113,965.054443453359,137.463765241718,971.555861653956,133.075650954591,837,0,1550.55,415.213623887196,3279.36,2106.9297930839,837,0,1550.55,415.213623887196,3279.36,2106.9297930839,0,0,42.7169155524068,5.46941084743755,8.98851142285253,0.349150380299442,89.5369393669098,103.448924298713,31.8120771111898,28.2713490512527,198,0,594,0,0,0,192,39.978412978425,192,39.978412978425,576,119.935238935275,576,119.935238935275,NaN,NaN,0.113967333333333,0.0239912625581461,0.185991333333333,0.0229662810917481,0.071628,0.0160463988339584,0.114363333333333,0.0231693511292243,-0.0623960623960625,0.430453258553251,1,0,0.000460061176730063,0.00197948347790904,0.826005138297928,0.137587497581622,267.333333333333,30.0501954238944,35.3333333333333,25.0064379175031,1.18658098756686,0.151928079095487,1260,2062.69010312709,1041,1856.36903658728,1260,2062.69010312709,810,1090.01573735993,1014,1200.09307331364,1,0,1,0,1,0,0,0,1.33333333333333,1.43421757658315,9.6,1.99892064892125,76.3265037,0,original_stable,0
s7_clean,fixed_packet,5,5,3,594,0.775,0.775,wide_neighbor_stable_validated,0.4,0.925,0,1,2,2,2,1,1,1,1,192,39.978412978425,192,39.978412978425,0,0,0,0,884.916134539138,89.0187581279617,6.00986765452753,9.80656110112742,878.906266884611,93.0308404322263,884.916134539138,89.0187581279617,792,0,1345.2,447.768027597394,2234.01,1474.74113747776,792,0,1345.2,447.768027597394,2234.01,1474.74113747776,0,0,36.9072830554263,1.60003250022369,2.77149642995847,1.14212070354489,79.1447136498073,90.4631740574184,4.08277374941851,7.2001462510066,162,0,594,0,0,0,192,39.978412978425,192,39.978412978425,576,119.935238935275,576,119.935238935275,NaN,NaN,0.113964333333333,0.0240003890375639,0.169494333333333,0.0224338473558412,0.05553,0.00993033980362125,0.113964333333333,0.0240003890375639,-0.0586000586000587,0.509370005951406,1,0,0.000523790742468105,0.00225368966789789,0.826005138297928,0.137587497581622,236.333333333333,9.40479358891743,4.66666666666667,7.58916606719352,1.02520230709518,0.0444453472284357,462,787.702794401347,231,393.851397200674,462,787.702794401347,147,239.058731116596,294,478.117462233192,1,0,1,0,1,0,0,0,1.33333333333333,1.43421757658315,9.6,1.99892064892125,57.2910262,0,original_stable,0
s7_busy,fixed_packet,5,5,3,594,0.7,0.7,wide_neighbor_stable_validated,0.2,0.9,0,1,2,2,2,1,1,1,1,192,39.978412978425,192,39.978412978425,0,0,0,0,2681.97769289534,286.505255399814,50.1365441656602,6.27980642528235,2631.84114872968,292.708223031517,2681.97769289534,286.505255399814,1885.5,246.69063466368,6947.25,1048.76326231644,12467.1,5070.63088907239,1885.5,246.69063466368,6947.25,1048.76326231644,12467.1,5070.63088907239,0,0,87.4740494471024,5.02370069922069,9.92837809577869,1.73985820322406,1546.80549867484,263.51708785835,231.633222511961,22.6066531464931,162,0,594,0,0,0,192,39.978412978425,191.666666666667,36.1980150877958,576,119.935238935275,575,108.594045263388,NaN,NaN,0.113677666666667,0.0217923662515869,0.514553,0.117426610660868,0.400875333333333,0.0984653179603424,0.113677666666667,0.0217923662515869,0.314860314860315,2.10662667725179,1,0,0.00449646821689336,0.00771844831602401,0.828210586512491,0.120892500654416,571,16.289580330703,274.666666666667,67.4539834705103,2.42983470686395,0.139547241645019,83727,4260.15422256049,37254,1255.26160313605,83727,4260.15422256049,31101,3298.91149880124,69804,6955.04216654806,1,0,1,0,1,0,0.00503680056752683,0.0118882121221342,1.33333333333333,1.43421757658315,9.6,1.99892064892125,229.8628908,0,original_stable,0
sf_cf,fixed_packet,5,5,4,792,0.275,0.275,wide_neighbor_stable_validated,0.1,0.4,0,1,2,2,2,1,1,1,1,192,39.978412978425,192,39.978412978425,0,0,0,0,4267.89132947237,1627.67210747183,106.177178194792,191.24904950028,4161.71415127758,1438.86180690943,4267.89132947237,1627.67210747183,2934,928.027436597066,12328.8,9895.07329323344,19194.6,7469.05623314667,2934,928.027436597066,12328.8,9895.07329323344,19194.6,7469.05623314667,365.192410514231,49.1207964745508,0,0,2747.830054927,1212.08907877713,0,0,256.691685836346,243.73636887251,0,0,792,0,0,0,192,39.978412978425,192,37.5918248977793,768,159.9136519137,768,150.367299591117,NaN,NaN,0.151866666666667,0.0304039383203938,0.817585,0.278777786462332,0.616878333333333,0.23635245447621,0.200706666666667,0.0448495722845632,-0.293280293280293,4.60334385661762,1,0,0.00320377764811134,0.0078008354920369,0.826976488752799,0.129051956632625,296.666666666667,48.4459930749101,61.6666666666667,54.5002679101598,1.32410566393478,0.307747940495594,24816,18280.5856159352,24816,18280.5856159352,53592,43875.7581288872,22440,18280.5856159352,48840,43164.2121848466,1,0,1,0,1,0,0.00344949898022524,0.00749135777621487,1.33333333333333,1.43421757658315,9.6,1.99892064892125,1.943771,0,original_stable,0
sf_cb,fixed_packet,5,5,4,792,0.55,0.55,wide_neighbor_stable_validated,0.4,0.7,0,1,2,2,2,1,1,1,1,192,39.978412978425,192,39.978412978425,0,0,0,0,1464.82972673071,279.876867532981,12.4823631839734,10.3201395181916,1452.34736354674,277.773190733066,1464.82972673071,279.876867532981,1245,127.128644717437,2564.25,993.993871092388,4573.47,4910.81454490766,1245,127.128644717437,2564.25,993.993871092388,4573.47,4910.81454490766,174.44916158439,21.5467589296398,0,0,184.911149711281,72.2142099126428,77.2649922538848,116.49143730118,25.7220599971832,70.583438635943,198,0,792,0,0,0,192,39.978412978425,191.333333333333,38.9885657867568,768,159.9136519137,765.333333333333,155.954263147027,NaN,NaN,0.151847333333333,0.03184013617775,0.280358333333333,0.0508781940079438,0.128511,0.0444162841292036,0.151847333333333,0.03184013617775,-0.125184125184125,0.851969332761541,1,0,0.000750250068573062,0.00182950378728118,0.82560175618573,0.130684538665993,256,58.4168632719175,24.3333333333333,66.3935860012717,1.12990939392517,0.356482013312843,2508,5764.06459153474,2508,5764.06459153474,5346,12929.444963993,2244,5868.0548998533,4818,13145.9300282518,1,0,1,0,1,0,0.00336983278159749,0.00728601765546793,1.33333333333333,1.43421757658315,9.6,1.99892064892125,2.5082546,0,original_stable,0
sb_cf,fixed_packet,5,5,4,792,0.000487448295911483,0.000487448295911483,neighbor_stable,0.0003,0.000522448979591837,0,1,1,1,0,0,1,NaN,1,2972,58.7465867170897,2972,58.7465867170897,0,0,0,0,41363.5680904148,3279.28993610118,7074.26180177977,1688.26768062593,34289.3062886351,1676.25236438099,41363.5680904148,3279.28993610118,27739.8,1432.36864867272,126934.11,14943.5727296569,202262.418,39895.1462102974,27739.8,1432.36864867272,126934.11,14943.5727296569,202262.418,39895.1462102974,0,0,63.0295527823465,4.48457997609119,32345.6983557488,1494.00901146727,493.928218892265,95.5800717536099,594.650161211623,98.660759474006,0,0,792,0,0,0,198.133333333333,3.91643911447265,198.626666666667,4.05762251417763,792.533333333333,15.6657564578906,794.506666666667,16.2304900567105,NaN,NaN,0.157302466666667,0.00323595197254711,8.28190362666667,0.694158423953644,8.00529994666667,0.676585922413516,0.27660368,0.0196730880737117,-0.0528201752208476,0.613110462555958,1,0,0.0108605605782711,0.0259160682718413,0.986157648291948,0.00560615858090554,5631.6,431.847989626673,2231.6,374.162008163573,1.75082091062074,0.124571666002533,1953705.6,339613.722920789,1354361.4,222277.014788805,1953705.6,339613.722920789,1245500.6,197060.024531084,1789518.2,287597.626968315,1,0,1,0,1,0,0.00303377989408061,0.00617248031910013,29.2,0.555289021039559,9.90666666666667,0.195821955723632,362.3302008,0,corrected_q_rerun,1
sb_cb,fixed_packet,5,5,4,792,0.4,0.4,wide_neighbor_stable_validated,0.2,0.9,0,1,2,2,2,1,1,1,1,192,39.978412978425,192,39.978412978425,0,0,0,0,1234.3254473755,191.676882147936,13.8193456559871,13.2601466753551,1220.50610171951,179.743096215781,1234.3254473755,191.676882147936,1038,12.9079581892484,1966.35,396.843098717869,4444.35000000001,3836.82383192742,1038,12.9079581892484,1966.35,396.843098717869,4444.35000000001,3836.82383192742,0,0,41.9641621605473,8.14787496813777,14.3834053885648,1.77844783663884,145.968371523317,132.789955895158,28.1901626470802,38.2576706953178,198,0,792,0,0,0,192,39.978412978425,192,39.978412978425,768,159.9136519137,768,159.9136519137,NaN,NaN,0.151977333333333,0.031924878124066,0.236127333333333,0.0192120647992831,0.083622,0.0226382072917582,0.152505333333333,0.030364841577999,-0.067008067008067,0.671438157578499,1,0,0.000381460435950605,0.00164129178603404,0.826005138297928,0.137587497581622,263,37.5918248977793,31,39.978412978425,1.16567117112631,0.226329860226049,1110,2349.24839044321,948,2178.46413787328,1110,2349.24839044321,900,2196.36409339827,1062,2357.17836536691,1,0,1,0,1,0,0,0,1.33333333333333,1.43421757658315,9.6,1.99892064892125,73.0871033,0,original_stable,0
s7_clean,fixed_packet,5,5,4,792,0.7,0.7,wide_neighbor_stable_validated,0.2,0.9,0,1,2,2,2,1,1,1,1,192,39.978412978425,192,39.978412978425,0,0,0,0,1150.91799147287,161.581329138713,8.78951607052166,10.4703630610099,1142.12847540235,166.016379672715,1150.91799147287,161.581329138713,990,0,2004.6,982.756024187553,3135.27,2237.91825894237,990,0,2004.6,982.756024187553,3135.27,2237.91825894237,0,0,38.59199781487,5.60979438945961,4.56909022623778,1.82960578094642,133.303397194327,137.876873194527,11.6639901669149,25.2440747525682,162,0,792,0,0,0,192,39.978412978425,192,39.978412978425,768,159.9136519137,768,159.9136519137,NaN,NaN,0.151977333333333,0.031924878124066,0.220395333333333,0.031769079268121,0.068418,0.0236844009131619,0.151977333333333,0.031924878124066,-0.0578320578320579,0.6927927089953,1,0,0.000421462832651755,0.00181340820739675,0.826005138297928,0.137587497581622,246,16.289580330703,13.6666666666667,28.791716915859,1.07199993930194,0.155827621929433,1071,1492.9212973228,504,626.002703361083,1071,1492.9212973228,399,771.999501793382,861,1813.87816569912,1,0,1,0,1,0,0,0,1.33333333333333,1.43421757658315,9.6,1.99892064892125,56.6307475,0,original_stable,0
s7_busy,fixed_packet,5,5,4,792,0.45,0.45,wide_neighbor_stable_validated,0.1,0.8,0,1,2,2,2,1,1,1,1,192,39.978412978425,192,39.978412978425,0,0,0,0,3493.51846050762,478.472912010901,75.1544340641284,52.3175883655115,3418.36402644349,426.826947874245,3493.51846050762,478.472912010901,2704.5,286.530505826571,8991.6,1546.62589989653,12731.7,3017.52595240891,2704.5,286.530505826571,8991.6,1546.62589989653,12731.7,3017.52595240891,0,0,77.3831719381506,20.1210433677182,21.9001165118155,1.04252596335897,2178.85646427184,320.054364085509,186.224273721678,90.5446951547318,162,0,792,0,0,0,192,39.978412978425,191.666666666667,38.5908481541098,768,159.9136519137,766.666666666667,154.363392616439,NaN,NaN,0.151721666666667,0.0305433461206367,0.664613,0.0451373809681806,0.512891333333333,0.0148967558823277,0.151721666666667,0.0305433461206367,-0.157872157872158,2.56157974153095,1,0,0.00614594196550445,0.00703026538498225,0.82580682484674,0.133463536289876,498.333333333333,140.838413401524,218.333333333333,67.5910697248734,2.14953255383752,0.558917871325506,67347,11475.8862704502,30303,5400.97414290308,67347,11475.8862704502,25305,1658.71029602937,56049,4261.11231415532,1,0,1,0,1,0,0.00158730158730159,0.00682960750753883,1.33333333333333,1.43421757658315,9.6,1.99892064892125,261.4300253,0,original_stable,0
sf_cf,fixed_packet,5,5,5,990,0.275,0.275,wide_neighbor_stable_validated,0.1,0.4,0,1,2,2,2,1,1,1,1,192,39.978412978425,192,39.978412978425,0,0,0,0,6629.43389554908,5197.821045313,459.860548160351,1231.76907842257,6169.57334738873,3966.45810261607,6629.43389554908,5197.821045313,4422,939.358864823809,23478.6,36418.8969170803,42676.17,77785.8887943719,4422,939.358864823809,23478.6,36418.8969170803,42676.17,77785.8887943719,466.789909991422,25.9928681609571,0,0,4183.3169334773,2961.19291704274,0,0,529.466503920004,1031.30827022578,0,0,990,0,0,0,192,39.978412978425,190.333333333333,34.2714985452287,960,199.892064892125,951.666666666667,171.357492726143,NaN,NaN,0.188463333333333,0.0341166478732636,1.26014966666667,0.91465392572105,0.971036333333334,0.737029849922366,0.289113333333333,0.177680961133397,-0.71984071984072,4.70798401492353,1,0,0.0113213728538792,0.0192067842378687,0.824108568064055,0.123260781661538,346,161.926911865584,101,191.794093649868,1.53481465042425,1.04172552548059,50820,65821.6012006346,50820,65821.6012006346,115830,171605.320923422,44220,73216.5741009296,100650,188619.104220445,1,0,1,0,1,0,0.0117764661307218,0.0168805673999288,1.33333333333333,1.43421757658315,9.6,1.99892064892125,2.0122504,0,original_stable,0
sf_cb,fixed_packet,5,5,5,990,0.5,0.5,wide_neighbor_stable_validated,0.2,0.7,0,1,2,2,2,1,1,1,1,192,39.978412978425,192,39.978412978425,0,0,0,0,1818.51490583029,278.384539512532,30.6363807076919,42.5699449602216,1787.87852512259,253.091267481997,1818.51490583029,278.384539512532,1507.5,78.2503379201354,3323.1,690.357680704497,6103.65,3776.34172724588,1507.5,78.2503379201354,3323.1,690.357680704497,6103.65,3776.34172724588,220.903641314322,77.8481004439491,0,0,232.503628937609,47.3617432299071,120.923947232524,115.335261820002,25.5473076381391,38.4620800170105,198,0,990,0,0,0,192,39.978412978425,191.666666666667,38.0270558952041,960,199.892064892125,958.333333333333,190.135279476021,NaN,NaN,0.189889333333333,0.0388500631592251,0.347869666666667,0.0176743551505734,0.157980333333333,0.0224026613118141,0.189889333333333,0.0388500631592251,-0.0284840284840287,0.979047530486172,1,0,0.00117274626790302,0.00079698353729691,0.825351837137547,0.133825310253793,253.666666666667,18.3108642419671,24,32.5791606614061,1.12902680625323,0.194252929378841,2376,2738.55649792143,2376,2738.55649792143,4884,6010.61952521727,2310,2964.78687779901,4752,6450.6738109584,1,0,1,0,1,0,0.00523203017452114,0.00105405774403248,1.33333333333333,1.43421757658315,9.6,1.99892064892125,2.5266399,0,original_stable,0
sb_cf,fixed_packet,5,5,5,990,NaN,NaN,no_stable_q,NaN,NaN,0,3,2,0,5,0,0,NaN,0,NaN,NaN,NaN,NaN,NaN,NaN,NaN,NaN,NaN,NaN,NaN,NaN,NaN,NaN,NaN,NaN,NaN,NaN,NaN,NaN,NaN,NaN,NaN,NaN,NaN,NaN,NaN,NaN,NaN,NaN,NaN,NaN,NaN,NaN,NaN,NaN,NaN,NaN,NaN,NaN,NaN,NaN,NaN,NaN,NaN,NaN,NaN,NaN,NaN,NaN,NaN,NaN,NaN,NaN,NaN,NaN,NaN,NaN,NaN,NaN,NaN,NaN,NaN,NaN,NaN,NaN,NaN,NaN,NaN,NaN,NaN,NaN,NaN,NaN,NaN,NaN,NaN,NaN,NaN,NaN,NaN,NaN,NaN,NaN,NaN,NaN,NaN,NaN,NaN,NaN,NaN,NaN,NaN,NaN,NaN,NaN,NaN,NaN,116.8409416,0,original_stable,0
sb_cb,fixed_packet,5,5,5,990,0.5,0.5,wide_neighbor_stable_validated,0.2,0.9,0,1,2,2,2,1,1,1,1,192,39.978412978425,192,39.978412978425,0,0,0,0,1719.44241969007,1002.64991947045,23.9307053446061,56.258809457981,1695.51171434546,947.957655872885,1719.44241969007,1002.64991947045,1233,0,3993.3,5596.95381857914,9524.07000000001,19658.2108423009,1233,0,3993.3,5596.95381857914,9524.07000000001,19658.2108423009,0,0,55.3298803726671,53.307125775616,12.9095842704781,11.4370309630086,336.926138764292,586.515784547824,102.346110938027,301.862304995994,198,0,990,0,0,0,192,39.978412978425,191.333333333333,38.9885657867568,960,199.892064892125,956.666666666667,194.942828933784,NaN,NaN,0.189821333333333,0.0394211946380301,0.326183333333333,0.134069020384822,0.133392,0.15449697893835,0.192791333333333,0.0317834369383258,-0.111964111964112,1.06572245141712,1,0,0.000807748942745114,0.000830643713319535,0.823702527932487,0.135932634776042,331.666666666667,248.591737296017,98,260.834459733785,1.53694112146297,1.48075349376711,4746,15145.5625184408,3894,12520.3801060511,4746,15145.5625184408,3828,12502.7218636583,4662,15141.7777230873,1,0,1,0,1,0,0.00336983278159749,0.00728601765546793,1.33333333333333,1.43421757658315,9.6,1.99892064892125,79.5135663,0,original_stable,0
s7_clean,fixed_packet,5,5,5,990,0.6,0.6,wide_neighbor_stable_validated,0.2,0.9,0,1,2,2,2,1,1,1,1,192,39.978412978425,192,39.978412978425,0,0,0,0,1421.84641566124,200.380759138127,16.1716146489068,14.8786320580495,1405.67480101233,186.994932871139,1421.84641566124,200.380759138127,1194,12.9079581892484,2363.85,669.610517390519,4058.28,2618.10158082296,1194,12.9079581892484,2363.85,669.610517390519,4058.28,2618.10158082296,0,0,37.674751932261,2.21248621365551,5.98733264763498,2.55492454394184,202.476332737259,172.875387200877,7.53638369517436,9.95618796144977,162,0,990,0,0,0,192,39.978412978425,191.333333333333,38.9885657867568,960,199.892064892125,956.666666666667,194.942828933784,NaN,NaN,0.189872333333333,0.0394529530060119,0.271958333333333,0.0219254728960426,0.082086,0.0243645327253177,0.189872333333333,0.0394529530060119,-0.0405760405760407,0.821833633645541,1,0,0.000765425268581687,0.0010437229549257,0.823702527932487,0.135932634776042,237.666666666667,7.17108788291577,8.66666666666667,10.3422900250845,1.04652088700725,0.0614579503793196,546,651.564271580325,273,325.782135790162,546,651.564271580325,273,325.782135790162,546,651.564271580325,1,0,1,0,1,0,0.00336983278159749,0.00728601765546793,1.33333333333333,1.43421757658315,9.6,1.99892064892125,55.8025478,0,original_stable,0
s7_busy,fixed_packet,5,5,5,990,0.5,0.5,wide_neighbor_stable_validated,0.2,0.8,0,1,2,2,2,1,1,1,1,192,39.978412978425,192,39.978412978425,0,0,0,0,4234.10205368079,641.500100382021,74.5651083389171,128.863709411781,4159.53694534187,524.469522247063,4234.10205368079,641.500100382021,3181.5,157.69383676557,10756.2,2965.49762830146,13597.98,224.758800358198,3181.5,157.69383676557,10756.2,2965.49762830146,13597.98,224.758800358198,0,0,81.6125866903389,17.4171025131863,20.0436522399717,1.93069551432467,2700.62406630504,427.57861154198,205.256640106525,78.3769613093385,162,0,990,0,0,0,192,39.978412978425,191.666666666667,35.6829182560879,960,199.892064892125,958.333333333333,178.41459128044,NaN,NaN,0.18975,0.0353260890735271,0.816242,0.0899608124739563,0.626492,0.0742567458591455,0.18975,0.0353260890735271,-0.048972048972049,3.19935652548094,1,0,0.0155054215466175,0.0383029847024707,0.824727225970354,0.130989026208358,514.666666666667,54.782605844683,242,73.8169368840252,2.26701629695386,0.483808403144065,63777,5275.56636405405,28560,1956.78004738554,63777,5275.56636405405,23919,3375.9678270432,53529,7593.64330314405,1,0,1,0,1,0,0.00868152915474637,0.0074592224133587,1.33333333333333,1.43421757658315,9.6,1.99892064892125,215.3316363,0,original_stable,0
sf_cf,fixed_packet,5,5,6,1188,0.221875,0.221875,wide_neighbor_stable_validated,0.19609375,0.24765625,0,2,2,2,2,1,1,1,1,192,39.978412978425,192,39.978412978425,0,0,0,0,10739.1295248623,2847.33007846121,796.166348570916,1030.99271968243,9942.96317629134,2649.73546991161,10739.1295248623,2847.33007846121,6783,1869.78357447717,36755.85,9936.46750926566,61786.59,51960.0408538395,6783,1869.78357447717,36755.85,9936.46750926566,61786.59,51960.0408538395,550.000892830469,67.3526842699388,0,0,7259.1008309469,2107.42420466566,0,0,945.861452513967,608.312863939992,0,0,1188,0,0,0,192,39.978412978425,190,34.5107440225715,1152,239.87047787055,1140,207.064464135429,NaN,NaN,0.22572,0.0409987638988149,2.02909033333333,0.207474599767183,1.62580233333333,0.145641262369284,0.403288,0.0751797683804863,-0.055020055020055,19.3775558391205,1,0,0.0131908081560005,0.0225130359080689,0.823794814180019,0.124285552156906,405.333333333333,105.227010062643,151,71.0914903487049,1.7961796738333,0.512047865269353,91080,50630.4553163258,91080,50630.4553163258,209484,141696.451218794,76904,28793.3520674834,177568,90823.7758682953,1,0,1,0,1,0,0.0172037259122373,0.0132959857688518,1.33333333333333,1.43421757658315,9.6,1.99892064892125,2.8577982,0,original_stable,0
sf_cb,fixed_packet,5,5,6,1188,0.5,0.5,wide_neighbor_stable_validated,0.2,0.7,0,1,2,2,2,1,1,1,1,192,39.978412978425,192,39.978412978425,0,0,0,0,2142.21473212952,482.253628845936,33.433578022372,55.6120455686367,2108.78115410715,478.308221117627,2142.21473212952,482.253628845936,1749,190.146097676335,3926.25,1563.48852434842,7983,8939.88694705751,1749,190.146097676335,3926.25,1563.48852434842,7983,8939.88694705751,255.188045802374,59.9990613633507,0,0,243.856626449462,117.944347937389,186.711684897423,242.102058893595,37.0247969578893,92.3342182780506,198,0,1188,0,0,0,192,39.978412978425,191,39.4344636463706,1152,239.87047787055,1146,236.606781878223,NaN,NaN,0.227424,0.0466800099070585,0.409230333333333,0.0238536413519883,0.181806333333333,0.0602166040114549,0.227424,0.0466800099070585,-0.127168127168127,1.38487520215884,1,0,0.00412573631202886,0.00469647337355289,0.824452637464749,0.133824848302433,265.333333333333,79.0382719513048,34.3333333333333,81.4983963277106,1.18699392402974,0.466334435747731,3036,6714.07417295936,3036,6714.07417295936,7194,17831.7357367312,2838,5868.0548998533,6798,16136.6824728867,1,0,1,0,1,0,0.00515236397589339,0.0133106906679062,1.33333333333333,1.43421757658315,9.6,1.99892064892125,2.6492551,0,original_stable,0
sb_cf,fixed_packet,5,5,6,1188,NaN,NaN,no_stable_q,NaN,NaN,0,3,2,0,5,0,0,NaN,0,NaN,NaN,NaN,NaN,NaN,NaN,NaN,NaN,NaN,NaN,NaN,NaN,NaN,NaN,NaN,NaN,NaN,NaN,NaN,NaN,NaN,NaN,NaN,NaN,NaN,NaN,NaN,NaN,NaN,NaN,NaN,NaN,NaN,NaN,NaN,NaN,NaN,NaN,NaN,NaN,NaN,NaN,NaN,NaN,NaN,NaN,NaN,NaN,NaN,NaN,NaN,NaN,NaN,NaN,NaN,NaN,NaN,NaN,NaN,NaN,NaN,NaN,NaN,NaN,NaN,NaN,NaN,NaN,NaN,NaN,NaN,NaN,NaN,NaN,NaN,NaN,NaN,NaN,NaN,NaN,NaN,NaN,NaN,NaN,NaN,NaN,NaN,NaN,NaN,NaN,NaN,NaN,NaN,NaN,NaN,NaN,NaN,NaN,102.6373987,0,original_stable,0
sb_cb,fixed_packet,5,5,6,1188,0.45,0.45,wide_neighbor_stable_validated,0.1,0.8,0,1,2,2,2,1,1,1,1,192,39.978412978425,192,39.978412978425,0,0,0,0,1933.93256270512,584.987800516472,16.4606779024459,9.43301705114031,1917.47188480268,577.855963372883,1933.93256270512,584.987800516472,1437,12.9079581892484,3956.4,2900.85590525916,8482.74,9895.12161290292,1437,12.9079581892484,3956.4,2900.85590525916,8482.74,9895.12161290292,0,0,53.1320048994712,29.1146851082025,16.5639380993637,10.5568868487371,371.671161831924,379.428116403822,90.1047799719177,161.375791408874,198,0,1188,0,0,0,192,39.978412978425,191.333333333333,38.9885657867568,1152,239.87047787055,1148,233.931394720541,NaN,NaN,0.227627333333333,0.0465854854431239,0.368435333333333,0.0502489924958033,0.138432,0.0852717371962219,0.230003333333333,0.0409533621176667,-0.0337120337120338,1.05264474438629,1,0,0.00130450335562408,0.0029219014286381,0.823702527932487,0.135932634776042,332.666666666667,160.805150092577,88,144.400854698325,1.47588902498531,0.808741253005625,4938,10340.9744816806,4293,8955.37915702924,4938,10340.9744816806,3339,6931.50143575301,3888,8111.45787901761,1,0,1,0,1,0,0.00336983278159749,0.00728601765546793,1.33333333333333,1.43421757658315,9.6,1.99892064892125,82.1426873,0,original_stable,0
s7_clean,fixed_packet,5,5,6,1188,0.55,0.55,wide_neighbor_stable_validated,0.4,0.925,0,1,2,2,2,1,1,1,1,192,39.978412978425,192,39.978412978425,0,0,0,0,1734.17077601991,323.55433588138,19.594078809787,17.1721472528954,1714.57669721012,309.979849936961,1734.17077601991,323.55433588138,1395,0,3171,1506.27465622973,5343.15,4407.44131986768,1395,0,3171,1506.27465622973,5343.15,4407.44131986768,0,0,39.0794217941112,6.37307166521536,8.27764594918719,2.62891599745516,303.362231393319,273.249090500085,13.8573980735006,28.6788224934691,162,0,1188,0,0,0,192,39.978412978425,191.333333333333,38.9885657867568,1152,239.87047787055,1148,233.931394720541,NaN,NaN,0.227693333333333,0.0467965600814706,0.331169333333333,0.00950858650134505,0.103476,0.0431954613694896,0.227693333333333,0.0467965600814706,-0.0509040509040511,1.02176778516056,1,0,0.00121027078532829,0.00230013988833684,0.823702527932487,0.135932634776042,245.333333333333,14.973671099995,15.6666666666667,31.4548471210306,1.08553949428087,0.177029768478205,1029,2018.39361107559,504,977.346407370487,1029,2018.39361107559,483,956.234924466383,987,1981.65536862493,1,0,1,0,1,0,0.00336983278159749,0.00728601765546793,1.33333333333333,1.43421757658315,9.6,1.99892064892125,62.1226422,0,original_stable,0
s7_busy,fixed_packet,5,5,6,1188,0.5,0.5,wide_neighbor_stable_validated,0.2,0.7,0,1,2,2,2,1,1,1,1,192,39.978412978425,192,39.978412978425,0,0,0,0,5487.33168822633,894.806457762094,224.014989906577,243.172807668678,5263.31669831975,892.774327937243,5487.33168822633,894.806457762094,4122,461.989510370428,13962.75,2824.36898813769,22958.76,9216.40779366967,4122,461.989510370428,13962.75,2824.36898813769,22958.76,9216.40779366967,0,0,94.3657293084832,20.383909628405,22.9477514926743,4.36911701978108,3533.35743563042,792.26313653879,262.645781888174,91.7275933278225,162,0,1188,0,0,0,192,39.978412978425,191.333333333333,36.1980150877958,1152,239.87047787055,1148,217.188090526775,NaN,NaN,0.227001333333333,0.0443869870253116,1.048407,0.231014771338911,0.821405666666667,0.201731668121753,0.227001333333333,0.0443869870253116,-0.365472365472365,4.53612973063484,1,0,0.0060090158036757,0.00989185940096383,0.825477335502617,0.128745113293875,578,88.2131257554994,310.333333333333,99.6239367568295,2.62127025856898,0.566219711900139,65730,4449.50256511029,28938,1110.30952025515,65730,4449.50256511029,24843,2937.60286890257,56595,8079.63948167529,1,0,1,0,1,0,0.0104640603490423,0.00210811548806495,1.33333333333333,1.43421757658315,9.6,1.99892064892125,200.926903,0,original_stable,0
sf_cf,fixed_packet,10,10,1,198,0.4,0.4,wide_neighbor_stable_validated,0.2,0.6,0,1,2,2,2,1,1,1,1,384.333333333333,17.9706947263001,384.333333333333,17.9706947263001,0,0,0,0,692.923561110513,149.410041159204,0.917059662206624,3.84641708778686,692.006501448306,149.680984924881,692.923561110513,149.410041159204,540,59.1516954695558,1752.6,657.931177134929,2596.41,1027.19705681193,540,59.1516954695558,1752.6,657.931177134929,2596.41,1027.19705681193,97.2477735499881,1.38095099233505,0,0,365.96412291628,118.394232827806,0,0,30.7946049820378,36.8045669264969,0,0,198,0,0,0,384.333333333333,17.9706947263001,384,17.9133717900592,384.333333333333,17.9706947263001,384,17.9133717900592,NaN,NaN,0.0760653333333333,0.00357241229359681,0.266287333333333,0.061319893387591,0.178342,0.0469831618026539,0.0879453333333333,0.0174095469581419,-0.0515400515400516,0.396850759222348,1,0,0.000682179252870755,0.00179658214835667,0.906377238649101,0.0282265104427891,524,94.9512695530901,60,73.5237620755602,1.15552830799009,0.185881651143924,6402,7529.35706725042,6402,7529.35706725042,12936,15626.3722646635,5874,6996.39911778799,11880,14557.7048909609,1,0,1,0,1,0,0.00257511108755378,0.00640242383455229,3,0,19.2166666666667,0.898534736315005,4.1643354,0,original_stable,0
sf_cb,fixed_packet,10,10,1,198,0.45,0.45,wide_neighbor_stable_validated,0.2,0.5,0,2,2,2,2,1,1,1,1,384.333333333333,17.9706947263001,384.333333333333,17.9706947263001,0,0,0,0,856.459118901509,139.886853853712,4.70096284024763,3.13957446625988,851.758156061261,137.113264087843,856.459118901509,139.886853853712,708,78.5160444162161,1817.55,428.044806694885,2747.25,1349.4742105838,708,78.5160444162161,1817.55,428.044806694885,2747.25,1349.4742105838,110.949776100383,0.605767915645016,0,0,275.70317744894,94.5571771940921,32.4198277821039,14.6148475348502,36.6853747298347,27.4718892458492,198,0,198,0,0,0,384.333333333333,17.9706947263001,384.666666666667,16.9091758498227,384.333333333333,17.9706947263001,384.666666666667,16.9091758498227,NaN,NaN,0.076164,0.00334801681826489,0.329964,0.0662443133057505,0.2538,0.0637126272097283,0.076164,0.00334801681826489,-0.143784143784144,0.483747381057566,1,0,0.00364307755039416,0.00446697165470058,0.905879336622074,0.0349857219026409,540.333333333333,94.1463067014689,71.3333333333333,55.3429607524146,1.1852796703527,0.138746915383077,7656,7065.21781470541,7656,7065.21781470541,16170,15634.111285657,6666,4852.56829698697,14124,10957.9062289781,1,0,1,0,1,0,0.00260252938103919,0.00012299820453919,3,0,19.2166666666667,0.898534736315005,5.478851,0,original_stable,0
sb_cf,fixed_packet,10,10,1,198,0.00447213595499958,0.00447213595499958,wide_neighbor_stable_validated,0.002,0.01,0,1,2,2,2,1,1,1,1,384.333333333333,17.9706947263001,384.333333333333,17.9706947263001,0,0,0,0,2741.6987162318,277.267510699727,50.5252986268016,46.3504725243982,2691.173417605,323.542103106848,2741.6987162318,277.267510699727,1968,284.85380865927,7524.15,1184.88957080397,11999.49,3702.42061325165,1968,284.85380865927,7524.15,1184.88957080397,11999.49,3702.42061325165,0,0,42.4764481792843,3.17900637114742,2403.51800254137,294.849974366241,11.5585018982763,12.1812595730365,35.6204649860639,17.4845350413108,0,0,198,0,0,0,384.333333333333,17.9706947263001,385.333333333333,14.1254049686041,384.333333333333,17.9706947263001,385.333333333333,14.1254049686041,NaN,NaN,0.0762623333333333,0.00293680380463091,1.05803,0.107369743784546,0.967775666666667,0.102152438849888,0.0902543333333333,0.00546641394402284,-0.645948368613555,2.20661382656672,1,0,0.00671582142485598,0.0119347293240919,0.905679544202625,0.0346328206801753,541.666666666667,27.6993422530854,69,31.1261563132618,1.17990133831345,0.088305732531873,16434,5182.05893147026,12021,3778.46165278125,16434,5182.05893147026,10146,5023.98228500061,13992,6909.41190862702,1,0,1,0,1,0,0.00437557902642926,0.00775154386474876,3,0,19.2166666666667,0.898534736315005,56.4948975,0,original_stable,0
sb_cb,fixed_packet,10,10,1,198,0.4,0.4,wide_neighbor_stable_validated,0.1,0.8,0,1,2,2,2,1,1,1,1,384.333333333333,17.9706947263001,384.333333333333,17.9706947263001,0,0,0,0,527.22654446049,70.8761092830377,1.38112118688365,3.00223895091114,525.845423273606,71.9198136808398,527.22654446049,70.8761092830377,444,12.9079581892484,914.4,396.051412746453,1874.28,1297.97177489758,444,12.9079581892484,914.4,396.051412746453,1874.28,1297.97177489758,0,0,42.165862208767,7.30988474863272,16.4315810670833,3.46412439125158,42.8269706916064,24.4710134199896,28.4210093061494,37.2840880057905,198,0,198,0,0,0,384.333333333333,17.9706947263001,385,17.9133717900592,384.333333333333,17.9706947263001,385,17.9133717900592,NaN,NaN,0.0761816666666667,0.00347122966298967,0.202859,0.0330766400847962,0.125687333333333,0.0298472558850717,0.0771716666666667,0.00408324640688916,-0.0713280713280715,0.362116763866256,1,0,0.00121827084949715,0.00222811449532406,0.906359617421509,0.0329279979939713,529,105.597769336709,66,80.0725098745308,1.17127395024353,0.203052354128687,2220,2628.02985581917,1944,2135.55526917294,2220,2628.02985581917,1812,1720.39405146254,2082,2187.05154524041,1,0,1,0,1,0,0.00345942741017372,0.00361988857333325,3,0,19.2166666666667,0.898534736315005,90.9390207,0,original_stable,0
s7_clean,fixed_packet,10,10,1,198,0.7,0.7,wide_neighbor_stable_validated,0.2,0.9,0,1,2,2,2,1,1,1,1,384.333333333333,17.9706947263001,384.333333333333,17.9706947263001,0,0,0,0,451.007531784075,36.6945514374219,0.794842654237416,1.27973912751629,450.212689129838,37.6169520715845,451.007531784075,36.6945514374219,396,0,708.45,34.8932933824952,1446.48,1681.29704694368,396,0,708.45,34.8932933824952,1446.48,1681.29704694368,0,0,38.2004335050701,3.91413287577906,3.60394578141714,0.492129190457389,38.5063590705354,16.3093142844099,9.90195077281526,17.6135979410058,162,0,198,0,0,0,384.333333333333,17.9706947263001,384.666666666667,16.9091758498227,384.333333333333,17.9706947263001,384.666666666667,16.9091758498227,NaN,NaN,0.0761913333333333,0.00350855967315036,0.173522666666667,0.0209222437522755,0.0973313333333333,0.0178020188259423,0.0761913333333333,0.00350855967315036,-0.0475440475440476,0.265596703464383,1,0,0.000955175372381591,0.00185658183478971,0.907133587275615,0.0296145536975205,483,56.9187455039514,23.6666666666667,42.6182283807456,1.06112315291861,0.108725913216085,1533,2544.43982047129,756,1281.01324078907,1533,2544.43982047129,735,1349.29845019266,1491,2684.94838798697,1,0,1,0,1,0,0.00260252938103919,0.00012299820453919,3,0,19.2166666666667,0.898534736315005,63.4264567,0,original_stable,0
s7_busy,fixed_packet,10,10,1,198,0.45,0.45,wide_neighbor_stable_validated,0.1,0.7125,0,1,2,2,2,1,1,1,1,384.333333333333,17.9706947263001,384.333333333333,17.9706947263001,0,0,0,0,1573.87851285432,179.119050375869,12.5492424797753,10.8227131313593,1561.32927037454,189.895368833236,1573.87851285432,179.119050375869,1144.5,240.361986627221,4436.7,304.003653824196,6881.25,496.231020377218,1144.5,240.361986627221,4436.7,304.003653824196,6881.25,496.231020377218,0,0,75.6331494357611,13.0158905505695,22.6437990815647,1.9102555658613,924.70314939629,116.904545976698,178.349172460925,58.571507477563,162,0,198,0,0,0,384.333333333333,17.9706947263001,385,17.9133717900592,384.333333333333,17.9706947263001,385,17.9133717900592,NaN,NaN,0.07623,0.00354684761443172,0.606998333333333,0.0899588848865012,0.530768333333333,0.087351956770076,0.07623,0.00354684761443172,-0.342744342744343,1.25602319698099,1,0,0.00388282344107695,0.0090091213806117,0.905944659265835,0.0347057912175589,944.333333333333,196.063365534827,423.333333333333,147.473557434715,2.10092081766003,0.361552515293599,138810,11956.0097730099,62832,5298.72862835256,138810,11956.0097730099,53678.3333333333,4660.41536854896,118783,10300.0662606781,1,0,1,0,1,0,0.00345942741017372,0.00361988857333325,3,0,19.2166666666667,0.898534736315005,573.4866147,0,original_stable,0
sf_cf,fixed_packet,10,10,2,396,0.23125,0.23125,wide_neighbor_stable_validated,0.1,0.275,0,2,2,2,2,1,1,1,1,384.333333333333,17.9706947263001,384.333333333333,17.9706947263001,0,0,0,0,2392.22987729856,438.76298775129,35.4683824785686,26.9397226596575,2356.76149481999,423.808645027777,2392.22987729856,438.76298775129,1762.5,335.420688779834,6621.3,1835.20254551832,9251.13,3117.49399451892,1762.5,335.420688779834,6621.3,1835.20254551832,9251.13,3117.49399451892,188.599878852024,7.95196534546145,0,0,1690.71678918673,342.187709534323,0,0,81.4448267812305,77.2672250605782,0,0,396,0,0,0,384.333333333333,17.9706947263001,386.333333333333,16.5402039763223,768.666666666667,35.9413894526001,772.666666666667,33.0804079526446,NaN,NaN,0.153028,0.00667778357210664,0.931356,0.234128090286376,0.745328,0.192364431250891,0.186028,0.0424677953591503,-0.0368960368960369,2.13225912460753,1,0,0.0139258697799573,0.0317886352868738,0.904786391553809,0.03387964112958,553,97.2627949529072,79.3333333333333,77.8583343510521,1.20566875449806,0.19511925520348,17820,14690.0503847908,17820,14690.0503847908,37356,31987.2434573534,15708,16732.8565955175,33000,36468.4154683094,1,0,1,0,1,0,0.0052302685554887,0.0112568875820235,3,0,19.2166666666667,0.898534736315005,4.7502386,0,original_stable,0
sf_cb,fixed_packet,10,10,2,396,0.3625,0.3625,wide_neighbor_stable_validated,0.1,0.45,0,1,2,2,2,1,1,1,1,384.333333333333,17.9706947263001,384.333333333333,17.9706947263001,0,0,0,0,1273.96049221264,69.1389417515395,5.18987210529076,4.10384096025446,1268.77062010735,65.9947395066993,1273.96049221264,69.1389417515395,1029,103.263665513987,2756.55,477.409955666229,4120.38,1319.19557509637,1029,103.263665513987,2756.55,477.409955666229,4120.38,1319.19557509637,142.985651844906,26.3415092622944,0,0,395.200981589004,47.6855787341875,102.567829333881,46.4807224797188,34.01615733956,3.38205198174999,198,0,396,0,0,0,384.333333333333,17.9706947263001,385,16.289580330703,768.666666666667,35.9413894526001,770,32.5791606614061,NaN,NaN,0.152559333333333,0.00650514864770785,0.490568666666667,0.00830910991595622,0.338009333333333,0.0119952387608074,0.152559333333333,0.00650514864770785,-0.184668184668185,0.471965714646865,1,0,0.00347736565398133,0.00373069681213221,0.906095207023025,0.0282732539543105,534,25.8159163784968,66,4.30265272974946,1.17179877444222,0.0170810706148987,7326,983.718533853131,7326,983.718533853131,14916,2217.91627781226,6402,567.950160326929,13068,851.925240490393,1,0,1,0,1,0,0.00520505876207838,0.00024599640907838,3,0,19.2166666666667,0.898534736315005,4.2992508,0,original_stable,0
sb_cf,fixed_packet,10,10,2,396,0.000910222837963307,0.000910222837963307,wide_neighbor_stable_validated,0.0008,0.000983518135745966,0,3,2,2,5,1,1,1,1,788.8,29.3358722081314,788.8,29.3358722081314,0,0,0,0,23857.9765520234,7461.83515842902,5149.21879910581,4006.96807705373,18708.7577529176,3557.59365994274,23857.9765520234,7461.83515842902,15204.6,2916.71796976496,76104.9,31244.9568274737,122149.17,56579.708773853,15204.6,2916.71796976496,76104.9,31244.9568274737,122149.17,56579.708773853,0,0,64.1212402986301,13.3190555510175,17654.2580656259,3253.44843041425,285.044803708132,146.902716552156,309.333643284931,146.509611061193,0,0,396,0,0,0,394.4,14.6679361040657,393.3,15.1220708164879,788.8,29.3358722081314,786.6,30.2441416329758,NaN,NaN,0.1557468,0.0059883400433292,9.4352327,3.11485159799015,9.1568447,3.05382129201131,0.278388,0.061508815910515,-2.17876290581584,5.3917055479274,1,0,0.00325174429357093,0.00368175701678626,0.949257167282473,0.00815506287018411,1716.6,335.883996748709,617.2,299.339413127967,1.78114556385084,0.369973765306042,291376.8,127186.369556295,200811.6,83923.7038098529,291376.8,127186.369556295,168877.8,78206.5240961156,245282.4,119929.494888268,1,0,1,0,1,0,0.00279950897448658,0.00690122866396045,7.2,0.555289021039559,19.72,0.733396805203286,211.5207008,0,original_stable,0
sb_cb,fixed_packet,10,10,2,396,0.275,0.275,wide_neighbor_stable_validated,0.1,0.7125,0,1,2,2,2,1,1,1,1,384.333333333333,17.9706947263001,384.333333333333,17.9706947263001,0,0,0,0,831.51975738264,119.58114334771,2.67563073352464,5.89711544827785,828.844126649115,115.663277761859,831.51975738264,119.58114334771,660,12.9079581892484,1697.55,938.212123997224,3079.05,1713.02455618934,660,12.9079581892484,1697.55,938.212123997224,3079.05,1713.02455618934,0,0,45.0833112953219,9.70148420095284,31.3596913588253,7.20933551898027,116.270667966017,46.2924222509251,42.1304560289515,53.0234579465292,198,0,396,0,0,0,384.333333333333,17.9706947263001,384.666666666667,16.9091758498227,768.666666666667,35.9413894526001,769.333333333333,33.8183516996454,NaN,NaN,0.152359,0.00678724750297692,0.320223,0.0429589898369592,0.166148,0.0402626587288337,0.154075,0.0072219394830915,-0.0929320929320931,0.549225076252794,1,0,0.0035794367916713,0.00703272595744679,0.906296244680608,0.033199451029089,566.333333333333,129.278625313557,96.6666666666667,101.160643451274,1.25231420264783,0.26948567224869,3750,6408.43401007909,3354,5891.85727541376,3750,6408.43401007909,2952,4826.88604827967,3324,5336.65634298077,1,0,1,0,1,0,0.00260252938103919,0.00012299820453919,3,0,19.2166666666667,0.898534736315005,130.9349224,0,original_stable,0
s7_clean,fixed_packet,10,10,2,396,0.6,0.6,wide_neighbor_stable_validated,0.2,0.9,0,1,2,2,2,1,1,1,1,384.333333333333,17.9706947263001,384.333333333333,17.9706947263001,0,0,0,0,704.912445494688,22.458004067885,2.11361464173524,4.31142457700347,702.798830852953,24.7402203750982,704.912445494688,22.458004067885,603,0,1136.4,77.9089113101866,1973.07,595.39544910537,603,0,1136.4,77.9089113101866,1973.07,595.39544910537,0,0,37.5512010199323,2.79832205736771,6.44486230518915,1.2770438734584,93.8223629381359,29.3904660292984,6.98040458969546,12.5924492581547,162,0,396,0,0,0,384.333333333333,17.9706947263001,384.666666666667,16.9091758498227,768.666666666667,35.9413894526001,769.333333333333,33.8183516996454,NaN,NaN,0.152377,0.00684084574543384,0.271401,0.0198783740426926,0.119024,0.0135816041957463,0.152377,0.00684084574543384,-0.0596800596800598,0.285730173859972,1,0,0.00279215752654211,0.00437455275849422,0.906296244680608,0.033199451029089,476,37.0960868302798,16.6666666666667,30.3566642687741,1.04308891722034,0.0777311682602142,1092,1886.68255859937,525,861.938512888245,1092,1886.68255859937,504,871.358885702273,1050,1912.46984893277,1,0,1,0,1,0,0.00260252938103919,0.00012299820453919,3,0,19.2166666666667,0.898534736315005,65.0632841,0,original_stable,0
s7_busy,fixed_packet,10,10,2,396,0.4,0.4,wide_neighbor_stable_validated,0.1,0.5375,0,1,2,2,2,1,1,1,1,384.333333333333,17.9706947263001,384.333333333333,17.9706947263001,0,0,0,0,2680.40162760347,432.619862784029,76.8331180985547,124.129658843101,2603.56850950491,361.28009029732,2680.40162760347,432.619862784029,1807.5,296.250998050899,7583.55,3132.98329189731,11881.11,5020.82519220313,1807.5,296.250998050899,7583.55,3132.98329189731,11881.11,5020.82519220313,0,0,84.923243156986,12.0884056062617,32.0845357441508,7.49362152753418,1708.40613639734,301.318684008496,220.154594206437,54.3978252281776,162,0,396,0,0,0,384.333333333333,17.9706947263001,385.333333333333,14.973671099995,768.666666666667,35.9413894526001,770.666666666667,29.94734219999,NaN,NaN,0.152668,0.00596977522232858,1.03527233333333,0.133415549125019,0.882604333333333,0.138644232883615,0.152668,0.00596977522232858,-0.622292622292623,3.67604995652344,1,0,0.00629115655594358,0.0137119678480381,0.906278666227776,0.0309895673596201,1078.33333333333,73.872647787717,521.666666666667,104.402764915194,2.35897897658294,0.33578904461838,122955,3878.98640606815,54558,1281.01324078907,122955,3878.98640606815,45969,1687.9839135216,103719,6394.22258461014,1,0,1,0,1,0,0.00609158358477342,0.00405988700942969,3,0,19.2166666666667,0.898534736315005,496.9665809,0,original_stable,0
sf_cf,fixed_packet,10,10,3,594,0.14921875,0.14921875,wide_neighbor_stable_validated,0.05,0.16953125,0,2,2,2,2,1,1,1,1,384.333333333333,17.9706947263001,384.333333333333,17.9706947263001,0,0,0,0,6124.65800866503,1130.45203480096,312.87060257092,233.39357004267,5811.78740609411,1030.25712856731,6124.65800866503,1130.45203480096,4303.5,750.745091430967,17894.1,4452.66205993673,28962.36,13864.9999412821,4303.5,750.745091430967,17894.1,4452.66205993673,28962.36,13864.9999412821,275.056696590433,18.7856314058242,0,0,4712.04601846907,864.802288355114,0,0,230.684691034599,185.280840867678,0,0,594,0,0,0,384.333333333333,17.9706947263001,385,16.289580330703,1153,53.9120841789002,1155,48.8687409921091,NaN,NaN,0.22877,0.00983533711700457,2.35860066666667,0.335835250502699,2.041008,0.276345097630159,0.317592666666667,0.0597069618242228,-0.085528085528086,5.57528712098684,1,0,0.00282323393447645,0.0053745408003503,0.905390059563304,0.0289827385488503,631,114.593894618172,148.666666666667,111.795397160218,1.38835806571481,0.311920607521344,47124,28087.7051558698,47124,28087.7051558698,102366,70955.7071765413,40847.3333333333,26150.046715107,88822.6666666667,67906.5021416713,1,0,1,0,1,0,0.00520505876207838,0.00024599640907838,3,0,19.2166666666667,0.898534736315005,4.4332078,0,original_stable,0
sf_cb,fixed_packet,10,10,3,594,0.3625,0.3625,wide_neighbor_stable_validated,0.1,0.45,0,1,2,2,2,1,1,1,1,384.333333333333,17.9706947263001,384.333333333333,17.9706947263001,0,0,0,0,1647.07534145291,162.495390789802,18.3731170187392,39.897169525348,1628.70222443417,159.551038162771,1647.07534145291,162.495390789802,1315.5,39.2580222081081,3702.75,875.84348641313,5116.5,1238.66660725898,1315.5,39.2580222081081,3702.75,875.84348641313,5116.5,1238.66660725898,185.497404706981,21.5891645358853,0,0,426.385242952864,75.1157045809901,185.016127595293,49.7500590845166,39.80344917903,31.3210011789923,198,0,594,0,0,0,384.333333333333,17.9706947263001,384.666666666667,15.178332134387,1153,53.9120841789002,1154,45.5349964031611,NaN,NaN,0.228525333333333,0.00877618724267653,0.634158666666667,0.0688149573400659,0.405633333333333,0.0659684320024388,0.228525333333333,0.00877618724267653,-0.226760226760227,1.0076778346977,1,0,0.00305459736318665,0.0027090884219514,0.904920743284188,0.0332441847721954,548,90.6965448507452,77.3333333333333,62.3678546027461,1.20102752110621,0.158186874641375,8448,7782.16078358308,8448,7782.16078358308,17688,15242.3475478428,7392,6891.88271698056,15510,13164.3202401269,1,0,1,0,1,0,0.00434816073294385,0.00382936626537904,3,0,19.2166666666667,0.898534736315005,4.6317803,0,original_stable,0
sb_cf,fixed_packet,10,10,3,594,NaN,NaN,no_stable_q,NaN,NaN,0,3,2,0,5,0,0,NaN,0,NaN,NaN,NaN,NaN,NaN,NaN,NaN,NaN,NaN,NaN,NaN,NaN,NaN,NaN,NaN,NaN,NaN,NaN,NaN,NaN,NaN,NaN,NaN,NaN,NaN,NaN,NaN,NaN,NaN,NaN,NaN,NaN,NaN,NaN,NaN,NaN,NaN,NaN,NaN,NaN,NaN,NaN,NaN,NaN,NaN,NaN,NaN,NaN,NaN,NaN,NaN,NaN,NaN,NaN,NaN,NaN,NaN,NaN,NaN,NaN,NaN,NaN,NaN,NaN,NaN,NaN,NaN,NaN,NaN,NaN,NaN,NaN,NaN,NaN,NaN,NaN,NaN,NaN,NaN,NaN,NaN,NaN,NaN,NaN,NaN,NaN,NaN,NaN,NaN,NaN,NaN,NaN,NaN,NaN,NaN,NaN,NaN,NaN,115.6764335,0,original_stable,0
sb_cb,fixed_packet,10,10,3,594,0.4625,0.4625,wide_neighbor_stable_validated,0.05,0.6,0,1,2,2,2,1,1,1,1,384.333333333333,17.9706947263001,384.333333333333,17.9706947263001,0,0,0,0,1254.89575289929,254.828162829547,10.6525261340742,17.6935417964737,1244.24322676522,267.686490969688,1254.89575289929,254.828162829547,846,0,2894.4,1013.90265577353,7023.36000000001,5441.29267836524,846,0,2894.4,1013.90265577353,7023.36000000001,5441.29267836524,0,0,59.1686793150755,13.1373637474806,17.6228127391171,6.41839968612747,258.28393644651,191.618433095016,117.167798264514,56.7602740796016,198,0,594,0,0,0,384.333333333333,17.9706947263001,385,16.289580330703,1153,53.9120841789002,1155,48.8687409921091,NaN,NaN,0.228617666666667,0.00968022834488509,0.484778666666667,0.098247214030602,0.250617,0.0972642020492303,0.234161666666667,0.01232381728611,-0.146152146152146,0.792286594744398,1,0,0.00676019385753371,0.0177027444349016,0.906660918464273,0.0343227815067743,726.666666666667,178.691078189431,247,135.584773367922,1.64357442541876,0.364926770763351,10320,6596.61073815707,8601,5524.06322026988,10320,6596.61073815707,8193,4340.83714010593,9840,5298.30411183979,1,0,1,0,1,0,0.00520505876207838,0.00024599640907838,3,0,19.2166666666667,0.898534736315005,428.6214858,0,original_stable,0
s7_clean,fixed_packet,10,10,3,594,0.5,0.5,wide_neighbor_stable_validated,0.2,0.9,0,1,2,2,2,1,1,1,1,384.333333333333,17.9706947263001,384.333333333333,17.9706947263001,0,0,0,0,1006.12818510351,84.6894393343498,6.06926156967404,6.88568098164055,1000.05892353383,84.7046455804167,1006.12818510351,84.6894393343498,804,12.9079581892484,1820.1,759.469641870612,3173.73,1457.97471062271,804,12.9079581892484,1820.1,759.469641870612,3173.73,1457.97471062271,0,0,38.8289758217171,3.86201369355691,9.22244595424401,2.31655779593521,183.277110560145,64.1247592577961,12.7303911977269,17.3790616210061,162,0,594,0,0,0,384.333333333333,17.9706947263001,385,16.289580330703,1153,53.9120841789002,1155,48.8687409921091,NaN,NaN,0.228582666666667,0.0097247586803125,0.388121666666667,0.0253333426303402,0.159539,0.0284301907822394,0.228582666666667,0.0097247586803125,-0.144748144748145,0.576193200310322,1,0,0.00552887524687168,0.0115635086433171,0.906660918464273,0.0343227815067743,492.666666666667,40.3879336582745,30,39.4344636463706,1.07858266171436,0.107278158154359,2142,2868.70477339915,1050,1349.29845019266,2142,2868.70477339915,966,1110.30952025515,1974,2390.58731116596,1,0,1,0,1,0,0.00520505876207838,0.00024599640907838,3,0,19.2166666666667,0.898534736315005,66.1682655,0,original_stable,0
s7_busy,fixed_packet,10,10,3,594,0.3625,0.3625,wide_neighbor_stable_validated,0.1,0.45,0,1,2,2,2,1,1,1,1,384.333333333333,17.9706947263001,384.333333333333,17.9706947263001,0,0,0,0,3972.79189099389,233.222295944329,176.065058253653,113.559501743647,3796.72683274023,266.271820173624,3972.79189099389,233.222295944329,2856,74.4309178934502,10825.35,726.280293158755,15227.76,3037.69766913136,2856,74.4309178934502,10825.35,726.280293158755,15227.76,3037.69766913136,0,0,88.2540287270412,7.31719250757086,39.6990171986708,3.99389355807845,2677.63065754284,232.630734337658,235.143129271686,32.9273662840689,162,0,594,0,0,0,384.333333333333,17.9706947263001,385.333333333333,16.1628112417508,1153,53.9120841789002,1156,48.4884337252525,NaN,NaN,0.228800666666667,0.00902299903743922,1.53230733333333,0.0747849692504013,1.30350666666667,0.07245877686278,0.228800666666667,0.00902299903743922,-1.15168915168915,4.39957440341852,1,0,0.00651155378120773,0.0118108870316524,0.907100602391615,0.0312712820228214,1149,47.3943268991366,557.666666666667,69.9245421539647,2.45150079797337,0.203255347432524,116550,10396.4048001812,50862,4880.04475074059,116550,10396.4048001812,42231,3707.88822335882,96411,8225.34758676354,1,0,1,0,1,0,0.00780758814311757,0.000368994613617569,3,0,19.2166666666667,0.898534736315005,415.0041935,0,original_stable,0
sf_cf,fixed_packet,10,10,4,792,0.1,0.1,wide_neighbor_stable_validated,0.0945210020280986,0.109755850812419,0,2,2,2,2,1,1,1,1,384.333333333333,17.9706947263001,384.333333333333,17.9706947263001,0,0,0,0,16199.5777459456,3079.02845480521,2439.45762323008,603.254671220562,13760.1201227155,2763.79594359192,16199.5777459456,3079.02845480521,10408.5,1620.20586298826,48224.2499999999,13550.1793083935,74244.9,26166.1627168983,10408.5,1620.20586298826,48224.2499999999,13550.1793083935,74244.9,26166.1627168983,336.976628477471,12.0980835033646,0,0,12094.1154979754,2480.8942956105,0,0,537.027996262654,298.899171665314,0,0,792,0,0,0,384.333333333333,17.9706947263001,384.666666666667,12.2539603459267,1537.33333333333,71.8827789052002,1538.66666666667,49.0158413837068,NaN,NaN,0.304557333333333,0.0095858691060602,6.28250933333333,1.38978520691758,5.767544,1.28310494997375,0.514965333333333,0.118388179009499,-3.7997397997398,28.4158879479649,1,0,0.0170688092366053,0.0110573577376001,0.900053984765036,0.0265571903299823,762,172.392714066598,261.333333333333,155.617563953514,1.67806565184679,0.377397944021861,110352,56829.0828253389,110352,56829.0828253389,240240,127752.179597845,95832,47748.3641024647,210408,108839.168650883,1,0,1,0,1,0,0.00437337052635417,0.0100469152802319,3,0,19.2166666666667,0.898534736315005,3.1806036,0,original_stable,0
sf_cb,fixed_packet,10,10,4,792,0.3625,0.3625,wide_neighbor_stable_validated,0.1,0.45,0,1,2,2,2,1,1,1,1,384.333333333333,17.9706947263001,384.333333333333,17.9706947263001,0,0,0,0,2191.77980382599,840.776818108208,23.2860777517958,60.9119363674702,2168.49372607419,779.951415954158,2191.77980382599,840.776818108208,1606.5,117.774066624324,5384.7,5665.62223061157,9879.18,13301.4634924039,1606.5,117.774066624324,5384.7,5665.62223061157,9879.18,13301.4634924039,244.447846599652,49.1898919044407,0,0,491.369778753402,284.3940476893,356.979878214848,366.459997288888,85.6962225062886,171.363622976527,198,0,792,0,0,0,384.333333333333,17.9706947263001,385.333333333333,14.1254049686041,1537.33333333333,71.8827789052002,1541.33333333333,56.5016198744164,NaN,NaN,0.305078666666667,0.011114538858625,0.845279333333333,0.289260299315645,0.540200666666667,0.299797855365151,0.305078666666667,0.011114538858625,-0.290508290508291,1.80500985988419,1,0,0.00656577483653571,0.00924415869031651,0.905381543498855,0.0338874947024453,633.666666666667,311.60171634577,164.666666666667,321.264737154626,1.43280920457722,0.865472843315795,14652,22199.1513767115,14652,22199.1513767115,34650,63962.5107459289,13794,22293.4003204122,32868,64320.8258127239,1,0,1,0,1,0,0.00437557902642926,0.00775154386474876,3,0,19.2166666666667,0.898534736315005,5.324823,0,original_stable,0
sb_cf,fixed_packet,10,10,4,792,NaN,NaN,no_stable_q,NaN,NaN,0,3,2,0,5,0,0,NaN,0,NaN,NaN,NaN,NaN,NaN,NaN,NaN,NaN,NaN,NaN,NaN,NaN,NaN,NaN,NaN,NaN,NaN,NaN,NaN,NaN,NaN,NaN,NaN,NaN,NaN,NaN,NaN,NaN,NaN,NaN,NaN,NaN,NaN,NaN,NaN,NaN,NaN,NaN,NaN,NaN,NaN,NaN,NaN,NaN,NaN,NaN,NaN,NaN,NaN,NaN,NaN,NaN,NaN,NaN,NaN,NaN,NaN,NaN,NaN,NaN,NaN,NaN,NaN,NaN,NaN,NaN,NaN,NaN,NaN,NaN,NaN,NaN,NaN,NaN,NaN,NaN,NaN,NaN,NaN,NaN,NaN,NaN,NaN,NaN,NaN,NaN,NaN,NaN,NaN,NaN,NaN,NaN,NaN,NaN,NaN,NaN,NaN,NaN,118.3143233,0,original_stable,0
sb_cb,fixed_packet,10,10,4,792,0.0223606797749979,0.0223606797749979,wide_neighbor_stable_validated,0.005,0.0472870804501588,0,1,2,2,2,1,1,1,1,384.333333333333,17.9706947263001,384.333333333333,17.9706947263001,0,0,0,0,2168.31633486068,181.781005530354,27.3875725210338,27.43010691496,2140.92876233964,168.071054738328,2168.31633486068,181.781005530354,1710,80.6101730552664,5098.65,1266.86579172017,7922.97,4503.57650671791,1710,80.6101730552664,5098.65,1266.86579172017,7922.97,4503.57650671791,0,0,41.4055251597027,1.09941728549652,488.976399192873,43.2932665227823,593.750069074364,183.628255824426,26.7967689127018,14.5109963516683,198,0,792,0,0,0,384.333333333333,17.9706947263001,385,16.289580330703,1537.33333333333,71.8827789052002,1540,65.1583213228121,NaN,NaN,0.305071333333333,0.0130965333576716,0.834504333333333,0.0320290854800672,0.526793,0.0422460612312621,0.307711333333333,0.0114299763482668,-0.208236208236208,1.35040628681451,1,0,0.00536154737943302,0.00435104344452968,0.906777416831916,0.0318993083436402,526.333333333333,23.0815474948677,57.6666666666667,10.0395230360821,1.15015347665841,0.0305393690415699,4020,904.662793106232,3810,843.769837373639,4020,904.662793106232,3405,2194.80841988543,3588,2336.44740183434,1,0,1,0,1,0,0.00520505876207838,0.00024599640907838,3,0,19.2166666666667,0.898534736315005,564.9183186,0,original_stable,0
s7_clean,fixed_packet,10,10,4,792,0.325,0.325,wide_neighbor_stable_validated,0.05,0.6,0,1,2,2,2,1,1,1,1,384.333333333333,17.9706947263001,384.333333333333,17.9706947263001,0,0,0,0,1347.11033995301,93.7326767458516,9.05937258768356,19.4981855276596,1338.05096736532,77.9573611058945,1347.11033995301,93.7326767458516,1026,0,2654.4,662.775576357027,4399.08,1076.22338307478,1026,0,2654.4,662.775576357027,4399.08,1076.22338307478,0,0,38.2505595023488,0.560203106248341,19.69209136593,2.59318312707953,315.980798736475,72.5445211538629,10.1275177605696,2.52091397811753,162,0,792,0,0,0,384.333333333333,17.9706947263001,384.666666666667,15.178332134387,1537.33333333333,71.8827789052002,1538.66666666667,60.7133285375481,NaN,NaN,0.304968666666667,0.0129833528997143,0.519213666666667,0.0286266892292475,0.214245,0.0309593825489457,0.304968666666667,0.0129833528997143,-0.118768118768119,0.906040707162502,1,0,0.00516866871503064,0.00607554354820539,0.906319085989131,0.0357935133167512,486.666666666667,21.4174357173438,24,4.96827542350066,1.06251554173191,0.0155611973957871,1764,828.123736573782,882,414.061868286891,1764,828.123736573782,777,180.711414649477,1554,361.422829298955,1,0,1,0,1,0,0.00434816073294385,0.00382936626537904,3,0,19.2166666666667,0.898534736315005,79.3089744,0,original_stable,0
s7_busy,fixed_packet,10,10,4,792,0.2,0.2,wide_neighbor_stable_validated,0.05,0.325,0,1,2,2,2,1,1,1,1,384.333333333333,17.9706947263001,384.333333333333,17.9706947263001,0,0,0,0,8591.87186381242,2145.65526559089,495.01091008435,541.1730350652,8096.86095372807,1798.00012456103,8591.87186381242,2145.65526559089,6264,560.270813638712,24806.85,7289.19487774674,38211.18,16797.0687493943,6264,560.270813638712,24806.85,7289.19487774674,38211.18,16797.0687493943,0,0,103.376588921825,37.6869338833753,105.511750536102,30.2531494856681,6630.77796412193,1560.97686186975,303.194650148214,169.591202475189,162,0,792,0,0,0,384.333333333333,17.9706947263001,385.666666666667,10.0395230360821,1537.33333333333,71.8827789052002,1542.66666666667,40.1580921443283,NaN,NaN,0.305711,0.00710403147010242,3.37670733333333,0.929252436142925,3.07099633333333,0.935626704506201,0.305711,0.00710403147010242,-0.186724186724187,2.87224723737704,1,0,0.0259621582425523,0.0700375731381989,0.90353128391787,0.0319857882625359,1309.33333333333,536.782633327118,717.333333333333,366.453115745911,2.87157191449515,1.0468592745382,118398,36827.3502900306,50085,12335.7879172131,118398,36827.3502900306,42966,8851.63174005439,102228,29352.2570040324,1,0,1,0,1,0,0.00875336655293361,0.0167718379372021,3,0,19.2166666666667,0.898534736315005,384.3682563,0,original_stable,0
sf_cf,fixed_packet,10,10,5,990,NaN,NaN,no_stable_q,NaN,NaN,0,3,2,0,5,0,0,NaN,0,NaN,NaN,NaN,NaN,NaN,NaN,NaN,NaN,NaN,NaN,NaN,NaN,NaN,NaN,NaN,NaN,NaN,NaN,NaN,NaN,NaN,NaN,NaN,NaN,NaN,NaN,NaN,NaN,NaN,NaN,NaN,NaN,NaN,NaN,NaN,NaN,NaN,NaN,NaN,NaN,NaN,NaN,NaN,NaN,NaN,NaN,NaN,NaN,NaN,NaN,NaN,NaN,NaN,NaN,NaN,NaN,NaN,NaN,NaN,NaN,NaN,NaN,NaN,NaN,NaN,NaN,NaN,NaN,NaN,NaN,NaN,NaN,NaN,NaN,NaN,NaN,NaN,NaN,NaN,NaN,NaN,NaN,NaN,NaN,NaN,NaN,NaN,NaN,NaN,NaN,NaN,NaN,NaN,NaN,NaN,NaN,NaN,NaN,2.8869839,0,original_stable,0
sf_cb,fixed_packet,10,10,5,990,0.2,0.2,wide_neighbor_stable_validated,0.05,0.325,0,1,2,2,2,1,1,1,1,384.333333333333,17.9706947263001,384.333333333333,17.9706947263001,0,0,0,0,3257.44798707435,91.3100112385796,61.5218533666845,56.0280056355661,3195.92613370767,132.448997988753,3257.44798707435,91.3100112385796,2481,279.540006769363,8225.4,1343.02141056305,12452.04,1941.66037944531,2481,279.540006769363,8225.4,1343.02141056305,12452.04,1941.66037944531,308.286645077874,25.4606253214575,0,0,927.769035344083,146.407413576903,735.181324434676,38.4725758359898,36.6891288510368,12.2588780392625,198,0,990,0,0,0,384.333333333333,17.9706947263001,385,13.8310934238456,1921.66666666667,89.8534736315003,1925,69.155467119228,NaN,NaN,0.380820666666667,0.0142559054126317,1.25696133333333,0.0920353957618013,0.876140666666667,0.0792499646131481,0.380820666666667,0.0142559054126317,-0.617128617128617,2.6756335812473,1,0,0.00821723145505705,0.00926388215763012,0.90507246970523,0.0331491816987956,544,32.2937902527543,71.3333333333333,26.7933954527238,1.18529863056079,0.0619135254508207,8052,1135.90032065386,8052,1135.90032065386,16896,3274.96038731181,6996,2271.80064130772,14652,5135.16150596139,1,0,1,0,1,0,0.00523468555563888,0.00671935182482363,3,0,19.2166666666667,0.898534736315005,4.3145302,0,original_stable,0
sb_cf,fixed_packet,10,10,5,990,NaN,NaN,no_stable_q,NaN,NaN,0,3,2,0,5,0,0,NaN,0,NaN,NaN,NaN,NaN,NaN,NaN,NaN,NaN,NaN,NaN,NaN,NaN,NaN,NaN,NaN,NaN,NaN,NaN,NaN,NaN,NaN,NaN,NaN,NaN,NaN,NaN,NaN,NaN,NaN,NaN,NaN,NaN,NaN,NaN,NaN,NaN,NaN,NaN,NaN,NaN,NaN,NaN,NaN,NaN,NaN,NaN,NaN,NaN,NaN,NaN,NaN,NaN,NaN,NaN,NaN,NaN,NaN,NaN,NaN,NaN,NaN,NaN,NaN,NaN,NaN,NaN,NaN,NaN,NaN,NaN,NaN,NaN,NaN,NaN,NaN,NaN,NaN,NaN,NaN,NaN,NaN,NaN,NaN,NaN,NaN,NaN,NaN,NaN,NaN,NaN,NaN,NaN,NaN,NaN,NaN,NaN,NaN,NaN,113.0752779,0,original_stable,0
sb_cb,fixed_packet,10,10,5,990,0.0153764561018069,0.0153764561018069,wide_neighbor_stable_validated,0.005,0.0223606797749979,0,1,2,2,2,1,1,1,1,384.333333333333,17.9706947263001,384.333333333333,17.9706947263001,0,0,0,0,3020.25980524695,811.090888899586,90.9992067020741,160.392336852386,2929.26059854487,652.582740591523,3020.25980524695,811.090888899586,2218.5,292.999278024839,7431.14999999999,3230.88417423277,12095.19,8109.38348024351,2218.5,292.999278024839,7431.14999999999,3230.88417423277,12095.19,8109.38348024351,0,0,43.1358388249802,9.57183948025686,658.120289903696,143.89526790625,996.914800930502,432.621390477871,43.0896688856924,70.4903432119392,198,0,990,0,0,0,384.333333333333,17.9706947263001,385.333333333333,14.973671099995,1921.66666666667,89.8534736315003,1926.66666666667,74.8683554999751,NaN,NaN,0.380711,0.015248045828556,1.16818766666667,0.289240349824508,0.781536666666667,0.294590691955278,0.386651,0.0102387595427551,-0.205184205184205,3.27049353864274,1,0,0.0112600511866638,0.0178761720788679,0.905979431902612,0.0302494767490588,543.333333333333,95.0919782656998,75.6666666666667,97.5267952076544,1.19821774513834,0.265884430007135,7644,11887.7739910186,7338,11328.092058785,7644,11887.7739910186,6918,9900.90879278649,7200,10407.1448534168,1,0,1,0,1,0,0.00609158358477342,0.00405988700942969,3,0,19.2166666666667,0.898534736315005,653.5503728,0,original_stable,0
s7_clean,fixed_packet,10,10,5,990,0.25625,0.25625,wide_neighbor_stable_validated,0.05,0.6,0,1,2,2,2,1,1,1,1,384.333333333333,17.9706947263001,384.333333333333,17.9706947263001,0,0,0,0,1752.0698976177,202.730411524838,19.2546013394224,41.4417252653282,1732.81529627827,162.740794238656,1752.0698976177,202.730411524838,1251,22.357239405753,3634.5,754.23906942438,6064.08,4333.44984968717,1251,22.357239405753,3634.5,754.23906942438,6064.08,4333.44984968717,0,0,38.226110560709,1.89362292221066,26.4314747771435,5.4694005046473,506.14021341723,158.524916248582,10.0174975231907,8.521303149948,162,0,990,0,0,0,384.333333333333,17.9706947263001,384.666666666667,15.178332134387,1921.66666666667,89.8534736315003,1923.33333333333,75.8916606719352,NaN,NaN,0.381256333333333,0.0159970168032664,0.677145666666667,0.0504259284914806,0.295889333333333,0.062088424183129,0.381256333333333,0.0159970168032664,-0.175776175776176,1.31401742504288,1,0,0.0081613744827128,0.0182020634678206,0.906319085989131,0.0357935133167512,484.333333333333,11.4737406126652,23.6666666666667,18.9729151679838,1.06183640446414,0.0526006367280738,1617,1132.1537677569,798,592.501996101798,1617,1132.1537677569,756,564.271211386865,1533,1065.27807853883,1,0,1,0,1,0,0.00434816073294385,0.00382936626537904,3,0,19.2166666666667,0.898534736315005,81.9869158,0,original_stable,0
s7_busy,fixed_packet,10,10,5,990,0.0855646841527103,0.0894427190999916,validated_candidate_fallback,0.0663175963563241,0.0951882280509034,0,2,2,2,2,2,1,2,1,384.333333333333,17.9706947263001,384.333333333333,17.9706947263001,0,0,0,0,24148.8354203894,4757.36060177137,3987.38627187895,1230.68799472262,20161.4491485104,3659.80360058564,24148.8354203894,4757.36060177137,17524.5,3270.39748819149,67863.9,18219.9546271072,105107.19,39545.5820965636,17524.5,3270.39748819149,67863.9,18219.9546271072,105107.19,39545.5820965636,0,0,109.489287834849,28.5228375261901,289.092921019526,59.437504316289,18280.1651443993,3443.78848390861,330.701795256819,128.352768867855,162,0,990,0,0,0,384.333333333333,17.9706947263001,386.333333333333,18.644828495581,1921.66666666667,89.8534736315003,1931.66666666667,93.224142477905,NaN,NaN,0.381982666666667,0.0180454668381676,9.39416666666667,1.71592615124717,9.012184,1.71792859208045,0.381982666666667,0.0180454668381676,-2.79291879291879,34.2134093725027,1,0,0.0124077138315713,0.0160261471155617,0.901934711842332,0.0164281678084297,1368,213.679166801039,783.333333333333,274.655474421373,3.04136910652357,0.792301042394168,119616,21031.9285739197,50988,8407.93721157848,119616,21031.9285739197,43071,10831.7613952245,101514,27131.2477271276,1,0,1,0,1,0,0.00866227767217702,0.00967489060014975,3,0,19.2166666666667,0.898534736315005,410.2599099,0,original_stable,0
sf_cf,fixed_packet,10,10,6,1188,NaN,NaN,no_stable_q,NaN,NaN,0,3,2,0,5,0,0,NaN,0,NaN,NaN,NaN,NaN,NaN,NaN,NaN,NaN,NaN,NaN,NaN,NaN,NaN,NaN,NaN,NaN,NaN,NaN,NaN,NaN,NaN,NaN,NaN,NaN,NaN,NaN,NaN,NaN,NaN,NaN,NaN,NaN,NaN,NaN,NaN,NaN,NaN,NaN,NaN,NaN,NaN,NaN,NaN,NaN,NaN,NaN,NaN,NaN,NaN,NaN,NaN,NaN,NaN,NaN,NaN,NaN,NaN,NaN,NaN,NaN,NaN,NaN,NaN,NaN,NaN,NaN,NaN,NaN,NaN,NaN,NaN,NaN,NaN,NaN,NaN,NaN,NaN,NaN,NaN,NaN,NaN,NaN,NaN,NaN,NaN,NaN,NaN,NaN,NaN,NaN,NaN,NaN,NaN,NaN,NaN,NaN,NaN,NaN,2.1146672,0,original_stable,0
sf_cb,fixed_packet,10,10,6,1188,0.1875,0.1875,wide_neighbor_stable_validated,0.05,0.25625,0,1,2,2,2,1,1,1,1,384.333333333333,17.9706947263001,384.333333333333,17.9706947263001,0,0,0,0,4270.1562987221,597.794304178632,149.619723423427,145.597873875605,4120.53657529867,520.370623663956,4270.1562987221,597.794304178632,3165,223.944704713531,11077.8,2438.25692720782,17169.42,6648.79879920486,3165,223.944704713531,11077.8,2438.25692720782,17169.42,6648.79879920486,396.471639757738,67.4790267503291,0,0,1060.01921705195,61.3216254043647,1229.00895936792,383.244074445555,49.0367591210583,19.5976496308181,198,0,1188,0,0,0,384.333333333333,17.9706947263001,384.666666666667,12.7476046574023,2306,107.8241683578,2308,76.4856279444137,NaN,NaN,0.457064,0.0153088263195469,1.64448733333333,0.177654846967411,1.18742333333333,0.192668899009174,0.457064,0.0153088263195469,-0.624988624988625,4.43829657588126,1,0,0.00428722644474898,0.0127721200762152,0.904603143693113,0.0361585171658314,564.666666666667,33.5435253240933,95,33.4206548550469,1.2476603996013,0.0989780284384752,9900,3443.01486848596,9900,3443.01486848596,20988,8186.16968757954,8910,3071.6601374501,19008,7443.18132976029,1,0,1,0,1,0,0.00437778752650435,0.0100500581840597,3,0,19.2166666666667,0.898534736315005,4.5934996,0,original_stable,0
sb_cf,fixed_packet,10,10,6,1188,NaN,NaN,no_stable_q,NaN,NaN,0,3,2,0,5,0,0,NaN,0,NaN,NaN,NaN,NaN,NaN,NaN,NaN,NaN,NaN,NaN,NaN,NaN,NaN,NaN,NaN,NaN,NaN,NaN,NaN,NaN,NaN,NaN,NaN,NaN,NaN,NaN,NaN,NaN,NaN,NaN,NaN,NaN,NaN,NaN,NaN,NaN,NaN,NaN,NaN,NaN,NaN,NaN,NaN,NaN,NaN,NaN,NaN,NaN,NaN,NaN,NaN,NaN,NaN,NaN,NaN,NaN,NaN,NaN,NaN,NaN,NaN,NaN,NaN,NaN,NaN,NaN,NaN,NaN,NaN,NaN,NaN,NaN,NaN,NaN,NaN,NaN,NaN,NaN,NaN,NaN,NaN,NaN,NaN,NaN,NaN,NaN,NaN,NaN,NaN,NaN,NaN,NaN,NaN,NaN,NaN,NaN,NaN,NaN,131.2026948,0,original_stable,0
sb_cb,fixed_packet,10,10,6,1188,0.00668740304976422,0.00668740304976422,wide_neighbor_stable_validated,0.00299069756244244,0.0149534878122122,0,1,2,2,2,1,1,1,1,384.333333333333,17.9706947263001,384.333333333333,17.9706947263001,0,0,0,0,5521.82265396676,826.479237066565,281.58535906828,318.401003172206,5240.23729489848,554.93708659455,5521.82265396676,826.479237066565,3985.5,401.549546708172,15597.6,7101.43998279439,22841.97,6558.45565427739,3985.5,401.549546708172,15597.6,7101.43998279439,22841.97,6558.45565427739,0,0,40.8836672115553,2.78210609986079,1535.72644543041,142.425601075788,2248.21145220533,397.411678259223,29.4157300511827,31.732427454364,198,0,1188,0,0,0,384.333333333333,17.9706947263001,385,13.8310934238456,2306,107.8241683578,2310,82.9865605430736,NaN,NaN,0.456722,0.0168057556364723,2.120695,0.2264564120231,1.660013,0.235305430940771,0.460682,0.0106658335195458,-1.25844925844926,6.07034428352611,1,0,0.00416144839424783,0.0047765562050936,0.906177469797013,0.0274126970982479,515.666666666667,9.40479358891743,52,27.3255148292536,1.1356574225432,0.0772807249961332,4920,7114.00659587505,4752,6952.95767724343,4920,7114.00659587505,4683,6946.78440276229,4836,7140.936331624,1,0,1,0,1,0,0.00523468555563888,0.00671935182482363,3,0,19.2166666666667,0.898534736315005,844.5499246,0,original_stable,0
s7_clean,fixed_packet,10,10,6,1188,0.189148321800635,0.189148321800635,wide_neighbor_stable_validated,0.02,0.4,0,1,2,2,2,1,1,1,1,384.333333333333,17.9706947263001,384.333333333333,17.9706947263001,0,0,0,0,2311.19685058961,451.140372310147,50.7302450138177,116.518903063932,2260.4666055758,336.869581703861,2311.19685058961,451.140372310147,1609.5,150.94586395842,5569.95,3040.53037801226,9547.65000000001,8498.63518331576,1609.5,150.94586395842,5569.95,3040.53037801226,9547.65000000001,8498.63518331576,0,0,39.2026734880186,3.70194242868425,43.3809831086396,3.76287233107623,813.470918283054,316.34044306333,14.4120306960835,16.6587409290791,162,0,1188,0,0,0,384.333333333333,17.9706947263001,385.333333333333,14.1254049686041,2306,107.8241683578,2312,84.7524298116246,NaN,NaN,0.457401666666667,0.0188314090055392,0.890303333333333,0.137356323958181,0.432901666666667,0.154464215745544,0.457401666666667,0.0188314090055392,-0.279240279240279,1.96992769901481,1,0,0.00559285847861,0.00421175136634721,0.905381543498855,0.0338874947024453,494.333333333333,29.63664090835,34,37.5918248977793,1.08896315244496,0.102831734130118,2247,2170.41857005297,1050,889.900513022058,2247,2170.41857005297,1008,977.346407370487,2163,2344.02976484121,1,0,1,0,1,0,0.00437557902642926,0.00775154386474876,3,0,19.2166666666667,0.898534736315005,72.5800905,0,original_stable,0
s7_busy,fixed_packet,10,10,6,1188,0.12499069959674,0.109755850812419,validated_candidate_fallback,0.104677567884312,0.114834133740526,0,2,2,1,2,2,1,2,1,384.333333333333,17.9706947263001,384.333333333333,17.9706947263001,0,0,0,0,28748.9797589558,9801.35247620483,5943.93247409993,4400.87321227935,22805.0472848559,5832.29306342527,28748.9797589558,9801.35247620483,20544,6487.74511319966,82809.3,35906.125623717,124600.14,73635.712316017,20544,6487.74511319966,82809.3,35906.125623717,124600.14,73635.712316017,0,0,166.196638926026,43.0088744633353,291.267574914672,84.5279112548706,20411.6981958481,5513.04850851269,585.884875167118,193.539935085009,162,0,1188,0,0,0,384.333333333333,17.9706947263001,384,16.289580330703,2306,107.8241683578,2304,97.7374819842182,NaN,NaN,0.455980666666667,0.0200308039400402,11.0916433333333,4.23739843040011,10.6356626666667,4.22258207339683,0.455980666666667,0.0200308039400402,-15.0840350840351,17.5857745598606,1,0,0.00947462105156519,0.00882788321225284,0.900610185824478,0.0301396967348534,1990.33333333333,557.135843020665,1390.66666666667,486.994486241507,4.61657330350073,1.19469095731487,162120,41155.9088626128,63756,11471.6169673745,162120,41155.9088626128,55906,10262.8856815625,143799,38318.7843491935,1,0,1,0,1,0,0.00778237834970725,0.0109830616648698,3,0,19.2166666666667,0.898534736315005,253.6219949,0,original_stable,0
sf_cf,fixed_packet,15,15,1,198,0.275,0.275,wide_neighbor_stable_validated,0.1,0.4,0,1,2,2,2,1,1,1,1,589,38.803471516211,589,38.803471516211,0,0,0,0,1045.09671027484,223.425742000406,13.4442250195041,16.5712070216147,1031.65248525534,226.499163035575,1045.09671027484,223.425742000406,720,22.357239405753,2819.25,787.186779468018,5473.61999999999,4543.25151482436,720,22.357239405753,2819.25,787.186779468018,5473.61999999999,4543.25151482436,95.331958965365,9.06600948996708,0,0,682.338130251408,185.129601455173,0,0,55.9823960385621,52.2163512502802,0,0,198,0,0,0,589,38.803471516211,588,39.0412886854702,589,38.803471516211,588,39.0412886854702,NaN,NaN,0.116424,0.00773017515972309,0.615600333333333,0.156616593176001,0.465978333333333,0.120565073530398,0.149622,0.0390473479922871,-0.184644184644185,1.13354836507846,1,0,0.00210714252488851,0.000585188346743326,0.952435537579179,0.0325880460434794,895,139.885850900122,167.333333333333,163.69569084823,1.28273937393213,0.263718945708486,16566,8235.27732474047,16566,8235.27732474047,37818,26836.771937027,14322,11219.7113085032,33198,32686.7529695488,1,0,1,0,1,0,0.00170046574573588,0.00416247233106336,5,0,29.45,1.94017357581055,4.7950207,0,original_stable,0
sf_cb,fixed_packet,15,15,1,198,0.275,0.275,wide_neighbor_stable_validated,0.1,0.4,0,1,2,2,2,1,1,1,1,589,38.803471516211,589,38.803471516211,0,0,0,0,1290.21294913266,89.9488413080912,14.9520989073615,13.4245513666265,1275.2608502253,88.0421991421997,1290.21294913266,89.9488413080912,1002,71.8684696029971,3156.75,448.521829929243,4375.17,686.894881712674,1002,71.8684696029971,3156.75,448.521829929243,4375.17,686.894881712674,116.460708987164,16.08477377017,0,0,627.287464046034,53.9266084479409,97.7898141141783,27.3092107271792,37.7228630779214,9.17542612733276,198,0,198,0,0,0,589,38.803471516211,589.333333333333,37.6191743556697,589,38.803471516211,589.333333333333,37.6191743556697,NaN,NaN,0.116728,0.00727803343401681,0.761334333333333,0.0817289125870109,0.644606333333333,0.0764102236420712,0.116728,0.00727803343401681,0.234024234024234,0.991934170472693,1,0,0.00231830056932075,0.00399955981213707,0.952494131631288,0.0319694757432245,837,10.8281052473581,112.333333333333,32.4209316509691,1.19051951049455,0.0463405359966302,12738,1419.87540081732,12738,1419.87540081732,26334,2459.29633463283,10751.3333333333,3741.86458692649,22360.6666666667,6080.61773927354,1,0,1,0,1,0,0.00169860148098791,0.000113613291473262,5,0,29.45,1.94017357581055,4.665861,0,original_stable,0
sb_cf,fixed_packet,15,15,1,198,0.00447213595499958,0.00447213595499958,wide_neighbor_stable_validated,0.001,0.00650344912624236,0,1,2,2,2,1,1,1,1,589,38.803471516211,589,38.803471516211,0,0,0,0,3096.98782894354,509.450239337658,97.8479321106084,59.3686652579475,2999.13989683293,507.43358469939,3096.98782894354,509.450239337658,2169,111.786197028765,9120,3651.93141823084,14286.39,4951.51906852528,2169,111.786197028765,9120,3651.93141823084,14286.39,4951.51906852528,0,0,48.3186312436318,6.90883761988581,2656.79566813893,484.901700516743,28.2731256103926,20.1541483834003,67.7524718399749,37.9986069093719,0,0,198,0,0,0,589,38.803471516211,589.333333333333,41.6664273497401,589,38.803471516211,589.333333333333,41.6664273497401,NaN,NaN,0.116623666666667,0.00848192164198306,1.82254066666667,0.361990753976513,1.665855,0.340521270300967,0.156685666666667,0.0232573132159068,-0.0394760687245141,1.42452348564481,1,0,0.00126577308815853,0.00438981762270866,0.952918310584772,0.0329203028083163,946.666666666667,150.74302202576,201.333333333333,111.684945563523,1.34218420121199,0.191912156107939,48048,29058.5748287304,34578,20519.5006349495,48048,29058.5748287304,28749,16529.7328890885,40062,22755.2476179418,1,0,1,0,1,0,0.00169860148098791,0.000113613291473262,5,0,29.45,1.94017357581055,60.9635667,0,original_stable,0
sb_cb,fixed_packet,15,15,1,198,0.189148321800635,0.189148321800635,wide_neighbor_stable_validated,0.02,0.4,0,1,2,2,2,1,1,1,1,589,38.803471516211,589,38.803471516211,0,0,0,0,645.482999979534,105.268275248301,6.52276223425822,13.6895870837806,638.960237745276,92.490980198328,645.482999979534,105.268275248301,477,0,1318.5,327.13271301274,3481.02,2585.72098272565,477,0,1318.5,327.13271301274,3481.02,2585.72098272565,0,0,47.4359540848831,7.24604267175449,49.8699839596016,7.69253921384109,92.3664036628238,41.5216818231661,53.2878960379671,38.5183503580884,198,0,198,0,0,0,589,38.803471516211,588.333333333333,39.6166099442618,589,38.803471516211,588.333333333333,39.6166099442618,NaN,NaN,0.116512,0.00774985515828257,0.379856333333333,0.0606576169793417,0.260044333333333,0.056839961748114,0.119812,0.00706585189303872,0.0591720591720591,0.419954924262968,1,0,0.000694036689218224,0.00175987454197839,0.951910306596561,0.0314196979083245,934.333333333333,188.276226119862,186.666666666667,113.330417257608,1.31766539124675,0.201278963104291,7704,7906.62752184714,6795,6898.64856330571,7704,7906.62752184714,5508,4686.06884614057,6276,5447.34187824314,1,0,1,0,1,0,0.00114211845372025,0.00245889515298195,5,0,29.45,1.94017357581055,104.1780784,0,original_stable,0
s7_clean,fixed_packet,15,15,1,198,0.625,0.625,wide_neighbor_stable_validated,0.1,0.8,0,1,2,2,2,1,1,1,1,589,38.803471516211,589,38.803471516211,0,0,0,0,476.641779545244,34.9469776464064,3.35985233612754,6.52325451595032,473.281927209117,28.4508216044521,476.641779545244,34.9469776464064,402,12.9079581892484,841.5,284.365717261849,1411.08,613.384801409357,402,12.9079581892484,841.5,284.365717261849,1411.08,613.384801409357,0,0,38.3975829960994,2.35285429231124,5.7940456311185,1.39207580446665,58.301175099452,14.4081301198648,10.7891234824471,10.5878443154006,162,0,198,0,0,0,589,38.803471516211,588.333333333333,39.6166099442618,589,38.803471516211,588.333333333333,39.6166099442618,NaN,NaN,0.116576,0.00776888363758647,0.280550333333333,0.0136343423777634,0.163974333333333,0.0140201251651589,0.116576,0.00776888363758647,0.0324720324720324,0.249241697292501,1,0,0.000745798863568355,0.00130787875362579,0.951910306596561,0.0314196979083245,748,57.2969473090859,39,36.0841845698136,1.06659952766943,0.0653570636753122,2772,3485.43554280909,1344,1575.40558880269,2772,3485.43554280909,1197,1026.24356083429,2457,2273.30362789826,1,0,1,0,1,0,0.00114211845372025,0.00245889515298195,5,0,29.45,1.94017357581055,67.7481329,0,original_stable,0
s7_busy,fixed_packet,15,15,1,198,0.275,0.275,wide_neighbor_stable_validated,0.1,0.4,0,1,2,2,2,1,1,1,1,589,38.803471516211,589,38.803471516211,0,0,0,0,2427.59079331646,407.16526647469,67.6380551850411,22.4741939113375,2359.95273813142,385.682117892414,2427.59079331646,407.16526647469,1662,334.861394977316,6941.55,1764.06600085842,11431.05,7080.51765096853,1662,334.861394977316,6941.55,1764.06600085842,11431.05,7080.51765096853,0,0,80.4490263696967,12.3227430176655,53.4367067613694,4.72309773780078,1666.04638633672,315.313554724737,200.020618663635,55.4523435794946,162,0,198,0,0,0,589,38.803471516211,588.666666666667,36.1980150877958,589,38.803471516211,588.666666666667,36.1980150877958,NaN,NaN,0.116519333333333,0.00707141525183026,1.43108666666667,0.319437455990444,1.31456733333333,0.312464678698176,0.116519333333333,0.00707141525183026,-0.106016106016106,3.35819250296125,1,0,0.00255755944270951,0.00411091478058295,0.952542423100874,0.0308290018129851,1569.66666666667,203.067179037576,728.666666666667,246.497736101437,2.23469517693602,0.342298417157374,172893,17778.045107552,76797,7142.67438601364,172893,17778.045107552,64785,7619.40273249813,146160,19524.3609725034,1,0,1,0,1,0,0.00170046574573588,0.00416247233106336,5,0,29.45,1.94017357581055,534.3459744,0,original_stable,0
sf_cf,fixed_packet,15,15,2,396,0.11875,0.2,validated_candidate_fallback,0.2,0.2,0,2,2,0,2,2,1,2,1,589,38.803471516211,589,38.803471516211,0,0,0,0,5385.93508633249,1854.2554022761,359.568293226069,258.856141797574,5026.36679310642,1634.64038377528,5385.93508633249,1854.2554022761,3816,761.131849489753,15628.35,7498.09200430348,24074.43,12046.3396274738,3816,761.131849489753,15628.35,7498.09200430348,24074.43,12046.3396274738,180.698503643003,8.70956563629253,0,0,4255.13731397574,1423.70644883756,0,0,194.530975487679,205.810061561239,0,0,396,0,0,0,589,38.803471516211,589.666666666667,35.5095589233205,1178,77.606943032422,1179.33333333333,71.0191178466411,NaN,NaN,0.233588,0.0142252440689259,3.18557566666667,1.24452662045285,2.83701566666667,1.10753291864038,0.34856,0.137009075161147,-0.783328783328784,0.998532532399318,1,0,0.00499393307821681,0.00216402654230333,0.953058520312759,0.0352847877025869,1043.33333333333,269.80449817686,291.333333333333,319.830519578043,1.4912398370901,0.519722377679897,62436,45743.7932838981,62436,45743.7932838981,134376,107762.462915147,53064,54095.5757269554,114972,125366.555540144,1,0,1,0,1,0,0.00565415173497938,0.00227090237768036,5,0,29.45,1.94017357581055,5.6950369,0,original_stable,0
sf_cb,fixed_packet,15,15,2,396,0.1875,0.1875,wide_neighbor_stable_validated,0.1,0.275,0,2,2,2,2,1,1,1,1,589,38.803471516211,589,38.803471516211,0,0,0,0,2190.23420369994,137.666266488878,53.3270668032778,30.9931819687216,2136.90713689666,116.417852200743,2190.23420369994,137.666266488878,1677,112.528970628764,5587.95,1130.55827580891,8207.25,855.322656554458,1677,112.528970628764,5587.95,1130.55827580891,8207.25,855.322656554458,161.615688322647,10.1849160878279,0,0,1007.42834201766,126.171810301339,338.102172093874,42.5501126359599,35.7609344624764,12.5626110165471,198,0,396,0,0,0,589,38.803471516211,588.666666666667,33.9094655199968,1178,77.606943032422,1177.33333333333,67.8189310399936,NaN,NaN,0.233218,0.0137031403999416,1.29096566666667,0.0785338973725264,1.05774766666667,0.0737291610140435,0.233218,0.0137031403999416,0.0757040757040757,0.86940834718452,1,0,0.00193591299565439,0.00413344098421648,0.952939582865856,0.0314087271011936,845.666666666667,106.103024706423,106.333333333333,37.3723087150026,1.18061078011352,0.0634475303866016,13530,10096.1028886626,13530,10096.1028886626,28050,21226.068747216,10223.3333333333,3947.2763244757,21172.6666666667,7378.11204319487,1,0,1,0,1,0,0.00284071993470816,0.002526899163432,5,0,29.45,1.94017357581055,6.7071473,0,original_stable,0
sb_cf,fixed_packet,15,15,2,396,NaN,NaN,no_stable_q,NaN,NaN,0,3,2,0,5,0,0,NaN,0,NaN,NaN,NaN,NaN,NaN,NaN,NaN,NaN,NaN,NaN,NaN,NaN,NaN,NaN,NaN,NaN,NaN,NaN,NaN,NaN,NaN,NaN,NaN,NaN,NaN,NaN,NaN,NaN,NaN,NaN,NaN,NaN,NaN,NaN,NaN,NaN,NaN,NaN,NaN,NaN,NaN,NaN,NaN,NaN,NaN,NaN,NaN,NaN,NaN,NaN,NaN,NaN,NaN,NaN,NaN,NaN,NaN,NaN,NaN,NaN,NaN,NaN,NaN,NaN,NaN,NaN,NaN,NaN,NaN,NaN,NaN,NaN,NaN,NaN,NaN,NaN,NaN,NaN,NaN,NaN,NaN,NaN,NaN,NaN,NaN,NaN,NaN,NaN,NaN,NaN,NaN,NaN,NaN,NaN,NaN,NaN,NaN,NaN,128.6500111,0,original_stable,0
sb_cb,fixed_packet,15,15,2,396,0.0422948505376226,0.0615058244072275,validated_candidate_fallback,0.02,0.130068982524847,0,1,2,2,2,3,1,3,1,589,38.803471516211,589,38.803471516211,0,0,0,0,1243.65052610735,148.266779461019,16.4020005591521,17.651253668534,1227.24852554819,149.02158471442,1243.65052610735,148.266779461019,951,46.5403051128804,2868.45,785.229673162817,5053.32,2620.00230403011,951,46.5403051128804,2868.45,785.229673162817,5053.32,2620.00230403011,0,0,45.1687777922266,5.99527657571999,254.095134576073,13.6123700919,288.895209185515,100.488917813678,45.0894039943805,35.4575184114686,198,0,396,0,0,0,589,38.803471516211,588,38.803471516211,1178,77.606943032422,1176,77.606943032422,NaN,NaN,0.232864,0.0152974741270141,0.732102333333333,0.130086985119743,0.493958333333333,0.11100241016636,0.238144,0.0216030396341787,0.254424254424254,0.581216105413455,1,0,0.00128448986542275,0.00211985466392313,0.952048360313531,0.0319380605851751,875.333333333333,67.1330269304409,150.666666666667,106.451412080362,1.2546882720063,0.166535460436667,8526,5864.47621111802,7956,5430.04832107696,8526,5864.47621111802,7146,7426.13804798243,7650,7968.59184548939,1,0,1,0,1,0,0.00169860148098791,0.000113613291473262,5,0,29.45,1.94017357581055,1524.4768393,0,original_stable,0
s7_clean,fixed_packet,15,15,2,396,0.4,0.4,wide_neighbor_stable_validated,0.1,0.7125,0,1,2,2,2,1,1,1,1,589,38.803471516211,589,38.803471516211,0,0,0,0,786.095731721946,44.1672804723696,6.25159014477761,8.8243975942574,779.844141577169,38.5462587270932,786.095731721946,44.1672804723696,615,12.9079581892484,1566.75,256.700477210305,2448.87,321.82423604771,615,12.9079581892484,1566.75,256.700477210305,2448.87,321.82423604771,0,0,38.5263638125487,1.86322751275583,13.980833944684,1.81156443644534,157.968306663467,27.2866570058183,11.368637156469,8.38452380740123,162,0,396,0,0,0,589,38.803471516211,588.333333333333,39.6166099442618,1178,77.606943032422,1176.66666666667,79.2332198885236,NaN,NaN,0.233014,0.0155425419628408,0.462629333333333,0.0328596976213473,0.229615333333333,0.0253196452913723,0.233014,0.0155425419628408,0.025228025228025,0.400063049951661,1,0,0.000684582622682632,0.0014723635978668,0.951910306596561,0.0314196979083245,757,51.3321678189364,41.3333333333333,31.0600007521514,1.0701767725708,0.0517563197987732,3339,3054.77132469091,1617,1420.05140752016,3339,3054.77132469091,1281,1018.2571082303,2604,1956.78004738554,1,0,1,0,1,0,0.00114211845372025,0.00245889515298195,5,0,29.45,1.94017357581055,68.7335908,0,original_stable,0
s7_busy,fixed_packet,15,15,2,396,0.1875,0.1875,wide_neighbor_stable_validated,0.05,0.25625,0,1,2,2,2,1,1,1,1,589,38.803471516211,589,38.803471516211,0,0,0,0,5693.01583102118,1730.15051709992,416.487412312198,300.099606269785,5276.52841870898,1480.88640129008,5693.01583102118,1730.15051709992,3894,1274.42801649633,16774.95,5960.1684507687,25155.45,8538.62177962713,3894,1274.42801649633,16774.95,5960.1684507687,25155.45,8538.62177962713,0,0,94.9225933426463,26.4553398362193,103.859128154977,29.123491443051,4254.59502716945,1309.40761725057,265.151670041908,119.049029262987,162,0,396,0,0,0,589,38.803471516211,588.666666666667,32.4209316509691,1178,77.606943032422,1177.33333333333,64.8418633019381,NaN,NaN,0.233112,0.0128386889337837,3.36487633333333,1.02988551804664,3.13176433333333,1.02949188592877,0.233112,0.0128386889337837,-1.65823765823766,8.24210380349293,1,0,0.00804009025210459,0.00868738450377646,0.953647579113297,0.0349047840015631,1878.33333333333,452.497350104784,965,460.491060818793,2.6367387039624,0.734870551006091,170940,33659.0472990089,73605,12777.9072139858,170940,33659.0472990089,61121.3333333333,11015.8308401915,141700,28050.8724815175,1,0,1,0,1,0,0.00735648174546322,0.0104438496516616,5,0,29.45,1.94017357581055,361.1826982,0,original_stable,0
sf_cf,fixed_packet,15,15,3,594,0.0460065326758241,0.0460065326758241,wide_neighbor_stable_validated,0.04,0.05,0,1,2,2,5,1,1,1,0.8,1193.6,40.6784741066386,1193.6,40.6784741066386,0,0,0,0,NaN,NaN,NaN,NaN,NaN,NaN,67951.4797491875,35398.5691277828,NaN,NaN,NaN,NaN,NaN,NaN,45837,25538.0513695477,213127.47,110853.2395459,298008.378,155281.770000284,NaN,NaN,NaN,NaN,NaN,NaN,NaN,NaN,NaN,NaN,NaN,NaN,NaN,NaN,NaN,NaN,596.8,20.3392370533193,587.9,19.5261286869892,1790.4,61.0177111599579,1763.7,58.5783860609677,NaN,NaN,0.3491682,0.011537004824432,40.2170395,21.6018781891358,39.3397159,21.3737058674621,0.8773236,0.231103300143069,-6.17411644352912,57.9084344869894,1,0,NaN,NaN,0.967141026570413,0.00724617569294,3497.8,831.274063092577,1784.8,738.655153034818,2.49090283424788,0.602809456012508,510246,187020.522573533,510246,187020.522573533,1193227.2,472833.942282642,448975.2,176491.641449131,1056310.8,450782.046843054,1,0,1,0,0.8,0.555289021039559,0.0151638100392335,0.0149911008371522,11.4,0.680087380658256,29.84,1.01696185266597,4.9909838,0,original_stable,0
sf_cb,fixed_packet,15,15,3,594,0.12890625,0.12890625,wide_neighbor_stable_validated,0.05,0.159375,0,2,2,2,2,1,1,1,1,589,38.803471516211,589,38.803471516211,0,0,0,0,4080.3960752777,673.685798746423,183.453273048888,146.100895204812,3896.94280222881,533.179662013693,4080.3960752777,673.685798746423,3000,510.966053365884,11104.95,3273.39616318492,17924.49,1801.96932182968,3000,510.966053365884,11104.95,3273.39616318492,17924.49,1801.96932182968,226.38110085026,4.90543070961997,0,0,1770.5661794143,178.384939585866,1042.82679145121,325.235925386219,65.1687305130361,31.7651183780947,198,0,594,0,0,0,589,38.803471516211,588.666666666667,31.6504231843634,1767,116.410414548633,1766,94.9512695530901,NaN,NaN,0.349569333333333,0.0192235990481666,2.412801,0.50934505837798,2.06323166666667,0.490525786722365,0.349569333333333,0.0192235990481666,0.515388515388516,5.10486481714611,1,0,0.00465049232327365,0.0154274135213981,0.953065815999811,0.0308801357090923,925,86.0889025676314,194.333333333333,104.047518182252,1.32913500259109,0.160429890798458,20658,7529.35706725042,20658,7529.35706725042,43758,16216.4441326603,18150,8748.09190623875,38544,19453.847537184,1,0,1,0,1,0,0.00398097412368044,0.00273860127228899,5,0,29.45,1.94017357581055,6.9506575,0,original_stable,0
sb_cf,fixed_packet,15,15,3,594,NaN,NaN,no_stable_q,NaN,NaN,0,3,2,0,5,0,0,NaN,0,NaN,NaN,NaN,NaN,NaN,NaN,NaN,NaN,NaN,NaN,NaN,NaN,NaN,NaN,NaN,NaN,NaN,NaN,NaN,NaN,NaN,NaN,NaN,NaN,NaN,NaN,NaN,NaN,NaN,NaN,NaN,NaN,NaN,NaN,NaN,NaN,NaN,NaN,NaN,NaN,NaN,NaN,NaN,NaN,NaN,NaN,NaN,NaN,NaN,NaN,NaN,NaN,NaN,NaN,NaN,NaN,NaN,NaN,NaN,NaN,NaN,NaN,NaN,NaN,NaN,NaN,NaN,NaN,NaN,NaN,NaN,NaN,NaN,NaN,NaN,NaN,NaN,NaN,NaN,NaN,NaN,NaN,NaN,NaN,NaN,NaN,NaN,NaN,NaN,NaN,NaN,NaN,NaN,NaN,NaN,NaN,NaN,NaN,109.6533439,0,original_stable,0
sb_cb,fixed_packet,15,15,3,594,0.0153764561018069,0.0153764561018069,wide_neighbor_stable_validated,0.005,0.0223606797749979,0,1,2,2,2,1,1,1,1,589,38.803471516211,589,38.803471516211,0,0,0,0,2507.73287933165,593.590496846375,53.5815862891288,31.7609758819717,2454.15129304252,587.135017018432,2507.73287933165,593.590496846375,1827,97.4529472262225,6458.55,2679.12974726725,9714.80999999999,4934.70324376406,1827,97.4529472262225,6458.55,2679.12974726725,9714.80999999999,4934.70324376406,0,0,43.4812567173218,3.23085942465946,693.764612351555,118.523690446476,887.531536050214,447.070564445763,37.3738879234299,23.0145190970435,198,0,594,0,0,0,589,38.803471516211,589,32.4843157420742,1767,116.410414548633,1767,97.4529472262225,NaN,NaN,0.350005333333333,0.0202400798794635,1.48310933333333,0.415636024310479,1.127758,0.391305136557683,0.355351333333333,0.0246540025707355,0.547840547840548,1.82635924169508,1,0,0.00447229206705692,0.014607025903404,0.952900219681604,0.0316137621136152,849,38.2428139722068,122.666666666667,58.9077699130204,1.20781268659227,0.0897460951294293,8472,4102.13205353209,8064,3921.89569547098,8472,4102.13205353209,6972,5878.39526767951,7326,6169.78797790553,1,0,1,0,1,0,0.00342449109641277,0.00445506183990923,5,0,29.45,1.94017357581055,1323.0197396,0,original_stable,0
s7_clean,fixed_packet,15,15,3,594,0.325,0.325,wide_neighbor_stable_validated,0.05,0.6,0,1,2,2,2,1,1,1,1,589,38.803471516211,589,38.803471516211,0,0,0,0,1177.49894925745,102.59686788334,11.1881689599596,12.8736461756658,1166.31078029749,106.371121306091,1177.49894925745,102.59686788334,840,34.1512473023708,2612.25,441.863843891376,3844.08,1137.01756371659,840,34.1512473023708,2612.25,441.863843891376,3844.08,1137.01756371659,0,0,39.4311062194894,2.71317023309448,19.2969349876309,2.59542046981317,336.142761102672,89.0926284071428,15.4399779877022,12.2092660489252,162,0,594,0,0,0,589,38.803471516211,588.333333333333,37.3723087150026,1767,116.410414548633,1765,112.116926145008,NaN,NaN,0.349573333333333,0.022913490911081,0.693389666666667,0.0949597904893617,0.343816333333333,0.0760582388446016,0.349573333333333,0.022913490911081,0.0901960901960902,0.756843491483952,1,0,0.000593643306112731,0.00107645767909158,0.952306785557987,0.0319373996639027,774.333333333333,43.4783241669302,56.3333333333333,47.0239679445871,1.09530850609693,0.0753658398081799,4431,2426.18113979087,2100,1174.6241952216,4431,2426.18113979087,1701,1364.34126116712,3549,2962.50998050899,1,0,1,0,1,0,0.0011148303192833,0.00239837391835334,5,0,29.45,1.94017357581055,81.4399391,0,original_stable,0
s7_busy,fixed_packet,15,15,3,594,0.1,0.1,self_stable_fallback_validated,0.0995992849562055,0.1,0,2,2,0,2,1,1,1,1,589,38.803471516211,589,38.803471516211,0,0,0,0,24554.6259763509,4728.84498159773,6551.31200497251,2153.14741448513,18003.3139713784,2687.32751992342,24554.6259763509,4728.84498159773,15165,3455.40519721249,77591.1,19939.5081240834,124602.63,3659.33613795217,15165,3455.40519721249,77591.1,19939.5081240834,124602.63,3659.33613795217,0,0,176.606776782908,32.9288674725176,385.894797968217,93.7139461354434,16052.0819011042,2416.22549973977,632.730495523088,148.179903626329,162,0,594,0,0,0,589,38.803471516211,586,11.3837491007903,1767,116.410414548633,1758,34.1512473023708,NaN,NaN,0.348015333333333,0.00568645185714665,14.488765,2.70659618826714,14.1407496666667,2.71050021546675,0.348015333333333,0.00568645185714665,7.09090309090309,48.4563567529405,1,0,0.0290087283817458,0.0364910350256641,0.947805608126133,0.027718818222965,3335.33333333333,711.757837591704,2299.33333333333,522.238383092366,4.90574379952524,0.914690763125488,270165,53274.019276249,104895,17163.0660117322,270165,53274.019276249,89040,11161.3988163877,232113,34990.8820123186,1,0,1,0,1,0,0.0267030050718498,0.0164482802808288,5,0,29.45,1.94017357581055,393.450832,0,original_stable,0
sf_cf,fixed_packet,15,15,4,792,NaN,NaN,no_stable_q,NaN,NaN,0,3,2,0,5,0,0,NaN,0,NaN,NaN,NaN,NaN,NaN,NaN,NaN,NaN,NaN,NaN,NaN,NaN,NaN,NaN,NaN,NaN,NaN,NaN,NaN,NaN,NaN,NaN,NaN,NaN,NaN,NaN,NaN,NaN,NaN,NaN,NaN,NaN,NaN,NaN,NaN,NaN,NaN,NaN,NaN,NaN,NaN,NaN,NaN,NaN,NaN,NaN,NaN,NaN,NaN,NaN,NaN,NaN,NaN,NaN,NaN,NaN,NaN,NaN,NaN,NaN,NaN,NaN,NaN,NaN,NaN,NaN,NaN,NaN,NaN,NaN,NaN,NaN,NaN,NaN,NaN,NaN,NaN,NaN,NaN,NaN,NaN,NaN,NaN,NaN,NaN,NaN,NaN,NaN,NaN,NaN,NaN,NaN,NaN,NaN,NaN,NaN,NaN,NaN,3.1567283,0,original_stable,0
sf_cb,fixed_packet,15,15,4,792,0.0894427190999916,0.0894427190999916,wide_neighbor_stable_validated,0.0290843086689791,0.130068982524847,0,1,2,2,2,1,1,1,1,589,38.803471516211,589,38.803471516211,0,0,0,0,7602.71387862127,1157.26820772311,703.388961669491,661.310548833555,6899.32491695178,523.352107747565,7602.71387862127,1157.26820772311,5397,899.120596001362,21861.9,6889.15359778297,33331.74,12056.8051377903,5397,899.120596001362,21861.9,6889.15359778297,33331.74,12056.8051377903,288.364612533737,23.8752742219667,0,0,2854.57851934181,99.3557427099662,2687.96194039851,570.792784480627,78.4198446777214,18.6976781617138,198,0,792,0,0,0,589,38.803471516211,588.333333333333,27.9212363908807,2356,155.213886064844,2353.33333333333,111.684945563523,NaN,NaN,0.465762666666667,0.0221111557632156,4.49326366666667,0.805999974265872,4.027501,0.784203296775168,0.465762666666667,0.0221111557632156,-3.1029991029991,10.6881403561512,1,0,0.0114478283713767,0.0264900942863427,0.950975750708109,0.0411679032602751,982.666666666667,27.4756561507033,233.666666666667,70.0127379537714,1.39605982160465,0.0944327179884539,25872,1135.90032065386,25872,1135.90032065386,55176,5119.43356241684,22110,3348.0168182649,47190,10712.2988698469,1,0,1,0,1,0,0.00682542258788453,0.0112079634487957,5,0,29.45,1.94017357581055,3.8043072,0,original_stable,0
sb_cf,fixed_packet,15,15,4,792,NaN,NaN,no_stable_q,NaN,NaN,0,3,2,0,5,0,0,NaN,0,NaN,NaN,NaN,NaN,NaN,NaN,NaN,NaN,NaN,NaN,NaN,NaN,NaN,NaN,NaN,NaN,NaN,NaN,NaN,NaN,NaN,NaN,NaN,NaN,NaN,NaN,NaN,NaN,NaN,NaN,NaN,NaN,NaN,NaN,NaN,NaN,NaN,NaN,NaN,NaN,NaN,NaN,NaN,NaN,NaN,NaN,NaN,NaN,NaN,NaN,NaN,NaN,NaN,NaN,NaN,NaN,NaN,NaN,NaN,NaN,NaN,NaN,NaN,NaN,NaN,NaN,NaN,NaN,NaN,NaN,NaN,NaN,NaN,NaN,NaN,NaN,NaN,NaN,NaN,NaN,NaN,NaN,NaN,NaN,NaN,NaN,NaN,NaN,NaN,NaN,NaN,NaN,NaN,NaN,NaN,NaN,NaN,NaN,118.8473767,0,original_stable,0
sb_cb,fixed_packet,15,15,4,792,0.00668740304976422,0.00668740304976422,wide_neighbor_stable_validated,0.002,0.0149534878122122,0,1,2,2,2,1,1,1,1,589,38.803471516211,589,38.803471516211,0,0,0,0,5788.59332414891,1306.75640270427,396.13878277476,101.28662675027,5392.45454137415,1231.95589816202,5788.59332414891,1306.75640270427,4110,910.445791061465,16538.7,3919.28151220642,24859.41,3707.28392574778,4110,910.445791061465,16538.7,3919.28151220642,24859.41,3707.28392574778,0,0,45.490536808488,3.78911162040864,1655.17177706772,193.442223914549,2650.07405239125,1011.11035675731,51.7181751066952,27.0011810563728,198,0,792,0,0,0,589,38.803471516211,588.333333333333,30.3566642687741,2356,155.213886064844,2353.33333333333,121.426657075096,NaN,NaN,0.466310333333333,0.0241240485583019,3.41690066666667,0.92377237629873,2.94082233333333,0.894370123950224,0.476078333333333,0.0301315890238088,0.252824252824252,2.25851470841923,1,0,0.00633943580811932,0.0119258877263999,0.951322000952977,0.0308233249678943,889,33.4206548550469,155.666666666667,70.4958425558828,1.263626022458,0.105253100566907,14076,7148.8649556308,13581,6905.9265183553,14076,7148.8649556308,11883,6555.06989929286,12300,6796.79689265465,1,0,1,0,1,0,0.00568516839891225,0.0128020747258455,5,0,29.45,1.94017357581055,1430.1536293,0,original_stable,0
s7_clean,fixed_packet,15,15,4,792,0.1875,0.1875,wide_neighbor_stable_validated,0.05,0.53125,0,1,2,2,2,1,1,1,1,589,38.803471516211,589,38.803471516211,0,0,0,0,1749.15939281413,317.883693217389,28.6731687258409,10.5072090368499,1720.48622408829,328.280388111131,1749.15939281413,317.883693217389,1263,273.209978418967,4098.45,940.581266885206,7198.08,4026.21476879291,1263,273.209978418967,4098.45,940.581266885206,7198.08,4026.21476879291,0,0,39.6608945454991,3.27233514740994,42.5197025448384,5.92732147901989,667.831601543206,309.662503929687,16.474025454746,14.7255081633447,162,0,792,0,0,0,589,38.803471516211,588,36.7618810377801,2356,155.213886064844,2352,147.04752415112,NaN,NaN,0.466146,0.0297518860139087,1.03086066666667,0.245878951308817,0.564714666666667,0.218496683261585,0.466146,0.0297518860139087,0.132820132820133,1.23953098373247,1,0,0.000633483307959647,0.00108680877232296,0.95241654435796,0.0315253367561825,779,68.6179812470998,60,55.4914330802435,1.10169151515275,0.0908981985391652,4725,4023.61989717258,2268,1923.11250120935,4725,4023.61989717258,1827,1692.81363416059,3780,3495.96028405534,1,0,1,0,1,0,0.00167317761129894,0.0041610424244115,5,0,29.45,1.94017357581055,93.4266056,0,original_stable,0
s7_busy,fixed_packet,15,15,4,792,NaN,NaN,no_stable_q,NaN,NaN,0,3,2,0,5,0,0,NaN,0,NaN,NaN,NaN,NaN,NaN,NaN,NaN,NaN,NaN,NaN,NaN,NaN,NaN,NaN,NaN,NaN,NaN,NaN,NaN,NaN,NaN,NaN,NaN,NaN,NaN,NaN,NaN,NaN,NaN,NaN,NaN,NaN,NaN,NaN,NaN,NaN,NaN,NaN,NaN,NaN,NaN,NaN,NaN,NaN,NaN,NaN,NaN,NaN,NaN,NaN,NaN,NaN,NaN,NaN,NaN,NaN,NaN,NaN,NaN,NaN,NaN,NaN,NaN,NaN,NaN,NaN,NaN,NaN,NaN,NaN,NaN,NaN,NaN,NaN,NaN,NaN,NaN,NaN,NaN,NaN,NaN,NaN,NaN,NaN,NaN,NaN,NaN,NaN,NaN,NaN,NaN,NaN,NaN,NaN,NaN,NaN,NaN,NaN,527.6954243,0,original_stable,0
sf_cf,fixed_packet,15,15,5,990,NaN,NaN,no_stable_q,NaN,NaN,0,3,2,0,5,0,0,NaN,0,NaN,NaN,NaN,NaN,NaN,NaN,NaN,NaN,NaN,NaN,NaN,NaN,NaN,NaN,NaN,NaN,NaN,NaN,NaN,NaN,NaN,NaN,NaN,NaN,NaN,NaN,NaN,NaN,NaN,NaN,NaN,NaN,NaN,NaN,NaN,NaN,NaN,NaN,NaN,NaN,NaN,NaN,NaN,NaN,NaN,NaN,NaN,NaN,NaN,NaN,NaN,NaN,NaN,NaN,NaN,NaN,NaN,NaN,NaN,NaN,NaN,NaN,NaN,NaN,NaN,NaN,NaN,NaN,NaN,NaN,NaN,NaN,NaN,NaN,NaN,NaN,NaN,NaN,NaN,NaN,NaN,NaN,NaN,NaN,NaN,NaN,NaN,NaN,NaN,NaN,NaN,NaN,NaN,NaN,NaN,NaN,NaN,NaN,2.5051691,0,original_stable,0
sf_cb,fixed_packet,15,15,5,990,0.09,0.09,wide_neighbor_stable_validated,0.07,0.11,0,1,2,2,5,1,1,1,1,1193.6,40.6784741066386,1193.6,40.6784741066386,0,0,0,0,16187.654653987,4506.73024686551,3619.47536939336,2169.96106563765,12568.1792845937,2355.99278512159,16187.654653987,4506.73024686551,9592.2,2089.78997792696,54211.95,18532.6426533738,93132.702,35286.6258271822,9592.2,2089.78997792696,54211.95,18532.6426533738,93132.702,35286.6258271822,358.433088852765,10.249039759703,0,0,4129.27660799588,775.755816705106,6689.32049098263,1517.26835895365,203.149096762398,80.1687424388587,198,0,990,0,0,0,596.8,20.3392370533193,596.1,16.6436247589256,2984,101.696185266597,2980.5,83.2181237946282,NaN,NaN,0.5899908,0.0164012586964663,9.7188399,2.85977328977029,9.1288491,2.84930895667301,0.5899908,0.0164012586964663,3.84662196165549,5.77638814291114,1,0,0.0104935240171522,0.0137547755694306,0.968851087576572,0.00849288379774195,2970.2,489.750593416353,1229.4,506.461640104708,2.02600553920403,0.404892638580095,125413.2,33149.8635982019,125413.2,33149.8635982019,293277.6,89872.5937753319,104158.4,37213.545908927,245065.6,99623.0477386854,1,0,1,0,1,0,0.00648700495536387,0.00491695965330317,11.4,0.680087380658256,29.84,1.01696185266597,10.7578333,0,original_stable,0
sb_cf,fixed_packet,15,15,5,990,NaN,NaN,no_stable_q,NaN,NaN,0,3,2,0,5,0,0,NaN,0,NaN,NaN,NaN,NaN,NaN,NaN,NaN,NaN,NaN,NaN,NaN,NaN,NaN,NaN,NaN,NaN,NaN,NaN,NaN,NaN,NaN,NaN,NaN,NaN,NaN,NaN,NaN,NaN,NaN,NaN,NaN,NaN,NaN,NaN,NaN,NaN,NaN,NaN,NaN,NaN,NaN,NaN,NaN,NaN,NaN,NaN,NaN,NaN,NaN,NaN,NaN,NaN,NaN,NaN,NaN,NaN,NaN,NaN,NaN,NaN,NaN,NaN,NaN,NaN,NaN,NaN,NaN,NaN,NaN,NaN,NaN,NaN,NaN,NaN,NaN,NaN,NaN,NaN,NaN,NaN,NaN,NaN,NaN,NaN,NaN,NaN,NaN,NaN,NaN,NaN,NaN,NaN,NaN,NaN,NaN,NaN,NaN,NaN,107.7126203,0,original_stable,0
sb_cb,fixed_packet,15,15,5,990,0.00324209888662752,0.00324209888662752,wide_neighbor_stable_validated,0.0025,0.00420448207626857,0,1,2,2,5,1,1,1,1,1193.6,40.6784741066386,1193.6,40.6784741066386,0,0,0,0,30611.9632227224,13748.5047048407,10764.222055792,8218.50065254342,19847.7411669304,5745.00543125621,30611.9632227224,13748.5047048407,18017.1,6807.39899652957,107653.59,59202.9608537336,161948.088,74935.7492342391,18017.1,6807.39899652957,107653.59,59202.9608537336,161948.088,74935.7492342391,0,0,61.5679025658345,12.0435053845992,4730.04207242268,807.336135626405,13705.1259091365,4853.25945884153,163.00528280545,78.1339370728835,198,0,990,0,0,0,596.8,20.3392370533193,593.8,18.7517986380665,2984,101.696185266597,2969,93.7589931903327,NaN,NaN,0.5878241,0.0183259955875994,18.3770537,8.7187510583072,17.7519066,8.68675317594836,0.6251471,0.0337588343800299,-1.97629369407342,27.5479464184012,1,0,0.013367185845386,0.0154931117121309,0.968592356951812,0.00939604182024675,2483.2,486.105032854357,852.2,414.659450588422,1.71021951571762,0.334541816238866,100666.8,48446.0860396763,97090.2,46420.0838004134,100666.8,48446.0860396763,85050,40508.1187908319,88192.8,42380.6086801155,1,0,1,0,1,0,0.0105813890050126,0.0115174448231381,11.4,0.680087380658256,29.84,1.01696185266597,1479.3009688,0,original_stable,0
s7_clean,fixed_packet,15,15,5,990,0.130068982524847,0.130068982524847,wide_neighbor_stable_validated,0.02,0.275062408773453,0,1,2,2,2,1,1,1,1,589,38.803471516211,589,38.803471516211,0,0,0,0,2738.79152505376,889.882438246953,86.2971274395008,83.2928553336008,2652.49439761426,817.995889987173,2738.79152505376,889.882438246953,1935,329.342702036367,7471.19999999999,3921.65995873214,12857.19,12418.9697268685,1935,329.342702036367,7471.19999999999,3921.65995873214,12857.19,12418.9697268685,0,0,41.0712979743658,3.21045977596733,66.9107676975465,7.47038623310612,1369.6914910577,794.607435077666,22.8208408846463,14.447068991853,162,0,990,0,0,0,589,38.803471516211,589,34.7779279645046,2945,194.017357581055,2945,173.889639822523,NaN,NaN,0.583031333333333,0.0339107966072108,1.61752966666667,0.611267429621428,1.03449833333333,0.577603629178413,0.583031333333333,0.0339107966072108,-0.0204120204120201,2.15235807122394,1,0,0.00228066089460334,0.00514347501974125,0.952630869566932,0.0320428004150422,803.666666666667,33.3590499089259,83.3333333333333,57.2071260478558,1.14086938817683,0.0891794382213148,6279,1867.10837722605,3003,787.702794401347,6279,1867.10837722605,2520,1656.24747314756,5250,3604.04894101492,1,0,1,0,1,0,0.00228423690744049,0.0049177903059639,5,0,29.45,1.94017357581055,88.7145295,0,original_stable,0
s7_busy,fixed_packet,15,15,5,990,NaN,NaN,no_stable_q,NaN,NaN,0,3,2,0,5,0,0,NaN,0,NaN,NaN,NaN,NaN,NaN,NaN,NaN,NaN,NaN,NaN,NaN,NaN,NaN,NaN,NaN,NaN,NaN,NaN,NaN,NaN,NaN,NaN,NaN,NaN,NaN,NaN,NaN,NaN,NaN,NaN,NaN,NaN,NaN,NaN,NaN,NaN,NaN,NaN,NaN,NaN,NaN,NaN,NaN,NaN,NaN,NaN,NaN,NaN,NaN,NaN,NaN,NaN,NaN,NaN,NaN,NaN,NaN,NaN,NaN,NaN,NaN,NaN,NaN,NaN,NaN,NaN,NaN,NaN,NaN,NaN,NaN,NaN,NaN,NaN,NaN,NaN,NaN,NaN,NaN,NaN,NaN,NaN,NaN,NaN,NaN,NaN,NaN,NaN,NaN,NaN,NaN,NaN,NaN,NaN,NaN,NaN,NaN,NaN,458.1405329,0,original_stable,0
sf_cf,fixed_packet,15,15,6,1188,NaN,NaN,no_stable_q,NaN,NaN,0,3,2,0,5,0,0,NaN,0,NaN,NaN,NaN,NaN,NaN,NaN,NaN,NaN,NaN,NaN,NaN,NaN,NaN,NaN,NaN,NaN,NaN,NaN,NaN,NaN,NaN,NaN,NaN,NaN,NaN,NaN,NaN,NaN,NaN,NaN,NaN,NaN,NaN,NaN,NaN,NaN,NaN,NaN,NaN,NaN,NaN,NaN,NaN,NaN,NaN,NaN,NaN,NaN,NaN,NaN,NaN,NaN,NaN,NaN,NaN,NaN,NaN,NaN,NaN,NaN,NaN,NaN,NaN,NaN,NaN,NaN,NaN,NaN,NaN,NaN,NaN,NaN,NaN,NaN,NaN,NaN,NaN,NaN,NaN,NaN,NaN,NaN,NaN,NaN,NaN,NaN,NaN,NaN,NaN,NaN,NaN,NaN,NaN,NaN,NaN,NaN,NaN,NaN,2.1546943,0,original_stable,0
sf_cb,fixed_packet,15,15,6,1188,NaN,NaN,no_stable_q,NaN,NaN,0,3,2,0,5,0,0,NaN,0,NaN,NaN,NaN,NaN,NaN,NaN,NaN,NaN,NaN,NaN,NaN,NaN,NaN,NaN,NaN,NaN,NaN,NaN,NaN,NaN,NaN,NaN,NaN,NaN,NaN,NaN,NaN,NaN,NaN,NaN,NaN,NaN,NaN,NaN,NaN,NaN,NaN,NaN,NaN,NaN,NaN,NaN,NaN,NaN,NaN,NaN,NaN,NaN,NaN,NaN,NaN,NaN,NaN,NaN,NaN,NaN,NaN,NaN,NaN,NaN,NaN,NaN,NaN,NaN,NaN,NaN,NaN,NaN,NaN,NaN,NaN,NaN,NaN,NaN,NaN,NaN,NaN,NaN,NaN,NaN,NaN,NaN,NaN,NaN,NaN,NaN,NaN,NaN,NaN,NaN,NaN,NaN,NaN,NaN,NaN,NaN,NaN,NaN,9.4474,0,original_stable,0
sb_cf,fixed_packet,15,15,6,1188,NaN,NaN,no_stable_q,NaN,NaN,0,3,2,0,5,0,0,NaN,0,NaN,NaN,NaN,NaN,NaN,NaN,NaN,NaN,NaN,NaN,NaN,NaN,NaN,NaN,NaN,NaN,NaN,NaN,NaN,NaN,NaN,NaN,NaN,NaN,NaN,NaN,NaN,NaN,NaN,NaN,NaN,NaN,NaN,NaN,NaN,NaN,NaN,NaN,NaN,NaN,NaN,NaN,NaN,NaN,NaN,NaN,NaN,NaN,NaN,NaN,NaN,NaN,NaN,NaN,NaN,NaN,NaN,NaN,NaN,NaN,NaN,NaN,NaN,NaN,NaN,NaN,NaN,NaN,NaN,NaN,NaN,NaN,NaN,NaN,NaN,NaN,NaN,NaN,NaN,NaN,NaN,NaN,NaN,NaN,NaN,NaN,NaN,NaN,NaN,NaN,NaN,NaN,NaN,NaN,NaN,NaN,NaN,NaN,103.3978892,0,original_stable,0
sb_cb,fixed_packet,15,15,6,1188,NaN,NaN,no_stable_q,NaN,NaN,0,3,2,0,5,0,0,NaN,0,NaN,NaN,NaN,NaN,NaN,NaN,NaN,NaN,NaN,NaN,NaN,NaN,NaN,NaN,NaN,NaN,NaN,NaN,NaN,NaN,NaN,NaN,NaN,NaN,NaN,NaN,NaN,NaN,NaN,NaN,NaN,NaN,NaN,NaN,NaN,NaN,NaN,NaN,NaN,NaN,NaN,NaN,NaN,NaN,NaN,NaN,NaN,NaN,NaN,NaN,NaN,NaN,NaN,NaN,NaN,NaN,NaN,NaN,NaN,NaN,NaN,NaN,NaN,NaN,NaN,NaN,NaN,NaN,NaN,NaN,NaN,NaN,NaN,NaN,NaN,NaN,NaN,NaN,NaN,NaN,NaN,NaN,NaN,NaN,NaN,NaN,NaN,NaN,NaN,NaN,NaN,NaN,NaN,NaN,NaN,NaN,NaN,NaN,1997.3195652,0,original_stable,0
s7_clean,fixed_packet,15,15,6,1188,0.0894427190999916,0.0894427190999916,wide_neighbor_stable_validated,0.02,0.189148321800635,0,1,2,2,2,1,1,1,1,589,38.803471516211,589,38.803471516211,0,0,0,0,5115.05350426441,1154.89413734523,375.337404843467,187.205681842941,4739.71609942094,988.298776110792,5115.05350426441,1154.89413734523,3024,595.307418966808,16697.25,6121.11940780566,28225.29,7911.57830539026,3024,595.307418966808,16697.25,6121.11940780566,28225.29,7911.57830539026,0,0,44.1044133743339,4.60725968793932,113.894467528107,12.2741466028235,3195.247358334,968.470467758771,36.4698601845026,20.732668595727,162,0,1188,0,0,0,589,38.803471516211,589.333333333333,23.8701377411919,3534,232.820829097266,3536,143.220826447152,NaN,NaN,0.700726666666667,0.0281780781290781,3.041931,0.701342748221063,2.34120433333333,0.67704512391003,0.700726666666667,0.0281780781290781,-0.618060618060618,8.17650855682075,1,0,0.0145748224278422,0.0468739362062965,0.951988798244253,0.0365922168584628,860.666666666667,81.4983963277106,132.666666666667,77.9771315735135,1.2251225937315,0.127979435776093,9870,5390.38250391023,4683,2486.01376937829,9870,5390.38250391023,4053,2237.10221216919,8568,4726.21676640809,1,0,1,0,1,0,0.00857673607299837,0.015652801536493,5,0,29.45,1.94017357581055,85.3029611,0,original_stable,0
s7_busy,fixed_packet,15,15,6,1188,NaN,NaN,no_stable_q,NaN,NaN,0,3,2,0,5,0,0,NaN,0,NaN,NaN,NaN,NaN,NaN,NaN,NaN,NaN,NaN,NaN,NaN,NaN,NaN,NaN,NaN,NaN,NaN,NaN,NaN,NaN,NaN,NaN,NaN,NaN,NaN,NaN,NaN,NaN,NaN,NaN,NaN,NaN,NaN,NaN,NaN,NaN,NaN,NaN,NaN,NaN,NaN,NaN,NaN,NaN,NaN,NaN,NaN,NaN,NaN,NaN,NaN,NaN,NaN,NaN,NaN,NaN,NaN,NaN,NaN,NaN,NaN,NaN,NaN,NaN,NaN,NaN,NaN,NaN,NaN,NaN,NaN,NaN,NaN,NaN,NaN,NaN,NaN,NaN,NaN,NaN,NaN,NaN,NaN,NaN,NaN,NaN,NaN,NaN,NaN,NaN,NaN,NaN,NaN,NaN,NaN,NaN,NaN,NaN,1283.4703602,0,original_stable,0
sf_cf,fixed_payload,5,5,1,198,0.7,0.7,wide_neighbor_stable_validated,0.4,0.8,0,1,2,2,2,1,1,1,1,192,39.978412978425,192,39.978412978425,0,0,0,0,384.248242293362,35.9820778214633,1.53280127693535,4.56474188455716,382.715441016427,38.9296511751186,384.248242293362,35.9820778214633,330,25.8159163784968,756.6,56.6187248178559,1167.99,519.271820903668,330,25.8159163784968,756.6,56.6187248178559,1167.99,519.271820903668,94.81863804943,6.15210462619351,0,0,82.8521947326416,46.9097260642585,0,0,7.0446082343552,17.0295154117272,0,0,198,0,0,0,192,39.978412978425,192,39.978412978425,192,39.978412978425,192,39.978412978425,NaN,NaN,0.038016,0.00791572576972815,0.073929,0.0223980302396301,0.034593,0.0159085596843576,0.039336,0.00720088238182814,-0.034948034948035,0.280277526720109,1,0,0,0,0.824403073879348,0.140168567362443,241.666666666667,27.4756561507033,6.66666666666667,15.9707710228882,1.03557882946644,0.086007653594582,1254,2839.75080163464,1254,2839.75080163464,2508,5679.50160326929,660,1581.10633126594,1320,3162.21266253187,1,0,1,0,1,0,0,0,1.33333333333333,1.43421757658315,9.6,1.99892064892125,2.1808906,0,original_stable,0
sf_cb,fixed_payload,5,5,1,198,0.625,0.625,wide_neighbor_stable_validated,0.4,0.775,0,1,2,2,2,1,1,1,1,192,39.978412978425,192,39.978412978425,0,0,0,0,707.077818369603,140.572807920976,3.37981742214407,8.19865228258687,703.698000947459,146.82238386894,707.077818369603,140.572807920976,558,0,1287.45,663.640109547335,3916.05,7457.86022273558,558,0,1287.45,663.640109547335,3916.05,7457.86022273558,100.033562658177,9.70392904355832,0,0,143.277846110511,70.3007525785838,13.0425426036336,18.4379487298962,51.3440495751373,73.2444297186041,198,0,198,0,0,0,192,39.978412978425,191.666666666667,40.9945448389503,192,39.978412978425,191.666666666667,40.9945448389503,NaN,NaN,0.03799,0.00799438434954218,0.136273,0.05396434138368,0.098283,0.0461542578100872,0.03799,0.00799438434954218,-0.0171520171520172,0.451414592105366,1,0,0.000225318912922891,0.000969469035751858,0.825433585583104,0.138474473130842,281.666666666667,101.343482397742,51.3333333333333,82.2896004825539,1.25931338169261,0.369921362215172,4554,5963.47668343275,4554,5963.47668343275,10428,16761.7478802182,4422,5700.75994934008,10164,16293.3408955457,1,0,1,0,1,0,0.00186219739292365,0.00801238869599527,1.33333333333333,1.43421757658315,9.6,1.99892064892125,2.201577,0,original_stable,0
sb_cf,fixed_payload,5,5,1,198,0.0159693021024534,0.0159693021024534,wide_neighbor_stable_validated,0.01,0.019257517959341,0,2,2,2,2,1,1,1,1,192,39.978412978425,192,39.978412978425,0,0,0,0,935.625131555924,72.4967542386104,18.3261630909347,11.391352575556,917.298968464989,65.424306044935,935.625131555924,72.4967542386104,690,64.5397909462419,2481.45,540.282862881168,3490.92,1639.83430361823,690,64.5397909462419,2481.45,540.282862881168,3490.92,1639.83430361823,0,0,42.6939307160142,11.5174919450076,637.490099483166,23.7437671303346,2.29831932773109,7.69975280189668,36.816618938078,63.3462056975417,0,0,198,0,0,0,192,39.978412978425,191.333333333333,40.8437366827623,192,39.978412978425,191.333333333333,40.8437366827623,NaN,NaN,0.0379063333333333,0.00805938286362238,0.178736333333333,0.0248869939747594,0.134032,0.0277282344560789,0.0447043333333333,0.00341878394017955,-0.0891476172584239,0.885856629257323,1,0,0.00347776229293117,0.0148622770499181,0.825601923671135,0.138693656726577,266.666666666667,46.7607720270934,34.3333333333333,56.7740059295427,1.18594251988928,0.319930331805766,7458,12696.5763283469,5334,9116.99421621301,7458,12696.5763283469,4857,8049.76536686246,6798,11241.2531740494,1,0,1,0,1,0,0.0035650623885918,0.0153392254180016,1.33333333333333,1.43421757658315,9.6,1.99892064892125,45.2418657,0,original_stable,0
sb_cb,fixed_payload,5,5,1,198,0.775,0.775,wide_neighbor_stable_validated,0.4,0.925,0,1,2,2,2,1,1,1,1,192,39.978412978425,192,39.978412978425,0,0,0,0,457.260565231679,9.87226045026828,2.21412609736632,4.89258496762941,455.046439134313,14.3115277441956,457.260565231679,9.87226045026828,432,0,624.3,149.815748376258,869.760000000001,161.871354048636,432,0,624.3,149.815748376258,869.760000000001,161.871354048636,0,0,36.9733798242507,1.66165243514626,2.93056749363026,0.404274632388268,15.6283405388565,15.6316749426637,3.51415127757553,6.88184306012522,198,0,198,0,0,0,192,39.978412978425,191.666666666667,40.9945448389503,192,39.978412978425,191.666666666667,40.9945448389503,NaN,NaN,0.037987,0.00800351121343562,0.087742,0.0173350183436407,0.049755,0.00938488454910341,0.037987,0.00800351121343562,-0.0150200150200151,0.242412300829475,1,0,0.000355483641623472,0.00152952266101251,0.825433585583104,0.138474473130842,241.666666666667,37.9458303359676,5.33333333333333,9.40479358891743,1.02703832845141,0.046157012087396,348,1159.41921800396,291,969.472735364633,348,1159.41921800396,81,135.993778138221,96,169.286284600514,1,0,1,0,1,0,0.00186219739292365,0.00801238869599527,1.33333333333333,1.43421757658315,9.6,1.99892064892125,59.9835073,0,original_stable,0
s7_clean,fixed_payload,5,5,1,198,0.775,0.775,wide_neighbor_stable_validated,0.4,0.925,0,1,2,2,2,1,1,1,1,192,39.978412978425,192,39.978412978425,0,0,0,0,416.214768832876,8.67140650053435,1.89872306464485,4.16117211979973,414.316045768231,12.6111827115138,416.214768832876,8.67140650053435,396,0,542.1,108.221125123873,759.06,87.6822882737613,396,0,542.1,108.221125123873,759.06,87.6822882737613,0,0,36.3569136745607,0.853849043843251,2.54613270397036,1.67052693147904,13.8068878541767,12.905192107828,1.6061115355233,3.84232069729464,162,0,198,0,0,0,192,39.978412978425,191.666666666667,40.9945448389503,192,39.978412978425,191.666666666667,40.9945448389503,NaN,NaN,0.038002,0.00795798158921964,0.079882,0.0159098920671934,0.04188,0.00801419979209979,0.038002,0.00795798158921964,-0.0243000243000243,0.294205931669045,1,0,0.00018859028760019,0.000811438515747195,0.825433585583104,0.138474473130842,231,22.0794989414224,2,4.96827542350066,1.0099142687378,0.0237180289956459,126,313.001351680542,63,156.500675840271,126,313.001351680542,63,156.500675840271,126,313.001351680542,1,0,1,0,1,0,0.00186219739292365,0.00801238869599527,1.33333333333333,1.43421757658315,9.6,1.99892064892125,44.4065546,0,original_stable,0
s7_busy,fixed_payload,5,5,1,198,0.6,0.6,wide_neighbor_stable_validated,0.2,0.9,0,1,2,2,2,1,1,1,1,192,39.978412978425,192,39.978412978425,0,0,0,0,1175.80950531558,175.691045897783,10.4709638045162,6.16502047510303,1165.33854151107,169.893182793496,1175.80950531558,175.691045897783,880.5,106.245904898459,2815.5,1163.31214211836,4086.6,1311.4604626141,880.5,106.245904898459,2815.5,1163.31214211836,4086.6,1311.4604626141,0,0,65.8689604841429,17.8177689489397,11.3781721728813,2.05364595275706,593.681086675401,71.1987148604481,134.410322178643,80.1799602702285,162,0,198,0,0,0,192,39.978412978425,191.666666666667,38.5908481541098,192,39.978412978425,191.666666666667,38.5908481541098,NaN,NaN,0.03795,0.00764098793451374,0.226315333333333,0.0806135132302391,0.188365333333333,0.0730089903549917,0.03795,0.00764098793451374,-0.0935240935240937,0.631444186101575,1,0,0.000756240055296494,0.00168860805430656,0.825335497390544,0.134745232543847,413.666666666667,134.266053860882,161.333333333333,128.272302060045,1.82969334678175,0.494938026359435,112581,9289.0764880046,52143,4799.07053500988,112581,9289.0764880046,44520,5333.28341643307,96096,10800.0586109521,1,0,1,0,1,0,0.00158730158730159,0.00682960750753883,1.33333333333333,1.43421757658315,9.6,1.99892064892125,258.3716604,0,original_stable,0
sf_cf,fixed_payload,5,2.5,2,396,0.775,0.775,wide_neighbor_stable_validated,0.4,0.85,0,1,2,2,2,1,1,1,1,99,21.5132636487473,99,21.5132636487473,0,0,0,0,919.248780011712,644.949942611555,3.1601600624634,6.79961419348884,916.088619949248,640.698112969794,919.248780011712,644.949942611555,679.5,40.3050865276332,2820.3,5835.66448539957,5051.22,10531.9280223168,679.5,40.3050865276332,2820.3,5835.66448539957,5051.22,10531.9280223168,198.488385711497,14.1463947709409,0,0,150.319734530549,112.770745889294,0,0,171.280499707203,534.532611789517,0,0,396,0,0,0,99,21.5132636487473,99,21.5132636487473,198,43.0265272974946,198,43.0265272974946,NaN,NaN,0.039204,0.00851925240490393,0.090492,0.0570453203676353,0.034788,0.0113972885236932,0.055704,0.0474467889032626,-0.223740223740224,0.451844081193201,1,0,4.05196800181447e-17,1.74342111838645e-16,0.707236004990748,0.178771634680187,158.666666666667,133.64414627943,41.6666666666667,125.352585355351,1.43252651441213,1.3498298277513,6996,19534.5134569561,6996,19534.5134569561,16500,49639.6238007191,6996,19534.5134569561,16500,49639.6238007191,1,0,1,0,1,0,0,0,0.333333333333333,1.43421757658315,4.95,1.07566318243737,1.4752549,0,original_stable,0
sf_cb,fixed_payload,5,2.5,2,396,0.8,0.8,wide_neighbor_stable_validated,0.4,0.925,0,1,2,2,2,1,1,1,1,99,21.5132636487473,99,21.5132636487473,0,0,0,0,838.433242240875,53.6566929984879,3.25678313488191,8.46554972032894,835.176459105993,45.4505348378444,838.433242240875,53.6566929984879,726,34.1512473023708,1256.1,325.544233081015,3497.19,2054.63040275449,726,34.1512473023708,1256.1,325.544233081015,3497.19,2054.63040275449,107.901034550068,26.7101812219485,0,0,60.486043333984,20.7036292096533,13.0763224673043,19.1381285628692,59.713058754636,48.6532073284708,198,0,396,0,0,0,99,21.5132636487473,99,21.5132636487473,198,43.0265272974946,198,43.0265272974946,NaN,NaN,0.039204,0.00851925240490393,0.082968,0.017080262711905,0.043764,0.0092254523591404,0.039204,0.00851925240490393,-0.11030411030411,0.145668388585167,1,0,5.70405216990528e-17,2.45425556394763e-16,0.707236004990748,0.178771634680187,147,48.3610000391464,30,25.8159163784968,1.30158110482139,0.245723269335711,2838,2324.43620955871,2838,2324.43620955871,5940,5111.55144294236,2838,2324.43620955871,5940,5111.55144294236,1,0,1,0,1,0,0,0,0.333333333333333,1.43421757658315,4.95,1.07566318243737,1.6747889,0,original_stable,0
sb_cf,fixed_payload,5,2.5,2,396,0.00668740304976422,0.00668740304976422,wide_neighbor_stable_validated,0.002,0.0149534878122122,0,1,2,2,2,1,1,1,1,99,21.5132636487473,99,21.5132636487473,0,0,0,0,1902.46496193637,783.459267778345,3.90269373414015,12.311299586779,1898.56226820223,782.163652126251,1902.46496193637,783.459267778345,1375.5,366.742783474698,4705.5,3001.24961897283,9044.73,2887.74342610279,1375.5,366.742783474698,4705.5,3001.24961897283,9044.73,2887.74342610279,0,0,40.1389810657818,9.61665108533899,1414.10091743119,668.094401468467,2.79357798165138,6.05891885503135,45.5287917235995,105.783161938729,0,0,396,0,0,0,99,21.5132636487473,99,21.5132636487473,198,43.0265272974946,198,43.0265272974946,NaN,NaN,0.039204,0.00851925240490393,0.190014,0.119322541606934,0.146058,0.0993463909738972,0.043956,0.0204698566828247,-0.319791023219033,0.614819668806181,1,0,9.90948340106387e-17,2.30031640447039e-16,0.707236004990748,0.178771634680187,129.666666666667,54.782605844683,12,30.2208395862713,1.11497169627172,0.267129196814972,5016,13099.8415492472,3597,9521.56828549712,5016,13099.8415492472,3345,8440.86709909683,4752,11967.4524761634,1,0,1,0,1,0,0,0,0.333333333333333,1.43421757658315,4.95,1.07566318243737,28.6200956,0,original_stable,0
sb_cb,fixed_payload,5,2.5,2,396,0.85,0.85,wide_neighbor_stable_validated,0.6,1,0,1,2,2,2,1,1,1,1,99,21.5132636487473,99,21.5132636487473,0,0,0,0,698.01473745852,96.4976291436225,2.55787624438805,6.68058986478589,695.456861214132,93.4717125997776,698.01473745852,96.4976291436225,630,0,886.949999999999,414.57309413976,3136.89,5086.84685405408,630,0,886.949999999999,414.57309413976,3136.89,5086.84685405408,0,0,42.9217255514347,15.6898348069505,2.0340620730041,1.72905924481346,24.3206129221159,19.347901141684,32.1804606675776,75.6833158884725,198,0,396,0,0,0,99,21.5132636487473,99,21.5132636487473,198,43.0265272974946,198,43.0265272974946,NaN,NaN,0.039204,0.00851925240490393,0.069291,0.0239313022661502,0.030087,0.0156983327042176,0.039204,0.00851925240490393,-0.0881000881000882,0.193648846024674,1,0,0,0,0.707236004990748,0.178771634680187,137,71.6104132235758,20,48.9318381662163,1.19227015420652,0.435828744637513,360,880.773086991894,246,549.612310913513,360,880.773086991894,246,549.612310913513,360,880.773086991894,1,0,1,0,1,0,0,0,0.333333333333333,1.43421757658315,4.95,1.07566318243737,38.9651283,0,original_stable,0
s7_clean,fixed_payload,5,2.5,2,396,0.85,0.85,wide_neighbor_stable_validated,0.6,1,0,1,2,2,2,1,1,1,1,99,21.5132636487473,99,21.5132636487473,0,0,0,0,626.409428069491,22.4624409980174,2.3201249268007,6.22664116862191,624.08930314269,16.2675677561442,626.409428069491,22.4624409980174,594,0,825.9,478.551125795353,1293.21,353.612589903784,594,0,825.9,478.551125795353,1293.21,353.612589903784,0,0,36.7308217841109,1.9087399613674,1.91957837204763,1.10524936521928,24.1502049580324,7.1659223057826,3.28869802849893,8.58932982615329,162,0,396,0,0,0,99,21.5132636487473,99,21.5132636487473,198,43.0265272974946,198,43.0265272974946,NaN,NaN,0.039204,0.00851925240490393,0.062004,0.0131681736073704,0.0228,0.00493929728729782,0.039204,0.00851925240490393,-0.0695080695080696,0.177974694403455,1,0,3.97765160989139e-17,1.71144535572915e-16,0.707236004990748,0.178771634680187,119,26.8700576850888,2,4.96827542350066,1.02030060511419,0.0530205544824278,126,313.001351680542,63,156.500675840271,126,313.001351680542,63,156.500675840271,126,313.001351680542,1,0,1,0,1,0,0,0,0.333333333333333,1.43421757658315,4.95,1.07566318243737,31.3095089,0,original_stable,0
s7_busy,fixed_payload,5,2.5,2,396,0.775,0.775,wide_neighbor_stable_validated,0.4,0.925,0,1,2,2,2,1,1,1,1,99,21.5132636487473,99,21.5132636487473,0,0,0,0,1509.7393129026,498.064483876342,3.53113410111263,7.63757860554052,1506.20817880148,505.669775833872,1509.7393129026,498.064483876342,1114.5,401.549546708172,3801.15,1887.36386763288,5890.38,5012.21736778936,1114.5,401.549546708172,3801.15,1887.36386763288,5890.38,5012.21736778936,0,0,65.9543236384931,23.5220507087629,4.39693538942026,4.02228391797962,743.062463400351,372.39654483572,134.794456373219,105.849228189433,162,0,396,0,0,0,99,21.5132636487473,98.6666666666667,22.2650442113236,198,43.0265272974946,197.333333333333,44.5300884226471,NaN,NaN,0.039103,0.00874463862413231,0.1486,0.0356075311768847,0.109497,0.0366469208760068,0.039103,0.00874463862413231,-0.304060304060304,1.17307155248955,1,0,0.000750282284423768,0.00322820411915859,0.704569023571976,0.189802537951111,215.333333333333,27.6993422530854,81.3333333333333,53.1241624703546,1.8320645455137,0.653390297465635,73248,13265.0672009664,33810,6338.43837841175,73248,13265.0672009664,28497,5645.60507079485,61677,11816.5783216111,1,0,1,0,1,0,0.00354609929078014,0.0152576337934378,0.333333333333333,1.43421757658315,4.95,1.07566318243737,147.896284,0,original_stable,0
sf_cf,fixed_payload,5,1.66666666666667,3,594,0.775,0.775,wide_neighbor_stable_validated,0.4,0.85,0,1,2,2,2,1,1,1,1,77,13.1448212154569,77,13.1448212154569,0,0,0,0,1232.13608846344,450.161728311493,2.4,10.3263665513987,1229.73608846344,459.201468602714,1232.13608846344,450.161728311493,1035,102.453741907112,2739.74999999999,3319.90369768805,5305.89,9538.97084971636,1035,102.453741907112,2739.74999999999,3319.90369768805,5305.89,9538.97084971636,290.247275127909,55.0211550027414,0,0,248.106406997854,160.269121900223,0,0,97.3824063376795,319.773190785564,0,0,594,0,0,0,77,13.1448212154569,77,13.1448212154569,231,39.4344636463706,231,39.4344636463706,NaN,NaN,0.045738,0.00780802380198137,0.095352,0.0490800239843838,0.041694,0.0171220890664661,0.053658,0.0342045596960405,0.00586000586000588,0.124971867415653,1,0,5.87688247233209e-17,2.52861844119965e-16,0.702563699142604,0.106581947150931,106.333333333333,57.4224610351997,13.3333333333333,45.0809970641322,1.16394344501293,0.538338705026202,3762,9824.88116193543,3762,9824.88116193543,9108,26450.8725230524,3168,10044.0504547947,7920,26778.1122560945,1,0,1,0,1,0,0,0,0,0,3.85,0.657241060772843,1.1780823,0,original_stable,0
sf_cb,fixed_payload,5,1.66666666666667,3,594,0.8,0.8,wide_neighbor_stable_validated,0.4,0.925,0,1,2,2,2,1,1,1,1,77,13.1448212154569,77,13.1448212154569,0,0,0,0,967.715477801617,94.7496326470682,3.28,14.1127009535782,964.435477801617,106.126322370318,967.715477801617,94.7496326470682,915,12.9079581892484,1291.05,590.492532031197,2097.87,2047.44947637862,915,12.9079581892484,1291.05,590.492532031197,2097.87,2047.44947637862,113.709457006107,35.7849220181962,0,0,41.4825812840403,28.8189376709923,7.48341310447269,17.833560684681,9.76002640699785,31.0633304253229,198,0,594,0,0,0,77,13.1448212154569,77,13.1448212154569,231,39.4344636463706,231,39.4344636463706,NaN,NaN,0.045738,0.00780802380198137,0.074628,0.0195758410252575,0.02889,0.0120235188181011,0.045738,0.00780802380198137,-0.00147600147600148,0.0494918567268387,1,0,0,0,0.702563699142604,0.106581947150931,95,25.9351591210171,4,13.1448212154569,1.04929306266161,0.156885507198601,396,1301.33730033023,396,1301.33730033023,792,2602.67460066046,396,1301.33730033023,792,2602.67460066046,1,0,1,0,1,0,0,0,0,0,3.85,0.657241060772843,1.4630384,0,original_stable,0
sb_cf,fixed_payload,5,1.66666666666667,3,594,0.0105737126344056,0.0105737126344056,wide_neighbor_stable_validated,0.005,0.02,0,1,2,2,2,1,1,1,1,77,13.1448212154569,77,13.1448212154569,0,0,0,0,3447.51887770259,7965.42747343501,4.88,20.9969453211774,3442.63887770259,7975.53479559115,3447.51887770259,7965.42747343501,1284,287.473878411988,12236.7,34412.5154378014,32961.27,118372.440979973,1284,287.473878411988,12236.7,34412.5154378014,32961.27,118372.440979973,0,0,83.7709721076085,193.981527348967,1920.04011883149,4353.49660718665,56.6067469879518,231.278216211066,788.221039775541,3200.69520125796,0,0,594,0,0,0,77,13.1448212154569,77,13.1448212154569,231,39.4344636463706,231,39.4344636463706,NaN,NaN,0.045738,0.00780802380198137,0.276612,0.681687452741187,0.165732,0.408039630129043,0.11088,0.2739029078993,-0.276180384675706,1.08507439814861,1,0,0,0,0.702563699142604,0.106581947150931,202.666666666667,469.747310383503,109.666666666667,448.236017144458,2.32697144743357,5.38837575969354,66330,271363.264229959,37293,149980.991175549,66330,271363.264229959,36357,145954.158892441,65142,266252.194183808,1,0,1,0,1,0,0,0,0,0,3.85,0.657241060772843,22.6919909,0,original_stable,0
sb_cb,fixed_payload,5,1.66666666666667,3,594,0.9,0.9,wide_neighbor_stable_validated,0.6,1,0,1,2,2,2,1,1,1,1,77,13.1448212154569,77,13.1448212154569,0,0,0,0,895.11889750784,211.443960606132,2.08,8.94951767787888,893.03889750784,216.696320589074,895.11889750784,211.443960606132,828,0,908.55,307.854802813573,3301.89,8164.55136646033,828,0,908.55,307.854802813573,3301.89,8164.55136646033,0,0,42.5258293447764,27.0243919473574,0.837022610991913,1.15680838443285,27.439372833801,63.382757599061,30.2366727182703,129.038428137275,198,0,594,0,0,0,77,13.1448212154569,77,13.1448212154569,231,39.4344636463706,231,39.4344636463706,NaN,NaN,0.045738,0.00780802380198137,0.069213,0.0284267382987864,0.023475,0.0207622611596506,0.045738,0.00780802380198137,-0.010956010956011,0.0414272224561073,1,0,3.71220670973686e-17,1.59723363330435e-16,0.702563699142604,0.106581947150931,106,75.306666485073,15,62.4008273011123,1.1812730373549,0.75067755409326,270,1123.21489142002,189,774.800123108683,270,1123.21489142002,189,774.800123108683,270,1123.21489142002,1,0,1,0,1,0,0,0,0,0,3.85,0.657241060772843,31.9578045,0,original_stable,0
s7_clean,fixed_payload,5,1.66666666666667,3,594,0.85,0.85,wide_neighbor_stable_validated,0.6,1,0,1,2,2,2,1,1,1,1,77,13.1448212154569,77,13.1448212154569,0,0,0,0,832.480693183694,100.247464832255,1.92,8.26109324111897,830.560693183694,105.862701274646,832.480693183694,100.247464832255,792,0,863.1,236.218279921835,2158.41,3578.81163427836,792,0,863.1,236.218279921835,2158.41,3578.81163427836,0,0,37.7349397590361,7.46484329016774,1.62980029707873,0.682232568948832,27.3887242119162,66.2827745710547,7.80722891566265,33.5917948057548,162,0,594,0,0,0,77,13.1448212154569,77,13.1448212154569,231,39.4344636463706,231,39.4344636463706,NaN,NaN,0.045738,0.00780802380198137,0.064233,0.0186352519167303,0.018495,0.0109952848845452,0.045738,0.00780802380198137,-0.00494800494800497,0.0331423390584321,1,0,3.87626049042357e-17,1.66782027803409e-16,0.702563699142604,0.106581947150931,95,30.1185691082462,4,17.2106109189978,1.04819277108434,0.207356758060215,252,1084.26848789686,126,542.134243948432,252,1084.26848789686,126,542.134243948432,252,1084.26848789686,1,0,1,0,1,0,0,0,0,0,3.85,0.657241060772843,29.1909112,0,original_stable,0
s7_busy,fixed_payload,5,1.66666666666667,3,594,0.8,0.8,wide_neighbor_stable_validated,0.4,0.925,0,1,2,2,2,1,1,1,1,77,13.1448212154569,77,13.1448212154569,0,0,0,0,2301.97790394455,233.334296881055,8.6,37.0028134758454,2293.37790394455,262.714040849066,2301.97790394455,233.334296881055,1626,202.864486788595,6428.84999999999,4807.79039336556,10931.76,8746.89581645704,1626,202.864486788595,6428.84999999999,4807.79039336556,10931.76,8746.89581645704,0,0,81.2081729658359,26.2727677978249,5.16444957913847,1.06792345663505,1247.56850305331,128.519362224421,203.436778346262,118.227455090212,162,0,594,0,0,0,77,13.1448212154569,77,13.1448212154569,231,39.4344636463706,231,39.4344636463706,NaN,NaN,0.045738,0.00780802380198137,0.177537,0.047314946080656,0.131799,0.039685619788533,0.045738,0.00780802380198137,-0.135908135908136,1.48963193177508,1,0,4.63682580992481e-17,1.99506512284457e-16,0.702563699142604,0.106581947150931,194.333333333333,81.2709232318851,97.6666666666667,74.1228286845134,2.25578258238433,0.729799105495135,60648,6426.69855428837,27762,3107.76350451575,60648,6426.69855428837,23942.3333333333,3280.31333278599,52483.6666666667,6233.2665049665,1,0,1,0,1,0,0,0,0,0,3.85,0.657241060772843,110.1188412,0,original_stable,0
sf_cf,fixed_payload,5,1.25,4,792,0.6,0.6,wide_neighbor_stable_validated,0.2,0.8,0,1,2,2,2,1,1,1,1,53,8.9566858950296,53,8.9566858950296,0,0,0,0,1795.52238866397,515.190375614439,0,0,1795.52238866397,515.190375614439,1795.52238866397,515.190375614439,1434,236.958613718482,3983.4,2145.99570112122,5008.38,4056.63824206884,1434,236.958613718482,3983.4,2145.99570112122,5008.38,4056.63824206884,418.536153846154,65.0404539330929,0,0,536.076761133603,452.244669481772,0,0,48.9094736842105,108.115275231863,0,0,792,0,0,0,53,8.9566858950296,53,8.9566858950296,212,35.8267435801184,212,35.8267435801184,NaN,NaN,0.041976,0.00709369522886343,0.095514,0.041257475177233,0.050898,0.0297407956258997,0.044616,0.0115281291830695,0.0242440242440242,0.262881556690505,1,0,5.59477676096838e-17,2.40723815029195e-16,0.55057270312782,0.103471456869147,65,17.3889639822523,3.33333333333333,7.58916606719352,1.06175438596491,0.136509185898817,1584,3934.87413541252,1584,3934.87413541252,3168,7869.74827082504,1320,3005.30976260863,2640,6010.61952521727,1,0,1,0,1,0,0,0,0,0,2.65,0.44783429475148,1.0098697,0,original_stable,0
sf_cb,fixed_payload,5,1.25,4,792,0.9,0.9,wide_neighbor_stable_validated,0.6,1,0,1,2,2,2,1,1,1,1,53,8.9566858950296,53,8.9566858950296,0,0,0,0,1131.15089068826,65.3153992680946,0,0,1131.15089068826,65.3153992680946,1131.15089068826,65.3153992680946,1090.5,42.3215711501284,1475.7,775.123695339603,1890.24,1445.30243570201,1090.5,42.3215711501284,1475.7,775.123695339603,1890.24,1445.30243570201,115.680769230769,40.600349566461,0,0,16.206963562753,14.5006263306516,4.63157894736842,19.9280758009449,4.63157894736842,19.9280758009449,198,0,792,0,0,0,53,8.9566858950296,53,8.9566858950296,212,35.8267435801184,212,35.8267435801184,NaN,NaN,0.041976,0.00709369522886343,0.060006,0.0133874942964866,0.01803,0.00642179676510458,0.041976,0.00709369522886343,-0.0121280121280122,0.107319784607448,1,0,8.01234826235643e-17,3.44743521227313e-16,0.55057270312782,0.103471456869147,62.3333333333333,16.1628112417508,1.33333333333333,5.73687030633262,1.0233918128655,0.10064684747952,132,567.950160326929,132,567.950160326929,264,1135.90032065386,132,567.950160326929,264,1135.90032065386,1,0,1,0,1,0,0,0,0,0,2.65,0.44783429475148,1.2987927,0,original_stable,0
sb_cf,fixed_payload,5,1.25,4,792,0.00447213595499958,0.00447213595499958,wide_neighbor_stable_validated,0.00145421543344895,0.00650344912624236,0,1,2,2,2,1,1,1,1,53,8.9566858950296,53,8.9566858950296,0,0,0,0,3078.58,654.87217544675,0,0,3078.58,654.87217544675,3078.58,654.87217544675,2313,929.977853334318,8386.5,1008.53785329975,13401.99,8192.98326951786,2313,929.977853334318,8386.5,1008.53785329975,13401.99,8192.98326951786,0,0,39.1462348178138,1.39063936137634,2173.42712550607,609.922568154587,4.78947368421053,20.6074420214316,69.2171659919028,30.5940659502795,0,0,792,0,0,0,53,8.9566858950296,53.3333333333333,7.98538551144412,212,35.8267435801184,213.333333333333,31.9415420457765,NaN,NaN,0.04224,0.00632442532506374,0.165053333333333,0.0585121488360102,0.119117333333333,0.0501143791512486,0.045936,0.00857585935590758,-0.147996378329168,0.514188736128749,1,0,0.00872445121684959,0.0375382838437432,0.553231241778231,0.0924478472143448,68.6666666666667,20.684580050169,4.66666666666667,2.86843515316631,1.08739541160594,0.0386288711493429,6072,9297.74483823486,4413,7395.12234256732,6072,9297.74483823486,2964,2906.46978573399,3696,2271.80064130772,1,0,1,0,1,0,0.00666666666666667,0.0286843515316631,0,0,2.65,0.44783429475148,19.0389961,0,original_stable,0
sb_cb,fixed_payload,5,1.25,4,792,0.9,0.9,wide_neighbor_stable_validated,0.6,1,0,1,2,2,2,1,1,1,1,53,8.9566858950296,53,8.9566858950296,0,0,0,0,1072.85412955466,155.877257679431,0,0,1072.85412955466,155.877257679431,1072.85412955466,155.877257679431,1026,0,1359.3,1301.72582543921,2037.06,2830.03150330929,1026,0,1359.3,1301.72582543921,2037.06,2830.03150330929,0,0,38.9473684210526,12.6815027824195,1.14991902834008,2.29529879777814,29.4410526315789,85.4689460474477,13.3157894736842,57.2932179277165,198,0,792,0,0,0,53,8.9566858950296,53,8.9566858950296,212,35.8267435801184,212,35.8267435801184,NaN,NaN,0.041976,0.00709369522886343,0.056997,0.0177394797772999,0.015021,0.0109063921130261,0.041976,0.00709369522886343,-0.00138800138800142,0.126514768988299,1,0,4.33309847437334e-17,1.86438179790357e-16,0.55057270312782,0.103471456869147,65.6666666666667,29.63664090835,4.66666666666667,20.0790460721642,1.08187134502924,0.352263966178319,84,361.422829298955,48,206.527331027974,84,361.422829298955,48,206.527331027974,84,361.422829298955,1,0,1,0,1,0,0,0,0,0,2.65,0.44783429475148,28.4771083,0,original_stable,0
s7_clean,fixed_payload,5,1.25,4,792,0.85,0.85,wide_neighbor_stable_validated,0.6,1,0,1,2,2,2,1,1,1,1,53,8.9566858950296,53,8.9566858950296,0,0,0,0,1020.52910931174,87.0085067283024,0,0,1020.52910931174,87.0085067283024,1020.52910931174,87.0085067283024,990,0,1278.9,1185.00328918725,1576.47,1261.41205724744,990,0,1278.9,1185.00328918725,1576.47,1261.41205724744,0,0,36,0,1.59016194331984,0.954787011322333,28.9389473684211,86.7661004345325,0,0,162,0,792,0,0,0,53,8.9566858950296,53,8.9566858950296,212,35.8267435801184,212,35.8267435801184,NaN,NaN,0.041976,0.00709369522886343,0.054159,0.0134419140807344,0.012183,0.00661144560009964,0.041976,0.00709369522886343,-0.0095640095640096,0.135412335121792,1,0,0,0,0.55057270312782,0.103471456869147,61,11.3837491007903,0,0,1,0,0,0,0,0,0,0,0,0,0,0,1,0,1,0,1,0,0,0,0,0,2.65,0.44783429475148,23.855887,0,original_stable,0
s7_busy,fixed_payload,5,1.25,4,792,0.7,0.7,wide_neighbor_stable_validated,0.2,0.9,0,1,2,2,2,1,1,1,1,53,8.9566858950296,53,8.9566858950296,0,0,0,0,2472.03846153846,839.117857553465,0,0,2472.03846153846,839.117857553465,2472.03846153846,839.117857553465,1995,555.154760127577,5618.7,3168.36318503856,8136.39,5820.44407591696,1995,555.154760127577,5618.7,3168.36318503856,8136.39,5820.44407591696,0,0,64.8223481781376,21.272844954386,6.29291497975709,2.56078419396471,1317.22263157895,719.977803536064,129.700566801619,95.7278022947369,162,0,792,0,0,0,53,8.9566858950296,53.3333333333333,7.98538551144412,212,35.8267435801184,213.333333333333,31.9415420457765,NaN,NaN,0.0421313333333333,0.00662832059189549,0.131984333333333,0.0671761475530866,0.089853,0.0605687380407265,0.0421313333333333,0.00662832059189549,-0.156916156916157,0.553947025501165,1,0,0.00142030734719507,0.00611108928449208,0.553231241778231,0.0924478472143448,112,59.6193050820079,43,39.0412886854702,1.80062078272605,0.590912359844055,46494,2504.01081344433,21735,1364.34126116712,46494,2504.01081344433,18333,2046.51189175067,39228,5426.6106293963,1,0,1,0,1,0,0.00666666666666667,0.0286843515316631,0,0,2.65,0.44783429475148,93.0671084,0,original_stable,0
sf_cf,fixed_payload,5,1,5,990,0.775,0.775,wide_neighbor_stable_validated,0.4,0.925,0,1,2,2,2,1,1,1,1,35,17.3889639822523,35,17.3889639822523,0,0,0,0,1920.3199127907,887.834369022416,0,0,1920.3199127907,887.834369022416,1920.3199127907,887.834369022416,1557,117.774066624324,5409.3,10580.1903506942,6627,8940.66907666655,1557,117.774066624324,5409.3,10580.1903506942,6627,8940.66907666655,492.302470930233,110.874280108577,0,0,231.31976744186,301.657860024856,0,0,206.697674418605,700.626675625072,0,0,990,0,0,0,35,17.3889639822523,35,17.3889639822523,175,86.9448199112615,175,86.9448199112615,NaN,NaN,0.03465,0.0172150743424298,0.066498,0.0316678464959698,0.025248,0.0127018309461516,0.04125,0.0206248815381213,0.0443480443480444,0.345836143430972,1,0,6.63900982989105e-17,2.85653537674142e-16,0.497297654681621,0.195814871893497,49,15.1104197931357,6.66666666666667,20.684580050169,1.20878552971576,0.707703712752598,2640,7513.27440652158,2640,7513.27440652158,6600,20477.7342496674,2640,7513.27440652158,6600,20477.7342496674,1,0,1,0,1,0,0,0,0,0,1.75,0.869448199112615,0.8845716,0,original_stable,0
sf_cb,fixed_payload,5,1,5,990,0.9,0.9,wide_neighbor_stable_validated,0.6,1,0,1,2,2,2,1,1,1,1,35,17.3889639822523,35,17.3889639822523,0,0,0,0,1367.51235465116,265.664984894013,0,0,1367.51235465116,265.664984894013,1367.51235465116,265.664984894013,1297.5,39.2580222081081,1907.55,1941.45979068487,2640,3138.33319307705,1297.5,39.2580222081081,1907.55,1941.45979068487,2640,3138.33319307705,121.052470930233,51.8097855278978,0,0,12.2598837209302,18.8752942743,11,47.3291800272441,35.2,151.453376087181,198,0,990,0,0,0,35,17.3889639822523,35,17.3889639822523,175,86.9448199112615,175,86.9448199112615,NaN,NaN,0.03465,0.0172150743424298,0.047556,0.0188908353970913,0.012906,0.00631555409591759,0.03465,0.0172150743424298,0.0031080031080031,0.243256352553023,1,0,0,0,0.497297654681621,0.195814871893497,47.6666666666667,12.7476046574023,5.33333333333333,22.9474812253305,1.17777777777778,0.764916040844349,528,2271.80064130772,528,2271.80064130772,1056,4543.60128261543,528,2271.80064130772,1056,4543.60128261543,1,0,1,0,1,0,0,0,0,0,1.75,0.869448199112615,1.2356739,0,original_stable,0
sb_cf,fixed_payload,5,1,5,990,0.00447213595499958,0.00447213595499958,wide_neighbor_stable_validated,0.002,0.01,0,1,2,2,2,1,1,1,1,35,17.3889639822523,35,17.3889639822523,0,0,0,0,3919.89171511628,346.711607355881,0,0,3919.89171511628,346.711607355881,3919.89171511628,346.711607355881,2905.5,375.830004533555,10697.55,5191.51326682455,13011,5462.23246836506,2905.5,375.830004533555,10697.55,5191.51326682455,13011,5462.23246836506,0,0,40.65,10.0192698950956,2728.87921511628,298.990115964607,32.4875,79.0074607500245,127.875,275.529922115129,0,0,990,0,0,0,35,17.3889639822523,35,17.3889639822523,175,86.9448199112615,175,86.9448199112615,NaN,NaN,0.03465,0.0172150743424298,0.13689,0.06213096138988,0.09828,0.0532662765460185,0.03861,0.0088671190360793,-0.084424175889991,0.440391867884787,1,0,1.10860647251735e-16,2.64774427898563e-16,0.497297654681621,0.195814871893497,47.3333333333333,11.7395768159531,4,8.60530545949892,1.12916666666667,0.278313052641545,4950,11269.9116097824,3633,8183.55387347086,4950,11269.9116097824,2946,6339.22692447588,3960,8519.25240490393,1,0,1,0,1,0,0,0,0,0,1.75,0.869448199112615,16.4532982,0,original_stable,0
sb_cb,fixed_payload,5,1,5,990,0.9,0.9,wide_neighbor_stable_validated,0.6,1,0,1,2,2,2,1,1,1,1,35,17.3889639822523,35,17.3889639822523,0,0,0,0,1293.80436046512,213.558626078855,0,0,1293.80436046512,213.558626078855,1293.80436046512,213.558626078855,1224,0,1647.45,1722.46207047667,2508,2512.91127517926,1224,0,1647.45,1722.46207047667,2508,2512.91127517926,0,0,38.8,12.0474276432985,1.29883720930233,2.12008623387922,40.805523255814,96.5403153961086,24.9,107.136052970762,198,0,990,0,0,0,35,17.3889639822523,35,17.3889639822523,175,86.9448199112615,175,86.9448199112615,NaN,NaN,0.03465,0.0172150743424298,0.045054,0.0188328260104123,0.010074,0.00451828321719314,0.03498,0.0163748019365591,0.000664000664000663,0.237718321353064,1,0,5.83286587642039e-17,2.50967962854427e-16,0.497297654681621,0.195814871893497,44.6666666666667,9.40479358891743,2.33333333333333,10.0395230360821,1.07777777777778,0.334650767869403,366,1574.7708990883,336,1445.69131719582,366,1574.7708990883,336,1445.69131719582,366,1574.7708990883,1,0,1,0,1,0,0,0,0,0,1.75,0.869448199112615,27.8024754,0,original_stable,0
s7_clean,fixed_payload,5,1,5,990,0.9,0.9,wide_neighbor_stable_validated,0.6,1,0,1,2,2,2,1,1,1,1,35,17.3889639822523,35,17.3889639822523,0,0,0,0,1227.3273255814,90.3569452403332,0,0,1227.3273255814,90.3569452403332,1227.3273255814,90.3569452403332,1188,0,1404,890.649115058138,2034,1015.71770760308,1188,0,1404,890.649115058138,2034,1015.71770760308,0,0,36,0,0.975872093023256,1.13293148859606,38.3514534883721,90.3316984795589,0,0,162,0,990,0,0,0,35,17.3889639822523,35,17.3889639822523,175,86.9448199112615,175,86.9448199112615,NaN,NaN,0.03465,0.0172150743424298,0.042876,0.0199669174424558,0.008226,0.00355550405384709,0.03465,0.0172150743424298,0.0151480151480152,0.174237336638002,1,0,0,0,0.497297654681621,0.195814871893497,42.3333333333333,16.1628112417508,0,0,1,0,0,0,0,0,0,0,0,0,0,0,1,0,1,0,1,0,0,0,0,0,1.75,0.869448199112615,27.0387148,0,original_stable,0
s7_busy,fixed_payload,5,1,5,990,0.8,0.8,wide_neighbor_stable_validated,0.4,0.925,0,1,2,2,2,1,1,1,1,35,17.3889639822523,35,17.3889639822523,0,0,0,0,3646.43270348837,4076.74811410302,0,0,3646.43270348837,4076.74811410302,3646.43270348837,4076.74811410302,2284.5,304.15981376193,12426,29294.8369633495,14355,29790.02107831,2284.5,304.15981376193,12426,29294.8369633495,14355,29790.02107831,0,0,92.3843023255814,142.413453051929,5.1890988372093,3.12404230880704,2143.12994186046,3290.56330326588,253.729360465116,640.860538733679,162,0,990,0,0,0,35,17.3889639822523,35,17.3889639822523,175,86.9448199112615,175,86.9448199112615,NaN,NaN,0.03465,0.0172150743424298,0.123411,0.104354764585486,0.088761,0.108593872058304,0.03465,0.0172150743424298,-0.0806880806880807,0.806698654084669,1,0,0,0,0.497297654681621,0.195814871893497,98,95.469778634281,50.6666666666667,112.208622345945,2.56623062015504,3.95592925144246,39522,9783.90023692769,18186,4438.47983331785,39522,9783.90023692769,15057,5752.33131334257,32865,12777.9072139858,1,0,1,0,1,0,0,0,0,0,1.75,0.869448199112615,85.6770173,0,original_stable,0
sf_cf,fixed_payload,5,0.833333333333333,6,1188,0.8,0.8,wide_neighbor_stable_validated,0.4,0.925,0,1,2,2,2,1,1,1,1,36.6666666666667,12.7476046574023,36.6666666666667,12.7476046574023,0,0,0,0,2474.53265145555,1099.82758840624,0,0,2474.53265145555,1099.82758840624,2474.53265145555,1099.82758840624,2062.5,45.1778536623693,6570.75,11754.8517205744,7569,11384.5776449478,2062.5,45.1778536623693,6570.75,11754.8517205744,7569,11384.5776449478,635.38494347592,160.77633359443,0,0,377.65861940453,352.875036180561,0,0,273.489088575096,920.893051281026,0,0,1188,0,0,0,36.6666666666667,12.7476046574023,36.6666666666667,12.7476046574023,220,76.4856279444137,220,76.4856279444137,NaN,NaN,0.04356,0.0151441543329939,0.09189,0.068945365657833,0.037242,0.017755941623104,0.054648,0.0512006360777796,-0.136768136768137,0.506061674760499,1,0,0,0,0.510944508659522,0.201389013203416,54.3333333333333,49.7654899363403,9.33333333333333,31.9415420457765,1.23020967051776,0.775162501078305,6336,22345.7895672678,6336,22345.7895672678,12672,44691.5791345356,5544,18973.2759751912,11088,37946.5519503825,1,0,1,0,1,0,0,0,0,0,1.83333333333333,0.637380232870114,0.8868777,0,original_stable,0
sf_cb,fixed_payload,5,0.833333333333333,6,1188,0.9,0.9,wide_neighbor_stable_validated,0.6,1,0,1,2,2,2,1,1,1,1,36.6666666666667,12.7476046574023,36.6666666666667,12.7476046574023,0,0,0,0,1541.59836846246,135.70624063155,0,0,1541.59836846246,135.70624063155,1541.59836846246,135.70624063155,1488,34.1512473023708,1880.85,712.137153762695,2790,2790.89638205803,1488,34.1512473023708,1880.85,712.137153762695,2790,2790.89638205803,123.985382417491,74.8805783386542,0,0,18.734937264483,28.4203536721094,9.65853658536585,41.5573288044094,3.21951219512195,13.8524429348031,198,0,1188,0,0,0,36.6666666666667,12.7476046574023,36.6666666666667,12.7476046574023,220,76.4856279444137,220,76.4856279444137,NaN,NaN,0.04356,0.0151441543329939,0.056712,0.0243892001666564,0.013152,0.00925450193149258,0.04356,0.0151441543329939,-0.0878840878840879,0.442086932410216,1,0,1.10171763159094e-16,2.64977229089212e-16,0.510944508659522,0.201389013203416,44.3333333333333,15.178332134387,0.666666666666667,2.86843515316631,1.01626016260163,0.0699618330040564,66,283.975080163464,66,283.975080163464,132,567.950160326929,66,283.975080163464,132,567.950160326929,1,0,1,0,1,0,0,0,0,0,1.83333333333333,0.637380232870114,1.2372936,0,original_stable,0
sb_cf,fixed_payload,5,0.833333333333333,6,1188,0.00330718220152507,0.00330718220152507,wide_neighbor_stable_validated,0.002,0.00447213595499958,0,2,2,2,2,1,1,1,1,36.6666666666667,12.7476046574023,36.6666666666667,12.7476046574023,0,0,0,0,4456.82007536544,2337.71587404976,15.5526315789474,66.9175727179456,4441.26744378649,2328.82166710463,4456.82007536544,2337.71587404976,3496.5,1609.8376769581,12367.8,13537.113502175,16602,12878.4167923283,3496.5,1609.8376769581,12367.8,13537.113502175,16602,12878.4167923283,0,0,38.3414634146341,10.0745039525841,3117.1217441716,2023.65178339649,20.5359435173299,44.2749789501889,77.2682926829268,332.458630435275,0,0,1188,0,0,0,36.6666666666667,12.7476046574023,36.6666666666667,12.7476046574023,220,76.4856279444137,220,76.4856279444137,NaN,NaN,0.04356,0.0151441543329939,0.166626,0.13890556261332,0.119898,0.113273954589339,0.046728,0.0267781122560945,-0.238863817393415,0.97350313435449,1,0,4.25138247336778e-17,1.82922224042449e-16,0.510944508659522,0.201389013203416,54.3333333333333,57.583433831718,2.66666666666667,11.4737406126652,1.0650406504065,0.279847332016225,12672,54523.2153913852,7914,34051.1937032372,12672,54523.2153913852,2349,10106.9312621815,3168,13630.8038478463,1,0,1,0,1,0,0,0,0,0,1.83333333333333,0.637380232870114,21.3169549,0,original_stable,0
sb_cb,fixed_payload,5,0.833333333333333,6,1188,0.9,0.9,wide_neighbor_stable_validated,0.6,1,0,1,2,2,2,1,1,1,1,36.6666666666667,12.7476046574023,36.6666666666667,12.7476046574023,0,0,0,0,1485.50983477577,168.660875178599,0,0,1485.50983477577,168.660875178599,1485.50983477577,168.660875178599,1422,0,1978.2,1421.02022721487,2823,3777.66783977791,1422,0,1978.2,1421.02022721487,2823,3777.66783977791,0,0,39.8048780487805,16.3710689229492,1.34937264483001,1.110154485588,39.6238767650834,86.9290386387663,18.7317073170732,80.5960316206728,198,0,1188,0,0,0,36.6666666666667,12.7476046574023,36.6666666666667,12.7476046574023,220,76.4856279444137,220,76.4856279444137,NaN,NaN,0.04356,0.0151441543329939,0.054687,0.0247214898822866,0.011127,0.00978921201354602,0.04356,0.0151441543329939,-0.077016077016077,0.384716654394812,1,0,1.24871543355619e-16,2.7878146214438e-16,0.510944508659522,0.201389013203416,48,30.5255952572913,4.33333333333333,18.644828495581,1.10569105691057,0.454751914526366,78,335.606912920458,48,206.527331027974,78,335.606912920458,48,206.527331027974,78,335.606912920458,1,0,1,0,1,0,0,0,0,0,1.83333333333333,0.637380232870114,27.4087979,0,original_stable,0
s7_clean,fixed_payload,5,0.833333333333333,6,1188,0.8,0.8,wide_neighbor_stable_validated,0.6,1,0,1,2,2,2,1,1,1,1,36.6666666666667,12.7476046574023,36.6666666666667,12.7476046574023,0,0,0,0,1428.18305105801,88.2259779802767,0,0,1428.18305105801,88.2259779802767,1428.18305105801,88.2259779802767,1386,0,1732.35,727.452774835165,2319,2069.02128479218,1386,0,1732.35,727.452774835165,2319,2069.02128479218,0,0,36,0,2.67855811834859,0.944305536571977,39.5044929396662,87.6144479704051,0,0,162,0,1188,0,0,0,36.6666666666667,12.7476046574023,36.6666666666667,12.7476046574023,220,76.4856279444137,220,76.4856279444137,NaN,NaN,0.04356,0.0151441543329939,0.052488,0.0212588898726012,0.008928,0.00611473563174679,0.04356,0.0151441543329939,-0.0801080801080801,0.368757352573844,1,0,4.22760438419284e-17,1.81899135439481e-16,0.510944508659522,0.201389013203416,43.6666666666667,12.5032189587515,0,0,1,0,0,0,0,0,0,0,0,0,0,0,1,0,1,0,1,0,0,0,0,0,1.83333333333333,0.637380232870114,24.9899219,0,original_stable,0
s7_busy,fixed_payload,5,0.833333333333333,6,1188,0.775,0.775,wide_neighbor_stable_validated,0.4,0.925,0,1,2,2,2,1,1,1,1,36.6666666666667,12.7476046574023,36.6666666666667,12.7476046574023,0,0,0,0,3337.22390161083,1040.00074742492,13.9736842105263,60.123910513078,3323.25021740031,1046.270802256,3337.22390161083,1040.00074742492,2584.5,330.542037359151,8049.45,5763.45482578341,11805,7796.31057715023,2584.5,330.542037359151,8049.45,5763.45482578341,11805,7796.31057715023,0,0,65.1674189407429,16.4053212336497,3.84879291067953,4.30898496296051,1772.98062031554,955.819860166565,131.253385233343,73.8239455514238,162,0,1188,0,0,0,36.6666666666667,12.7476046574023,36.6666666666667,12.7476046574023,220,76.4856279444137,220,76.4856279444137,NaN,NaN,0.04356,0.0151441543329939,0.123732,0.0790942887522908,0.080172,0.0642551261241526,0.04356,0.0151441543329939,-0.257532257532258,1.21885355781408,1,0,0,0,0.510944508659522,0.201389013203416,77.6666666666667,50.0128758350062,30.3333333333333,26.3287348576091,1.8102060816873,0.455703367601381,34902,1763.67304662304,16191,542.134243948432,34902,1763.67304662304,13755,478.117462233192,29652,1420.05140752016,1,0,1,0,1,0,0,0,0,0,1.83333333333333,0.637380232870114,78.8745818,0,original_stable,0
sf_cf,fixed_payload,10,10,1,198,0.4,0.4,wide_neighbor_stable_validated,0.2,0.6,0,1,2,2,2,1,1,1,1,384.333333333333,17.9706947263001,384.333333333333,17.9706947263001,0,0,0,0,692.923561110513,149.410041159204,0.917059662206624,3.84641708778686,692.006501448306,149.680984924881,692.923561110513,149.410041159204,540,59.1516954695558,1752.6,657.931177134929,2596.41,1027.19705681193,540,59.1516954695558,1752.6,657.931177134929,2596.41,1027.19705681193,97.2477735499881,1.38095099233505,0,0,365.96412291628,118.394232827806,0,0,30.7946049820378,36.8045669264969,0,0,198,0,0,0,384.333333333333,17.9706947263001,384,17.9133717900592,384.333333333333,17.9706947263001,384,17.9133717900592,NaN,NaN,0.0760653333333333,0.00357241229359681,0.266287333333333,0.061319893387591,0.178342,0.0469831618026539,0.0879453333333333,0.0174095469581419,-0.0515400515400516,0.396850759222348,1,0,0.000682179252870755,0.00179658214835667,0.906377238649101,0.0282265104427891,524,94.9512695530901,60,73.5237620755602,1.15552830799009,0.185881651143924,6402,7529.35706725042,6402,7529.35706725042,12936,15626.3722646635,5874,6996.39911778799,11880,14557.7048909609,1,0,1,0,1,0,0.00257511108755378,0.00640242383455229,3,0,19.2166666666667,0.898534736315005,3.570492,0,original_stable,0
sf_cb,fixed_payload,10,10,1,198,0.45,0.45,wide_neighbor_stable_validated,0.2,0.5,0,2,2,2,2,1,1,1,1,384.333333333333,17.9706947263001,384.333333333333,17.9706947263001,0,0,0,0,856.459118901509,139.886853853712,4.70096284024763,3.13957446625988,851.758156061261,137.113264087843,856.459118901509,139.886853853712,708,78.5160444162161,1817.55,428.044806694885,2747.25,1349.4742105838,708,78.5160444162161,1817.55,428.044806694885,2747.25,1349.4742105838,110.949776100383,0.605767915645016,0,0,275.70317744894,94.5571771940921,32.4198277821039,14.6148475348502,36.6853747298347,27.4718892458492,198,0,198,0,0,0,384.333333333333,17.9706947263001,384.666666666667,16.9091758498227,384.333333333333,17.9706947263001,384.666666666667,16.9091758498227,NaN,NaN,0.076164,0.00334801681826489,0.329964,0.0662443133057505,0.2538,0.0637126272097283,0.076164,0.00334801681826489,-0.143784143784144,0.483747381057566,1,0,0.00364307755039416,0.00446697165470058,0.905879336622074,0.0349857219026409,540.333333333333,94.1463067014689,71.3333333333333,55.3429607524146,1.1852796703527,0.138746915383077,7656,7065.21781470541,7656,7065.21781470541,16170,15634.111285657,6666,4852.56829698697,14124,10957.9062289781,1,0,1,0,1,0,0.00260252938103919,0.00012299820453919,3,0,19.2166666666667,0.898534736315005,4.2871514,0,original_stable,0
sb_cf,fixed_payload,10,10,1,198,0.00447213595499958,0.00447213595499958,wide_neighbor_stable_validated,0.002,0.01,0,1,2,2,2,1,1,1,1,384.333333333333,17.9706947263001,384.333333333333,17.9706947263001,0,0,0,0,2741.6987162318,277.267510699727,50.5252986268016,46.3504725243982,2691.173417605,323.542103106848,2741.6987162318,277.267510699727,1968,284.85380865927,7524.15,1184.88957080397,11999.49,3702.42061325165,1968,284.85380865927,7524.15,1184.88957080397,11999.49,3702.42061325165,0,0,42.4764481792843,3.17900637114742,2403.51800254137,294.849974366241,11.5585018982763,12.1812595730365,35.6204649860639,17.4845350413108,0,0,198,0,0,0,384.333333333333,17.9706947263001,385.333333333333,14.1254049686041,384.333333333333,17.9706947263001,385.333333333333,14.1254049686041,NaN,NaN,0.0762623333333333,0.00293680380463091,1.05803,0.107369743784546,0.967775666666667,0.102152438849888,0.0902543333333333,0.00546641394402284,-0.645948368613555,2.20661382656672,1,0,0.00671582142485598,0.0119347293240919,0.905679544202625,0.0346328206801753,541.666666666667,27.6993422530854,69,31.1261563132618,1.17990133831345,0.088305732531873,16434,5182.05893147026,12021,3778.46165278125,16434,5182.05893147026,10146,5023.98228500061,13992,6909.41190862702,1,0,1,0,1,0,0.00437557902642926,0.00775154386474876,3,0,19.2166666666667,0.898534736315005,48.7408255,0,original_stable,0
sb_cb,fixed_payload,10,10,1,198,0.4,0.4,wide_neighbor_stable_validated,0.1,0.8,0,1,2,2,2,1,1,1,1,384.333333333333,17.9706947263001,384.333333333333,17.9706947263001,0,0,0,0,527.22654446049,70.8761092830377,1.38112118688365,3.00223895091114,525.845423273606,71.9198136808398,527.22654446049,70.8761092830377,444,12.9079581892484,914.4,396.051412746453,1874.28,1297.97177489758,444,12.9079581892484,914.4,396.051412746453,1874.28,1297.97177489758,0,0,42.165862208767,7.30988474863272,16.4315810670833,3.46412439125158,42.8269706916064,24.4710134199896,28.4210093061494,37.2840880057905,198,0,198,0,0,0,384.333333333333,17.9706947263001,385,17.9133717900592,384.333333333333,17.9706947263001,385,17.9133717900592,NaN,NaN,0.0761816666666667,0.00347122966298967,0.202859,0.0330766400847962,0.125687333333333,0.0298472558850717,0.0771716666666667,0.00408324640688916,-0.0713280713280715,0.362116763866256,1,0,0.00121827084949715,0.00222811449532406,0.906359617421509,0.0329279979939713,529,105.597769336709,66,80.0725098745308,1.17127395024353,0.203052354128687,2220,2628.02985581917,1944,2135.55526917294,2220,2628.02985581917,1812,1720.39405146254,2082,2187.05154524041,1,0,1,0,1,0,0.00345942741017372,0.00361988857333325,3,0,19.2166666666667,0.898534736315005,80.917107,0,original_stable,0
s7_clean,fixed_payload,10,10,1,198,0.7,0.7,wide_neighbor_stable_validated,0.2,0.9,0,1,2,2,2,1,1,1,1,384.333333333333,17.9706947263001,384.333333333333,17.9706947263001,0,0,0,0,451.007531784075,36.6945514374219,0.794842654237416,1.27973912751629,450.212689129838,37.6169520715845,451.007531784075,36.6945514374219,396,0,708.45,34.8932933824952,1446.48,1681.29704694368,396,0,708.45,34.8932933824952,1446.48,1681.29704694368,0,0,38.2004335050701,3.91413287577906,3.60394578141714,0.492129190457389,38.5063590705354,16.3093142844099,9.90195077281526,17.6135979410058,162,0,198,0,0,0,384.333333333333,17.9706947263001,384.666666666667,16.9091758498227,384.333333333333,17.9706947263001,384.666666666667,16.9091758498227,NaN,NaN,0.0761913333333333,0.00350855967315036,0.173522666666667,0.0209222437522755,0.0973313333333333,0.0178020188259423,0.0761913333333333,0.00350855967315036,-0.0475440475440476,0.265596703464383,1,0,0.000955175372381591,0.00185658183478971,0.907133587275615,0.0296145536975205,483,56.9187455039514,23.6666666666667,42.6182283807456,1.06112315291861,0.108725913216085,1533,2544.43982047129,756,1281.01324078907,1533,2544.43982047129,735,1349.29845019266,1491,2684.94838798697,1,0,1,0,1,0,0.00260252938103919,0.00012299820453919,3,0,19.2166666666667,0.898534736315005,59.2730698,0,original_stable,0
s7_busy,fixed_payload,10,10,1,198,0.45,0.45,wide_neighbor_stable_validated,0.1,0.7125,0,1,2,2,2,1,1,1,1,384.333333333333,17.9706947263001,384.333333333333,17.9706947263001,0,0,0,0,1573.87851285432,179.119050375869,12.5492424797753,10.8227131313593,1561.32927037454,189.895368833236,1573.87851285432,179.119050375869,1144.5,240.361986627221,4436.7,304.003653824196,6881.25,496.231020377218,1144.5,240.361986627221,4436.7,304.003653824196,6881.25,496.231020377218,0,0,75.6331494357611,13.0158905505695,22.6437990815647,1.9102555658613,924.70314939629,116.904545976698,178.349172460925,58.571507477563,162,0,198,0,0,0,384.333333333333,17.9706947263001,385,17.9133717900592,384.333333333333,17.9706947263001,385,17.9133717900592,NaN,NaN,0.07623,0.00354684761443172,0.606998333333333,0.0899588848865012,0.530768333333333,0.087351956770076,0.07623,0.00354684761443172,-0.342744342744343,1.25602319698099,1,0,0.00388282344107695,0.0090091213806117,0.905944659265835,0.0347057912175589,944.333333333333,196.063365534827,423.333333333333,147.473557434715,2.10092081766003,0.361552515293599,138810,11956.0097730099,62832,5298.72862835256,138810,11956.0097730099,53678.3333333333,4660.41536854896,118783,10300.0662606781,1,0,1,0,1,0,0.00345942741017372,0.00361988857333325,3,0,19.2166666666667,0.898534736315005,489.554304,0,original_stable,0
sf_cf,fixed_payload,10,5,2,396,0.5875,0.5875,wide_neighbor_stable_validated,0.4,0.625,0,2,2,2,2,1,1,1,1,192,39.978412978425,192,39.978412978425,0,0,0,0,1044.16102573076,184.596052390013,7.59960650588321,16.5149345537827,1036.56141922488,168.207207285443,1044.16102573076,184.596052390013,790.5,101.432243394297,2706.9,1460.53589690697,4774.74,1927.76311999963,790.5,101.432243394297,2706.9,1460.53589690697,4774.74,1927.76311999963,187.238307633871,26.9878159106558,0,0,346.071564715272,48.4854339939914,0,0,107.251546875734,143.067868849474,0,0,396,0,0,0,192,39.978412978425,191.666666666667,40.9945448389503,384,79.9568259568501,383.333333333333,81.9890896779006,NaN,NaN,0.07594,0.0161108509508025,0.200161,0.0452332908823941,0.103761,0.0184741293247528,0.0964,0.0295813655411992,-0.112152112152112,0.620923816622212,1,0,0.000513541875990798,0.00220959235457247,0.825433585583104,0.138474473130842,285.333333333333,49.7654899363403,51.6666666666667,66.2074353938022,1.27083723958519,0.361282497094632,10164,8191.09369986694,10164,8191.09369986694,22308,22003.9461076347,9240,10048.0640615302,20460,26218.1444159457,1,0,1,0,1,0,0.00186219739292365,0.00801238869599527,1.33333333333333,1.43421757658315,9.6,1.99892064892125,2.1332044,0,original_stable,0
sf_cb,fixed_payload,10,5,2,396,NaN,0.7125,validation_failed,0.675,0.7375,0,1,2,2,5,5,0,NaN,0,NaN,NaN,NaN,NaN,NaN,NaN,NaN,NaN,NaN,NaN,NaN,NaN,NaN,NaN,NaN,NaN,NaN,NaN,NaN,NaN,NaN,NaN,NaN,NaN,NaN,NaN,NaN,NaN,NaN,NaN,NaN,NaN,NaN,NaN,NaN,NaN,NaN,NaN,NaN,NaN,NaN,NaN,NaN,NaN,NaN,NaN,NaN,NaN,NaN,NaN,NaN,NaN,NaN,NaN,NaN,NaN,NaN,NaN,NaN,NaN,NaN,NaN,NaN,NaN,NaN,NaN,NaN,NaN,NaN,NaN,NaN,NaN,NaN,NaN,NaN,NaN,NaN,NaN,NaN,NaN,NaN,NaN,NaN,NaN,NaN,NaN,NaN,NaN,NaN,NaN,NaN,NaN,NaN,NaN,NaN,NaN,NaN,NaN,35.9606478,0,original_stable,0
sb_cf,fixed_payload,10,5,2,396,0.00307529122036138,0.00307529122036138,wide_neighbor_stable_validated,0.001,0.005,0,1,2,2,2,1,1,1,1,192,39.978412978425,192,39.978412978425,0,0,0,0,4286.03364545412,930.020692207689,80.9288688964667,119.295623837312,4205.10477655765,955.141850569331,4286.03364545412,930.020692207689,3066,1347.63039899955,12344.4,1797.3722290097,20512.65,11950.3598989519,3066,1347.63039899955,12344.4,1797.3722290097,20512.65,11950.3598989519,0,0,44.6288172556986,1.33009397130119,3640.34836520693,1001.92958028715,29.2106042823427,35.9605891159203,94.9169898126848,14.631033684313,0,0,396,0,0,0,192,39.978412978425,192.333333333333,38.5108117427122,384,79.9568259568501,384.666666666667,77.0216234854244,NaN,NaN,0.0760343333333333,0.0146999483157027,0.818076333333333,0.280686407014616,0.723694,0.267502503144675,0.0943823333333333,0.0176160089799525,-0.351276341425973,3.88504083028623,1,0,0.00728203463995275,0.0028345718449436,0.825060811610557,0.135234611557667,280,13.1448212154569,46,10.8281052473581,1.23968936821385,0.0369470547583661,20196,1703.85048098079,14562,1554.75271345639,20196,1703.85048098079,13077,4713.24332231899,18348,3724.2982612113,1,0,1,0,1,0,0.0055069259801432,0.0138820968597831,1.33333333333333,1.43421757658315,9.6,1.99892064892125,41.7734048,0,original_stable,0
sb_cb,fixed_payload,10,5,2,396,0.45,0.45,wide_neighbor_stable_validated,0.1,0.8,0,1,2,2,2,1,1,1,1,192,39.978412978425,192,39.978412978425,0,0,0,0,725.210369978362,140.375132118362,7.16202397668057,5.92738729441808,718.048346001682,134.468056045466,725.210369978362,140.375132118362,639,0,1075.95,524.355913698672,2420.07,2963.46918072253,639,0,1075.95,524.355913698672,2420.07,2963.46918072253,0,0,40.0790556141197,8.92664985309862,12.9465880816522,3.32598420530148,50.5872451570776,83.8183965244079,20.4354571488321,41.6592806076302,198,0,396,0,0,0,192,39.978412978425,192,39.978412978425,384,79.9568259568501,384,79.9568259568501,NaN,NaN,0.0759543333333333,0.0160669995094438,0.138744333333333,0.021770084404523,0.062262,0.0208151662200721,0.0764823333333333,0.0147267981238305,-0.0175920175920176,0.384165457389896,1,0,0.000601237568832699,0.00258691646676594,0.826005138297928,0.137587497581622,253.333333333333,49.0158413837068,21,46.006874254099,1.11330710039221,0.247962495919406,1056,2161.3025986837,915,1852.59555966549,1056,2161.3025986837,747,1630.23985965256,870,1835.65507066593,1,0,1,0,1,0,0,0,1.33333333333333,1.43421757658315,9.6,1.99892064892125,57.9792962,0,original_stable,0
s7_clean,fixed_payload,10,5,2,396,0.7,0.7,wide_neighbor_stable_validated,0.4,0.925,0,1,2,2,2,1,1,1,1,192,39.978412978425,192,39.978412978425,0,0,0,0,641.002681478889,42.3995982496455,3.85947266666951,7.55849257097541,637.14320881222,46.4016687459645,641.002681478889,42.3995982496455,594,0,903.899999999999,302.1461866,1397.19,487.792047385264,594,0,903.899999999999,302.1461866,1397.19,487.792047385264,0,0,36.1283422459893,0.552212115048056,4.16531106094037,0.558053419577333,38.2720153983381,43.8227301088897,0.577540106951872,2.48495451771627,162,0,396,0,0,0,192,39.978412978425,191.666666666667,40.9945448389503,384,79.9568259568501,383.333333333333,81.9890896779006,NaN,NaN,0.075952,0.0160741301443479,0.122839,0.0192509093025332,0.046887,0.00519498413412842,0.075952,0.0160741301443479,-0.020936020936021,0.348360397096302,1,0,0.000694480615309872,0.00298810891522062,0.825433585583104,0.138474473130842,230.333333333333,16.1628112417508,0.666666666666667,2.86843515316631,1.00356506238859,0.0153392254180017,84,361.422829298955,42,180.711414649477,84,361.422829298955,21,90.3557073247387,42,180.711414649477,1,0,1,0,1,0,0.00186219739292365,0.00801238869599527,1.33333333333333,1.43421757658315,9.6,1.99892064892125,45.7110626,0,original_stable,0
s7_busy,fixed_payload,10,5,2,396,0.6,0.6,wide_neighbor_stable_validated,0.2,0.9,0,1,2,2,2,1,1,1,1,192,39.978412978425,192,39.978412978425,0,0,0,0,1824.67592217181,264.595139824594,18.6350081728984,29.6510986093385,1806.04091399892,255.692039360692,1824.67592217181,264.595139824594,1360.5,109.717644608611,4878.3,1014.34152930703,7093.74,2211.97073260649,1360.5,109.717644608611,4878.3,1014.34152930703,7093.74,2211.97073260649,0,0,70.8639133459377,11.8083126749117,11.8166424111544,4.06829482095595,1008.4727481851,208.395669970261,156.887610056719,53.1374070371026,162,0,396,0,0,0,192,39.978412978425,191.333333333333,38.9885657867568,384,79.9568259568501,382.666666666667,77.9771315735135,NaN,NaN,0.075768,0.0154394720515557,0.347531666666667,0.0246415655687887,0.271763666666667,0.0134183071743235,0.075768,0.0154394720515557,-0.0919760919760921,1.17910152626361,1,0,0.00545776612649418,0.0153104103818283,0.826560540729277,0.131452984664314,453.333333333333,44.8063894507528,184.666666666667,35.2479212779414,1.96844203738716,0.328008685414213,87549,4872.51058332513,40194,1923.11250120935,87549,4872.51058332513,33558,2042.51869401105,73080,4886.73203685244,1,0,1,0,1,0,0.00336983278159749,0.00728601765546793,1.33333333333333,1.43421757658315,9.6,1.99892064892125,216.7492263,0,original_stable,0
sf_cf,fixed_payload,10,3.33333333333333,3,594,0.5,0.5,wide_neighbor_stable_validated,0.2,0.7,0,1,2,2,2,1,1,1,1,131.666666666667,24.5079206918534,131.666666666667,24.5079206918534,0,0,0,0,1646.26320092506,298.664846547098,3.16362314850504,1.31910730064438,1643.09957777655,297.39694107719,1646.26320092506,298.664846547098,1212,148.8618357869,3747.15,769.35220802959,8903.52,12562.0195162065,1212,148.8618357869,3747.15,769.35220802959,8903.52,12562.0195162065,279.037816419801,43.6173869130202,0,0,715.441628104179,251.678238102484,0,0,54.6201332525742,53.7682885190026,0,0,594,0,0,0,131.666666666667,24.5079206918534,132.666666666667,22.2650442113236,395,73.5237620755602,398,66.7951326339707,NaN,NaN,0.0785266666666667,0.0138211817529628,0.218251,0.0781414148061994,0.132398333333333,0.0559660840873655,0.0858526666666667,0.022332918245409,0.151332151332151,0.383158183603178,1,0,0.00378856916313235,0.0143920138890291,0.775560702191354,0.0604997432377576,182.666666666667,62.3678546027461,12.3333333333333,14.5557186654918,1.09195308628379,0.0905190042407451,6138,7426.91206149842,6138,7426.91206149842,12474,15546.1767944108,3564,3904.01190099068,7326,8646.09688730211,1,0,1,0,1,0,0.00795800524934383,0.0198739231002068,1,0,6.58333333333333,1.22539603459267,1.5596903,0,original_stable,0
sf_cb,fixed_payload,10,3.33333333333333,3,594,0.775,0.775,wide_neighbor_stable_validated,0.4,0.925,0,1,2,2,2,1,1,1,1,131.666666666667,24.5079206918534,131.666666666667,24.5079206918534,0,0,0,0,985.78023544959,36.3841448781961,4.33591630416827,7.16257746303179,981.444319145422,29.4445102263091,985.78023544959,36.3841448781961,927,22.357239405753,1383.15,172.082980877518,2080.11,820.927397698679,927,22.357239405753,1383.15,172.082980877518,2080.11,820.927397698679,107.755180441606,6.5467277485419,0,0,64.252317383404,5.29007526795245,9.05534100545124,1.619143649283,8.38148031496063,18.0330031353055,198,0,594,0,0,0,131.666666666667,24.5079206918534,132,23.6971634495683,395,73.5237620755602,396,71.0914903487049,NaN,NaN,0.0785073333333333,0.0138873335003264,0.130055666666667,0.0184371449744562,0.0515483333333333,0.0045885959611396,0.0785073333333333,0.0138873335003264,0.126892126892127,0.155042775282071,1,0,0.00283894207680935,0.00771118643612385,0.77504587763787,0.047236146695908,169.666666666667,33.7269917352552,5.33333333333333,11.4737406126652,1.04233070866142,0.091075773410634,792,491.859266926565,792,491.859266926565,1584,983.718533853131,528,1135.90032065386,1056,2271.80064130772,1,0,1,0,1,0,0.00266666666666667,0.0114737406126652,1,0,6.58333333333333,1.22539603459267,1.6809983,0,original_stable,0
sb_cf,fixed_payload,10,3.33333333333333,3,594,0.00307529122036138,0.00307529122036138,wide_neighbor_stable_validated,0.001,0.005,0,1,2,2,2,1,1,1,1,131.666666666667,24.5079206918534,131.666666666667,24.5079206918534,0,0,0,0,4426.02376961621,1370.31650842801,49.1558495677551,79.6630494449693,4376.86792004846,1329.76480316804,4426.02376961621,1370.31650842801,3225,1019.97375531847,11351.25,5897.80002820477,19789.32,4264.08140320078,3225,1019.97375531847,11351.25,5897.80002820477,19789.32,4264.08140320078,0,0,44.3669119541875,10.2785621735058,3575.07143483288,1178.88126029569,25.3755260172898,32.1256014387656,138.054047244095,169.596275862846,0,0,594,0,0,0,131.666666666667,24.5079206918534,132,23.9561565343324,395,73.5237620755602,396,71.8684696029971,NaN,NaN,0.0783413333333333,0.0143354939107035,0.577365333333333,0.309123144440571,0.481798,0.266038768182801,0.0955673333333333,0.0447420104063538,0.358788554159406,1.31582839632193,1,0,0.0244542417413853,0.0840943073861455,0.776946068857584,0.0648130119797814,199.666666666667,82.1770377116717,31.3333333333333,44.7374741736901,1.23241422094965,0.285515615930716,22572,27328.0833069348,15450,16085.9107534895,22572,27328.0833069348,11550,19104.2621623875,17226,30491.3076844482,1,0,1,0,1,0,0.013249343832021,0.0302904490860968,1,0,6.58333333333333,1.22539603459267,34.6344948,0,original_stable,0
sb_cb,fixed_payload,10,3.33333333333333,3,594,0.6,0.6,wide_neighbor_stable_validated,0.2,0.9,0,1,2,2,2,1,1,1,1,131.666666666667,24.5079206918534,131.666666666667,24.5079206918534,0,0,0,0,874.725705853202,53.8279669879937,2.68970078740157,5.79786512797912,872.0360050658,51.8004083423791,874.725705853202,53.8279669879937,828,0,1095.15,177.498505952542,1977.45,2206.07834957803,828,0,1095.15,177.498505952542,1977.45,2206.07834957803,0,0,38.0984042728925,7.87738592777045,6.49994163316998,0.920285368224908,25.8395066350972,8.75795673914676,9.59815252464071,38.5318029904071,198,0,594,0,0,0,131.666666666667,24.5079206918534,132.666666666667,22.2650442113236,395,73.5237620755602,398,66.7951326339707,NaN,NaN,0.0787043333333333,0.0134242582060152,0.116584,0.0171508516067747,0.0378796666666667,0.00914291004781573,0.0787043333333333,0.0134242582060152,0.0904680904680904,0.114475747483892,1,0,0.0128198941930687,0.0494848301739028,0.775560702191354,0.0604997432377576,186.333333333333,78.646926394736,7.33333333333333,27.2501339550799,1.05828900758035,0.218816275771401,420,944.665019993859,312,678.619866403071,420,944.665019993859,138,516.318327569935,186,722.84565859791,1,0,1,0,1,0,0.00795800524934383,0.0198739231002068,1,0,6.58333333333333,1.22539603459267,55.7581289,0,original_stable,0
s7_clean,fixed_payload,10,3.33333333333333,3,594,0.5,0.5,wide_neighbor_stable_validated,0.2,0.9,0,1,2,2,2,1,1,1,1,131.666666666667,24.5079206918534,131.666666666667,24.5079206918534,0,0,0,0,827.191445404989,11.1567454325566,2.6192125984252,5.63531347978297,824.572232806564,10.4216839407883,827.191445404989,11.1567454325566,798,12.9079581892484,1023.9,167.5314241476,1451.46,265.303887500874,798,12.9079581892484,1023.9,167.5314241476,1451.46,265.303887500874,0,0,36,0,8.70180584769561,1.30202017760799,23.8704269588679,10.855344554967,0,0,162,0,594,0,0,0,131.666666666667,24.5079206918534,132.333333333333,23.0815474948677,395,73.5237620755602,397,69.2446424846031,NaN,NaN,0.0784486666666667,0.0140252728598064,0.109138666666667,0.0191074173159098,0.03069,0.00518210715977434,0.0784486666666667,0.0140252728598064,0.0732480732480732,0.124366037638124,1,0,0.00228070664236677,0.00535794767353476,0.77194246037408,0.0547388054380485,161.666666666667,36.8736195357035,0,0,1,0,0,0,0,0,0,0,0,0,0,0,1,0,1,0,1,0,0.00529133858267717,0.0113844716763292,1,0,6.58333333333333,1.22539603459267,38.1888743,0,original_stable,0
s7_busy,fixed_payload,10,3.33333333333333,3,594,0.8,0.8,wide_neighbor_stable_validated,0.4,0.925,0,1,2,2,2,1,1,1,1,131.666666666667,24.5079206918534,131.666666666667,24.5079206918534,0,0,0,0,2403.22836011233,451.785507271023,4.71708958757778,10.2939626761168,2398.51127052475,459.768721353407,2403.22836011233,451.785507271023,1713,598.378192733042,6872.85,3230.77716555344,11775.21,3530.54337640275,1713,598.378192733042,6872.85,3230.77716555344,11775.21,3530.54337640275,0,0,88.2617371290127,26.5888916453385,5.51737151037938,1.30886943452098,1313.5543448048,315.372634474102,235.177817080557,119.650012404023,162,0,594,0,0,0,131.666666666667,24.5079206918534,132,23.9561565343324,395,73.5237620755602,396,71.8684696029971,NaN,NaN,0.078408,0.0142299569813934,0.314787333333333,0.117425668969912,0.236379333333333,0.107625634619198,0.078408,0.0142299569813934,0.394076394076394,0.524069359717933,1,0,0.0401564852196691,0.0951503103663108,0.776946068857584,0.0648130119797814,393,187.169515013603,191,97.4529472262225,2.45171492025035,0.738580323481624,73605,11154.8137039231,33096,4536.72038439155,73605,11154.8137039231,27665.3333333333,5041.26498901403,61462.6666666667,11710.3685960464,1,0,1,0,1,0,0.013249343832021,0.0302904490860968,1,0,6.58333333333333,1.22539603459267,152.9417425,0,original_stable,0
sf_cf,fixed_payload,10,2.5,4,792,0.5,0.5,wide_neighbor_stable_validated,0.2,0.7,0,1,2,2,2,1,1,1,1,99,21.5132636487473,99,21.5132636487473,0,0,0,0,2279.81758735116,342.18935780203,9.60169822369705,20.9017764809614,2270.21588912746,322.988789585558,2279.81758735116,342.18935780203,1782,596.879674770255,5112.9,484.6263636119,7204.59,2055.3934562474,1782,596.879674770255,5112.9,484.6263636119,7204.59,2055.3934562474,398.253367167675,39.7766886707127,0,0,983.390981846574,398.518700604753,0,0,96.5715401132149,109.120318601893,0,0,792,0,0,0,99,21.5132636487473,98.6666666666667,20.0790460721642,396,86.0530545949892,394.666666666667,80.3161842886566,NaN,NaN,0.078184,0.016074710598344,0.2257,0.0657281969469529,0.137748,0.0478423000845968,0.087952,0.028061467008456,-0.211716211716212,0.73035309381273,1,0,0.000886535348618248,0.00381445373775113,0.708543375484165,0.182892516453858,130.666666666667,32.7993989243792,12.3333333333333,16.1628112417508,1.12193376276921,0.137778180052896,5280,4095.54684993347,5280,4095.54684993347,10824,9297.74483823486,4752,5902.31120311878,9768,12800.9465034667,1,0,1,0,1,0,0.00305810397553517,0.0131579594181941,0.333333333333333,1.43421757658315,4.95,1.07566318243737,1.0572566,0,original_stable,0
sf_cb,fixed_payload,10,2.5,4,792,0.7,0.7,wide_neighbor_stable_validated,0.2,0.9,0,1,2,2,2,1,1,1,1,99,21.5132636487473,99,21.5132636487473,0,0,0,0,1267.14981456178,48.9503240342601,5.87204762834277,13.7666976987746,1261.27776693344,57.268302742068,1267.14981456178,48.9503240342601,1143,22.357239405753,2074.05,489.489534342429,2937.45,1259.94532278801,1143,22.357239405753,2074.05,489.489534342429,2937.45,1259.94532278801,133.834667187195,20.9640451913014,0,0,82.5225453835643,24.3335811711194,28.9611555729065,15.8533814028403,25.9593987897716,30.5779940554742,198,0,792,0,0,0,99,21.5132636487473,99,21.5132636487473,396,86.0530545949892,396,86.0530545949892,NaN,NaN,0.078408,0.0170385048098079,0.125538,0.031420873593594,0.04713,0.0145303194575502,0.078408,0.0170385048098079,-0.154472154472155,0.392239740463468,1,0,7.82373621734849e-17,1.68337127405351e-16,0.707236004990748,0.178771634680187,130.333333333333,39.6166099442618,13.3333333333333,18.8095871778349,1.13110807469582,0.154434313411486,1320,1862.14913060565,1320,1862.14913060565,2640,3724.2982612113,1320,1862.14913060565,2640,3724.2982612113,1,0,1,0,1,0,0,0,0.333333333333333,1.43421757658315,4.95,1.07566318243737,1.4076938,0,original_stable,0
sb_cf,fixed_payload,10,2.5,4,792,0.00211474252688113,0.00211474252688113,wide_neighbor_stable_validated,0.001,0.00447213595499958,0,1,2,2,2,1,1,1,1,99,21.5132636487473,99,21.5132636487473,0,0,0,0,7805.94788210033,3949.96149651649,238.037966035526,418.283438790287,7567.9099160648,3720.49754250911,7805.94788210033,3949.96149651649,5509.5,2466.66150120734,25364.85,26419.6095047934,35671.53,22451.7588862284,5509.5,2466.66150120734,25364.85,26419.6095047934,35671.53,22451.7588862284,0,0,52.2338473550654,26.1855807197996,6337.58930314269,3069.39822692037,28.9421237556119,69.1479738974629,357.144641811439,576.08277583559,0,0,792,0,0,0,99,21.5132636487473,99,19.4017357581055,396,86.0530545949892,396,77.606943032422,NaN,NaN,0.078408,0.0153661747204196,0.780507333333333,0.557397235977944,0.665403333333333,0.476785669592076,0.115104,0.0829440605412884,-2.27381764541481,3.84255840829771,1,0,0.004242406987833,0.00914420739180441,0.706802518115663,0.178244838297942,165.333333333333,105.432064515119,46.3333333333333,85.3449845144187,1.45094020430737,0.727377242216654,38280,67593.2277354196,26562,41364.8586028137,38280,67593.2277354196,25317,40817.4314176977,36696,67593.2277354196,1,0,1,0,1,0,0.00660420326631531,0.0143236852364807,0.333333333333333,1.43421757658315,4.95,1.07566318243737,36.0643995,0,original_stable,0
sb_cb,fixed_payload,10,2.5,4,792,0.8,0.8,wide_neighbor_stable_validated,0.4,0.925,0,1,2,2,2,1,1,1,1,99,21.5132636487473,99,21.5132636487473,0,0,0,0,1140.09515908647,25.1829485879377,5.26449346086278,12.2405596996122,1134.83066562561,13.9408693937708,1140.09515908647,25.1829485879377,1026,0,1830.15,317.171542398893,3651.33,686.528186020058,1026,0,1830.15,317.171542398893,3651.33,686.528186020058,0,0,41.5912551239508,2.01400485883109,2.58217841108725,1.07803727668279,70.2376537185243,12.78666338828,30.4195783720476,3.62761589481848,198,0,792,0,0,0,99,21.5132636487473,99,21.5132636487473,396,86.0530545949892,396,86.0530545949892,NaN,NaN,0.078408,0.0170385048098079,0.11286,0.0242185666570727,0.033924,0.00663841870652016,0.078936,0.0176339150153683,-0.147820147820148,0.185668910354461,1,0,1.23551351971066e-16,2.53114721320857e-17,0.707236004990748,0.178771634680187,132.333333333333,22.5404985320661,15.3333333333333,5.17114501254226,1.15531264233197,0.0559445794119748,786,1036.50180897092,702,1007.81316949888,786,1036.50180897092,702,1007.81316949888,786,1036.50180897092,1,0,1,0,1,0,0,0,0.333333333333333,1.43421757658315,4.95,1.07566318243737,45.8253426,0,original_stable,0
s7_clean,fixed_payload,10,2.5,4,792,0.85,0.85,wide_neighbor_stable_validated,0.6,1,0,1,2,2,2,1,1,1,1,99,21.5132636487473,99,21.5132636487473,0,0,0,0,1076.99765762249,38.7419221721888,4.93538942026157,11.5096147688985,1072.06226820223,36.6602148679101,1076.99765762249,38.7419221721888,990,0,1686.15,422.076910144256,2698.44,708.345278518892,990,0,1686.15,422.076910144256,2698.44,708.345278518892,0,0,38.2627366777279,3.93713596443334,1.82383369119656,1.67744440544352,67.7933827835253,18.6276234863141,10.1823150497755,17.71711183995,162,0,792,0,0,0,99,21.5132636487473,99,21.5132636487473,396,86.0530545949892,396,86.0530545949892,NaN,NaN,0.078408,0.0170385048098079,0.106542,0.0196216971390189,0.028134,0.00298776713643123,0.078408,0.0170385048098079,-0.148008148008148,0.161332115967463,1,0,4.50672635712552e-17,1.93908784627199e-16,0.707236004990748,0.178771634680187,123,21.5132636487473,6,9.93655084700132,1.06285379660355,0.109364887900926,378,626.002703361083,189,313.001351680542,378,626.002703361083,189,313.001351680542,378,626.002703361083,1,0,1,0,1,0,0,0,0.333333333333333,1.43421757658315,4.95,1.07566318243737,29.6450681,0,original_stable,0
s7_busy,fixed_payload,10,2.5,4,792,0.625,0.625,wide_neighbor_stable_validated,0.4,0.925,0,1,2,2,2,1,1,1,1,99,21.5132636487473,99,21.5132636487473,0,0,0,0,2691.89713058755,112.751941821887,17.7060316220964,59.9442328906135,2674.19109896545,61.0403972879712,2691.89713058755,112.751941821887,2124,392.208686602112,5500.95,630.696429171143,11456.31,3368.7503472744,2124,392.208686602112,5500.95,630.696429171143,11456.31,3368.7503472744,0,0,67.4827249658403,6.45620261227133,9.85291821198516,3.97241809349325,1501.18319344134,55.0353812272887,141.672262346281,29.052911755221,162,0,792,0,0,0,99,21.5132636487473,98.6666666666667,20.0790460721642,396,86.0530545949892,394.666666666667,80.3161842886566,NaN,NaN,0.07834,0.0167459244241849,0.266434,0.0587694919970365,0.188094,0.0424057153023939,0.07834,0.0167459244241849,-0.474132474132474,0.469698928235893,1,0,0.000231841365954866,0.000997532886093843,0.707189992025518,0.178628095197432,211.666666666667,34.2714985452287,86.3333333333333,15.7763933424147,1.87452013794001,0.179338961451981,51009,4862.44686741783,23562,1364.34126116712,51009,4862.44686741783,20118,2431.22343370892,43722,7183.70492584004,1,0,1,0,1,0,0.00305810397553517,0.0131579594181941,0.333333333333333,1.43421757658315,4.95,1.07566318243737,123.3816902,0,original_stable,0
sf_cf,fixed_payload,10,2,5,990,0.6,0.6,wide_neighbor_stable_validated,0.2,0.8,0,1,2,2,2,1,1,1,1,67.6666666666667,14.3421757658315,67.6666666666667,14.3421757658315,0,0,0,0,2250.85546063265,435.540892968921,10.1311475409836,43.5908096227076,2240.72431309166,417.12218080702,2250.85546063265,435.540892968921,1764,198.715490472802,5126.1,1084.7393724549,6912.84,3892.18897404493,1764,198.715490472802,5126.1,1084.7393724549,6912.84,3892.18897404493,501.500115446779,27.4075095573252,0,0,646.284922650658,314.642630537089,0,0,102.939274994228,106.417820221728,0,0,990,0,0,0,67.6666666666667,14.3421757658315,67,15.1104197931357,338.333333333333,71.7108788291577,335,75.5520989656783,NaN,NaN,0.06641,0.0148619754010196,0.151415,0.0347516391341879,0.078075,0.0206583432688922,0.07334,0.0170662430336044,0.0766280766280766,0.348992889218505,1,0,0.00404580748580073,0.00870478299414802,0.628470723267208,0.0536569137127581,93,41.3442913514118,7,7.45241313525099,1.10397906565074,0.107492747698716,3960,6506.68650165114,3960,6506.68650165114,8250,12620.1286108283,3300,3756.63720326079,6930,7377.88900389848,1,0,1,0,1,0,0.0101593165550681,0.0220433568769986,0,0,3.38333333333333,0.717108788291577,1.0454326,0,original_stable,0
sf_cb,fixed_payload,10,2,5,990,0.6,0.6,wide_neighbor_stable_validated,0.2,0.8,0,1,2,2,2,1,1,1,1,67.6666666666667,14.3421757658315,67.6666666666667,14.3421757658315,0,0,0,0,1473.1343800508,101.39742780972,0,0,1473.1343800508,101.39742780972,1473.1343800508,101.39742780972,1344,68.3024946047417,2134.05,575.722067360765,3778.80000000001,2451.10845395114,1344,68.3024946047417,2134.05,575.722067360765,3778.80000000001,2451.10845395114,120.76679750635,10.2091811333786,0,0,124.289078734703,68.3389554073585,30.1731701685523,43.4347901722668,9.90533364119141,21.8123811419631,198,0,990,0,0,0,67.6666666666667,14.3421757658315,67.3333333333333,13.6815636966388,338.333333333333,71.7108788291577,336.666666666667,68.407818483194,NaN,NaN,0.066964,0.0141431513479593,0.099499,0.0145507604682755,0.032535,0.000418862746015917,0.066964,0.0141431513479593,-0.0814720814720815,0.0838973601980045,1,0,0.000252915827667029,0.00108820897630839,0.625490590816877,0.0568767293217767,88.6666666666667,22.4031947253764,3.33333333333333,7.58916606719352,1.05002693758177,0.110163541121026,396,851.925240490393,396,851.925240490393,792,1703.85048098079,330,751.327440652158,660,1502.65488130432,1,0,1,0,1,0,0.00469483568075117,0.0202002475575092,0,0,3.38333333333333,0.717108788291577,1.3635044,0,original_stable,0
sb_cf,fixed_payload,10,2,5,990,0.002,0.002,wide_neighbor_stable_validated,0.0005,0.00325172456312118,0,1,2,2,2,1,1,1,1,67.6666666666667,14.3421757658315,67.6666666666667,14.3421757658315,0,0,0,0,6952.98245208959,3814.82426799355,58.986608173632,218.018301725731,6893.99584391596,3618.75242121519,6952.98245208959,3814.82426799355,4716,2058.6878195738,18870.15,10987.6331337169,30550.0800000001,33587.1663509093,4716,2058.6878195738,18870.15,10987.6331337169,30550.0800000001,33587.1663509093,0,0,42.364350034634,13.7409111312583,5670.17524821058,3237.24670608996,16.4366197183099,57.6261444729608,175.019625952436,377.875056109604,0,0,990,0,0,0,67.6666666666667,14.3421757658315,67.3333333333333,13.6815636966388,338.333333333333,71.7108788291577,336.666666666667,68.407818483194,NaN,NaN,0.066706,0.013628924023975,0.474703,0.336141666083795,0.395787,0.297948701722809,0.078916,0.0382661678757807,-0.660964158104479,2.93920699670496,1,0,0.000604126781535878,0.00259934774568971,0.625490590816877,0.0568767293217767,100.333333333333,67.1330269304409,12.3333333333333,27.6993422530854,1.17678750096206,0.381691975868286,15510,36998.5856278525,11697,27966.7201316686,15510,36998.5856278525,9117,20891.3179869239,12210,27422.3488305545,1,0,1,0,1,0,0.00469483568075117,0.0202002475575092,0,0,3.38333333333333,0.717108788291577,31.6259554,0,original_stable,0
sb_cb,fixed_payload,10,2,5,990,0.6,0.6,wide_neighbor_stable_validated,0.2,0.9,0,1,2,2,2,1,1,1,1,67.6666666666667,14.3421757658315,67.6666666666667,14.3421757658315,0,0,0,0,1300.94089124913,55.0822548885476,0,0,1300.94089124913,55.0822548885476,1300.94089124913,55.0822548885476,1230,12.9079581892484,1866,342.679549231548,2700.48,1818.71807564051,1230,12.9079581892484,1866,342.679549231548,2700.48,1818.71807564051,0,0,36.7591780189333,2.26498282050971,7.57030708843223,3.67713803121566,66.5091202955438,44.9692315868146,2.10228584622489,5.31681721560074,198,0,990,0,0,0,67.6666666666667,14.3421757658315,67.6666666666667,14.3421757658315,338.333333333333,71.7108788291577,338.333333333333,71.7108788291577,NaN,NaN,0.06699,0.0141987540081732,0.087945,0.0151153678496677,0.020955,0.000918916083889456,0.06699,0.0141987540081732,-0.0536320536320536,0.0475159635366196,1,0,5.71674052975381e-17,2.45971492456146e-16,0.625951767460393,0.0588368692089423,86,26.8700576850888,1.33333333333333,3.79458303359676,1.0210882783037,0.0629161894586033,24,68.3024946047417,21,56.264485314382,24,68.3024946047417,21,56.264485314382,24,68.3024946047417,1,0,1,0,1,0,0,0,0,0,3.38333333333333,0.717108788291577,37.4659007,0,original_stable,0
s7_clean,fixed_payload,10,2,5,990,0.625,0.625,wide_neighbor_stable_validated,0.1,0.8,0,1,2,2,2,1,1,1,1,67.6666666666667,14.3421757658315,67.6666666666667,14.3421757658315,0,0,0,0,1263.77095359039,60.9950136639914,0,0,1263.77095359039,60.9950136639914,1263.77095359039,60.9950136639914,1188,0,1788.75,367.847934196055,2744.7,1980.69758370048,1188,0,1788.75,367.847934196055,2744.7,1980.69758370048,0,0,36.7314707919649,1.5871216951439,5.75479104132995,3.71034300392016,65.9930731932579,51.5320023356045,3.29161856384207,7.14204762814755,162,0,990,0,0,0,67.6666666666667,14.3421757658315,67.6666666666667,14.3421757658315,338.333333333333,71.7108788291577,338.333333333333,71.7108788291577,NaN,NaN,0.06699,0.0141987540081732,0.085422,0.0142753439241878,0.018432,0.000728928296568642,0.06699,0.0141987540081732,-0.0527160527160527,0.063856618852954,1,0,1.11012485904753e-16,2.40013394907787e-16,0.625951767460393,0.0588368692089423,86,27.6621868476912,1.33333333333333,2.86843515316631,1.02031863311014,0.0440867137539973,84,180.711414649477,42,90.3557073247387,84,180.711414649477,42,90.3557073247387,84,180.711414649477,1,0,1,0,1,0,0,0,0,0,3.38333333333333,0.717108788291577,30.8146649,0,original_stable,0
s7_busy,fixed_payload,10,2,5,990,0.6,0.6,wide_neighbor_stable_validated,0.2,0.9,0,1,2,2,2,1,1,1,1,67.6666666666667,14.3421757658315,67.6666666666667,14.3421757658315,0,0,0,0,3135.8942507504,63.2003415162016,1.91803278688525,8.25262900624077,3133.97621796352,59.6345572613115,3135.8942507504,63.2003415162016,2364,281.32242657191,7785.6,1626.75318100905,10398.63,2790.03708005963,2364,281.32242657191,7785.6,1626.75318100905,10398.63,2790.03708005963,0,0,66.4253059339645,4.55287316685377,11.1320711152159,2.99653816088128,1767.5049642115,45.381050324388,136.91387670284,20.4879292508419,162,0,990,0,0,0,67.6666666666667,14.3421757658315,67,15.1104197931357,338.333333333333,71.7108788291577,335,75.5520989656783,NaN,NaN,0.06633,0.0149593155952043,0.209471,0.0409953408128164,0.143141,0.0260388150336949,0.06633,0.0149593155952043,-0.103596103596104,0.220357734883562,1,0,0.0126740258595863,0.0374493780593708,0.628470723267208,0.0536569137127581,157,58.7329171381394,57,4.96827542350066,1.84514738705457,0.126468699079271,42525,4546.60725579651,19530,1692.81363416059,42525,4546.60725579651,15876,2174.176873422,34566,3904.16127110154,1,0,1,0,1,0,0.0101593165550681,0.0220433568769986,0,0,3.38333333333333,0.717108788291577,111.7708765,0,original_stable,0
sf_cf,fixed_payload,10,1.66666666666667,6,1188,0.625,0.625,wide_neighbor_stable_validated,0.4,0.8,0,1,2,2,2,1,1,1,1,77,13.1448212154569,77,13.1448212154569,0,0,0,0,3174.38439346427,1565.82289014441,55.2,237.50643068217,3119.18439346427,1364.94864060032,3174.38439346427,1565.82289014441,2262,577.117105833949,9273.9,10405.5727611366,13145.43,8644.30649498983,2262,577.117105833949,9273.9,10405.5727611366,13145.43,8644.30649498983,600.002191780822,208.285044221525,0,0,907.440198052484,892.855083661515,0,0,423.742003630962,775.284449564023,0,0,1188,0,0,0,77,13.1448212154569,77,13.1448212154569,462,78.8689272927411,462,78.8689272927411,NaN,NaN,0.091476,0.0156160476039627,0.244842,0.129981564236566,0.120102,0.0679760322659052,0.12474,0.0725288143313241,0.064048064048064,0.17036186866708,1,0,1.20070908071476e-16,2.69342615110363e-16,0.702563699142604,0.106581947150931,123.333333333333,53.0660503335767,28,51.6318327569935,1.35668518824155,0.652596338016855,18216,26450.8725230524,18216,26450.8725230524,38412,54603.0249711497,15840,28965.4581766734,33264,61338.6173153083,1,0,1,0,1,0,0,0,0,0,3.85,0.657241060772843,0.7109756,0,original_stable,0
sf_cb,fixed_payload,10,1.66666666666667,6,1188,0.8,0.8,wide_neighbor_stable_validated,0.4,0.925,0,1,2,2,2,1,1,1,1,77,13.1448212154569,77,13.1448212154569,0,0,0,0,1646.56191450734,275.939877869788,5.04,21.6853697579373,1641.52191450734,288.619689077985,1646.56191450734,275.939877869788,1518,25.8159163784968,2345.1,1156.73185693407,4204.11,5797.74407114062,1518,25.8159163784968,2345.1,1156.73185693407,4204.11,5797.74407114062,158.203122627496,83.0099535726067,0,0,47.3640138636739,36.6129472751514,29.2800792209936,93.1899912759688,20.6746987951807,88.9560492078322,198,0,1188,0,0,0,77,13.1448212154569,77,13.1448212154569,462,78.8689272927411,462,78.8689272927411,NaN,NaN,0.091476,0.0156160476039627,0.127164,0.0433598489796547,0.035688,0.0279555831027611,0.091476,0.0156160476039627,-0.0214200214200214,0.114469766326962,1,0,3.916428992915e-17,1.68510338972357e-16,0.702563699142604,0.106581947150931,99.6666666666667,50.1976151804104,8.66666666666667,37.289656991162,1.10441767068273,0.449272975797132,660,2839.75080163464,660,2839.75080163464,1716,7383.35208425008,660,2839.75080163464,1716,7383.35208425008,1,0,1,0,1,0,0,0,0,0,3.85,0.657241060772843,1.6111883,0,original_stable,0
sb_cf,fixed_payload,10,1.66666666666667,6,1188,0.00325172456312118,0.00325172456312118,self_stable_fallback_validated,0.00325172456312118,0.00325172456312118,0,2,2,0,2,1,1,1,1,77,13.1448212154569,77,13.1448212154569,0,0,0,0,6335.97659679815,5073.06234619445,107.044337349398,284.59344661393,6228.93225944875,4993.80305664113,6335.97659679815,5073.06234619445,3648,1307.53220286862,20551.2,23916.4026976257,29952.48,33704.8469523183,3648,1307.53220286862,20551.2,23916.4026976257,29952.48,33704.8469523183,0,0,56.3615646146229,37.5686345488548,4264.11472520218,3591.0577742828,48.5243373493976,127.497831748527,671.931632282555,1239.76494011221,0,0,1188,0,0,0,77,13.1448212154569,76.6666666666667,11.7395768159531,462,78.8689272927411,460,70.4374608957186,NaN,NaN,0.09108,0.0139466172573523,0.49438,0.478941277582823,0.34984,0.358845214523205,0.14454,0.120106352901854,0.516988889873768,1.61119622353571,1,0,0.000732000949469247,0.00314954588341242,0.70202109673046,0.104248854237952,139.333333333333,105.811825663025,45,89.46345288278,1.56559901707286,1.04357318191263,57420,110907.448250956,37710,73726.1894308935,57420,110907.448250956,34977,70055.1399497896,53460,106282.582024743,1,0,1,0,1,0,0.00401606425702811,0.0172797298383513,0,0,3.85,0.657241060772843,33.9038444,0,original_stable,0
sb_cb,fixed_payload,10,1.66666666666667,6,1188,0.9,0.9,wide_neighbor_stable_validated,0.6,1,0,1,2,2,2,1,1,1,1,77,13.1448212154569,77,13.1448212154569,0,0,0,0,1644.34908070639,702.775816953551,4.72,20.3085208844175,1639.62908070639,713.799369579812,1644.34908070639,702.775816953551,1422,0,2472.15,2565.56149409831,7218.99,19909.2817471755,1422,0,2472.15,2565.56149409831,7218.99,19909.2817471755,0,0,54.2366727182703,77.4075650880336,1.54795840897838,3.21585366962836,109.921029872916,258.223533083829,87.9234197062221,377.243511015412,198,0,1188,0,0,0,77,13.1448212154569,77,13.1448212154569,462,78.8689272927411,462,78.8689272927411,NaN,NaN,0.091476,0.0156160476039627,0.127587,0.0774405762812314,0.036111,0.0620999011073162,0.091476,0.0156160476039627,-0.223264223264223,0.960748747942527,1,0,8.4423448075387e-17,1.81633001591953e-16,0.702563699142604,0.106581947150931,133,191.472075132526,42,178.564408164807,1.50657424217418,2.15021014133427,756,3214.15934696653,495,2091.20874137423,756,3214.15934696653,495,2091.20874137423,756,3214.15934696653,1,0,1,0,1,0,0,0,0,0,3.85,0.657241060772843,31.911061,0,original_stable,0
s7_clean,fixed_payload,10,1.66666666666667,6,1188,0.85,0.85,wide_neighbor_stable_validated,0.6,1,0,1,2,2,2,1,1,1,1,77,13.1448212154569,77,13.1448212154569,0,0,0,0,1513.2560554547,299.593708846188,4.6,19.7922025568475,1508.6560554547,311.217945737121,1513.2560554547,299.593708846188,1386,0,2041.05,1074.08814045288,3968.52,6196.08745190929,1386,0,2041.05,1074.08814045288,3968.52,6196.08745190929,0,0,39.1807228915663,13.6855460319742,2.39527974913352,1.44109581290352,102.766799801948,238.095255149713,14.3132530120482,61.5849571438839,162,0,1188,0,0,0,77,13.1448212154569,77,13.1448212154569,462,78.8689272927411,462,78.8689272927411,NaN,NaN,0.091476,0.0156160476039627,0.116931,0.0434818265857216,0.025455,0.0281279869634388,0.091476,0.0156160476039627,-0.0602840602840603,0.282648322318573,1,0,0,0,0.702563699142604,0.106581947150931,98.3333333333333,44.4607448740778,7.33333333333333,31.5527866848294,1.08835341365462,0.380154056443727,462,1987.82556114425,231,993.912780572126,462,1987.82556114425,231,993.912780572126,462,1987.82556114425,1,0,1,0,1,0,0,0,0,0,3.85,0.657241060772843,27.1642543,0,original_stable,0
s7_busy,fixed_payload,10,1.66666666666667,6,1188,0.6,0.6,wide_neighbor_stable_validated,0.2,0.9,0,1,2,2,2,1,1,1,1,77,13.1448212154569,77,13.1448212154569,0,0,0,0,4114.35002475656,1881.01996170608,17.64,75.8987941527805,4096.71002475656,1890.14626719078,4114.35002475656,1881.01996170608,3084,559.080013538725,10127.25,6874.24444589533,15053.85,12803.4514849293,3084,559.080013538725,10127.25,6874.24444589533,15053.85,12803.4514849293,0,0,75.7768608681301,40.6204411175303,12.2888529460307,6.17321158987025,2479.64843703581,1661.27690586235,178.995873906585,182.791985028886,162,0,1188,0,0,0,77,13.1448212154569,76.6666666666667,11.7395768159531,462,78.8689272927411,460,70.4374608957186,NaN,NaN,0.09108,0.0139466172573523,0.318601,0.197886145488271,0.227521,0.18406387526798,0.09108,0.0139466172573523,-0.0693600693600695,1.26838732394854,1,0,0.0019814684581313,0.00852557067029108,0.70202109673046,0.104248854237952,192.666666666667,112.483262445949,86.6666666666667,103.6910543771,2.1049128018925,1.12834558659806,41685,7553.2183257816,19131,2822.80253539743,41685,7553.2183257816,16086,3379.59335287091,35091,8934.25610523037,1,0,1,0,1,0,0.00401606425702811,0.0172797298383513,0,0,3.85,0.657241060772843,103.5459171,0,original_stable,0
sf_cf,fixed_payload,15,15,1,198,0.275,0.275,wide_neighbor_stable_validated,0.1,0.4,0,1,2,2,2,1,1,1,1,589,38.803471516211,589,38.803471516211,0,0,0,0,1045.09671027484,223.425742000406,13.4442250195041,16.5712070216147,1031.65248525534,226.499163035575,1045.09671027484,223.425742000406,720,22.357239405753,2819.25,787.186779468018,5473.61999999999,4543.25151482436,720,22.357239405753,2819.25,787.186779468018,5473.61999999999,4543.25151482436,95.331958965365,9.06600948996708,0,0,682.338130251408,185.129601455173,0,0,55.9823960385621,52.2163512502802,0,0,198,0,0,0,589,38.803471516211,588,39.0412886854702,589,38.803471516211,588,39.0412886854702,NaN,NaN,0.116424,0.00773017515972309,0.615600333333333,0.156616593176001,0.465978333333333,0.120565073530398,0.149622,0.0390473479922871,-0.184644184644185,1.13354836507846,1,0,0.00210714252488851,0.000585188346743326,0.952435537579179,0.0325880460434794,895,139.885850900122,167.333333333333,163.69569084823,1.28273937393213,0.263718945708486,16566,8235.27732474047,16566,8235.27732474047,37818,26836.771937027,14322,11219.7113085032,33198,32686.7529695488,1,0,1,0,1,0,0.00170046574573588,0.00416247233106336,5,0,29.45,1.94017357581055,4.8490029,0,original_stable,0
sf_cb,fixed_payload,15,15,1,198,0.275,0.275,wide_neighbor_stable_validated,0.1,0.4,0,1,2,2,2,1,1,1,1,589,38.803471516211,589,38.803471516211,0,0,0,0,1290.21294913266,89.9488413080912,14.9520989073615,13.4245513666265,1275.2608502253,88.0421991421997,1290.21294913266,89.9488413080912,1002,71.8684696029971,3156.75,448.521829929243,4375.17,686.894881712674,1002,71.8684696029971,3156.75,448.521829929243,4375.17,686.894881712674,116.460708987164,16.08477377017,0,0,627.287464046034,53.9266084479409,97.7898141141783,27.3092107271792,37.7228630779214,9.17542612733276,198,0,198,0,0,0,589,38.803471516211,589.333333333333,37.6191743556697,589,38.803471516211,589.333333333333,37.6191743556697,NaN,NaN,0.116728,0.00727803343401681,0.761334333333333,0.0817289125870109,0.644606333333333,0.0764102236420712,0.116728,0.00727803343401681,0.234024234024234,0.991934170472693,1,0,0.00231830056932075,0.00399955981213707,0.952494131631288,0.0319694757432245,837,10.8281052473581,112.333333333333,32.4209316509691,1.19051951049455,0.0463405359966302,12738,1419.87540081732,12738,1419.87540081732,26334,2459.29633463283,10751.3333333333,3741.86458692649,22360.6666666667,6080.61773927354,1,0,1,0,1,0,0.00169860148098791,0.000113613291473262,5,0,29.45,1.94017357581055,4.5040859,0,original_stable,0
sb_cf,fixed_payload,15,15,1,198,0.00447213595499958,0.00447213595499958,wide_neighbor_stable_validated,0.001,0.00650344912624236,0,1,2,2,2,1,1,1,1,589,38.803471516211,589,38.803471516211,0,0,0,0,3096.98782894354,509.450239337658,97.8479321106084,59.3686652579475,2999.13989683293,507.43358469939,3096.98782894354,509.450239337658,2169,111.786197028765,9120,3651.93141823084,14286.39,4951.51906852528,2169,111.786197028765,9120,3651.93141823084,14286.39,4951.51906852528,0,0,48.3186312436318,6.90883761988581,2656.79566813893,484.901700516743,28.2731256103926,20.1541483834003,67.7524718399749,37.9986069093719,0,0,198,0,0,0,589,38.803471516211,589.333333333333,41.6664273497401,589,38.803471516211,589.333333333333,41.6664273497401,NaN,NaN,0.116623666666667,0.00848192164198306,1.82254066666667,0.361990753976513,1.665855,0.340521270300967,0.156685666666667,0.0232573132159068,-0.0394760687245141,1.42452348564481,1,0,0.00126577308815853,0.00438981762270866,0.952918310584772,0.0329203028083163,946.666666666667,150.74302202576,201.333333333333,111.684945563523,1.34218420121199,0.191912156107939,48048,29058.5748287304,34578,20519.5006349495,48048,29058.5748287304,28749,16529.7328890885,40062,22755.2476179418,1,0,1,0,1,0,0.00169860148098791,0.000113613291473262,5,0,29.45,1.94017357581055,61.8324904,0,original_stable,0
sb_cb,fixed_payload,15,15,1,198,0.189148321800635,0.189148321800635,wide_neighbor_stable_validated,0.02,0.4,0,1,2,2,2,1,1,1,1,589,38.803471516211,589,38.803471516211,0,0,0,0,645.482999979534,105.268275248301,6.52276223425822,13.6895870837806,638.960237745276,92.490980198328,645.482999979534,105.268275248301,477,0,1318.5,327.13271301274,3481.02,2585.72098272565,477,0,1318.5,327.13271301274,3481.02,2585.72098272565,0,0,47.4359540848831,7.24604267175449,49.8699839596016,7.69253921384109,92.3664036628238,41.5216818231661,53.2878960379671,38.5183503580884,198,0,198,0,0,0,589,38.803471516211,588.333333333333,39.6166099442618,589,38.803471516211,588.333333333333,39.6166099442618,NaN,NaN,0.116512,0.00774985515828257,0.379856333333333,0.0606576169793417,0.260044333333333,0.056839961748114,0.119812,0.00706585189303872,0.0591720591720591,0.419954924262968,1,0,0.000694036689218224,0.00175987454197839,0.951910306596561,0.0314196979083245,934.333333333333,188.276226119862,186.666666666667,113.330417257608,1.31766539124675,0.201278963104291,7704,7906.62752184714,6795,6898.64856330571,7704,7906.62752184714,5508,4686.06884614057,6276,5447.34187824314,1,0,1,0,1,0,0.00114211845372025,0.00245889515298195,5,0,29.45,1.94017357581055,103.4105565,0,original_stable,0
s7_clean,fixed_payload,15,15,1,198,0.625,0.625,wide_neighbor_stable_validated,0.1,0.8,0,1,2,2,2,1,1,1,1,589,38.803471516211,589,38.803471516211,0,0,0,0,476.641779545244,34.9469776464064,3.35985233612754,6.52325451595032,473.281927209117,28.4508216044521,476.641779545244,34.9469776464064,402,12.9079581892484,841.5,284.365717261849,1411.08,613.384801409357,402,12.9079581892484,841.5,284.365717261849,1411.08,613.384801409357,0,0,38.3975829960994,2.35285429231124,5.7940456311185,1.39207580446665,58.301175099452,14.4081301198648,10.7891234824471,10.5878443154006,162,0,198,0,0,0,589,38.803471516211,588.333333333333,39.6166099442618,589,38.803471516211,588.333333333333,39.6166099442618,NaN,NaN,0.116576,0.00776888363758647,0.280550333333333,0.0136343423777634,0.163974333333333,0.0140201251651589,0.116576,0.00776888363758647,0.0324720324720324,0.249241697292501,1,0,0.000745798863568355,0.00130787875362579,0.951910306596561,0.0314196979083245,748,57.2969473090859,39,36.0841845698136,1.06659952766943,0.0653570636753122,2772,3485.43554280909,1344,1575.40558880269,2772,3485.43554280909,1197,1026.24356083429,2457,2273.30362789826,1,0,1,0,1,0,0.00114211845372025,0.00245889515298195,5,0,29.45,1.94017357581055,67.5677186,0,original_stable,0
s7_busy,fixed_payload,15,15,1,198,0.275,0.275,wide_neighbor_stable_validated,0.1,0.4,0,1,2,2,2,1,1,1,1,589,38.803471516211,589,38.803471516211,0,0,0,0,2427.59079331646,407.16526647469,67.6380551850411,22.4741939113375,2359.95273813142,385.682117892414,2427.59079331646,407.16526647469,1662,334.861394977316,6941.55,1764.06600085842,11431.05,7080.51765096853,1662,334.861394977316,6941.55,1764.06600085842,11431.05,7080.51765096853,0,0,80.4490263696967,12.3227430176655,53.4367067613694,4.72309773780078,1666.04638633672,315.313554724737,200.020618663635,55.4523435794946,162,0,198,0,0,0,589,38.803471516211,588.666666666667,36.1980150877958,589,38.803471516211,588.666666666667,36.1980150877958,NaN,NaN,0.116519333333333,0.00707141525183026,1.43108666666667,0.319437455990444,1.31456733333333,0.312464678698176,0.116519333333333,0.00707141525183026,-0.106016106016106,3.35819250296125,1,0,0.00255755944270951,0.00411091478058295,0.952542423100874,0.0308290018129851,1569.66666666667,203.067179037576,728.666666666667,246.497736101437,2.23469517693602,0.342298417157374,172893,17778.045107552,76797,7142.67438601364,172893,17778.045107552,64785,7619.40273249813,146160,19524.3609725034,1,0,1,0,1,0,0.00170046574573588,0.00416247233106336,5,0,29.45,1.94017357581055,536.2533439,0,original_stable,0
sf_cf,fixed_payload,15,7.5,2,396,0.4,0.4,wide_neighbor_stable_validated,0.2,0.6,0,1,2,2,2,1,1,1,1,300.333333333333,42.6182283807456,300.333333333333,42.6182283807456,0,0,0,0,1429.57334079085,357.289047836729,12.685241578292,10.7609228293094,1416.88809921256,347.120598102569,1429.57334079085,357.289047836729,1017,19.3619372838726,3801.75,1693.23816228869,6911.91,7182.43033014809,1017,19.3619372838726,3801.75,1693.23816228869,6911.91,7182.43033014809,189.377351585145,11.9819688214078,0,0,751.557892659721,306.766490827203,0,0,79.9528549676944,55.7605866492571,0,0,396,0,0,0,300.333333333333,42.6182283807456,300.666666666667,42.8348714346875,600.666666666667,85.2364567614912,601.333333333333,85.669742869375,NaN,NaN,0.119064,0.0169626090881363,0.428177333333333,0.0579278790183211,0.285353333333333,0.0585043732835832,0.142824,0.00464887241911744,-0.413540413540414,1.4466733028868,1,0,0.000638031293286167,0.00274522708572331,0.878432487745842,0.0679497256192434,451.333333333333,74.6206741744204,60,32.8620530386421,1.20190114890832,0.140809562245599,15972,15058.7141345008,15972,15058.7141345008,34452,40067.6661814831,11088,3546.84761443172,23760,13013.3730033023,1,0,1,0,1,0,0.0011001100110011,0.00473339134185859,2.66666666666667,1.43421757658315,15.0166666666667,2.13091141903728,2.773455,0,original_stable,0
sf_cb,fixed_payload,15,7.5,2,396,0.5,0.5,wide_neighbor_stable_validated,0.2,0.7,0,1,2,2,2,1,1,1,1,300.333333333333,42.6182283807456,300.333333333333,42.6182283807456,0,0,0,0,1106.93273099866,417.836996656592,5.34895723614915,18.4310292030305,1101.58377376251,427.663280284674,1106.93273099866,417.836996656592,855,89.4289576230119,2148.9,1131.38750554012,6922.40999999999,14595.23864219,855,89.4289576230119,2148.9,1131.38750554012,6922.40999999999,14595.23864219,125.926293888479,24.6023776879383,0,0,262.114460032052,171.354542545036,52.6756779098325,49.2172939429691,66.8673419321464,183.963485861489,198,0,396,0,0,0,300.333333333333,42.6182283807456,300.333333333333,42.6182283807456,600.666666666667,85.2364567614912,600.666666666667,85.2364567614912,NaN,NaN,0.119031333333333,0.0169396454948997,0.333903333333333,0.165446395556914,0.214872,0.151958987534339,0.119031333333333,0.0169396454948997,-0.0991240991240991,0.546681218077563,1,0,0.000331232563050983,0.00142517869159281,0.878336908495743,0.0683600203653567,472.333333333333,318.08928309956,104.666666666667,297.810021854217,1.33771384814215,0.929108514451962,8712,22577.3583383544,8712,22577.3583383544,21384,60073.3156836774,8382,22020.4318968334,20724,58966.3843271349,1,0,1,0,1,0,0,0,2.66666666666667,1.43421757658315,15.0166666666667,2.13091141903728,2.6466969,0,original_stable,0
sb_cf,fixed_payload,15,7.5,2,396,0.002,0.002,wide_neighbor_stable_validated,0.0005,0.00325172456312118,0,1,2,2,2,1,1,1,1,300.333333333333,42.6182283807456,300.333333333333,42.6182283807456,0,0,0,0,8129.55061691195,2631.31923707637,496.677005863797,595.851551796894,7632.87361104815,2431.14585509336,8129.55061691195,2631.31923707637,5703,2256.70649228199,24042,5090.19958986044,37887.45,28865.7314528138,5703,2256.70649228199,24042,5090.19958986044,37887.45,28865.7314528138,0,0,55.2500233325245,10.6478478241263,6906.88913650993,2316.51612502802,62.9841945479223,37.7647656708278,211.750256657769,117.126326065389,0,0,396,0,0,0,300.333333333333,42.6182283807456,299,50.7275275494681,600.666666666667,85.2364567614912,598,101.455055098936,NaN,NaN,0.118302333333333,0.0199626116940325,2.431761,0.731536814877343,2.24996666666667,0.710546746682823,0.181794333333333,0.0210516236685587,-1.64734087275845,8.45709137147891,1,0,0.00931058703398383,0.0172596536670798,0.87657141844779,0.0595024465278137,555.666666666667,89.716012857031,159.666666666667,72.9479774044997,1.5347228703479,0.295773550670175,75768,44358.3255562453,53958,27856.8900274241,75768,44358.3255562453,44775,15253.6843317379,63492,25883.8261825054,1,0,1,0,1,0,0.0114473809352387,0.0227410536651748,2.66666666666667,1.43421757658315,15.0166666666667,2.13091141903728,51.1649465,0,original_stable,0
sb_cb,fixed_payload,15,7.5,2,396,0.4,0.4,wide_neighbor_stable_validated,0.2,0.9,0,1,2,2,2,1,1,1,1,300.333333333333,42.6182283807456,300.333333333333,42.6182283807456,0,0,0,0,739.112247442089,42.8066941170765,2.75510848957236,8.42431829675542,736.357138952516,51.130907926538,739.112247442089,42.8066941170765,642,12.9079581892484,1196.4,83.2438216695629,2112.62999999999,1055.8894658715,642,12.9079581892484,1196.4,83.2438216695629,2112.62999999999,1055.8894658715,0,0,40.6364072712146,2.50630842193634,14.5379806833363,2.50467797260526,66.3996681448376,29.7711690433036,20.7830828531278,17.9049688032361,198,0,396,0,0,0,300.333333333333,42.6182283807456,300.666666666667,42.8348714346875,600.666666666667,85.2364567614912,601.333333333333,85.669742869375,NaN,NaN,0.119024333333333,0.0169348724438497,0.222269333333333,0.0442506272286095,0.102717,0.0258967871485129,0.119552333333333,0.0183544213320128,-0.216916216916217,0.409322743827609,1,0,0.000410702583126499,0.00176711059040438,0.878432487745842,0.0679497256192434,409.666666666667,59.8431473036159,39,26.1720148054054,1.12878909086707,0.0696196783871205,1428,1996.85737713423,1233,1800.27844000267,1428,1996.85737713423,1026,1720.63615248279,1188,1875.34464524832,1,0,1,0,1,0,0.0011001100110011,0.00473339134185859,2.66666666666667,1.43421757658315,15.0166666666667,2.13091141903728,71.9884068,0,original_stable,0
s7_clean,fixed_payload,15,7.5,2,396,0.775,0.775,wide_neighbor_stable_validated,0.4,0.925,0,1,2,2,2,1,1,1,1,300.333333333333,42.6182283807456,300.333333333333,42.6182283807456,0,0,0,0,660.382920725415,34.0351371166971,2.47377290920581,7.67375946880585,657.909147816209,29.9535551382641,660.382920725415,34.0351371166971,594,0,1048.2,109.192476494843,1415.76,505.24083207912,594,0,1048.2,109.192476494843,1415.76,505.24083207912,0,0,37.5718548423655,3.75917633856148,2.74348289259306,0.595861367083345,52.5204632906059,23.0004595498693,7.07334679064459,16.9162935235266,162,0,396,0,0,0,300.333333333333,42.6182283807456,300.666666666667,42.8348714346875,600.666666666667,85.2364567614912,601.333333333333,85.669742869375,NaN,NaN,0.119064,0.0169626090881363,0.198407333333333,0.0249398140673723,0.0793433333333333,0.0109875492786607,0.119064,0.0169626090881363,-0.152272152272152,0.408477059993461,1,0,0.000761555068251073,0.00327670699326442,0.878432487745842,0.0679497256192434,381,10.8281052473581,12.6666666666667,28.6843515316631,1.04366263451015,0.104421564960041,1050,1411.40126769871,525,705.700633849357,1050,1411.40126769871,399,903.557073247387,798,1807.11414649477,1,0,1,0,1,0,0.0011001100110011,0.00473339134185859,2.66666666666667,1.43421757658315,15.0166666666667,2.13091141903728,58.9156263,0,original_stable,0
s7_busy,fixed_payload,15,7.5,2,396,0.5,0.5,wide_neighbor_stable_validated,0.2,0.7,0,1,2,2,2,1,1,1,1,300.333333333333,42.6182283807456,300.333333333333,42.6182283807456,0,0,0,0,2253.00387519899,136.726496117165,38.9670338094946,57.8767052087391,2214.0368413895,86.2963357385422,2253.00387519899,136.726496117165,1584,88.7275432043338,6373.35,384.79303178162,9804.27,1577.17893674362,1584,88.7275432043338,6373.35,384.79303178162,9804.27,1577.17893674362,0,0,80.3259167015544,6.92106581091255,19.7140405799266,1.26998929038094,1356.53025895102,93.8950344034341,199.466625156995,31.1447961491064,162,0,396,0,0,0,300.333333333333,42.6182283807456,301.333333333333,43.4073004481243,600.666666666667,85.2364567614912,602.666666666667,86.8146008962485,NaN,NaN,0.119328,0.0171892909774572,0.679183,0.0664564976244823,0.559855,0.0507380741293851,0.119328,0.0171892909774572,-0.958804958804959,1.29681346232403,1,0,0.00447681689416884,0.019262188430284,0.878025836391727,0.0696954426125656,801,78.5160444162161,369.666666666667,73.7890656589864,2.23127546393206,0.192251828080904,107142,10666.5668328661,48363,3624.37905557097,107142,10666.5668328661,41063.3333333333,2433.19270522101,90799.6666666667,8356.11137869878,1,0,1,0,1,0,0.0033003300330033,0.0142001740255758,2.66666666666667,1.43421757658315,15.0166666666667,2.13091141903728,266.8178399,0,original_stable,0
sf_cf,fixed_payload,15,5,3,594,0.325,0.325,wide_neighbor_stable_validated,0.2,0.4,0,2,2,2,2,1,1,1,1,192,39.978412978425,192,39.978412978425,0,0,0,0,2398.47930186803,499.633981373402,54.5097289499853,98.7237898494069,2343.96957291804,455.083573953038,2398.47930186803,499.633981373402,1861.5,171.121751528419,5501.85,2039.23465818769,10300.77,6236.5418416138,1861.5,171.121751528419,5501.85,2039.23465818769,10300.77,6236.5418416138,289.451972805374,17.5272666508207,0,0,1371.12179709873,372.903488277509,0,0,89.395803013943,96.3098268162125,0,0,594,0,0,0,192,39.978412978425,191.666666666667,38.5908481541098,576,119.935238935275,575,115.772544462329,NaN,NaN,0.113751333333333,0.0229672584514332,0.459739666666667,0.153485967913122,0.328762333333333,0.120027745319578,0.130977333333333,0.0334613612878566,0.0977080977080974,1.2555362934856,1,0,0.00482398293484658,0.0092346875032602,0.825327179547738,0.131424811677888,261.666666666667,22.9474812253305,29,31.1261563132618,1.15049798487196,0.162137755582849,8712,3071.6601374501,8712,3071.6601374501,19404,10876.6533597284,7722,6761.94696586943,17226,18488.9368500775,1,0,1,0,1,0,0.00158730158730159,0.00682960750753883,1.33333333333333,1.43421757658315,9.6,1.99892064892125,2.378015,0,original_stable,0
sf_cb,fixed_payload,15,5,3,594,0.55,0.55,wide_neighbor_stable_validated,0.4,0.775,0,1,2,2,2,1,1,1,1,192,39.978412978425,192,39.978412978425,0,0,0,0,1267.0259428708,381.55758962115,9.94867931936614,5.32616329607709,1257.07726355143,382.855546926046,1267.0259428708,381.55758962115,1038,103.263665513987,2423.7,1557.17329849264,5568.45,12180.7515712133,1038,103.263665513987,2423.7,1557.17329849264,5568.45,12180.7515712133,132.512585836772,3.3549925225937,0,0,213.552434158021,87.438444468703,69.8750575090371,144.054721367129,49.1371860476034,158.542054810279,198,0,594,0,0,0,192,39.978412978425,192,39.978412978425,576,119.935238935275,576,119.935238935275,NaN,NaN,0.114041333333333,0.0237672525325471,0.242460333333333,0.0648857795696766,0.128419,0.064492754560652,0.114041333333333,0.0237672525325471,-0.00671600671600682,0.550193320556208,1,0,0.00015043780471337,0.000647281631107248,0.826005138297928,0.137587497581622,275.666666666667,143.615246514216,46.6666666666667,149.158627964648,1.24816760630103,0.800717448536761,3894,11642.978286702,3894,11642.978286702,9240,29533.4083370003,3894,11642.978286702,9240,29533.4083370003,1,0,1,0,1,0,0,0,1.33333333333333,1.43421757658315,9.6,1.99892064892125,2.1654878,0,original_stable,0
sb_cf,fixed_payload,15,5,3,594,0.00105737126344056,0.00105737126344056,wide_neighbor_stable_validated,0.0005,0.002,0,1,2,2,2,1,1,1,1,192,39.978412978425,192,39.978412978425,0,0,0,0,13019.4815172997,3185.78594239243,973.842957010128,793.845848931718,12045.6385602895,3058.70656460863,13019.4815172997,3185.78594239243,9430.5,3089.15109698441,37655.7,12975.7361891635,56932.08,26541.2631961866,9430.5,3089.15109698441,37655.7,12975.7361891635,56932.08,26541.2631961866,0,0,49.5856071631293,8.23400619934575,11087.6545492956,2913.09005151137,90.2358856391719,53.4316770567441,224.162518191634,135.861102289205,0,0,594,0,0,0,192,39.978412978425,191,32.8620530386421,576,119.935238935275,573,98.5861591159264,NaN,NaN,0.113454,0.0195200595049534,2.47738066666667,0.971728594064798,2.32135666666667,0.920173276373738,0.156024,0.0528399719850854,-1.80795894477655,13.9907474170805,1,0,0.0181575206687524,0.0267144458004122,0.822905028822221,0.12001271800013,310,66.7951326339707,73.3333333333333,59.8431473036159,1.37737797675359,0.228722394426271,48114,29622.0176220324,35193,15709.1283017232,48114,29622.0176220324,31344,19228.3350533289,42570,34045.0474337932,1,0,1,0,1,0,0.0118561323293495,0.0170796866029723,1.33333333333333,1.43421757658315,9.6,1.99892064892125,45.584178,0,original_stable,0
sb_cb,fixed_payload,15,5,3,594,0.55,0.55,wide_neighbor_stable_validated,0.4,0.925,0,1,2,2,2,1,1,1,1,192,39.978412978425,192,39.978412978425,0,0,0,0,971.555861653956,133.075650954591,6.50141820059664,10.1904689390113,965.054443453359,137.463765241718,971.555861653956,133.075650954591,837,0,1550.55,415.213623887196,3279.36,2106.9297930839,837,0,1550.55,415.213623887196,3279.36,2106.9297930839,0,0,42.7169155524068,5.46941084743755,8.98851142285253,0.349150380299442,89.5369393669098,103.448924298713,31.8120771111898,28.2713490512527,198,0,594,0,0,0,192,39.978412978425,192,39.978412978425,576,119.935238935275,576,119.935238935275,NaN,NaN,0.113967333333333,0.0239912625581461,0.185991333333333,0.0229662810917481,0.071628,0.0160463988339584,0.114363333333333,0.0231693511292243,-0.0623960623960625,0.430453258553251,1,0,0.000460061176730063,0.00197948347790904,0.826005138297928,0.137587497581622,267.333333333333,30.0501954238944,35.3333333333333,25.0064379175031,1.18658098756686,0.151928079095487,1260,2062.69010312709,1041,1856.36903658728,1260,2062.69010312709,810,1090.01573735993,1014,1200.09307331364,1,0,1,0,1,0,0,0,1.33333333333333,1.43421757658315,9.6,1.99892064892125,67.8022635,0,original_stable,0
s7_clean,fixed_payload,15,5,3,594,0.775,0.775,wide_neighbor_stable_validated,0.4,0.925,0,1,2,2,2,1,1,1,1,192,39.978412978425,192,39.978412978425,0,0,0,0,884.916134539138,89.0187581279617,6.00986765452753,9.80656110112742,878.906266884611,93.0308404322263,884.916134539138,89.0187581279617,792,0,1345.2,447.768027597394,2234.01,1474.74113747776,792,0,1345.2,447.768027597394,2234.01,1474.74113747776,0,0,36.9072830554263,1.60003250022369,2.77149642995847,1.14212070354489,79.1447136498073,90.4631740574184,4.08277374941851,7.2001462510066,162,0,594,0,0,0,192,39.978412978425,192,39.978412978425,576,119.935238935275,576,119.935238935275,NaN,NaN,0.113964333333333,0.0240003890375639,0.169494333333333,0.0224338473558412,0.05553,0.00993033980362125,0.113964333333333,0.0240003890375639,-0.0586000586000587,0.509370005951406,1,0,0.000523790742468105,0.00225368966789789,0.826005138297928,0.137587497581622,236.333333333333,9.40479358891743,4.66666666666667,7.58916606719352,1.02520230709518,0.0444453472284357,462,787.702794401347,231,393.851397200674,462,787.702794401347,147,239.058731116596,294,478.117462233192,1,0,1,0,1,0,0,0,1.33333333333333,1.43421757658315,9.6,1.99892064892125,51.805163,0,original_stable,0
s7_busy,fixed_payload,15,5,3,594,0.7,0.7,wide_neighbor_stable_validated,0.2,0.9,0,1,2,2,2,1,1,1,1,192,39.978412978425,192,39.978412978425,0,0,0,0,2681.97769289534,286.505255399814,50.1365441656602,6.27980642528235,2631.84114872968,292.708223031517,2681.97769289534,286.505255399814,1885.5,246.69063466368,6947.25,1048.76326231644,12467.1,5070.63088907239,1885.5,246.69063466368,6947.25,1048.76326231644,12467.1,5070.63088907239,0,0,87.4740494471024,5.02370069922069,9.92837809577869,1.73985820322406,1546.80549867484,263.51708785835,231.633222511961,22.6066531464931,162,0,594,0,0,0,192,39.978412978425,191.666666666667,36.1980150877958,576,119.935238935275,575,108.594045263388,NaN,NaN,0.113677666666667,0.0217923662515869,0.514553,0.117426610660868,0.400875333333333,0.0984653179603424,0.113677666666667,0.0217923662515869,0.314860314860315,2.10662667725179,1,0,0.00449646821689336,0.00771844831602401,0.828210586512491,0.120892500654416,571,16.289580330703,274.666666666667,67.4539834705103,2.42983470686395,0.139547241645019,83727,4260.15422256049,37254,1255.26160313605,83727,4260.15422256049,31101,3298.91149880124,69804,6955.04216654806,1,0,1,0,1,0,0.00503680056752683,0.0118882121221342,1.33333333333333,1.43421757658315,9.6,1.99892064892125,195.5287225,0,original_stable,0
sf_cf,fixed_payload,15,3.75,4,792,0.4,0.4,wide_neighbor_stable_validated,0.1,0.5375,0,1,2,2,2,1,1,1,1,136,23.9561565343324,136,23.9561565343324,0,0,0,0,2887.81237865125,181.632484025696,22.9508348794063,49.3886388929038,2864.86154377184,132.699726723169,2887.81237865125,181.632484025696,2211,207.733927453809,6980.85,420.956302775178,9173.51999999999,592.60890115071,2211,207.733927453809,6980.85,420.956302775178,9173.51999999999,592.60890115071,407.304828062303,34.722244233522,0,0,1525.83958234457,152.279351870849,0,0,139.717133364974,11.1196475489702,0,0,792,0,0,0,136,23.9561565343324,135.666666666667,24.8827449681701,544,95.8246261373295,542.666666666667,99.5309798726806,NaN,NaN,0.107488,0.0198758042520716,0.392152333333333,0.0894096236398773,0.265656333333333,0.0661912961332573,0.126496,0.0236388351832427,-0.0776080776080778,0.356581549173586,1,0,0.00321728839558675,0.0114523427204901,0.804598086762104,0.203078885200644,200,44.783429475148,24,4.96827542350066,1.17641052192547,0.0140399590264775,12672,7093.69522886344,12672,7093.69522886344,25872,15902.604489154,9240,2271.80064130772,19008,3934.87413541252,1,0,1,0,1,0,0.00258397932816537,0.0111179657099469,1,0,6.8,1.19780782671662,1.8490763,0,original_stable,0
sf_cb,fixed_payload,15,3.75,4,792,0.55,0.55,wide_neighbor_stable_validated,0.4,0.625,0,2,2,2,2,1,1,1,1,136,23.9561565343324,136,23.9561565343324,0,0,0,0,1390.41133451266,72.3597259745613,4.37615955473098,9.67933445339531,1386.03517495793,62.8311870994484,1390.41133451266,72.3597259745613,1210.5,19.3619372838726,2469.6,255.198364022973,3757.62,1693.50546075294,1210.5,19.3619372838726,2469.6,255.198364022973,3757.62,1693.50546075294,149.110163092721,25.969820323241,0,0,178.762695775985,11.9031709431177,46.1917418130043,33.3331426593219,21.9705742762221,21.9920754917322,198,0,792,0,0,0,136,23.9561565343324,135.666666666667,24.8827449681701,544,95.8246261373295,542.666666666667,99.5309798726806,NaN,NaN,0.107488,0.0195934774285625,0.189037,0.043118211006012,0.081549,0.0236380312631996,0.107488,0.0195934774285625,-0.163444163444164,0.417218932139118,1,0,0.00128224943186048,0.00551707401821417,0.80754027238571,0.214227275550347,187.333333333333,53.9883389329653,15.3333333333333,17.4480098702702,1.11096249634456,0.111071088342082,1980,2555.77572147118,1980,2555.77572147118,3960,5111.55144294236,1518,1727.35297715675,3036,3454.70595431351,1,0,1,0,1,0,0.00258397932816537,0.0111179657099469,1,0,6.8,1.19780782671662,2.5150837,0,original_stable,0
sb_cf,fixed_payload,15,3.75,4,792,0.000876825413118452,0.000876825413118452,wide_neighbor_stable_validated,0.0005,0.00105737126344056,0,2,2,2,2,1,1,1,1,136,23.9561565343324,136,23.9561565343324,0,0,0,0,15385.53983475,5068.80912678648,553.421139491738,267.482387667477,14832.1186952582,4877.79524189165,15385.53983475,5068.80912678648,11671.5,2816.97519854733,45737.55,18262.1265235228,61119.6300000001,40202.6600749195,11671.5,2816.97519854733,45737.55,18262.1265235228,61119.6300000001,40202.6600749195,0,0,48.5720757647668,16.5914251051034,13628.0793351167,4395.88964893528,86.8816175518833,100.531938785341,276.58566682487,365.011352312274,0,0,792,0,0,0,136,23.9561565343324,137.666666666667,22.5404985320661,544,95.8246261373295,550.666666666667,90.1619941282644,NaN,NaN,0.109032,0.0178520748373963,2.117963,1.06239733605388,1.968803,0.992668785137973,0.14916,0.0697353991202569,-3.95064853396901,9.04416688772792,1,0,0.0223530035368062,0.0352221577567278,0.803032857855803,0.180940507552483,223.333333333333,107.058362015738,48.6666666666667,72.6937532830831,1.34922432679908,0.460872919586204,44352,60288.3843691814,30216,40160.2384704075,44352,60288.3843691814,27096,35002.793708283,40128,52804.0952258003,1,0,1,0,1,0,0.0177127228622245,0.0452890744089115,1,0,6.8,1.19780782671662,55.906167,0,original_stable,0
sb_cb,fixed_payload,15,3.75,4,792,0.8,0.8,wide_neighbor_stable_validated,0.4,0.925,0,1,2,2,2,1,1,1,1,136,23.9561565343324,136,23.9561565343324,0,0,0,0,1198.32672477025,196.090689312276,1.61363636363636,6.94291690482299,1196.71308840661,192.553832810875,1198.32672477025,196.090689312276,1026,0,1758,404.898082617951,5577.75000000001,7758.29045732373,1026,0,1758,404.898082617951,5577.75000000001,7758.29045732373,0,0,49.1195150364586,26.4722992809918,2.54368555033007,1.58293715087836,91.8683393018941,38.3970136722169,63.1815485179273,129.350159977279,198,0,792,0,0,0,136,23.9561565343324,135.666666666667,24.8827449681701,544,95.8246261373295,542.666666666667,99.5309798726806,NaN,NaN,0.107548,0.0194246048780063,0.163117,0.0500265969142466,0.055569,0.0329817427887705,0.107548,0.0194246048780063,-0.171988171988172,0.427017841051027,1,0,0.00115218704773144,0.00495746074610365,0.80754027238571,0.214227275550347,226.333333333333,145.047550902426,50.6666666666667,102.614233475093,1.36443097323496,0.735341646694217,1320,2821.73988879202,948,2147.03233467823,1320,2821.73988879202,615,1249.67435758281,912,1847.05620255167,1,0,1,0,1,0,0.00258397932816537,0.0111179657099469,1,0,6.8,1.19780782671662,61.5228319,0,original_stable,0
s7_clean,fixed_payload,15,3.75,4,792,0.7,0.7,wide_neighbor_stable_validated,0.2,0.9,0,1,2,2,2,1,1,1,1,136,23.9561565343324,136,23.9561565343324,0,0,0,0,1076.96635673297,31.6754957086155,1.54545454545455,6.64955421870371,1075.42090218751,32.3811947370742,1076.96635673297,31.6754957086155,990,0,1628.7,210.257128297711,2422.11,925.851165967347,990,0,1628.7,210.257128297711,2422.11,925.851165967347,0,0,36.7272727272727,3.12920198527233,3.59963541441947,0.71083118223642,77.821266773094,39.7248073083256,3.27272727272727,14.0814089337255,162,0,792,0,0,0,136,23.9561565343324,135.666666666667,24.8827449681701,544,95.8246261373295,542.666666666667,99.5309798726806,NaN,NaN,0.10756,0.0193910663226189,0.146392,0.0304140241850401,0.038832,0.0110591375307063,0.10756,0.0193910663226189,-0.0945840945840946,0.273039788435243,1,0,0.00111086749981725,0.00477967708047866,0.80754027238571,0.214227275550347,172,34.5107440225715,2.66666666666667,11.4737406126652,1.02020202020202,0.0869222773686759,294,1264.97990254634,147,632.489951273171,294,1264.97990254634,84,361.422829298955,168,722.84565859791,1,0,1,0,1,0,0.00258397932816537,0.0111179657099469,1,0,6.8,1.19780782671662,53.7428529,0,original_stable,0
s7_busy,fixed_payload,15,3.75,4,792,0.6,0.6,wide_neighbor_stable_validated,0.2,0.9,0,1,2,2,2,1,1,1,1,136,23.9561565343324,136,23.9561565343324,0,0,0,0,3122.79934849204,969.92965494156,26.5421754325409,50.9523943312599,3096.2571730595,918.97739252265,3122.79934849204,969.92965494156,2266.5,547.219791308757,8651.85,5433.2087313894,12302.04,9772.30244645238,2266.5,547.219791308757,8651.85,5433.2087313894,12302.04,9772.30244645238,0,0,76.7448763860724,34.6655377856811,13.9136536221254,4.91841785439763,1868.24669931398,724.019781845645,183.351943737326,155.994920035565,162,0,792,0,0,0,136,23.9561565343324,136,21.6562104947161,544,95.8246261373295,544,86.6248419788645,NaN,NaN,0.107716,0.0171414660773824,0.426711666666667,0.113010698126088,0.318995666666667,0.111980700091718,0.107716,0.0171414660773824,-0.354788354788355,0.335347373779855,1,0,0.00976608233908214,0.0347518384300289,0.80903417660857,0.211823132719708,361.666666666667,163.091413375472,153.333333333333,123.367724472795,2.13180212183534,0.962931605157807,59976,8986.19194610863,27153,3453.66888529152,59976,8986.19194610863,22722,2783.48378834869,49938,7124.36274073256,1,0,1,0,1,0,0.0048515530243105,0.0105036522704116,1,0,6.8,1.19780782671662,160.3512601,0,original_stable,0
sf_cf,fixed_payload,15,3,5,990,0.4,0.4,wide_neighbor_stable_validated,0.1,0.5375,0,1,2,2,2,1,1,1,1,117,15.5134350376268,117,15.5134350376268,0,0,0,0,3682.64132187938,569.556365039789,53.937630234422,105.461412969008,3628.70369164496,464.139749124864,3682.64132187938,569.556365039789,2706,616.886973814116,9271.65,1069.48509591515,14081.76,12659.6729657869,2706,616.886973814116,9271.65,1069.48509591515,14081.76,12659.6729657869,483.105640152274,21.2866200844035,0,0,1967.21092967341,410.764761058798,0,0,188.387121819275,222.266103250211,0,0,990,0,0,0,117,15.5134350376268,117.333333333333,16.9091758498227,585,77.5671751881339,586.666666666667,84.5458792491135,NaN,NaN,0.116153333333333,0.0167121060748994,0.430265333333333,0.0183713061013349,0.292332,0.0358368508940169,0.137933333333333,0.0181187891490552,0.193620193620194,0.437953613760554,1,0,0.000761162208374931,0.00327501665364597,0.751763423253521,0.103135527057205,166.333333333333,22.5404985320661,22,23.6971634495683,1.19029002203967,0.224511215404253,12540,7099.37700408661,12540,7099.37700408661,25740,14959.3155952043,10560,11359.0032065386,21780,23460.1918150726,1,0,1,0,1,0,0.00268817204301075,0.0115662707788964,1,0,5.85,0.775671751881339,1.4220482,0,original_stable,0
sf_cb,fixed_payload,15,3,5,990,0.7,0.7,wide_neighbor_stable_validated,0.4,0.85,0,1,2,2,2,1,1,1,1,117,15.5134350376268,117,15.5134350376268,0,0,0,0,1462.5654953917,150.969213949318,5.52996894409938,13.2502579030699,1457.03552644761,155.50731060258,1462.5654953917,150.969213949318,1347,34.1512473023708,2278.5,690.608333839977,2954.94,1630.74325429093,1347,34.1512473023708,2278.5,690.608333839977,2954.94,1630.74325429093,161.210125726307,102.500475113881,0,0,78.6462532558605,38.1039378103815,24.8070276497696,59.6128337503619,4.3721198156682,12.0350950209265,198,0,990,0,0,0,117,15.5134350376268,117,15.5134350376268,585,77.5671751881339,585,77.5671751881339,NaN,NaN,0.11583,0.0153583006872505,0.171024,0.022615232684733,0.055194,0.01584452262067,0.11583,0.0153583006872505,0.045988045988046,0.185603672469681,1,0,0,0,0.7513255041084,0.101286526590792,143.666666666667,37.3723087150026,2.66666666666667,7.58916606719352,1.02208141321045,0.0607833081864973,330,1023.88671248337,330,1023.88671248337,660,2047.77342496674,264,751.327440652158,528,1502.65488130432,1,0,1,0,1,0,0,0,1,0,5.85,0.775671751881339,1.5548448,0,original_stable,0
sb_cf,fixed_payload,15,3,5,990,0.00105737126344056,0.00105737126344056,self_stable_fallback_validated,0.00105737126344056,0.00105737126344056,0,2,2,0,2,1,1,1,1,117,15.5134350376268,117,15.5134350376268,0,0,0,0,14195.8870341615,2784.33573825036,517.542473953116,582.431370788357,13678.3445602084,2458.50920099538,14195.8870341615,2784.33573825036,9237,2027.04267345313,48692.4,26413.8823493952,80052.15,26492.3336802986,9237,2027.04267345313,48692.4,26413.8823493952,80052.15,26492.3336802986,0,0,55.5956321378481,14.2072293030121,11955.2345872571,1838.71505861418,138.634457022641,293.948434250569,538.879883790824,390.698805832834,0,0,990,0,0,0,117,15.5134350376268,118.666666666667,20.0790460721642,585,77.5671751881339,593.333333333333,100.395230360821,NaN,NaN,0.117658,0.0195065989675815,1.70929533333333,0.66206176867195,1.52530733333333,0.584722691515737,0.183988,0.0837428169147689,-2.4832497446021,12.7936235630651,1,0,0.0242283520656796,0.060514370538603,0.757847985142069,0.100536756948195,220.666666666667,112.208622345945,64.3333333333333,55.1195023939761,1.54432311494023,0.394645258417004,79530,83664.2829775875,54186,60347.1563067199,79530,83664.2829775875,44835,49016.1267700586,66330,65206.1449440276,1,0,1,0,1,0,0.0196036198490616,0.029506333768374,1,0,5.85,0.775671751881339,53.6930429,0,original_stable,0
sb_cb,fixed_payload,15,3,5,990,0.25625,0.25625,wide_neighbor_stable_validated,0.05,0.6,0,1,2,2,2,1,1,1,1,117,15.5134350376268,117,15.5134350376268,0,0,0,0,1365.1869139451,235.226626166204,3.05613354037267,7.14778028129468,1362.13078040473,235.721098621912,1365.1869139451,235.226626166204,1245,12.9079581892484,1989.6,905.800273451388,3467.76,5536.50517072053,1245,12.9079581892484,1989.6,905.800273451388,3467.76,5536.50517072053,0,0,38.668202764977,10.8617587470874,26.6621243237828,10.9737485368138,87.762434882789,127.990528882694,21.0380184331797,89.5840524790013,198,0,990,0,0,0,117,15.5134350376268,117,15.5134350376268,585,77.5671751881339,585,77.5671751881339,NaN,NaN,0.11583,0.0153583006872505,0.159507,0.0227923585271636,0.042687,0.0200058319843144,0.11682,0.0127788786073559,0.0392640392640393,0.108274921756458,1,0,0,0,0.7513255041084,0.101286526590792,150,30.2208395862713,8.33333333333333,33.7269917352552,1.07411674347158,0.301715520752426,1146,4738.53940495462,1071,4415.93682020021,1146,4738.53940495462,1047,4466.20949248568,1122,4788.90467643698,1,0,1,0,1,0,0,0,1,0,5.85,0.775671751881339,50.2911059,0,original_stable,0
s7_clean,fixed_payload,15,3,5,990,0.8,0.8,wide_neighbor_stable_validated,0.4,0.925,0,1,2,2,2,1,1,1,1,117,15.5134350376268,117,15.5134350376268,0,0,0,0,1274.45375175316,125.810657953344,2.71211180124224,6.52435856548585,1271.74163995191,127.308820888374,1274.45375175316,125.810657953344,1188,0,1809,657.409292953437,2306.91,1050.48687127592,1188,0,1809,657.409292953437,2306.91,1050.48687127592,0,0,36,0,2.47426367461431,0.923157455495839,81.2673762772991,127.52566141771,0,0,162,0,990,0,0,0,117,15.5134350376268,117,15.5134350376268,585,77.5671751881339,585,77.5671751881339,NaN,NaN,0.11583,0.0153583006872505,0.14901,0.0178860896186437,0.03318,0.0127322728166232,0.11583,0.0153583006872505,0.0435720435720436,0.0605450132940626,1,0,0,0,0.7513255041084,0.101286526590792,140.333333333333,27.6993422530854,0,0,1,0,0,0,0,0,0,0,0,0,0,0,1,0,1,0,1,0,0,0,1,0,5.85,0.775671751881339,42.3872528,0,original_stable,0
s7_busy,fixed_payload,15,3,5,990,0.6,0.6,wide_neighbor_stable_validated,0.2,0.9,0,1,2,2,2,1,1,1,1,117,15.5134350376268,117,15.5134350376268,0,0,0,0,3658.61327389301,546.547516567944,37.2352083750751,43.073898159913,3621.37806551793,577.452424957516,3658.61327389301,546.547516567944,2959.5,809.530704506297,8769.6,2726.40369971985,10993.44,2171.06570708771,2959.5,809.530704506297,8769.6,2726.40369971985,10993.44,2171.06570708771,0,0,76.3274894810659,18.3160013168252,13.1739280705269,2.29335992870907,2198.40294530154,479.34433418374,181.473702664797,82.4220059257133,162,0,990,0,0,0,117,15.5134350376268,117.333333333333,18.8095871778349,585,77.5671751881339,586.666666666667,94.0479358891743,NaN,NaN,0.11616,0.0186214913060565,0.430532666666667,0.12332887117703,0.314372666666667,0.105729564776612,0.11616,0.0186214913060565,0.21005621005621,0.675657826130931,1,0,0.00559625009549191,0.0179956384329563,0.752787133611576,0.0960540662308623,309,120.653420437416,131.666666666667,74.2891478809488,2.12020804114072,0.508777814356255,51933,10619.3906170233,23604,4799.07053500988,51933,10619.3906170233,19215,5601.32513167815,42105,11948.8377033726,1,0,1,0,1,0,0.00827489481065919,0.0200538081577267,1,0,5.85,0.775671751881339,128.5530758,0,original_stable,0
sf_cf,fixed_payload,15,2.5,6,1188,0.4,0.4,wide_neighbor_stable_validated,0.1,0.5375,0,1,2,2,2,1,1,1,1,99,21.5132636487473,99,21.5132636487473,0,0,0,0,4955.36199492485,531.749988138008,40.6247316025766,89.8403482865842,4914.73726332227,528.714499453788,4955.36199492485,531.749988138008,3402,601.571787390844,14857.2,3560.65412486569,21238.95,1860.70819466882,3402,601.571787390844,14857.2,3560.65412486569,21238.95,1860.70819466882,567.626585984775,37.1924754866749,0,0,2660.92211594769,392.402225497719,0,0,498.188561389811,99.4806382015802,0,0,1188,0,0,0,99,21.5132636487473,99,21.5132636487473,594,129.079581892484,594,129.079581892484,NaN,NaN,0.117612,0.0255577572147118,0.491376,0.147246334038733,0.324264,0.103098344389452,0.167112,0.0446915791345356,-1.37011737011737,2.59802040546874,1,0,3.90593796021935e-17,1.68058946267698e-16,0.707236004990748,0.178771634680187,169,57.2969473090859,41.6666666666667,16.5402039763223,1.41935064090051,0.0837379109440909,28512,25214.6845127383,28512,25214.6845127383,61776,48761.0930148207,22572,8853.46680467817,49500,19649.7623238709,1,0,1,0,1,0,0,0,0.333333333333333,1.43421757658315,4.95,1.07566318243737,1.1027594,0,original_stable,0
sf_cb,fixed_payload,15,2.5,6,1188,0.775,0.775,wide_neighbor_stable_validated,0.4,0.925,0,1,2,2,2,1,1,1,1,99,21.5132636487473,99,21.5132636487473,0,0,0,0,1697.43812219403,55.7108527827733,8.48731212180363,19.2801876606892,1688.95081007222,52.0228598311904,1697.43812219403,55.7108527827733,1524,25.8159163784968,2667.6,353.244382610897,4618.05,1836.21334749615,1524,25.8159163784968,2667.6,353.244382610897,4618.05,1836.21334749615,168.412844036697,11.9265130980801,0,0,59.300800312317,10.5564447358726,51.8672652742534,5.65400315765633,23.3699004489557,55.4846752028383,198,0,1188,0,0,0,99,21.5132636487473,99,21.5132636487473,594,129.079581892484,594,129.079581892484,NaN,NaN,0.117612,0.0255577572147118,0.168174,0.0422376183386691,0.050562,0.0166940026034225,0.117612,0.0255577572147118,-0.215428215428216,0.442661740769749,1,0,0,0,0.707236004990748,0.178771634680187,129.333333333333,53.4137748060492,12.3333333333333,31.6504231843634,1.11802980024725,0.280225632337567,1122,2708.94961193448,1122,2708.94961193448,2442,6266.78379050395,1122,2708.94961193448,2442,6266.78379050395,1,0,1,0,1,0,0,0,0.333333333333333,1.43421757658315,4.95,1.07566318243737,1.4254934,0,original_stable,0
sb_cf,fixed_payload,15,2.5,6,1188,0.000546872705704211,0.000546872705704211,neighbor_stable_fallback_validated,0.000494539087432703,0.000604744425353318,0,2,2,1,2,1,1,1,1,99,21.5132636487473,99,21.5132636487473,0,0,0,0,28624.272496584,16669.4329862528,2040.80343548702,2533.03088981606,26583.469061097,14198.3915575432,28624.272496584,16669.4329862528,21160.5,7582.89811402555,78463.95,39671.7480150596,115315.59,68943.5729273816,21160.5,7582.89811402555,78463.95,39671.7480150596,115315.59,68943.5729273816,0,0,51.5334764786258,19.8778506619092,24655.9506148741,13433.6605410065,175.380245949639,90.976623557095,512.604723794651,655.969071843002,0,0,1188,0,0,0,99,21.5132636487473,99.3333333333333,22.9474812253305,594,129.079581892484,596,137.684887351983,NaN,NaN,0.11836,0.0265367752644495,2.86082766666667,2.29291749642886,2.69019566666667,2.18723464526698,0.170632,0.105733515295863,-7.76912691904517,8.61947565468062,1,0,0.00406303604850064,0.0118297810521932,0.70759712682022,0.196997872871657,165,96.2423046096735,44,66.7026825790977,1.43148545773961,0.552162518386366,57024,89561.6165175169,40653,66281.7607490929,57024,89561.6165175169,37371,59464.7106765529,52272,79242.786903968,1,0,1,0,1,0,0.00305810397553517,0.0131579594181941,0.333333333333333,1.43421757658315,4.95,1.07566318243737,51.1470013,0,original_stable,0
sb_cb,fixed_payload,15,2.5,6,1188,0.6,0.6,wide_neighbor_stable_validated,0.2,0.9,0,1,2,2,2,1,1,1,1,99,21.5132636487473,99,21.5132636487473,0,0,0,0,1588.74097208667,49.7794547265916,7.78840523130978,17.5521326234921,1580.95256685536,57.4332964342453,1588.74097208667,49.7794547265916,1425,12.9079581892484,2582.7,429.831131420772,4538.46,2807.47368956506,1425,12.9079581892484,2582.7,429.831131420772,4538.46,2807.47368956506,0,0,40.3802459496389,6.99619406443029,6.3352527815733,1.49581786895696,130.149521764591,18.0255020562298,18.0875463595549,32.1503657578848,198,0,1188,0,0,0,99,21.5132636487473,99,21.5132636487473,594,129.079581892484,594,129.079581892484,NaN,NaN,0.117612,0.0255577572147118,0.15717,0.0290192948437892,0.039558,0.00347777860134885,0.117612,0.0255577572147118,-0.25970025970026,0.318392893112394,1,0,6.1445563781251e-17,2.64378922734394e-16,0.707236004990748,0.178771634680187,128.666666666667,6.25160947937577,11.6666666666667,17.4480098702702,1.12167349860108,0.194338724011952,210,314.064177664864,165,239.058731116596,210,314.064177664864,165,239.058731116596,210,314.064177664864,1,0,1,0,1,0,0,0,0.333333333333333,1.43421757658315,4.95,1.07566318243737,50.4512823,0,original_stable,0
s7_clean,fixed_payload,15,2.5,6,1188,0.6,0.6,wide_neighbor_stable_validated,0.2,0.9,0,1,2,2,2,1,1,1,1,99,21.5132636487473,99,21.5132636487473,0,0,0,0,1533.17597111068,29.9084134800848,7.58256880733945,17.1463118044229,1525.59340230334,32.4220230724469,1533.17597111068,29.9084134800848,1392,12.9079581892484,2490.45,410.856983820217,3796.35,1553.76393402998,1392,12.9079581892484,2490.45,410.856983820217,3796.35,1553.76393402998,0,0,37.2765957446809,2.90648913211667,6.68865898887371,1.70212053248612,125.88346671872,21.7279081483012,5.74468085106383,13.079201094525,162,0,1188,0,0,0,99,21.5132636487473,99,21.5132636487473,594,129.079581892484,594,129.079581892484,NaN,NaN,0.117612,0.0255577572147118,0.151719,0.0300711962183083,0.034107,0.00459767989985584,0.117612,0.0255577572147118,-0.217372217372217,0.301697726649215,1,0,0,0,0.707236004990748,0.178771634680187,120.333333333333,20.2321286902548,3.33333333333333,7.58916606719352,1.0354609929078,0.080735809225463,210,478.117462233192,105,239.058731116596,210,478.117462233192,105,239.058731116596,210,478.117462233192,1,0,1,0,1,0,0,0,0.333333333333333,1.43421757658315,4.95,1.07566318243737,33.3898348,0,original_stable,0
s7_busy,fixed_payload,15,2.5,6,1188,0.6,0.6,wide_neighbor_stable_validated,0.2,0.9,0,1,2,2,2,1,1,1,1,99,21.5132636487473,99,21.5132636487473,0,0,0,0,4350.15606090182,175.78380542278,19.3401327347257,36.9180700127614,4330.81592816709,142.169279803575,4350.15606090182,175.78380542278,3354,215.701984584858,11169,3872.80823335053,15547.41,5064.25230846569,3354,215.701984584858,11169,3872.80823335053,15547.41,5064.25230846569,0,0,83.3277376537185,3.01847505636611,15.2723013859067,5.2322620892799,2669.24106968573,138.992781761481,212.974819441733,13.5831377536475,162,0,1188,0,0,0,99,21.5132636487473,98.6666666666667,22.2650442113236,594,129.079581892484,592,133.590265267941,NaN,NaN,0.117216,0.0264508725230524,0.430297,0.0985542577641164,0.313081,0.0728597831816843,0.117216,0.0264508725230524,-1.13637313637314,0.719124468384885,1,0,0.00104941943408729,0.00451528739272754,0.704569023571976,0.189802537951111,269.333333333333,77.4610277895331,130,22.0794989414224,2.31465937926996,0.0838465293435028,46893,5908.46188497089,21105,2052.48712166858,46893,5908.46188497089,17766,1337.142360524,39438,3527.34609324609,1,0,1,0,1,0,0.00354609929078014,0.0152576337934378,0.333333333333333,1.43421757658315,4.95,1.07566318243737,127.7651766,0,original_stable,0
