protocol,M,q,stage,n_runs,mean_throughput,se_throughput,mean_completed_pkt_s,mean_collision_fraction,mean_jain_fairness,selected
sf_cf,0.1,0.025,coarse,1,0.374184,0,20788,0.26026,0.998739927341332,1
sf_cb,0.1,0.025,coarse,1,0.03615625,0,2225,0.2461875,0.983304797921616,1
sb_cf,0.1,1e-05,coarse,1,0.00063375,0,39,0,0.520890410958904,0
sb_cf,0.1,1.94876784266975e-05,coarse,1,0.0015925,0,98,0,0.710355029585799,0
sb_cf,0.1,3.79769610462371e-05,coarse,1,0.003185,0,196,3.25e-05,0.842456140350877,0
sb_cf,0.1,7.40082804492285e-05,coarse,1,0.00593125,0,365,0,0.900412273587456,0
sb_cf,0.1,0.000144224957030741,coarse,1,0.01035125,0,637,0.0002275,0.924471429873325,0
sb_cf,0.1,0.000281060958371934,coarse,1,0.01980875,0,1219,0.0006825,0.969214563385426,0
sb_cf,0.1,0.000547722557505166,coarse,1,0.0382525,0,2354,0.00242125,0.97879590769709,0
sb_cf,0.1,0.001,coarse,1,0.06456125,0,3973,0.00820625,0.988802504215873,0
sb_cf,0.1,0.0010673841067709,coarse,1,0.06771375,0,4167,0.0094575,0.98536409447389,0
sb_cf,0.1,0.0020800838230519,coarse,1,0.11613875,0,7147,0.03053375,0.993580367417473,0
sb_cf,0.1,0.003,coarse,1,0.149489,0,9200,0.05913375,0.996238212044313,0
sb_cf,0.1,0.0040536004644211,coarse,1,0.1782625,0,10970,0.10036,0.995670017864672,0
sb_cf,0.1,0.00789952623209501,coarse,1,0.22322625,0,13737,0.29161825,0.994627204749286,0
sb_cf,0.1,0.00882865195607039,fine,1,0.22539275,0,13871,0.34461375,0.994404393011387,1
sb_cf,0.1,0.00986705950095362,fine,1,0.2244775,0,13814,0.40768,0.994814112463805,0
sb_cf,0.1,0.01,coarse,1,0.22453825,0,13817,0.415675,0.995027346516452,0
sb_cf,0.1,0.0110276023655477,fine,1,0.2197215,0,13522,0.47841625,0.993071071382484,0
sb_cf,0.1,0.0123246458502536,fine,1,0.21305375,0,13111,0.55661125,0.990963300679073,0
sb_cf,0.1,0.0137742448720066,fine,1,0.20882875,0,12851,0.6383,0.988401675734645,0
sb_cf,0.1,0.0153943426934329,coarse,1,0.199745,0,12292,0.7322475,0.990960567586655,0
sb_cf,0.1,0.03,coarse,1,0.10764,0,6624,1.48996575,0.974477641640845,0
sb_cf,0.1,0.03,coarse,1,0.10764,0,6624,1.48996575,0.974477641640845,0
sb_cb,0.1,1e-05,coarse,1,0.00086125,0,53,0,0.536068702290076,0
sb_cb,0.1,1.77827941003892e-05,coarse,1,0.00143,0,88,0,0.762204724409449,0
sb_cb,0.1,3.16227766016838e-05,coarse,1,0.00221,0,136,0,0.808391608391608,0
sb_cb,0.1,5.62341325190349e-05,coarse,1,0.00398125,0,245,5.8e-05,0.798629590207557,0
sb_cb,0.1,0.0001,coarse,1,0.0068575,0,422,0.0002175,0.926748542880933,0
sb_cb,0.1,0.000177827941003892,coarse,1,0.01131,0,696,0.0007685,0.960990318996985,0
sb_cb,0.1,0.000316227766016838,coarse,1,0.01753375,0,1079,0.0022765,0.955894282242438,0
sb_cb,0.1,0.000562341325190349,coarse,1,0.0259025,0,1594,0.005742,0.982231328282047,0
sb_cb,0.1,0.001,coarse,1,0.03576625,0,2201,0.0138185,0.979529646314734,0
sb_cb,0.1,0.00177827941003892,coarse,1,0.04418375,0,2719,0.031726,0.983383746481721,0
sb_cb,0.1,0.003,coarse,1,0.04922125,0,3029,0.062756,0.987013262245631,0
sb_cb,0.1,0.00316227766016838,coarse,1,0.049855,0,3068,0.066874,0.983201858475114,0
sb_cb,0.1,0.00383118684955729,fine,1,0.05084625,0,3129,0.0845495,0.980833523676713,0
sb_cb,0.1,0.00464158883361278,fine,1,0.05135,0,3160,0.107648,0.988837747268853,1
sb_cb,0.1,0.00562341325190349,coarse,1,0.05055375,0,3111,0.13543,0.987402415882797,0
sb_cb,0.1,0.00681292069057962,fine,1,0.05005,0,3080,0.1682435,0.983739837398374,0
sb_cb,0.1,0.00825404185268018,fine,1,0.04837625,0,2977,0.21199,0.978156579592161,0
sb_cb,0.1,0.01,coarse,1,0.04580875,0,2819,0.263349,0.98214377524335,0
s7_clean,0.1,0.001,coarse,1,0.0442,0,2720,0.00122819999999902,0.987243127835602,0
s7_clean,0.1,0.003,coarse,1,0.0729625,0,4490,0.00688859999999317,0.990730620894091,0
s7_clean,0.1,0.005,coarse,1,0.08294,0,5104,0.0138572999999857,0.993944795631511,0
s7_clean,0.1,0.009,coarse,1,0.0897975,0,5526,0.0284888999999714,0.9929102264628,0
s7_clean,0.1,0.0106706799134702,fine,1,0.090285,0,5556,0.0350303999999638,0.991752704505324,0
s7_clean,0.1,0.0126514899795262,fine,1,0.0903175,0,5558,0.0430136999999549,0.991068394495177,1
s7_clean,0.1,0.015,coarse,1,0.08983,0,5528,0.0520382999999458,0.992611764216741,0
s7_clean,0.1,0.0177844665224503,fine,1,0.08838375,0,5439,0.0631454999999334,0.99195646925486,0
s7_clean,0.1,0.0210858166325437,fine,1,0.08646625,0,5321,0.0758546999999205,0.993622722212786,0
s7_clean,0.1,0.025,coarse,1,0.08292375,0,5103,0.0932363999999012,0.99090432745654,0
s7_clean,0.1,0.05,coarse,1,0.0584025,0,3594,0.197633399999794,0.989177341983863,0
s7_clean,0.1,0.1,coarse,1,0.02081625,0,1281,0.344349899999641,0.967616222845956,0
s7_clean,0.1,0.2,coarse,1,0.00138125,0,85,0.418602599999566,0.775214592274678,0
s7_clean,0.1,0.4,coarse,1,1.625e-05,0,1,0.423753699999561,0.025,0
s7_clean,0.1,0.6,coarse,1,0,0,0,0.423807099999561,NaN,0
s7_clean,0.1,0.8,coarse,1,0,0,0,0.423807099999561,NaN,0
s7_clean,0.1,1,coarse,1,0,0,0,0.247215299999744,NaN,0
s7_busy,0.1,0.0001,coarse,1,0.00063375,0,39,0.0396494999999593,0.437068965517241,0
s7_busy,0.1,0.0003,coarse,1,0.00170625,0,105,0.0412781999999579,0.660971223021583,0
s7_busy,0.1,0.0005,coarse,1,0.00326625,0,201,0.0421592999999576,0.794669551534225,0
s7_busy,0.1,0.001,coarse,1,0.0064675,0,398,0.0443753999999552,0.910367816091954,0
s7_busy,0.1,0.003,coarse,1,0.01678625,0,1033,0.052598999999946,0.967161838813762,0
s7_busy,0.1,0.005,coarse,1,0.02318875,0,1427,0.0607424999999374,0.972700479584233,0
s7_busy,0.1,0.01,coarse,1,0.0320125,0,1970,0.0776435999999201,0.986863518929145,0
s7_busy,0.1,0.0130766048601183,fine,1,0.03573375,0,2199,0.086321099999911,0.981927669252325,0
s7_busy,0.1,0.017099759466767,fine,1,0.0376675,0,2318,0.100311899999898,0.980511394326924,0
s7_busy,0.1,0.02,coarse,1,0.038285,0,2356,0.112940999999884,0.978041216768628,0
s7_busy,0.1,0.0223606797749979,fine,1,0.03822,0,2352,0.120416999999878,0.983093064915124,0
s7_busy,0.1,0.0292401773821287,fine,1,0.03869125,0,2381,0.142070699999855,0.984167829788416,1
s7_busy,0.1,0.0382362245665865,fine,1,0.035815,0,2204,0.17589959999982,0.988171920516868,0
s7_busy,0.1,0.05,coarse,1,0.03173625,0,1953,0.216018699999776,0.985003408844402,0
s7_busy,0.1,0.1,coarse,1,0.01168375,0,719,0.353187599999632,0.949248990084466,0
s7_busy,0.1,0.2,coarse,1,0.00076375,0,47,0.419365899999564,0.620505617977528,0
unslotted,0.1,1e-05,coarse,1,0.000845,0,52,0,0.676,0
unslotted,0.1,1.77160053966912e-05,coarse,1,0.0014625,0,90,0,0.688775510204082,0
unslotted,0.1,3.13856847215592e-05,coarse,1,0.00208,0,128,1.45e-05,0.716083916083916,0
unslotted,0.1,5.56028959905992e-05,coarse,1,0.00362375,0,223,0.0001305,0.868780573025856,0
unslotted,0.1,9.85061205441115e-05,coarse,1,0.00645125,0,397,0.0002175,0.906423970554405,0
unslotted,0.1,0.000174513496316659,coarse,1,0.01064375,0,655,0.0007105,0.941753007287734,0
unslotted,0.1,0.000309168204254139,coarse,1,0.01873625,0,1153,0.002842,0.965494727362519,0
unslotted,0.1,0.000547722557505166,coarse,1,0.02611375,0,1607,0.006699,0.9773267079429,0
unslotted,0.1,0.000970345578465104,coarse,1,0.03654625,0,2249,0.01566,0.981107382550336,0
unslotted,0.1,0.001,coarse,1,0.03719625,0,2289,0.0166315,0.984420867121095,0
unslotted,0.1,0.00171906475047432,coarse,1,0.0473037500000001,0,2911,0.0377,0.991607533198216,0
unslotted,0.1,0.00189097825958957,fine,1,0.04719,0,2904,0.043587,0.979713377572074,0
unslotted,0.1,0.0020800838230519,fine,1,0.04928625,0,3033,0.048749,0.989315304502691,0
unslotted,0.1,0.00228810071664247,fine,1,0.04961125,0,3053,0.058783,0.978381842305254,0
unslotted,0.1,0.00251692015075546,fine,1,0.051285,0,3156,0.065888,0.979761717397463,0
unslotted,0.1,0.00276862246456293,fine,1,0.0520325,0,3202,0.076241,0.984619551021035,0
unslotted,0.1,0.003,coarse,1,0.05213,0,3208,0.0842885,0.983469798093316,1
unslotted,0.1,0.00304549603966647,coarse,1,0.052,0,3200,0.0862025,0.986033756249374,0
unslotted,0.1,0.0053954024274333,coarse,1,0.050895,0,3132,0.1800755,0.97406162865518,0
unslotted,0.1,0.00955849785217292,coarse,1,0.039975,0,2460,0.362442,0.93917610250298,0
unslotted,0.1,0.01,coarse,1,0.0383825,0,2362,0.378421,0.934889067631879,0
unslotted,0.1,0.0169338399533357,coarse,1,0.0226199999999999,0,1392,0.687555628096616,0.87231866311316,0
unslotted,0.1,0.03,coarse,1,0.007735,0,476,1.184969,0.620688143765067,0
sf_cf,0.2,0.025,coarse,1,0.374112,0,10392,0.26206,0.995563802421353,1
sf_cb,0.2,0.025,coarse,1,0.06851,0,2108,0.2418,0.983094104529123,1
sb_cf,0.2,1e-05,coarse,1,0.0015275,0,47,0,0.557828282828283,0
sb_cf,0.2,1.94876784266975e-05,coarse,1,0.003185,0,98,6.5e-05,0.60025,0
sb_cf,0.2,3.79769610462371e-05,coarse,1,0.00559,0,172,6.5e-05,0.807423580786026,0
sb_cf,0.2,7.40082804492285e-05,coarse,1,0.00988,0,304,0.00039,0.90889063729347,0
sb_cf,0.2,0.000144224957030741,coarse,1,0.01924,0,592,0.001105,0.963024840624313,0
sb_cf,0.2,0.000281060958371934,coarse,1,0.03588,0,1104,0.00312,0.963460443938532,0
sb_cf,0.2,0.000547722557505166,coarse,1,0.067275,0,2070,0.011115,0.98644952759821,0
sb_cf,0.2,0.001,coarse,1,0.10959,0,3372,0.03367,0.988742799899825,0
sb_cf,0.2,0.0010673841067709,coarse,1,0.115216,0,3546,0.03744,0.991255526194636,0
sb_cf,0.2,0.0020800838230519,coarse,1,0.1702675,0,5239,0.1180075,0.993768148580482,0
sb_cf,0.2,0.003,coarse,1,0.1920725,0,5909,0.220025,0.994567493662233,0
sb_cf,0.2,0.00352534171408709,fine,1,0.1943825,0,5981,0.2854475,0.990857155361244,1
sb_cf,0.2,0.0040536004644211,coarse,1,0.193893,0,5966,0.3547375,0.990034223942073,0
sb_cf,0.2,0.00414267806702751,fine,1,0.1925425,0,5925,0.366535,0.991577881470351,0
sb_cf,0.2,0.00486811859924192,fine,1,0.19292,0,5936,0.455583,0.991661019238779,0
sb_cf,0.2,0.00572059385567691,fine,1,0.18226,0,5608,0.5684575,0.990942593404821,0
sb_cf,0.2,0.00672234938292271,fine,1,0.168729,0,5192,0.69283,0.993304876898406,0
sb_cf,0.2,0.00789952623209501,coarse,1,0.1497275,0,4607,0.8478705,0.991290845979528,0
sb_cf,0.2,0.01,coarse,1,0.1128725,0,3473,1.114,0.988125272391838,0
sb_cf,0.2,0.0153943426934329,coarse,1,0.0490425,0,1509,1.701522,0.968163149033147,0
sb_cf,0.2,0.03,coarse,1,0.005783,0,178,2.8893475,0.835548523206751,0
sb_cf,0.2,0.03,coarse,1,0.005783,0,178,2.8893475,0.835548523206751,0
sb_cb,0.2,1e-05,coarse,1,0.0016575,0,51,1.45e-05,0.50406976744186,0
sb_cb,0.2,1.77827941003892e-05,coarse,1,0.0027625,0,85,1.45e-05,0.737244897959184,0
sb_cb,0.2,3.16227766016838e-05,coarse,1,0.004485,0,138,4.35e-05,0.775407166123778,0
sb_cb,0.2,5.62341325190349e-05,coarse,1,0.007865,0,242,0.000116,0.940938303341902,0
sb_cb,0.2,0.0001,coarse,1,0.0137475,0,423,0.0003045,0.918715341959335,0
sb_cb,0.2,0.000177827941003892,coarse,1,0.0222625,0,685,0.0008265,0.934934645732048,0
sb_cb,0.2,0.000316227766016838,coarse,1,0.03354,0,1032,0.00232,0.956791720569211,0
sb_cb,0.2,0.000562341325190349,coarse,1,0.049595,0,1526,0.0057855,0.969602944605443,0
sb_cb,0.2,0.001,coarse,1,0.06773,0,2084,0.0133835,0.975546730399468,0
sb_cb,0.2,0.00177827941003892,coarse,1,0.0837005,0,2576,0.0303775,0.979398290275351,0
sb_cb,0.2,0.003,coarse,1,0.093145,0,2866,0.0597255,0.984594029593119,0
sb_cb,0.2,0.00316227766016838,coarse,1,0.0938275,0,2887,0.063789,0.985118099254433,0
sb_cb,0.2,0.00383118684955729,fine,1,0.094835,0,2918,0.080968,0.980561339180425,1
sb_cb,0.2,0.00464158883361278,fine,1,0.094384,0,2905,0.1029935,0.981450877592888,0
sb_cb,0.2,0.00562341325190349,coarse,1,0.0939575,0,2891,0.1300085,0.982618872946676,0
sb_cb,0.2,0.00681292069057962,fine,1,0.08905,0,2740,0.1645475,0.986969416515923,0
sb_cb,0.2,0.00825404185268018,fine,1,0.084045,0,2586,0.204392,0.983035808784618,0
sb_cb,0.2,0.01,coarse,1,0.07592,0,2336,0.256472,0.975993360900857,0
s7_clean,0.2,0.001,coarse,1,0.087165,0,2682,0.00149519999999838,0.984744324093443,0
s7_clean,0.2,0.003,coarse,1,0.1389939,0,4277,0.00835709999999061,0.991336126074374,0
s7_clean,0.2,0.005,coarse,1,0.157495,0,4846,0.0147917999999833,0.99452656507274,0
s7_clean,0.2,0.00600468477588001,fine,1,0.1627925,0,5009,0.0180224999999806,0.991989816816565,0
s7_clean,0.2,0.00721124785153704,fine,1,0.166985,0,5138,0.0220274999999774,0.99336244291722,0
s7_clean,0.2,0.00866025403784439,fine,1,0.1696175,0,5219,0.0272072999999725,0.992650085788297,0
s7_clean,0.2,0.009,coarse,1,0.1701375,0,5235,0.0282485999999712,0.993618307226216,0
s7_clean,0.2,0.0104004191152595,fine,1,0.170495,0,5246,0.0343094999999658,0.992866646655776,0
s7_clean,0.2,0.0124902476648341,fine,1,0.17082,0,5256,0.042025799999957,0.993349845094367,1
s7_clean,0.2,0.015,coarse,1,0.16965,0,5220,0.0514508999999475,0.994185588315134,0
s7_clean,0.2,0.025,coarse,1,0.1588925,0,4889,0.0882434999999097,0.993315965151709,0
s7_clean,0.2,0.05,coarse,1,0.11544,0,3552,0.18676649999981,0.987803778122964,0
s7_clean,0.2,0.1,coarse,1,0.041925,0,1290,0.339036599999651,0.97511953872117,0
s7_clean,0.2,0.2,coarse,1,0.0028925,0,89,0.417961799999567,0.741666666666667,0
s7_clean,0.2,0.4,coarse,1,0,0,0,0.423807099999561,NaN,0
s7_clean,0.2,0.6,coarse,1,0,0,0,0.423807099999561,NaN,0
s7_clean,0.2,0.8,coarse,1,0,0,0,0.423807099999561,NaN,0
s7_clean,0.2,1,coarse,1,0,0,0,0.247215299999744,NaN,0
s7_busy,0.2,0.0001,coarse,1,0.0015275,0,47,0.0380207999999613,0.557828282828283,0
s7_busy,0.2,0.0003,coarse,1,0.0039325,0,121,0.0392556999999596,0.767348008385744,0
s7_busy,0.2,0.0005,coarse,1,0.0068575,0,211,0.0403169999999584,0.827527881040892,0
s7_busy,0.2,0.001,coarse,1,0.012155,0,374,0.0418121999999568,0.894805527123849,0
s7_busy,0.2,0.003,coarse,1,0.0303875,0,935,0.0495017999999487,0.956105910144801,0
s7_busy,0.2,0.005,coarse,1,0.0429,0,1320,0.0566840999999415,0.97301644031451,0
s7_busy,0.2,0.01,coarse,1,0.0621075,0,1911,0.0732914999999235,0.984080032336297,0
s7_busy,0.2,0.0130766048601183,fine,1,0.068445,0,2106,0.0831971999999131,0.979115377143564,0
s7_busy,0.2,0.017099759466767,fine,1,0.0721825,0,2221,0.097721999999897,0.983601657401278,0
s7_busy,0.2,0.02,coarse,1,0.073515,0,2262,0.108482099999887,0.98153880388576,0
s7_busy,0.2,0.0223606797749979,fine,1,0.0738725,0,2273,0.116892599999879,0.981371614177715,1
s7_busy,0.2,0.0292401773821287,fine,1,0.0732875,0,2255,0.139400699999855,0.975645438568216,0
s7_busy,0.2,0.0382362245665865,fine,1,0.06968,0,2144,0.168385899999827,0.986847574066123,0
s7_busy,0.2,0.05,coarse,1,0.0617825,0,1901,0.20575019999979,0.985492500681756,0
s7_busy,0.2,0.1,coarse,1,0.023985,0,738,0.34475039999964,0.957127794179671,0
s7_busy,0.2,0.2,coarse,1,0.00182,0,56,0.418282199999567,0.687719298245614,0
unslotted,0.2,1e-05,coarse,1,0.0016575,0,51,0,0.619285714285714,0
unslotted,0.2,1.77160053966912e-05,coarse,1,0.00208,0,64,0,0.588505747126437,0
unslotted,0.2,3.13856847215592e-05,coarse,1,0.0047125,0,145,1.45e-05,0.800038051750381,0
unslotted,0.2,5.56028959905992e-05,coarse,1,0.0075075,0,231,8.7e-05,0.853502879078695,0
unslotted,0.2,9.85061205441115e-05,coarse,1,0.0130325,0,401,0.000348,0.899535690311032,0
unslotted,0.2,0.000174513496316659,coarse,1,0.0210925,0,649,0.000957,0.957884562903666,0
unslotted,0.2,0.000309168204254139,coarse,1,0.03341,0,1028,0.001972,0.96817648783348,0
unslotted,0.2,0.000547722557505166,coarse,1,0.05083,0,1564,0.0059015,0.973082553624849,0
unslotted,0.2,0.000970345578465104,coarse,1,0.0719225,0,2213,0.0155005,0.983699774230092,0
unslotted,0.2,0.001,coarse,1,0.0706875,0,2175,0.018125,0.978024238565037,0
unslotted,0.2,0.00171906475047432,coarse,1,0.08788,0,2704,0.038048,0.984787785404118,0
unslotted,0.2,0.00189097825958957,fine,1,0.0904475,0,2783,0.0427605,0.991216603615179,0
unslotted,0.2,0.0020800838230519,fine,1,0.0936,0,2880,0.0494305,0.983559902478821,0
unslotted,0.2,0.00228810071664247,fine,1,0.0942825,0,2901,0.0559265,0.985470638931695,0
unslotted,0.2,0.00251692015075546,fine,1,0.0955695129618455,0,2941,0.065656,0.98506719358586,0
unslotted,0.2,0.00276862246456293,fine,1,0.09646,0,2968,0.0719635,0.988800287356322,0
unslotted,0.2,0.003,coarse,1,0.0988974999999999,0,3043,0.0808375,0.98429032148339,1
unslotted,0.2,0.00304549603966647,coarse,1,0.0970125,0,2985,0.083665,0.984350764703023,0
unslotted,0.2,0.0053954024274333,coarse,1,0.0913899999999999,0,2812,0.175943,0.973034327285614,0
unslotted,0.2,0.00955849785217292,coarse,1,0.06864,0,2112,0.3481885,0.935124528301887,0
unslotted,0.2,0.01,coarse,1,0.064935,0,1998,0.374042,0.910468553286989,0
unslotted,0.2,0.0169338399533357,coarse,1,0.0338975,0,1043,0.6682035,0.800477557027226,0
unslotted,0.2,0.03,coarse,1,0.0079625,0,245,1.1629435,0.501043405676127,0
sf_cf,0.4,0.025,coarse,1,0.369198,0,4558,0.260647,0.987103217591273,1
sf_cb,0.4,0.025,coarse,1,0.1330925,0,2048,0.2127125,0.981628908444112,1
sb_cf,0.4,1e-05,coarse,1,0.003055,0,47,0,0.606868131868132,0
sb_cf,0.4,1.94876784266975e-05,coarse,1,0.006435,0,99,0.00013,0.626662404092072,0
sb_cf,0.4,3.79769610462371e-05,coarse,1,0.01157,0,178,0.00039,0.855399568034557,0
sb_cf,0.4,7.40082804492285e-05,coarse,1,0.021255,0,327,0.00065,0.934367354072003,0
sb_cf,0.4,0.000144224957030741,coarse,1,0.03926,0,604,0.00351,0.936578352844527,0
sb_cf,0.4,0.000281060958371934,coarse,1,0.06721,0,1034,0.01352,0.948371416406472,0
sb_cf,0.4,0.000547722557505166,coarse,1,0.113609,0,1748,0.04316,0.986155435063258,0
sb_cf,0.4,0.001,coarse,1,0.159835,0,2459,0.123435,0.984756558332845,0
sb_cf,0.4,0.0010673841067709,coarse,1,0.16471,0,2534,0.138459,0.98265753357574,0
sb_cf,0.4,0.00126800457078559,fine,1,0.174236,0,2681,0.18291,0.986110714775689,0
sb_cf,0.4,0.00150633270753604,fine,1,0.18224,0,2804,0.238225,0.981055720816946,1
sb_cf,0.4,0.00178945587269223,fine,1,0.181543,0,2793,0.3172,0.986056279989281,0
sb_cf,0.4,0.0020800838230519,coarse,1,0.177495,0,2731,0.39624,0.988454147383599,0
sb_cf,0.4,0.00212579352774632,fine,1,0.17732,0,2728,0.409211,0.983224115334207,0
sb_cf,0.4,0.0025253476163172,fine,1,0.16562,0,2548,0.520092,0.981517137950219,0
sb_cf,0.4,0.003,coarse,1,0.153335,0,2359,0.645997,0.982909722271285,0
sb_cf,0.4,0.0040536004644211,coarse,1,0.11882,0,1828,0.927559,0.975747523827322,0
sb_cf,0.4,0.00789952623209501,coarse,1,0.030875,0,475,1.8491,0.912279637716319,0
sb_cf,0.4,0.01,coarse,1,0.01417,0,218,2.277455,0.848642857142857,0
sb_cf,0.4,0.0153943426934329,coarse,1,0.001495,0,23,3.223877,0.400757575757576,0
sb_cf,0.4,0.03,coarse,1,0,0,0,5.158403,NaN,0
sb_cf,0.4,0.03,coarse,1,0,0,0,5.158403,NaN,0
sb_cb,0.4,1e-05,coarse,1,0.00221,0,34,0,0.555769230769231,0
sb_cb,0.4,1.77827941003892e-05,coarse,1,0.003705,0,57,0,0.592883211678832,0
sb_cb,0.4,3.16227766016838e-05,coarse,1,0.00767,0,118,2.9e-05,0.770132743362832,0
sb_cb,0.4,5.62341325190349e-05,coarse,1,0.014235,0,219,7.25e-05,0.868229543808834,0
sb_cb,0.4,0.0001,coarse,1,0.025415,0,391,0.00029,0.931973908802731,0
sb_cb,0.4,0.000177827941003892,coarse,1,0.043225,0,665,0.000609,0.952988966468408,0
sb_cb,0.4,0.000316227766016838,coarse,1,0.066625,0,1025,0.0019575,0.959264636061502,0
sb_cb,0.4,0.000562341325190349,coarse,1,0.093405,0,1437,0.005249,0.976640212641178,0
sb_cb,0.4,0.001,coarse,1,0.12519,0,1926,0.0117595,0.98357020130242,0
sb_cb,0.4,0.00177827941003892,coarse,1,0.150995,0,2323,0.0268105,0.975877440449064,0
sb_cb,0.4,0.00195734178148766,fine,1,0.1552315,0,2388,0.030334,0.988610737417306,0
sb_cb,0.4,0.00215443469003188,fine,1,0.1595555,0,2455,0.034481,0.980609970388207,0
sb_cb,0.4,0.00237137370566166,fine,1,0.1615615,0,2486,0.039469,0.98726437398561,0
sb_cb,0.4,0.00261015721568254,fine,1,0.16263,0,2502,0.0448775,0.989617558902758,0
sb_cb,0.4,0.00287298483335367,fine,1,0.164775,0,2535,0.050605,0.983246681314377,0
sb_cb,0.4,0.003,coarse,1,0.166595,0,2563,0.053389,0.98664574909731,1
sb_cb,0.4,0.00316227766016838,coarse,1,0.164125,0,2525,0.057438,0.988560951406332,0
sb_cb,0.4,0.00562341325190349,coarse,1,0.15561,0,2394,0.11977,0.980140781480873,0
sb_cb,0.4,0.01,coarse,1,0.12168,0,1872,0.2371185,0.968854090637648,0
s7_clean,0.4,0.001,coarse,1,0.157625,0,2425,0.00120149999999866,0.990384356284904,0
s7_clean,0.4,0.003,coarse,1,0.24271,0,3734,0.00635459999999346,0.985130995110646,0
s7_clean,0.4,0.005,coarse,1,0.26975,0,4150,0.0123887999999871,0.986722996819111,0
s7_clean,0.4,0.009,coarse,1,0.285415,0,4391,0.0246974999999763,0.988846292713849,0
s7_clean,0.4,0.0106706799134702,fine,1,0.2873,0,4420,0.029530199999971,0.988868372247463,1
s7_clean,0.4,0.0126514899795262,fine,1,0.286325,0,4405,0.0365789999999633,0.9912656449553,0
s7_clean,0.4,0.015,coarse,1,0.28548,0,4392,0.0434675999999553,0.989221655152042,0
s7_clean,0.4,0.0177844665224503,fine,1,0.2824164,0,4345,0.0519047999999479,0.988366462072619,0
s7_clean,0.4,0.0210858166325437,fine,1,0.2773194,0,4267,0.0622109999999355,0.991550632704586,0
s7_clean,0.4,0.025,coarse,1,0.268775,0,4135,0.076495499999921,0.989679923966169,0
s7_clean,0.4,0.05,coarse,1,0.20449,0,3146,0.165564699999831,0.987685116438739,0
s7_clean,0.4,0.1,coarse,1,0.07865,0,1210,0.325639899999664,0.971043136838754,0
s7_clean,0.4,0.2,coarse,1,0.00481,0,74,0.417834999999566,0.622272727272727,0
s7_clean,0.4,0.4,coarse,1,0,0,0,0.423807099999561,NaN,0
s7_clean,0.4,0.6,coarse,1,0,0,0,0.423807099999561,NaN,0
s7_clean,0.4,0.8,coarse,1,0,0,0,0.423807099999561,NaN,0
s7_clean,0.4,1,coarse,1,0,0,0,0.247215299999744,NaN,0
s7_busy,0.4,0.0001,coarse,1,0.00234,0,36,0.0315059999999661,0.490909090909091,0
s7_busy,0.4,0.0003,coarse,1,0.00702,0,108,0.032360399999965,0.732663316582915,0
s7_busy,0.4,0.0005,coarse,1,0.011895,0,183,0.0328409999999646,0.86759067357513,0
s7_busy,0.4,0.001,coarse,1,0.021905,0,337,0.034790099999962,0.906810923027787,0
s7_busy,0.4,0.003,coarse,1,0.05213,0,802,0.0416252999999557,0.960923867574997,0
s7_busy,0.4,0.005,coarse,1,0.073645,0,1133,0.04747259999995,0.960471223775177,0
s7_busy,0.4,0.01,coarse,1,0.100685,0,1549,0.0631721999999339,0.978404883459199,0
s7_busy,0.4,0.0130766048601183,fine,1,0.110825,0,1705,0.0727841999999239,0.979257899346493,0
s7_busy,0.4,0.017099759466767,fine,1,0.1176414,0,1810,0.08616089999991,0.972344239718872,0
s7_busy,0.4,0.02,coarse,1,0.12207,0,1878,0.0950252999999005,0.972257630557516,0
s7_busy,0.4,0.0223606797749979,fine,1,0.123825,0,1905,0.101192999999893,0.976836299622081,0
s7_busy,0.4,0.0292401773821287,fine,1,0.124735,0,1919,0.121137899999872,0.980854934424308,1
s7_busy,0.4,0.0382362245665865,fine,1,0.1210034,0,1862,0.147357299999845,0.979501638603232,0
s7_busy,0.4,0.05,coarse,1,0.10933,0,1682,0.184470299999806,0.977879935847804,0
s7_busy,0.4,0.1,coarse,1,0.0495774,0,763,0.324885599999661,0.941960067309559,0
s7_busy,0.4,0.2,coarse,1,0.00364,0,56,0.417087399999567,0.687719298245614,0
unslotted,0.4,1e-05,coarse,1,0.00247,0,38,0,0.475,0
unslotted,0.4,1.77160053966912e-05,coarse,1,0.005265,0,81,1.45e-05,0.710064935064935,0
unslotted,0.4,3.13856847215592e-05,coarse,1,0.009815,0,151,4.35e-05,0.839506627393225,0
unslotted,0.4,5.56028959905992e-05,coarse,1,0.01365,0,210,0.0001595,0.809471365638767,0
unslotted,0.4,9.85061205441115e-05,coarse,1,0.02548,0,392,0.000348,0.931522793404462,0
unslotted,0.4,0.000174513496316659,coarse,1,0.041015,0,631,0.0007105,0.922779734866042,0
unslotted,0.4,0.000309168204254139,coarse,1,0.0638633199212011,0,982,0.0018125,0.971708988311165,0
unslotted,0.4,0.000547722557505166,coarse,1,0.09646,0,1484,0.0056695,0.973415841584158,0
unslotted,0.4,0.000970345578465104,coarse,1,0.131885,0,2029,0.014239,0.977676900570908,0
unslotted,0.4,0.001,coarse,1,0.13728,0,2112,0.016153,0.984354642232933,0
unslotted,0.4,0.00171906475047432,coarse,1,0.160485,0,2469,0.0342925,0.985604042037187,0
unslotted,0.4,0.003,coarse,1,0.171925,0,2645,0.0759075,0.985594397516018,0
unslotted,0.4,0.00304549603966647,coarse,1,0.17665040424815,0,2718,0.0750375,0.980256146235829,1
unslotted,0.4,0.00330830102458562,fine,1,0.168784225313978,0,2597,0.084491282138597,0.979967249225547,0
unslotted,0.4,0.00364828522309143,fine,1,0.168478051753172,0,2592,0.0948735,0.981129959343895,0
unslotted,0.4,0.00402320858051132,fine,1,0.16718,0,2572,0.1109395,0.980387460874514,0
unslotted,0.4,0.00443666168967575,fine,1,0.161915,0,2491,0.1242795,0.980593974601288,0
unslotted,0.4,0.00489260413789802,fine,1,0.157885,0,2429,0.1423465,0.975568140480836,0
unslotted,0.4,0.0053954024274333,coarse,1,0.156195,0,2403,0.161093684050666,0.974531164561576,0
unslotted,0.4,0.00955849785217292,coarse,1,0.1027,0,1580,0.330285700427536,0.919010455013989,0
unslotted,0.4,0.01,coarse,1,0.10192,0,1568,0.342380573022979,0.894487455614413,0
unslotted,0.4,0.0169338399533357,coarse,1,0.0389350000000001,0,599,0.641031073012318,0.714458383114297,0
unslotted,0.4,0.03,coarse,1,0.007475,0,115,1.13012575408926,0.428826199740597,0
sf_cf,0.6,0.025,coarse,1,0.383175,0,3275,0.259506,0.99091506250947,1
sf_cb,0.6,0.025,coarse,1,0.183105,0,1878,0.217425,0.97645684289796,1
sb_cf,0.6,1e-05,coarse,1,0.0039,0,40,0,0.555555555555556,0
sb_cf,0.6,1.94876784266975e-05,coarse,1,0.0073125,0,75,0.000195,0.619493392070485,0
sb_cf,0.6,3.79769610462371e-05,coarse,1,0.016185,0,166,0.00039,0.834019370460048,0
sb_cf,0.6,7.40082804492285e-05,coarse,1,0.0272025,0,279,0.001365,0.908932741709482,0
sb_cf,0.6,0.000144224957030741,coarse,1,0.0533325,0,547,0.0065325,0.933045403517525,0
sb_cf,0.6,0.000281060958371934,coarse,1,0.0942825,0,967,0.024765,0.96900414507772,0
sb_cf,0.6,0.000547722557505166,coarse,1,0.14664,0,1504,0.08424,0.98028012758286,0
sb_cf,0.6,0.001,coarse,1,0.188953,0,1938,0.2210325,0.983534797000042,0
sb_cf,0.6,0.0010673841067709,coarse,1,0.1911975,0,1961,0.2500115,0.980230074329353,0
sb_cf,0.6,0.00112983096390975,fine,1,0.194025,0,1990,0.272025,0.980028707186696,0
sb_cf,0.6,0.00127651800700924,fine,1,0.1927575,0,1977,0.3338255,0.980928443074699,0
sb_cf,0.6,0.00144224957030741,fine,1,0.1974375,0,2025,0.3955575,0.982166808779712,1
sb_cf,0.6,0.00162949822221885,fine,1,0.190515,0,1954,0.4745325,0.98354353426069,0
sb_cf,0.6,0.00184105754709875,fine,1,0.1819585,0,1867,0.5616,0.975301626207344,0
sb_cf,0.6,0.0020800838230519,coarse,1,0.1683445,0,1727,0.6669975,0.976201214961836,0
sb_cf,0.6,0.003,coarse,1,0.123435,0,1266,1.03844,0.957532380633752,0
sb_cf,0.6,0.0040536004644211,coarse,1,0.0765375,0,785,1.4496355,0.954204087952927,0
sb_cf,0.6,0.00789952623209501,coarse,1,0.0086775,0,89,2.663513,0.736152416356877,0
sb_cf,0.6,0.01,coarse,1,0.00234,0,24,3.2086445,0.3,0
sb_cf,0.6,0.0153943426934329,coarse,1,9.75e-05,0,1,4.402469,0.025,0
sb_cf,0.6,0.03,coarse,1,0,0,0,6.7449215,NaN,0
sb_cf,0.6,0.03,coarse,1,0,0,0,6.7449215,NaN,0
sb_cb,0.6,1e-05,coarse,1,0.0043875,0,45,1.45e-05,0.544354838709677,0
sb_cb,0.6,1.77827941003892e-05,coarse,1,0.00819,0,84,1.45e-05,0.728925619834711,0
sb_cb,0.6,3.16227766016838e-05,coarse,1,0.013845,0,142,1.45e-05,0.75014880952381,0
sb_cb,0.6,5.62341325190349e-05,coarse,1,0.0234975,0,241,0.0001015,0.897974644403216,0
sb_cb,0.6,0.0001,coarse,1,0.0390975,0,401,0.0003045,0.888796152995799,0
sb_cb,0.6,0.000177827941003892,coarse,1,0.0631825,0,648,0.0007685,0.959561243144424,0
sb_cb,0.6,0.000316227766016838,coarse,1,0.0960375,0,985,0.0020155,0.956263552138774,0
sb_cb,0.6,0.000562341325190349,coarse,1,0.1347345,0,1382,0.004756,0.962740946850552,0
sb_cb,0.6,0.001,coarse,1,0.1777485,0,1824,0.0114115,0.985852455907453,0
sb_cb,0.6,0.00177827941003892,coarse,1,0.2108875,0,2162,0.0262595,0.985163047143724,0
sb_cb,0.6,0.003,coarse,1,0.2212275,0,2269,0.053476,0.979945828860312,0
sb_cb,0.6,0.00316227766016838,coarse,1,0.222082,0,2277,0.057507,0.972037053701996,0
sb_cb,0.6,0.00333120259081683,fine,1,0.2251275,0,2309,0.0600445,0.970298725312484,1
sb_cb,0.6,0.00369897023368825,fine,1,0.22191,0,2276,0.067077,0.975360004820148,0
sb_cb,0.6,0.00410733974193887,fine,1,0.2239575,0,2297,0.0752985,0.974930892776632,0
sb_cb,0.6,0.00456079359657056,fine,1,0.2184975,0,2241,0.0864055,0.978619782532445,0
sb_cb,0.6,0.00506430914835888,fine,1,0.213603,0,2191,0.098658,0.972332026217926,0
sb_cb,0.6,0.00562341325190349,coarse,1,0.210405,0,2158,0.112839,0.975288588804932,0
sb_cb,0.6,0.01,coarse,1,0.14859,0,1524,0.2246175,0.949167947167097,0
s7_clean,0.6,0.001,coarse,1,0.2122575,0,2177,0.00122819999999861,0.984055422207088,0
s7_clean,0.6,0.003,coarse,1,0.3195075,0,3277,0.00566039999999461,0.984305075362329,0
s7_clean,0.6,0.005,coarse,1,0.3541999,0,3633,0.00921149999999104,0.990324543580109,0
s7_clean,0.6,0.009,coarse,1,0.3698175,0,3793,0.020799299999979,0.991848993593968,0
s7_clean,0.6,0.0106706799134702,fine,1,0.3731325,0,3827,0.0246440999999743,0.994397845257203,0
s7_clean,0.6,0.0126514899795262,fine,1,0.3734164,0,3830,0.0299039999999679,0.992466969413217,1
s7_clean,0.6,0.015,coarse,1,0.37128,0,3808,0.0364721999999625,0.990528651212608,0
s7_clean,0.6,0.0177844665224503,fine,1,0.3659434,0,3754,0.0457370999999534,0.989487327836071,0
s7_clean,0.6,0.0210858166325437,fine,1,0.3602625,0,3695,0.0545747999999436,0.986521609068496,0
s7_clean,0.6,0.025,coarse,1,0.3501844,0,3592,0.0673373999999306,0.986656225911833,0
s7_clean,0.6,0.05,coarse,1,0.2713339,0,2783,0.153017699999842,0.987314713305968,0
s7_clean,0.6,0.1,coarse,1,0.1094925,0,1123,0.315487199999672,0.979593754854746,0
s7_clean,0.6,0.2,coarse,1,0.00741,0,76,0.416535699999568,0.76,0
s7_clean,0.6,0.4,coarse,1,0,0,0,0.42380909999956,NaN,0
s7_clean,0.6,0.6,coarse,1,0,0,0,0.423807099999561,NaN,0
s7_clean,0.6,0.8,coarse,1,0,0,0,0.423807099999561,NaN,0
s7_clean,0.6,1,coarse,1,0,0,0,0.247215299999744,NaN,0
s7_busy,0.6,0.0001,coarse,1,0.002925,0,30,0.0280349999999708,0.362903225806452,0
s7_busy,0.6,0.0003,coarse,1,0.00897,0,92,0.02875589999997,0.523762376237624,0
s7_busy,0.6,0.0005,coarse,1,0.0143325,0,147,0.0294500999999695,0.737005457025921,0
s7_busy,0.6,0.001,coarse,1,0.0268125,0,275,0.0314258999999668,0.87488431281814,0
s7_busy,0.6,0.003,coarse,1,0.066885,0,686,0.0373866999999604,0.94618787196397,0
s7_busy,0.6,0.005,coarse,1,0.0911625,0,935,0.0434675999999549,0.95435243002489,0
s7_busy,0.6,0.01,coarse,1,0.13221,0,1356,0.0563102999999393,0.970657544659825,0
s7_busy,0.6,0.0130766048601183,fine,1,0.14586,0,1496,0.0634391999999329,0.973016590727279,0
s7_busy,0.6,0.017099759466767,fine,1,0.1545375,0,1585,0.0742259999999208,0.980678996923942,0
s7_busy,0.6,0.02,coarse,1,0.1609725,0,1651,0.0799664999999175,0.978968596014883,0
s7_busy,0.6,0.0223606797749979,fine,1,0.1623375,0,1665,0.0870152999999093,0.979404844339556,0
s7_busy,0.6,0.0292401773821287,fine,1,0.16536,0,1696,0.102686199999895,0.977096581335942,1
s7_busy,0.6,0.0382362245665865,fine,1,0.16224,0,1664,0.129575099999868,0.977220622282455,0
s7_busy,0.6,0.05,coarse,1,0.1477125,0,1515,0.166981799999825,0.977140558213988,0
s7_busy,0.6,0.1,coarse,1,0.0679575,0,697,0.314552699999675,0.951447316882099,0
s7_busy,0.6,0.2,coarse,1,0.004485,0,46,0.417060699999567,0.551041666666667,0
unslotted,0.6,1e-05,coarse,1,0.0034125,0,35,1.45e-05,0.419520547945205,0
unslotted,0.6,1.77160053966912e-05,coarse,1,0.00702,0,72,0,0.641584158415842,0
unslotted,0.6,3.13856847215592e-05,coarse,1,0.0117,0,120,2.9e-05,0.725806451612903,0
unslotted,0.6,5.56028959905992e-05,coarse,1,0.0217425,0,223,8.7e-05,0.81952867501648,0
unslotted,0.6,9.85061205441115e-05,coarse,1,0.038415,0,394,0.000174,0.923584007615421,0
unslotted,0.6,0.000174513496316659,coarse,1,0.0624974999999999,0,641,0.000696,0.94577156799558,0
unslotted,0.6,0.000309168204254139,coarse,1,0.09087,0,932,0.0022185,0.963083200283839,0
unslotted,0.6,0.000547722557505166,coarse,1,0.1387425,0,1423,0.0063945,0.966294928324648,0
unslotted,0.6,0.000970345578465104,coarse,1,0.1859325,0,1907,0.014616,0.97582055190031,0
unslotted,0.6,0.001,coarse,1,0.1863225,0,1911,0.01508,0.97677331521681,0
unslotted,0.6,0.00171906475047432,coarse,1,0.220935,0,2266,0.032857,0.986118024827925,0
unslotted,0.6,0.003,coarse,1,0.2268825,0,2327,0.0706300592794665,0.9785473937589,0
unslotted,0.6,0.00304549603966647,coarse,1,0.2290275,0,2349,0.0710645,0.983558227748822,1
unslotted,0.6,0.00330830102458562,fine,1,0.227999265794319,0,2339,0.0800545,0.973937927695057,0
unslotted,0.6,0.00364828522309143,fine,1,0.22113,0,2268,0.089755,0.974091019270391,0
unslotted,0.6,0.00402320858051132,fine,1,0.2132325,0,2187,0.105096,0.963756437846072,0
unslotted,0.6,0.00443666168967575,fine,1,0.2095275,0,2149,0.117421,0.979686081341378,0
unslotted,0.6,0.00489260413789802,fine,1,0.201435,0,2066,0.132501,0.971264085340324,0
unslotted,0.6,0.0053954024274333,coarse,1,0.1935375,0,1985,0.151264,0.968733097310321,0
unslotted,0.6,0.00955849785217292,coarse,1,0.1147575,0,1177,0.30827,0.861887489734465,0
unslotted,0.6,0.01,coarse,1,0.106665,0,1094,0.336661,0.870198348068869,0
unslotted,0.6,0.0169338399533357,coarse,1,0.03744,0,384,0.615476591550469,0.635367114788004,0
unslotted,0.6,0.03,coarse,1,0.0045825,0,47,1.10129665478949,0.319219653179191,0
sf_cf,1,0.025,coarse,1,0.371032,0,1874,0.263736,0.981629025044723,1
sf_cb,1,0.025,coarse,1,0.26455,0,1628,0.1990625,0.974062095730919,1
sb_cf,1,1e-05,coarse,1,0.0066625,0,41,0.000325,0.591901408450704,0
sb_cf,1,1.94876784266975e-05,coarse,1,0.0125125,0,77,0.0013,0.716062801932367,0
sb_cf,1,3.79769610462371e-05,coarse,1,0.0225875,0,139,0.003575,0.709287812041116,0
sb_cf,1,7.40082804492285e-05,coarse,1,0.0492375,0,303,0.0056875,0.891349514563107,0
sb_cf,1,0.000144224957030741,coarse,1,0.0879125,0,541,0.018525,0.895706328804015,0
sb_cf,1,0.000281060958371934,coarse,1,0.1349455,0,831,0.0606125,0.943956749958992,0
sb_cf,1,0.000547722557505166,coarse,1,0.181025,0,1114,0.192725,0.971166969260627,0
sb_cf,1,0.001,coarse,1,0.1782625,0,1097,0.4948125,0.967215077961742,0
sb_cf,1,0.0010673841067709,coarse,1,0.18135,0,1116,0.534096,0.96433349851338,1
sb_cf,1,0.00112983096390975,fine,1,0.173875,0,1070,0.5773425,0.965215485263371,0
sb_cf,1,0.00127651800700924,fine,1,0.156,0,960,0.686064,0.9508873297565,0
sb_cf,1,0.00144224957030741,fine,1,0.139425,0,858,0.806325,0.952593167701863,0
sb_cf,1,0.00162949822221885,fine,1,0.120575,0,742,0.943103,0.951084853510227,0
sb_cf,1,0.00184105754709875,fine,1,0.101075,0,622,1.1040505,0.946574672147191,0
sb_cf,1,0.0020800838230519,coarse,1,0.0827125,0,509,1.25708,0.92515712041137,0
sb_cf,1,0.003,coarse,1,0.036075,0,222,1.810951,0.890245664739884,0
sb_cf,1,0.0040536004644211,coarse,1,0.0118625,0,73,2.366813,0.608333333333333,0
sb_cf,1,0.00789952623209501,coarse,1,0,0,0,4.049856,NaN,0
sb_cf,1,0.01,coarse,1,0,0,0,4.8067715,NaN,0
sb_cf,1,0.0153943426934329,coarse,1,0,0,0,6.4038965,NaN,0
sb_cf,1,0.03,coarse,1,0,0,0,9.3132,NaN,0
sb_cf,1,0.03,coarse,1,0,0,0,9.3132,NaN,0
sb_cb,1,1e-05,coarse,1,0.007475,0,46,0,0.529,0
sb_cb,1,1.77827941003892e-05,coarse,1,0.01235,0,76,0,0.622413793103448,0
sb_cb,1,3.16227766016838e-05,coarse,1,0.0212875,0,131,1.45e-05,0.820315487571702,0
sb_cb,1,5.62341325190349e-05,coarse,1,0.03965,0,244,4.35e-05,0.873474178403756,0
sb_cb,1,0.0001,coarse,1,0.0628875,0,387,0.000203,0.90901310997815,0
sb_cb,1,0.000177827941003892,coarse,1,0.1009125,0,621,0.000667,0.934298381626127,0
sb_cb,1,0.000316227766016838,coarse,1,0.150475,0,926,0.001595,0.959145413870246,0
sb_cb,1,0.000562341325190349,coarse,1,0.2073705,0,1276,0.0040455,0.970214997378081,0
sb_cb,1,0.001,coarse,1,0.2673125,0,1645,0.010092,0.975706713780919,0
sb_cb,1,0.00177827941003892,coarse,1,0.303296,0,1867,0.0231855,0.979159128959403,0
sb_cb,1,0.00195734178148766,fine,1,0.3078585,0,1894,0.026187,0.980762248468941,0
sb_cb,1,0.00215443469003188,fine,1,0.311025,0,1914,0.0299715,0.981638405967974,0
sb_cb,1,0.00237137370566166,fine,1,0.315041,0,1939,0.0322045,0.97033071118131,0
sb_cb,1,0.00261015721568254,fine,1,0.317437,0,1953,0.036453,0.974773059505433,1
sb_cb,1,0.00287298483335367,fine,1,0.3163875,0,1947,0.0406415,0.973950208108525,0
sb_cb,1,0.003,coarse,1,0.317036,0,1951,0.0438335,0.974311449897101,0
sb_cb,1,0.00316227766016838,coarse,1,0.316973,0,1951,0.0473715,0.966552822158797,0
sb_cb,1,0.00562341325190349,coarse,1,0.2637905,0,1624,0.10063,0.962742750343136,0
sb_cb,1,0.01,coarse,1,0.1639625,0,1009,0.20909,0.922208232182325,0
s7_clean,1,0.001,coarse,1,0.3177604,0,1956,0.000987899999999034,0.974750830564784,0
s7_clean,1,0.003,coarse,1,0.4421449,0,2721,0.00443219999999617,0.988575987395519,0
s7_clean,1,0.005,coarse,1,0.4785089,0,2945,0.00838379999999161,0.990555316981356,0
s7_clean,1,0.00600468477588001,fine,1,0.4876625,0,3001,0.0101726999999898,0.992248103865426,0
s7_clean,1,0.00721124785153704,fine,1,0.4958784,0,3052,0.0123353999999867,0.989856070460013,0
s7_clean,1,0.00866025403784439,fine,1,0.4995619,0,3075,0.0154859999999834,0.985121019665696,0
s7_clean,1,0.009,coarse,1,0.500175,0,3078,0.0161801999999828,0.987599759825874,0
s7_clean,1,0.0104004191152595,fine,1,0.5009875,0,3083,0.0195443999999787,0.991931811066352,1
s7_clean,1,0.0124902476648341,fine,1,0.4996875,0,3075,0.0252314999999729,0.991026847663406,0
s7_clean,1,0.015,coarse,1,0.4964375,0,3055,0.0315860999999665,0.989670153248417,0
s7_clean,1,0.025,coarse,1,0.4768389,0,2935,0.0544946999999438,0.985857424065554,0
s7_clean,1,0.05,coarse,1,0.3820375,0,2351,0.132138299999862,0.98184548975024,0
s7_clean,1,0.1,coarse,1,0.174525,0,1074,0.291724199999699,0.963027651616351,0
s7_clean,1,0.2,coarse,1,0.01235,0,76,0.414515499999571,0.714851485148515,0
s7_clean,1,0.4,coarse,1,0.0001625,0,1,0.42370029999956,0.025,0
s7_clean,1,0.6,coarse,1,0,0,0,0.423807099999561,NaN,0
s7_clean,1,0.8,coarse,1,0,0,0,0.423807099999561,NaN,0
s7_clean,1,1,coarse,1,0,0,0,0.247215299999744,NaN,0
s7_busy,1,0.0001,coarse,1,0.0040625,0,25,0.0220808999999771,0.332446808510638,0
s7_busy,1,0.0003,coarse,1,0.0095875,0,59,0.0227750999999769,0.568790849673203,0
s7_busy,1,0.0005,coarse,1,0.016575,0,102,0.023362499999976,0.702972972972973,0
s7_busy,1,0.001,coarse,1,0.03185,0,196,0.0250178999999742,0.848409893992933,0
s7_busy,1,0.003,coarse,1,0.0902784,0,556,0.0291029999999704,0.925335249042146,0
s7_busy,1,0.005,coarse,1,0.1239875,0,763,0.034175999999965,0.93674615434125,0
s7_busy,1,0.01,coarse,1,0.1795625,0,1105,0.0461375999999516,0.954791060648713,0
s7_busy,1,0.0130766048601183,fine,1,0.19825,0,1220,0.0538805999999429,0.949525364907625,0
s7_busy,1,0.017099759466767,fine,1,0.21385,0,1316,0.0618638999999354,0.954043453351549,0
s7_busy,1,0.02,coarse,1,0.2208375,0,1359,0.0693932999999277,0.954815745393635,0
s7_busy,1,0.0223606797749979,fine,1,0.2275,0,1400,0.0737720999999223,0.967729193822333,0
s7_busy,1,0.0292401773821287,fine,1,0.23335,0,1436,0.0901658999999072,0.961439761283103,1
s7_busy,1,0.0382362245665865,fine,1,0.2325375,0,1431,0.112380299999884,0.967330366759254,0
s7_busy,1,0.05,coarse,1,0.2141849,0,1319,0.148078199999845,0.962448828306521,0
s7_busy,1,0.1,coarse,1,0.1048125,0,645,0.299947799999693,0.961329605323967,0
s7_busy,1,0.2,coarse,1,0.0065,0,40,0.416306399999569,0.476190476190476,0
unslotted,1,1e-05,coarse,1,0.0073125,0,45,0,0.556318681318681,0
unslotted,1,1.77160053966912e-05,coarse,1,0.0091,0,56,0,0.6125,0
unslotted,1,3.13856847215592e-05,coarse,1,0.023075,0,142,1.45e-05,0.78765625,0
unslotted,1,5.56028959905992e-05,coarse,1,0.037375,0,230,0.0001015,0.832808564231738,0
unslotted,1,9.85061205441115e-05,coarse,1,0.0635375,0,391,0.0003045,0.912831382851684,0
unslotted,1,0.000174513496316659,coarse,1,0.098475,0,606,0.0007105,0.910622892283277,0
unslotted,1,0.000309168204254139,coarse,1,0.14885,0,916,0.0021605,0.968797339737669,0
unslotted,1,0.000547722557505166,coarse,1,0.2130375,0,1311,0.005104,0.959771828720767,0
unslotted,1,0.000970345578465104,coarse,1,0.276496941374079,0,1702,0.012528,0.98015997617952,0
unslotted,1,0.001,coarse,1,0.2728375,0,1679,0.013166,0.982668818583639,0
unslotted,1,0.00171906475047432,coarse,1,0.305825,0,1882,0.02929,0.97711482862881,0
unslotted,1,0.00189097825958957,fine,1,0.3137875,0,1931,0.032132,0.979860461449519,0
unslotted,1,0.0020800838230519,fine,1,0.315575,0,1942,0.0379755,0.981573906344348,0
unslotted,1,0.00228810071664247,fine,1,0.319415072121966,0,1966,0.0417165,0.980307395759359,1
unslotted,1,0.00251692015075546,fine,1,0.3106620334879,0,1911,0.048923,0.976919640468675,0
unslotted,1,0.00276862246456293,fine,1,0.311025,0,1914,0.055796,0.966758502755083,0
unslotted,1,0.003,coarse,1,0.3085875,0,1899,0.060755,0.977830833306218,0
unslotted,1,0.00304549603966647,coarse,1,0.30214967997795,0,1860,0.0634085,0.972278429785512,0
unslotted,1,0.0053954024274333,coarse,1,0.2370875,0,1459,0.1347195,0.947006406263903,0
unslotted,1,0.00955849785217292,coarse,1,0.1249625,0,769,0.284027240523791,0.815130672106743,0
unslotted,1,0.01,coarse,1,0.1178125,0,725,0.297702685893906,0.844784635165542,0
unslotted,1,0.0169338399533357,coarse,1,0.032825,0,202,0.571938,0.584249713631157,0
unslotted,1,0.03,coarse,1,0.002925,0,18,1.06885910943011,0.27,0
sf_cf,2,0.025,coarse,1,0.371052,0,937,0.2653,0.968333921559977,1
sf_cb,2,0.025,coarse,1,0.42075,0,1295,0.1486875,0.968192157587234,1
sb_cf,2,1e-05,coarse,1,0.01495,0,46,0.00065,0.489814814814815,0
sb_cf,2,1.94876784266975e-05,coarse,1,0.030875,0,95,0.0013,0.685790273556231,0
sb_cf,2,3.79769610462371e-05,coarse,1,0.053625,0,165,0.00325,0.813172043010753,0
sb_cf,2,7.40082804492285e-05,coarse,1,0.088725,0,273,0.02003,0.861407766990291,0
sb_cf,2,0.000144224957030741,coarse,1,0.147225,0,453,0.064675,0.910421472937001,0
sb_cf,2,0.000281060958371934,coarse,1,0.183625,0,565,0.22425,0.925289855072464,0
sb_cf,2,0.000347269868289047,fine,1,0.187525,0,577,0.29965,0.935088754072576,0
sb_cf,2,0.000429075465052332,fine,1,0.196625,0,605,0.398775,0.932310239429445,1
sb_cf,2,0.000530151825774404,fine,1,0.18525,0,570,0.542369,0.931693048864418,0
sb_cf,2,0.000547722557505166,coarse,1,0.18525,0,570,0.55835,0.92871026755088,0
sb_cf,2,0.000655038521807941,fine,1,0.162175,0,499,0.718575,0.908630126988761,0
sb_cf,2,0.000809344501314453,fine,1,0.138125,0,425,0.926011,0.86390376889229,0
sb_cf,2,0.001,coarse,1,0.1014,0,312,1.181744,0.8785559566787,0
sb_cf,2,0.0010673841067709,coarse,1,0.088725,0,273,1.277221,0.869447036864209,0
sb_cf,2,0.0020800838230519,coarse,1,0.00975,0,30,2.461693,0.46875,0
sb_cf,2,0.003,coarse,1,0.000975,0,3,3.348743,0.075,0
sb_cf,2,0.0040536004644211,coarse,1,0.000325,0,1,4.231576,0.025,0
sb_cf,2,0.00789952623209501,coarse,1,0,0,0,6.672304,NaN,0
sb_cf,2,0.01,coarse,1,0,0,0,7.698463,NaN,0
sb_cf,2,0.0153943426934329,coarse,1,0,0,0,9.778987,NaN,0
sb_cf,2,0.03,coarse,1,0,0,0,13.158529,NaN,0
sb_cf,2,0.03,coarse,1,0,0,0,13.158529,NaN,0
sb_cb,2,1e-05,coarse,1,0.013975,0,43,0,0.497043010752688,0
sb_cb,2,1.77827941003892e-05,coarse,1,0.02275,0,70,1.45e-05,0.658602150537634,0
sb_cb,2,3.16227766016838e-05,coarse,1,0.0416,0,128,1.45e-05,0.793798449612403,0
sb_cb,2,5.62341325190349e-05,coarse,1,0.069875,0,215,2.9e-05,0.882830404889228,0
sb_cb,2,0.0001,coarse,1,0.1196,0,368,0.0001015,0.894714587737844,0
sb_cb,2,0.000177827941003892,coarse,1,0.182325,0,561,0.000464,0.939690075241849,0
sb_cb,2,0.000316227766016838,coarse,1,0.2594245,0,798,0.001479,0.954442446043165,0
sb_cb,2,0.000562341325190349,coarse,1,0.3425585,0,1055,0.003857,0.971802640310132,0
sb_cb,2,0.001,coarse,1,0.4141395,0,1275,0.0084245,0.967012277821401,0
sb_cb,2,0.001200936955176,fine,1,0.426075,0,1311,0.011107,0.964641470040186,0
sb_cb,2,0.00144224957030741,fine,1,0.4380085,0,1348,0.014007,0.964984280737531,0
sb_cb,2,0.00173205080756888,fine,1,0.4447075,0,1369,0.0179945,0.963896089201588,0
sb_cb,2,0.00177827941003892,coarse,1,0.4451705,0,1369,0.018966,0.965723869983717,1
sb_cb,2,0.0020800838230519,fine,1,0.43875,0,1350,0.02262,0.976395079718841,0
sb_cb,2,0.00249804953296681,fine,1,0.4407,0,1356,0.028188,0.976430604528655,0
sb_cb,2,0.003,coarse,1,0.4275365,0,1316,0.0368445,0.968339595634282,0
sb_cb,2,0.00316227766016838,coarse,1,0.4277,0,1316,0.0384975,0.979512239265192,0
sb_cb,2,0.00562341325190349,coarse,1,0.3163955,0,974,0.08265,0.931535742340927,0
sb_cb,2,0.01,coarse,1,0.156975,0,483,0.178785,0.836401118600316,0
s7_clean,2,0.001,coarse,1,0.4762704,0,1466,0.000614099999999336,0.977457793625382,0
s7_clean,2,0.003,coarse,1,0.615225,0,1893,0.00296369999999693,0.98544946044946,0
s7_clean,2,0.005,coarse,1,0.6489804,0,1997,0.0053933999999942,0.981272452585061,0
s7_clean,2,0.00600468477588001,fine,1,0.656175,0,2019,0.00680849999999284,0.985857010186609,0
s7_clean,2,0.00721124785153704,fine,1,0.6617,0,2036,0.00827699999999121,0.980105167587198,0
s7_clean,2,0.00866025403784439,fine,1,0.6657184,0,2049,0.0101726999999894,0.981935102113368,0
s7_clean,2,0.009,coarse,1,0.6667924,0,2052,0.0105998999999889,0.981937241147718,0
s7_clean,2,0.0104004191152595,fine,1,0.6687874,0,2058,0.0125222999999875,0.985261659284624,0
s7_clean,2,0.0124902476648341,fine,1,0.6690044,0,2059,0.0156728999999842,0.9869816547935,1
s7_clean,2,0.015,coarse,1,0.6659444,0,2050,0.0199448999999797,0.979421086976788,0
s7_clean,2,0.025,coarse,1,0.6455144,0,1987,0.0371129999999606,0.983413454353436,0
s7_clean,2,0.05,coarse,1,0.5577,0,1716,0.0931028999999032,0.98552036199095,0
s7_clean,2,0.1,coarse,1,0.307775,0,947,0.24232919999975,0.965515051031394,0
s7_clean,2,0.2,coarse,1,0.02795,0,86,0.407359899999582,0.600324675324675,0
s7_clean,2,0.4,coarse,1,0.00065,0,2,0.423433299999561,0.05,0
s7_clean,2,0.6,coarse,1,0,0,0,0.423807099999561,NaN,0
s7_clean,2,0.8,coarse,1,0,0,0,0.423807099999561,NaN,0
s7_clean,2,1,coarse,1,0,0,0,0.247215299999744,NaN,0
s7_busy,2,0.0001,coarse,1,0.004875,0,15,0.0132431999999871,0.225,0
s7_busy,2,0.0003,coarse,1,0.01235,0,38,0.0139907999999864,0.546969696969697,0
s7_busy,2,0.0005,coarse,1,0.025675,0,79,0.0145781999999857,0.719009216589862,0
s7_busy,2,0.001,coarse,1,0.047125,0,145,0.0159131999999841,0.809899845916795,0
s7_busy,2,0.003,coarse,1,0.115375,0,355,0.0198113999999798,0.909796419289633,0
s7_busy,2,0.005,coarse,1,0.168675,0,519,0.023762999999976,0.92209023688895,0
s7_busy,2,0.01,coarse,1,0.2414574,0,743,0.0335084999999652,0.929813716903591,0
s7_busy,2,0.02,coarse,1,0.3107734,0,957,0.0522785999999452,0.954765230807723,0
s7_busy,2,0.0261532097202366,fine,1,0.33085,0,1018,0.0653348999999302,0.955595308350546,0
s7_busy,2,0.0341995189335339,fine,1,0.33865,0,1042,0.0797795999999116,0.957193737217011,1
s7_busy,2,0.0447213595499958,fine,1,0.335725,0,1033,0.101422299999891,0.960614489935544,0
s7_busy,2,0.05,coarse,1,0.3191694,0,983,0.117880499999877,0.97114472361809,0
s7_busy,2,0.0584803547642573,fine,1,0.3019984,0,930,0.141296399999853,0.964945555158872,0
s7_busy,2,0.076472449133173,fine,1,0.2559924,0,788,0.194963399999797,0.929334291187739,0
s7_busy,2,0.1,coarse,1,0.181675,0,559,0.26775429999972,0.918089669761429,0
s7_busy,2,0.2,coarse,1,0.014625,0,45,0.411658599999572,0.482142857142857,0
unslotted,2,1e-05,coarse,1,0.0143,0,44,0,0.526086956521739,0
unslotted,2,1.77160053966912e-05,coarse,1,0.0234,0,72,2.9e-05,0.668041237113402,0
unslotted,2,3.13856847215592e-05,coarse,1,0.0468,0,144,2.9e-05,0.804968944099379,0
unslotted,2,5.56028959905992e-05,coarse,1,0.075725,0,233,7.25e-05,0.89232412886259,0
unslotted,2,9.85061205441115e-05,coarse,1,0.114075,0,351,8.7e-05,0.86347771236333,0
unslotted,2,0.000174513496316659,coarse,1,0.18005,0,554,0.000696,0.927350737249214,0
unslotted,2,0.000309168204254139,coarse,1,0.267829711326097,0,824,0.0019575,0.959005649717514,0
unslotted,2,0.000547722557505166,coarse,1,0.346775,0,1067,0.00464,0.955717571606058,0
unslotted,2,0.000970345578465104,coarse,1,0.41566553617232,0,1279,0.009512,0.961241626513104,0
unslotted,2,0.001,coarse,1,0.422127272486152,0,1298,0.010701,0.966678141926008,0
unslotted,2,0.001200936955176,fine,1,0.438231002955777,0,1349,0.0141085,0.97097481592146,0
unslotted,2,0.00144224957030741,fine,1,0.444118594016229,0,1366,0.0176465,0.959261772568373,0
unslotted,2,0.00171906475047432,coarse,1,0.443625,0,1365,0.0225765,0.978358467581021,0
unslotted,2,0.00173205080756888,fine,1,0.447525,0,1377,0.023113,0.977083891579924,1
unslotted,2,0.0020800838230519,fine,1,0.438048806749536,0,1348,0.030247,0.967903865001918,0
unslotted,2,0.00249804953296681,fine,1,0.418431840359821,0,1288,0.0397445,0.975206922498119,0
unslotted,2,0.003,coarse,1,0.41963523097538,0,1291,0.04611,0.95228031082162,0
unslotted,2,0.00304549603966647,coarse,1,0.402366231579569,0,1238,0.049619,0.974022573592964,0
unslotted,2,0.0053954024274333,coarse,1,0.265525,0,817,0.110693,0.930116771640377,0
unslotted,2,0.00955849785217292,coarse,1,0.099125,0,305,0.249100589148751,0.793457864210167,0
unslotted,2,0.01,coarse,1,0.104325,0,321,0.260333,0.76508019008019,0
unslotted,2,0.0169338399533357,coarse,1,0.0182,0,56,0.516270278763421,0.366355140186916,0
unslotted,2,0.03,coarse,1,0.00065,0,2,0.997107,0.05,0
sf_cf,3,0.025,coarse,1,0.37618,0,634,0.259578,0.927362495385751,1
sf_cb,3,0.025,coarse,1,0.5250375,0,1077,0.1251625,0.9550513783223,1
sb_cf,3,1e-05,coarse,1,0.0160875,0,33,0,0.579255319148936,0
sb_cf,3,1.94876784266975e-05,coarse,1,0.033655,0,70,0.00195,0.673076923076923,0
sb_cf,3,3.79769610462371e-05,coarse,1,0.06435,0,132,0.0102375,0.711764705882353,0
sb_cf,3,7.40082804492285e-05,coarse,1,0.1106625,0,227,0.039,0.875747790618627,0
sb_cf,3,0.000144224957030741,coarse,1,0.1677,0,344,0.1223625,0.884160191273162,0
sb_cf,3,0.000180147035497265,fine,1,0.1837875,0,377,0.17355,0.914130434782609,0
sb_cf,3,0.000225016218181544,fine,1,0.193915,0,398,0.256425,0.891914414414414,1
sb_cf,3,0.000281060958371934,coarse,1,0.1935375,0,397,0.350025,0.921259060088847,0
sb_cf,3,0.000351064749729357,fine,1,0.1755,0,360,0.4996875,0.886699507389163,0
sb_cf,3,0.000438504370071353,fine,1,0.1482,0,304,0.7054125,0.875151515151515,0
sb_cf,3,0.000547722557505166,coarse,1,0.1321125,0,271,0.9216445,0.859964871194379,0
sb_cf,3,0.001,coarse,1,0.0433875,0,89,1.799495,0.653547854785478,0
sb_cf,3,0.0010673841067709,coarse,1,0.039975,0,82,1.91747,0.667063492063492,0
sb_cf,3,0.0020800838230519,coarse,1,0.000975,0,2,3.4526355,0.025,0
sb_cf,3,0.003,coarse,1,0,0,0,4.5702375,NaN,0
sb_cf,3,0.0040536004644211,coarse,1,0,0,0,5.638869,NaN,0
sb_cf,3,0.00789952623209501,coarse,1,0,0,0,8.560366,NaN,0
sb_cf,3,0.01,coarse,1,0,0,0,9.7265215,NaN,0
sb_cf,3,0.0153943426934329,coarse,1,0,0,0,11.9463725,NaN,0
sb_cf,3,0.03,coarse,1,0,0,0,15.3061395,NaN,0
sb_cf,3,0.03,coarse,1,0,0,0,15.3061395,NaN,0
sb_cb,3,1e-05,coarse,1,0.018525,0,38,0,0.429761904761905,0
sb_cb,3,1.77827941003892e-05,coarse,1,0.0326625,0,67,0,0.795921985815603,0
sb_cb,3,3.16227766016838e-05,coarse,1,0.0619125,0,127,1.45e-05,0.795315581854043,0
sb_cb,3,5.62341325190349e-05,coarse,1,0.1000635,0,206,8.7e-05,0.863925081433225,0
sb_cb,3,0.0001,coarse,1,0.1642875,0,337,0.0001595,0.909133845661223,0
sb_cb,3,0.000177827941003892,coarse,1,0.2393625,0,491,0.000464,0.91610047119623,0
sb_cb,3,0.000316227766016838,coarse,1,0.3432835,0,704,0.001218,0.931749135208302,0
sb_cb,3,0.000562341325190349,coarse,1,0.437874,0,899,0.0027985,0.953022263100797,0
sb_cb,3,0.001,coarse,1,0.5045625,0,1035,0.0070615,0.960670983247839,0
sb_cb,3,0.001200936955176,fine,1,0.5164245,0,1060,0.009367,0.964033221223145,0
sb_cb,3,0.00144224957030741,fine,1,0.5176965,0,1062,0.0119625,0.967873815735274,0
sb_cb,3,0.00173205080756888,fine,1,0.524631,0,1077,0.01508,0.96586700196516,1
sb_cb,3,0.00177827941003892,coarse,1,0.5245035,0,1076,0.015747,0.971745115154771,0
sb_cb,3,0.0020800838230519,fine,1,0.5164515,0,1060,0.0191545,0.9678197353914,0
sb_cb,3,0.00249804953296681,fine,1,0.507975,0,1042,0.0241715,0.9481661310605,0
sb_cb,3,0.003,coarse,1,0.49335,0,1012,0.03074,0.930904595695172,0
sb_cb,3,0.00316227766016838,coarse,1,0.4752325,0,975,0.0336545,0.963692672641012,0
sb_cb,3,0.00562341325190349,coarse,1,0.3315,0,680,0.0721375,0.937398637690561,0
sb_cb,3,0.01,coarse,1,0.1457625,0,299,0.1635745,0.824428255256363,0
s7_clean,3,0.001,coarse,1,0.5757019,0,1181,0.000640799999999406,0.961135229747237,0
s7_clean,3,0.003,coarse,1,0.7052599,0,1447,0.00264329999999725,0.970992320391771,0
s7_clean,3,0.005,coarse,1,0.7350694,0,1508,0.00491279999999452,0.970196935048978,0
s7_clean,3,0.009,coarse,1,0.7483125,0,1535,0.00923819999998971,0.976309356095135,0
s7_clean,3,0.0106706799134702,fine,1,0.7505254,0,1540,0.0109202999999878,0.973915043201156,0
s7_clean,3,0.0126514899795262,fine,1,0.75075,0,1540,0.0128426999999862,0.978189137464529,1
s7_clean,3,0.015,coarse,1,0.7493794,0,1538,0.015432599999984,0.979755790450313,0
s7_clean,3,0.0177844665224503,fine,1,0.7481149,0,1535,0.0179423999999822,0.974081408231773,0
s7_clean,3,0.0210858166325437,fine,1,0.74295,0,1524,0.0217871999999784,0.978437584254516,0
s7_clean,3,0.025,coarse,1,0.734175,0,1506,0.0274208999999716,0.975012896791278,0
s7_clean,3,0.05,coarse,1,0.6564559,0,1347,0.0720632999999274,0.968139179988475,0
s7_clean,3,0.1,coarse,1,0.3965824,0,814,0.212104799999776,0.945701073304407,0
s7_clean,3,0.2,coarse,1,0.043875,0,90,0.400444599999588,0.767045454545455,0
s7_clean,3,0.4,coarse,1,0,0,0,0.423807099999561,NaN,0
s7_clean,3,0.6,coarse,1,0,0,0,0.423807099999561,NaN,0
s7_clean,3,0.8,coarse,1,0,0,0,0.423807099999561,NaN,0
s7_clean,3,1,coarse,1,0,0,0,0.247215299999744,NaN,0
s7_busy,3,0.0001,coarse,1,0.0073125,0,15,0.0112406999999879,0.330882352941176,0
s7_busy,3,0.0003,coarse,1,0.0209625,0,43,0.0120149999999871,0.543823529411765,0
s7_busy,3,0.0005,coarse,1,0.0297375,0,61,0.0122819999999869,0.600161290322581,0
s7_busy,3,0.001,coarse,1,0.0560625,0,115,0.0132431999999856,0.770687645687646,0
s7_busy,3,0.003,coarse,1,0.133575,0,274,0.0160466999999829,0.898038277511962,0
s7_busy,3,0.005,coarse,1,0.190125,0,390,0.0189302999999805,0.940747154873825,0
s7_busy,3,0.01,coarse,1,0.2968875,0,609,0.025818899999973,0.9569640829807,0
s7_busy,3,0.02,coarse,1,0.3787875,0,777,0.0398897999999579,0.960801133108409,0
s7_busy,3,0.0261532097202366,fine,1,0.400725,0,822,0.0490745999999472,0.958253914227365,0
s7_busy,3,0.0341995189335339,fine,1,0.4170124,0,856,0.061543499999936,0.961595800524934,1
s7_busy,3,0.0447213595499958,fine,1,0.4129125,0,847,0.0842117999999132,0.954661468036408,0
s7_busy,3,0.05,coarse,1,0.4084624,0,838,0.0950252999999017,0.951343882085185,0
s7_busy,3,0.0584803547642573,fine,1,0.38805,0,796,0.116759099999882,0.959442761962447,0
s7_busy,3,0.076472449133173,fine,1,0.33735,0,692,0.170753199999818,0.934989065916901,0
s7_busy,3,0.1,coarse,1,0.2457,0,504,0.244516599999747,0.905131128848347,0
s7_busy,3,0.2,coarse,1,0.0248625,0,51,0.405920099999581,0.537396694214876,0
unslotted,3,1e-05,coarse,1,0.0195,0,40,0,0.571428571428571,0
unslotted,3,1.77160053966912e-05,coarse,1,0.045825,0,94,1.45e-05,0.71258064516129,0
unslotted,3,3.13856847215592e-05,coarse,1,0.0560625,0,115,1.45e-05,0.777941176470588,0
unslotted,3,5.56028959905992e-05,coarse,1,0.1048125,0,215,5.8e-05,0.823681397006415,0
unslotted,3,9.85061205441115e-05,coarse,1,0.1603875,0,329,0.0001885,0.90411794186435,0
unslotted,3,0.000174513496316659,coarse,1,0.248625,0,510,0.000464,0.938040969417196,0
unslotted,3,0.000309168204254139,coarse,1,0.334492172065793,0,687,0.001624,0.945678047607598,0
unslotted,3,0.000547722557505166,coarse,1,0.441807661245751,0,906,0.0036685,0.963875058713011,0
unslotted,3,0.000970345578465104,coarse,1,0.50505,0,1036,0.008671,0.979642205184374,0
unslotted,3,0.001,coarse,1,0.502342742820108,0,1031,0.0095555,0.957036230057262,0
unslotted,3,0.001200936955176,fine,1,0.519661427662708,0,1066,0.0110345,0.960928832363686,0
unslotted,3,0.00144224957030741,fine,1,0.5338125,0,1095,0.01508,0.962268466501878,1
unslotted,3,0.00171906475047432,coarse,1,0.517888225661752,0,1062,0.01943,0.960946765728308,0
unslotted,3,0.00173205080756888,fine,1,0.50505,0,1036,0.019778,0.96742140178829,0
unslotted,3,0.0020800838230519,fine,1,0.506639819331481,0,1040,0.0259695,0.946977656370386,0
unslotted,3,0.00249804953296681,fine,1,0.4801875,0,985,0.0317695,0.957093674781991,0
unslotted,3,0.003,coarse,1,0.4294875,0,881,0.0431955,0.941257579432452,0
unslotted,3,0.00304549603966647,coarse,1,0.44578747118928,0,914,0.0432825,0.955568265007321,0
unslotted,3,0.0053954024274333,coarse,1,0.2574,0,528,0.101442,0.870547089682738,0
unslotted,3,0.00955849785217292,coarse,1,0.0901875,0,185,0.2278965,0.686146752205293,0
unslotted,3,0.01,coarse,1,0.0794625000000001,0,163,0.241061404075799,0.679861821903787,0
unslotted,3,0.0169338399533357,coarse,1,0.01755,0,36,0.48894,0.3,0
unslotted,3,0.03,coarse,1,0.000975,0,2,0.961653201932888,0.05,0
sf_cf,4,0.025,coarse,1,0.394,0,498,0.24156,0.940263876251137,1
sf_cb,4,0.025,coarse,1,0.59885,0,922,0.1061125,0.959029783393502,1
sb_cf,4,1e-05,coarse,1,0.025935,0,40,0.0013,0.5,0
sb_cf,4,1.94876784266975e-05,coarse,1,0.0416,0,64,0.0052,0.624390243902439,0
sb_cf,4,3.79769610462371e-05,coarse,1,0.0884,0,136,0.02015,0.720249221183801,0
sb_cf,4,7.40082804492285e-05,coarse,1,0.129917,0,200,0.06695,0.884955752212389,0
sb_cf,4,9.24415066550307e-05,fine,1,0.154374,0,238,0.10595,0.851021634615385,0
sb_cf,4,0.000115465892475565,fine,1,0.17225,0,265,0.16315,0.875623441396509,0
sb_cf,4,0.000144224957030741,coarse,1,0.197589,0,304,0.21905,0.864023934181002,0
sb_cf,4,0.000180147035497266,fine,1,0.203241,0,313,0.31395,0.913549048862365,1
sb_cf,4,0.000225016218181544,fine,1,0.19955,0,307,0.4251,0.844827895302976,0
sb_cf,4,0.000281060958371934,coarse,1,0.16835,0,259,0.59605,0.891560340244551,0
sb_cf,4,0.000547722557505166,coarse,1,0.0676,0,104,1.374586,0.662745098039216,0
sb_cf,4,0.001,coarse,1,0.01235,0,19,2.384497,0.392391304347826,0
sb_cf,4,0.0010673841067709,coarse,1,0.00975,0,15,2.542969,0.330882352941176,0
sb_cf,4,0.0020800838230519,coarse,1,0,0,0,4.292819,NaN,0
sb_cf,4,0.003,coarse,1,0,0,0,5.632284,NaN,0
sb_cf,4,0.0040536004644211,coarse,1,0,0,0,6.872642,NaN,0
sb_cf,4,0.00789952623209501,coarse,1,0,0,0,10.010073,NaN,0
sb_cf,4,0.01,coarse,1,0,0,0,11.316785,NaN,0
sb_cf,4,0.0153943426934329,coarse,1,0,0,0,13.583697,NaN,0
sb_cf,4,0.03,coarse,1,0,0,0,16.719212,NaN,0
sb_cf,4,0.03,coarse,1,0,0,0,16.719212,NaN,0
sb_cb,4,1e-05,coarse,1,0.02405,0,37,0,0.482042253521127,0
sb_cb,4,1.77827941003892e-05,coarse,1,0.04485,0,69,0,0.643378378378378,0
sb_cb,4,3.16227766016838e-05,coarse,1,0.067981,0,105,1.45e-05,0.803571428571429,0
sb_cb,4,5.62341325190349e-05,coarse,1,0.1209,0,186,2.9e-05,0.828448275862069,0
sb_cb,4,0.0001,coarse,1,0.2093,0,322,0.0002465,0.928402578796562,0
sb_cb,4,0.000177827941003892,coarse,1,0.31135,0,479,0.000377,0.920267126584309,0
sb_cb,4,0.000316227766016838,coarse,1,0.403019,0,620,0.0012035,0.94698462751281,0
sb_cb,4,0.000562341325190349,coarse,1,0.5111185,0,786,0.0026245,0.961699875466999,0
sb_cb,4,0.001,coarse,1,0.5623225,0,866,0.0064525,0.928531101426307,0
sb_cb,4,0.001200936955176,fine,1,0.5782735,0,890,0.0079025,0.956642512077295,0
sb_cb,4,0.00144224957030741,fine,1,0.5798,0,892,0.009831,0.962714161262221,1
sb_cb,4,0.00173205080756888,fine,1,0.5700795,0,877,0.0133255,0.95629507136818,0
sb_cb,4,0.00177827941003892,coarse,1,0.5701135,0,878,0.0136155,0.962257839025364,0
sb_cb,4,0.0020800838230519,fine,1,0.5540455,0,852,0.016443,0.951132075471698,0
sb_cb,4,0.00249804953296681,fine,1,0.55835,0,859,0.019749,0.975671708890887,0
sb_cb,4,0.003,coarse,1,0.51025,0,785,0.026651,0.952669902912621,0
sb_cb,4,0.00316227766016838,coarse,1,0.49465,0,761,0.0287535,0.945967004246978,0
sb_cb,4,0.00562341325190349,coarse,1,0.341946,0,526,0.0654675,0.88293336737299,0
sb_cb,4,0.01,coarse,1,0.1274,0,196,0.1483785,0.784640522875817,0
s7_clean,4,0.001,coarse,1,0.6479334,0,997,0.000934499999999127,0.966897202443485,0
s7_clean,4,0.003,coarse,1,0.7641484,0,1176,0.00192239999999781,0.977727504100447,0
s7_clean,4,0.005,coarse,1,0.78975,0,1215,0.00301709999999736,0.96619171662696,0
s7_clean,4,0.00600468477588001,fine,1,0.7936234,0,1221,0.00381809999999614,0.96669757489301,0
s7_clean,4,0.00721124785153704,fine,1,0.7967384,0,1226,0.0048860999999948,0.962819001742339,0
s7_clean,4,0.00866025403784439,fine,1,0.8018484,0,1234,0.00542009999999404,0.971393212554223,0
s7_clean,4,0.009,coarse,1,0.8014144,0,1233,0.00603419999999355,0.971132815494289,0
s7_clean,4,0.0104004191152595,fine,1,0.8039334,0,1237,0.00678179999999318,0.960895857928713,1
s7_clean,4,0.0124902476648341,fine,1,0.80275,0,1235,0.0088109999999911,0.966090476069827,0
s7_clean,4,0.015,coarse,1,0.8012254,0,1233,0.0112406999999888,0.970636795464413,0
s7_clean,4,0.025,coarse,1,0.7854994,0,1209,0.0223478999999785,0.975156112400929,0
s7_clean,4,0.05,coarse,1,0.7266644,0,1118,0.0549752999999467,0.95829551030422,0
s7_clean,4,0.1,coarse,1,0.4627374,0,712,0.189623399999802,0.949902563333833,0
s7_clean,4,0.2,coarse,1,0.05135,0,79,0.397856699999589,0.647406639004149,0
s7_clean,4,0.4,coarse,1,0.00065,0,1,0.42348669999956,0.025,0
s7_clean,4,0.6,coarse,1,0,0,0,0.423807099999561,NaN,0
s7_clean,4,0.8,coarse,1,0,0,0,0.423807099999561,NaN,0
s7_clean,4,1,coarse,1,0,0,0,0.247215299999744,NaN,0
s7_busy,4,0.0001,coarse,1,0.00455,0,7,0.00971879999998963,0.175,0
s7_busy,4,0.0003,coarse,1,0.01755,0,27,0.00987899999998941,0.423837209302326,0
s7_busy,4,0.0005,coarse,1,0.02795,0,43,0.0100925999999893,0.585126582278481,0
s7_busy,4,0.001,coarse,1,0.0585,0,90,0.0104663999999887,0.723214285714286,0
s7_busy,4,0.003,coarse,1,0.1482,0,228,0.0138839999999845,0.837371134020619,0
s7_busy,4,0.005,coarse,1,0.2236,0,344,0.0158864999999824,0.912523133867983,0
s7_busy,4,0.01,coarse,1,0.3211,0,494,0.0209594999999765,0.942952086553323,0
s7_busy,4,0.02,coarse,1,0.4134,0,636,0.0323870999999658,0.952203389830508,0
s7_busy,4,0.0261532097202366,fine,1,0.44395,0,683,0.0406106999999569,0.950079429735234,0
s7_busy,4,0.0341995189335339,fine,1,0.46215,0,711,0.0536135999999426,0.944334229993275,0
s7_busy,4,0.0447213595499958,fine,1,0.4693,0,722,0.0702743999999254,0.946000290360046,1
s7_busy,4,0.05,coarse,1,0.4640374,0,714,0.0822159999999123,0.947999107408509,0
s7_busy,4,0.0584803547642573,fine,1,0.4524,0,696,0.103782899999894,0.951327572663001,0
s7_busy,4,0.076472449133173,fine,1,0.4010884,0,618,0.14444699999985,0.941812980864076,0
s7_busy,4,0.1,coarse,1,0.29575,0,455,0.223158599999766,0.905621172353456,0
s7_busy,4,0.2,coarse,1,0.04095,0,63,0.397480899999582,0.648529411764706,0
unslotted,4,1e-05,coarse,1,0.0273,0,42,0,0.501136363636364,0
unslotted,4,1.77160053966912e-05,coarse,1,0.04615,0,71,1.45e-05,0.673930481283422,0
unslotted,4,3.13856847215592e-05,coarse,1,0.07865,0,121,4.35e-05,0.707978723404255,0
unslotted,4,5.56028959905992e-05,coarse,1,0.136913977207164,0,211,8.7e-05,0.877088258471237,0
unslotted,4,9.85061205441115e-05,coarse,1,0.214925818415625,0,331,0.0001595,0.901291543270813,0
unslotted,4,0.000174513496316659,coarse,1,0.308418495778733,0,475,0.00058,0.926667488089371,0
unslotted,4,0.000309168204254139,coarse,1,0.404595198421122,0,622,0.0015805,0.923968284294994,0
unslotted,4,0.000547722557505166,coarse,1,0.512081609163816,0,788,0.003422,0.951667484060814,0
unslotted,4,0.000605527478730102,fine,1,0.520932796405893,0,802,0.003915,0.957718880285884,0
unslotted,4,0.00066943295008217,fine,1,0.539461171016854,0,829,0.004698,0.946978173400209,0
unslotted,4,0.000740082804492285,fine,1,0.548832075129038,0,844,0.004872,0.953034357272825,0
unslotted,4,0.000818188823000027,fine,1,0.555446265375954,0,855,0.00609,0.943745158791634,0
unslotted,4,0.000904537905783957,fine,1,0.559383404589387,0,860,0.007598,0.967556253270539,0
unslotted,4,0.000970345578465104,coarse,1,0.57541432161397,0,886,0.0083665,0.959746674491393,1
unslotted,4,0.001,coarse,1,0.566464553499977,0,872,0.007453,0.955064308681672,0
unslotted,4,0.00171906475047432,coarse,1,0.570791706420292,0,878,0.016994,0.956621661868361,0
unslotted,4,0.003,coarse,1,0.466001129985072,0,717,0.038048,0.928561881366953,0
unslotted,4,0.00304549603966647,coarse,1,0.4459,0,686,0.0405275,0.960243225595821,0
unslotted,4,0.0053954024274333,coarse,1,0.2444,0,376,0.09309,0.816635859519409,0
unslotted,4,0.00955849785217292,coarse,1,0.09295,0,143,0.208142645154734,0.630363748458693,0
unslotted,4,0.01,coarse,1,0.07605,0,117,0.228396455441415,0.672347740667976,0
unslotted,4,0.0169338399533357,coarse,1,0.00845,0,13,0.474498,0.145689655172414,0
unslotted,4,0.03,coarse,1,0.0013,0,2,0.9303345,0.05,0
sf_cf,5,0.025,coarse,1,0.34749,0,351,0.25639,0.910441915459651,1
sf_cb,5,0.025,coarse,1,0.63915,0,787,0.0996125,0.963248833592535,1
sb_cf,5,1e-05,coarse,1,0.0325,0,40,0.00325,0.434782608695652,0
sb_cf,5,1.94876784266975e-05,coarse,1,0.06175,0,76,0.008125,0.638938053097345,0
sb_cf,5,3.79769610462371e-05,coarse,1,0.108875,0,134,0.0268125,0.740759075907591,0
sb_cf,5,7.40082804492285e-05,coarse,1,0.1495,0,184,0.1064375,0.84809619238477,0
sb_cf,5,9.24415066550307e-05,fine,1,0.164125,0,202,0.1454375,0.823990306946688,0
sb_cf,5,0.000115465892475565,fine,1,0.177125,0,218,0.206375,0.878772189349112,0
sb_cf,5,0.000144224957030741,coarse,1,0.17875,0,220,0.29575,0.82425068119891,1
sb_cf,5,0.000180147035497266,fine,1,0.1730625,0,213,0.4184375,0.877204176334107,0
sb_cf,5,0.000225016218181544,fine,1,0.1755,0,216,0.5370625,0.875675675675676,0
sb_cf,5,0.000281060958371934,coarse,1,0.15275,0,188,0.7466875,0.822718808193668,0
sb_cf,5,0.000547722557505166,coarse,1,0.04875,0,60,1.658428,0.5625,0
sb_cf,5,0.001,coarse,1,0.00325,0,4,2.8870055,0.1,0
sb_cf,5,0.0010673841067709,coarse,1,0.004875,0,6,3.0486855,0.15,0
sb_cf,5,0.0020800838230519,coarse,1,0,0,0,5.059036,NaN,0
sb_cf,5,0.003,coarse,1,0,0,0,6.495863,NaN,0
sb_cf,5,0.0040536004644211,coarse,1,0,0,0,7.842902,NaN,0
sb_cf,5,0.00789952623209501,coarse,1,0,0,0,11.169088,NaN,0
sb_cf,5,0.01,coarse,1,0,0,0,12.433181,NaN,0
sb_cf,5,0.0153943426934329,coarse,1,0,0,0,14.6097585,NaN,0
sb_cf,5,0.03,coarse,1,0,0,0,17.699478,NaN,0
sb_cf,5,0.03,coarse,1,0,0,0,17.699478,NaN,0
sb_cb,5,1e-05,coarse,1,0.027625,0,34,0,0.481666666666667,0
sb_cb,5,1.77827941003892e-05,coarse,1,0.065,0,80,0,0.661157024793388,0
sb_cb,5,3.16227766016838e-05,coarse,1,0.102375,0,126,0,0.737732342007435,0
sb_cb,5,5.62341325190349e-05,coarse,1,0.1616875,0,199,2.9e-05,0.822963424771405,0
sb_cb,5,0.0001,coarse,1,0.2526875,0,311,0.000203,0.901911600149198,0
sb_cb,5,0.000177827941003892,coarse,1,0.362375,0,446,0.000609,0.920907407407407,0
sb_cb,5,0.000316227766016838,coarse,1,0.474222,0,584,0.0011455,0.953096355913257,0
sb_cb,5,0.000562341325190349,coarse,1,0.563165,0,694,0.0027115,0.951849802371541,0
sb_cb,5,0.000681292069057962,fine,1,0.5761445,0,709,0.003538,0.944250131489969,0
sb_cb,5,0.000825404185268018,fine,1,0.5972515,0,735,0.0047705,0.940830721003135,0
sb_cb,5,0.001,coarse,1,0.619261,0,763,0.0055825,0.961499966968356,0
sb_cb,5,0.00121152765862859,fine,1,0.6168865,0,760,0.0072935,0.963308872581721,0
sb_cb,5,0.00146779926762207,fine,1,0.6250565,0,770,0.0090045,0.964504164497658,1
sb_cb,5,0.00177827941003892,coarse,1,0.606994,0,747,0.0114115,0.95216879393898,0
sb_cb,5,0.003,coarse,1,0.5150245,0,634,0.025375,0.936349235929929,0
sb_cb,5,0.00316227766016838,coarse,1,0.495959,0,610,0.027434,0.904208786936236,0
sb_cb,5,0.00562341325190349,coarse,1,0.322417,0,397,0.0636405,0.885244888789036,0
sb_cb,5,0.01,coarse,1,0.143,0,176,0.1415465,0.803319502074689,0
s7_clean,5,0.001,coarse,1,0.6965404,0,858,0.000480599999999453,0.954569502074689,0
s7_clean,5,0.003,coarse,1,0.8025614,0,988,0.00144179999999865,0.964035711464012,0
s7_clean,5,0.005,coarse,1,0.8235694,0,1014,0.00309719999999716,0.962874587953251,0
s7_clean,5,0.009,coarse,1,0.8340869,0,1027,0.0060074999999936,0.972674204138847,0
s7_clean,5,0.0106706799134702,fine,1,0.8348454,0,1028,0.00728909999999218,0.974030379000147,0
s7_clean,5,0.0126514899795262,fine,1,0.8355859,0,1029,0.00827699999999109,0.971663363065742,0
s7_clean,5,0.015,coarse,1,0.8356759,0,1029,0.00955859999998985,0.979936512049754,1
s7_clean,5,0.0177844665224503,fine,1,0.832,0,1024,0.0122018999999869,0.976182319207567,0
s7_clean,5,0.0210858166325437,fine,1,0.8278659,0,1019,0.0152456999999833,0.975499793318553,0
s7_clean,5,0.025,coarse,1,0.8215754,0,1012,0.0186365999999797,0.972485566697053,0
s7_clean,5,0.05,coarse,1,0.7626319,0,939,0.0495017999999484,0.974191231714324,0
s7_clean,5,0.1,coarse,1,0.49725,0,612,0.180044799999814,0.952941176470588,0
s7_clean,5,0.2,coarse,1,0.0706875,0,87,0.389259299999592,0.79173640167364,0
s7_clean,5,0.4,coarse,1,0,0,0,0.423807099999561,NaN,0
s7_clean,5,0.6,coarse,1,0,0,0,0.423807099999561,NaN,0
s7_clean,5,0.8,coarse,1,0,0,0,0.423807099999561,NaN,0
s7_clean,5,1,coarse,1,0,0,0,0.247215299999744,NaN,0
s7_busy,5,0.0001,coarse,1,0.004875,0,6,0.00768959999999148,0.15,0
s7_busy,5,0.0003,coarse,1,0.02275,0,28,0.00803669999999105,0.49,0
s7_busy,5,0.0005,coarse,1,0.0313369,0,39,0.00817019999999099,0.644491525423729,0
s7_busy,5,0.001,coarse,1,0.0609375,0,75,0.00889109999999008,0.672846889952153,0
s7_busy,5,0.003,coarse,1,0.160875,0,198,0.0107600999999888,0.819481605351171,0
s7_busy,5,0.005,coarse,1,0.2345609,0,289,0.0126557999999869,0.876952960940781,0
s7_busy,5,0.01,coarse,1,0.3566875,0,439,0.0176219999999818,0.922463143787095,0
s7_busy,5,0.02,coarse,1,0.4623125,0,569,0.0290495999999694,0.931525492001381,0
s7_busy,5,0.0261532097202366,fine,1,0.4917454,0,606,0.0358580999999613,0.940665983606557,0
s7_busy,5,0.0341995189335339,fine,1,0.5026319,0,619,0.0449360999999516,0.948136692071662,0
s7_busy,5,0.0447213595499958,fine,1,0.5045625,0,621,0.0637061999999348,0.952952950479391,1
s7_busy,5,0.05,coarse,1,0.5013125,0,617,0.0744128999999231,0.946328427960624,0
s7_busy,5,0.0584803547642573,fine,1,0.498875,0,614,0.0881099999999125,0.945895222802087,0
s7_busy,5,0.076472449133173,fine,1,0.4520859,0,557,0.132912599999865,0.932799158147925,0
s7_busy,5,0.1,coarse,1,0.3496119,0,431,0.202546199999788,0.920155537943333,0
s7_busy,5,0.2,coarse,1,0.040625,0,50,0.399011499999585,0.473484848484849,0
unslotted,5,1e-05,coarse,1,0.0325,0,40,0,0.625,0
unslotted,5,1.77160053966912e-05,coarse,1,0.06175,0,76,0,0.722,0
unslotted,5,3.13856847215592e-05,coarse,1,0.092625,0,114,1.45e-05,0.652409638554217,0
unslotted,5,5.56028959905992e-05,coarse,1,0.1755,0,216,2.9e-05,0.886322188449848,0
unslotted,5,9.85061205441115e-05,coarse,1,0.245356518296225,0,301,0.000348,0.847371866816311,0
unslotted,5,0.000174513496316659,coarse,1,0.352625,0,434,0.0004785,0.913285492629946,0
unslotted,5,0.000309168204254139,coarse,1,0.476125,0,586,0.0014355,0.945890260026443,0
unslotted,5,0.000547722557505166,coarse,1,0.5450077938452,0,671,0.003103,0.919985696771557,0
unslotted,5,0.000605527478730102,fine,1,0.563560955199084,0,694,0.0042485,0.955020621827411,0
unslotted,5,0.00066943295008217,fine,1,0.5760625,0,709,0.0037265,0.953998709481515,0
unslotted,5,0.000740082804492285,fine,1,0.58175,0,716,0.004843,0.941828336272781,0
unslotted,5,0.000818188823000027,fine,1,0.579102445992056,0,713,0.0058725,0.938573591315265,0
unslotted,5,0.000904537905783957,fine,1,0.6053125,0,745,0.0059305,0.952538271435436,0
unslotted,5,0.000970345578465104,coarse,1,0.609192720862454,0,750,0.0079025,0.955982324949014,1
unslotted,5,0.001,coarse,1,0.594490353079047,0,732,0.0076125,0.959020618556701,0
unslotted,5,0.00171906475047432,coarse,1,0.58340612167526,0,719,0.015689,0.95302890642283,0
unslotted,5,0.003,coarse,1,0.443625,0,546,0.0360615,0.914690721649485,0
unslotted,5,0.00304549603966647,coarse,1,0.45431049406427,0,560,0.0371345,0.916101892965646,0
unslotted,5,0.0053954024274333,coarse,1,0.24375,0,300,0.0856225,0.840179238237491,0
unslotted,5,0.00955849785217292,coarse,1,0.076375,0,94,0.20793,0.597027027027027,0
unslotted,5,0.01,coarse,1,0.092625,0,114,0.213121,0.6345703125,0
unslotted,5,0.0169338399533357,coarse,1,0.0186875,0,23,0.456122598369429,0.307558139534884,0
unslotted,5,0.03,coarse,1,0,0,0,0.910745,NaN,0
sf_cf,6,0.025,coarse,1,0.358776,0,302,0.270448,0.86761796042618,1
sf_cb,6,0.025,coarse,1,0.6854625,0,704,0.0827125,0.948003060443764,1
sb_cf,6,1e-05,coarse,1,0.038025,0,39,0.0039,0.507,0
sb_cf,6,1.94876784266975e-05,coarse,1,0.071175,0,73,0.00975,0.576731601731602,0
sb_cf,6,3.79769610462371e-05,coarse,1,0.112125,0,115,0.04485,0.723468271334792,0
sb_cf,6,4.743587441816e-05,fine,1,0.131625,0,135,0.06435,0.80641592920354,0
sb_cf,6,5.92507172723973e-05,fine,1,0.1482,0,152,0.098475,0.827507163323782,0
sb_cf,6,7.40082804492285e-05,coarse,1,0.175111,0,180,0.1287,0.833333333333333,0
sb_cf,6,9.24415066550307e-05,fine,1,0.174525,0,179,0.1989,0.887070874861573,0
sb_cf,6,0.000115465892475565,fine,1,0.18135,0,186,0.291226,0.854644268774704,1
sb_cf,6,0.000144224957030741,coarse,1,0.160612,0,165,0.453375,0.786849710982659,0
sb_cf,6,0.000281060958371934,coarse,1,0.121875,0,125,0.991575,0.74689292543021,0
sb_cf,6,0.000547722557505166,coarse,1,0.036075,0,37,1.960055,0.510820895522388,0
sb_cf,6,0.001,coarse,1,0.00195,0,2,3.338433,0.05,0
sb_cf,6,0.0010673841067709,coarse,1,0.002925,0,3,3.524625,0.075,0
sb_cf,6,0.0020800838230519,coarse,1,0,0,0,5.7292,NaN,0
sb_cf,6,0.003,coarse,1,0,0,0,7.302947,NaN,0
sb_cf,6,0.0040536004644211,coarse,1,0,0,0,8.670102,NaN,0
sb_cf,6,0.00789952623209501,coarse,1,0,0,0,12.156885,NaN,0
sb_cf,6,0.01,coarse,1,0,0,0,13.469797,NaN,0
sb_cf,6,0.0153943426934329,coarse,1,0,0,0,15.521685,NaN,0
sb_cf,6,0.03,coarse,1,0,0,0,18.462112,NaN,0
sb_cf,6,0.03,coarse,1,0,0,0,18.462112,NaN,0
sb_cb,6,1e-05,coarse,1,0.049725,0,51,1.45e-05,0.565434782608696,0
sb_cb,6,1.77827941003892e-05,coarse,1,0.06825,0,70,7.25e-05,0.644736842105263,0
sb_cb,6,3.16227766016838e-05,coarse,1,0.1162785,0,120,0.0001015,0.756302521008403,0
sb_cb,6,5.62341325190349e-05,coarse,1,0.1989,0,204,0.000145,0.779910044977511,0
sb_cb,6,0.0001,coarse,1,0.283725,0,291,0.000319,0.888386487620646,0
sb_cb,6,0.000177827941003892,coarse,1,0.4102035,0,421,0.0004785,0.924478406008763,0
sb_cb,6,0.000316227766016838,coarse,1,0.500175,0,513,0.000957,0.950068592057762,0
sb_cb,6,0.000562341325190349,coarse,1,0.5937765,0,610,0.0021895,0.927097867251345,0
sb_cb,6,0.000681292069057962,fine,1,0.613918,0,630,0.002784,0.917051756007394,0
sb_cb,6,0.000825404185268018,fine,1,0.628579,0,645,0.0035815,0.922122971894672,0
sb_cb,6,0.001,coarse,1,0.6429945,0,660,0.004524,0.933161953727506,1
sb_cb,6,0.00121152765862859,fine,1,0.6338235,0,651,0.006235,0.932907017698336,0
sb_cb,6,0.00146779926762207,fine,1,0.632775,0,649,0.0080185,0.938588555129691,0
sb_cb,6,0.00177827941003892,coarse,1,0.624301,0,641,0.0107445,0.94577156799558,0
sb_cb,6,0.003,coarse,1,0.52065,0,534,0.0217065,0.946230422086541,0
sb_cb,6,0.00316227766016838,coarse,1,0.52455,0,538,0.024186,0.9466378859236,0
sb_cb,6,0.00562341325190349,coarse,1,0.3159,0,324,0.0582175,0.842774566473988,0
sb_cb,6,0.01,coarse,1,0.1326,0,136,0.134908,0.629972752043597,0
s7_clean,6,0.001,coarse,1,0.741975,0,761,0.00042719999999943,0.956339586498448,0
s7_clean,6,0.003,coarse,1,0.82875,0,850,0.00125489999999863,0.954778517813722,0
s7_clean,6,0.005,coarse,1,0.8470234,0,869,0.00245639999999717,0.962577117218172,0
s7_clean,6,0.009,coarse,1,0.8571724,0,880,0.00480599999999453,0.978469624987365,0
s7_clean,6,0.0106706799134702,fine,1,0.8583904,0,881,0.0057938999999935,0.974342204368566,0
s7_clean,6,0.0126514899795262,fine,1,0.8581564,0,881,0.00696869999999233,0.97414654350118,0
s7_clean,6,0.015,coarse,1,0.85995,0,882,0.00782309999999194,0.967663449099413,1
s7_clean,6,0.0177844665224503,fine,1,0.8563414,0,879,0.0100925999999901,0.95270160295931,0
s7_clean,6,0.0210858166325437,fine,1,0.8494624,0,872,0.0138305999999859,0.937264569569076,0
s7_clean,6,0.025,coarse,1,0.8447134,0,867,0.0169544999999829,0.948671058609723,0
s7_clean,6,0.05,coarse,1,0.7902574,0,811,0.0448292999999548,0.959728302107045,0
s7_clean,6,0.1,coarse,1,0.5602294,0,575,0.155767799999829,0.913227820130372,0
s7_clean,6,0.2,coarse,1,0.07215,0,74,0.3893126999996,0.600438596491228,0
s7_clean,6,0.4,coarse,1,0.000975,0,1,0.423353199999561,0.025,0
s7_clean,6,0.6,coarse,1,0,0,0,0.423807099999561,NaN,0
s7_clean,6,0.8,coarse,1,0,0,0,0.423807099999561,NaN,0
s7_clean,6,1,coarse,1,0,0,0,0.247215299999744,NaN,0
s7_busy,6,0.0001,coarse,1,0.00195,0,2,0.00558029999999428,0.05,0
s7_busy,6,0.0003,coarse,1,0.016575,0,17,0.0059006999999939,0.380263157894737,0
s7_busy,6,0.0005,coarse,1,0.02925,0,30,0.00616769999999349,0.5625,0
s7_busy,6,0.001,coarse,1,0.0585,0,60,0.0068084999999929,0.703125,0
s7_busy,6,0.003,coarse,1,0.1469734,0,151,0.00889109999999014,0.795013947001395,0
s7_busy,6,0.005,coarse,1,0.211575,0,217,0.0104663999999891,0.856163636363636,0
s7_busy,6,0.01,coarse,1,0.34905,0,358,0.0146048999999854,0.907163080407701,0
s7_busy,6,0.02,coarse,1,0.4663684,0,479,0.0230153999999763,0.937412158849485,0
s7_busy,6,0.0261532097202366,fine,1,0.506025,0,519,0.0304913999999685,0.934372831968919,0
s7_busy,6,0.0341995189335339,fine,1,0.5364874,0,551,0.0402902999999585,0.929580526638089,0
s7_busy,6,0.0447213595499958,fine,1,0.55575,0,570,0.0537470999999432,0.931265764732859,1
s7_busy,6,0.05,coarse,1,0.5553364,0,570,0.0606356999999369,0.941848330241187,0
s7_busy,6,0.0584803547642573,fine,1,0.5521324,0,567,0.0747866999999242,0.947450783920783,0
s7_busy,6,0.076472449133173,fine,1,0.5087794,0,522,0.115370699999879,0.94533721898418,0
s7_busy,6,0.1,coarse,1,0.4046644,0,416,0.185618399999807,0.869453376205788,0
s7_busy,6,0.2,coarse,1,0.041925,0,43,0.401147499999585,0.570679012345679,0
unslotted,6,1e-05,coarse,1,0.0351,0,36,0,0.50625,0
unslotted,6,1.77160053966912e-05,coarse,1,0.0689063186280124,0,71,0,0.673930481283422,0
unslotted,6,3.13856847215592e-05,coarse,1,0.111401426027139,0,114,2.9e-05,0.718805309734513,0
unslotted,6,5.56028959905992e-05,coarse,1,0.1989,0,204,2.9e-05,0.802777777777778,0
unslotted,6,9.85061205441115e-05,coarse,1,0.289575,0,297,0.0001305,0.853085106382979,0
unslotted,6,0.000174513496316659,coarse,1,0.37635,0,386,0.0003915,0.924292803970223,0
unslotted,6,0.000309168204254139,coarse,1,0.509929774465561,0,524,0.0012035,0.906789960369881,0
unslotted,6,0.000547722557505166,coarse,1,0.591002730045911,0,606,0.002668,0.942404023814412,0
unslotted,6,0.000605527478730102,fine,1,0.612639128017099,0,629,0.00319,0.933732181629378,0
unslotted,6,0.00066943295008217,fine,1,0.617114450798756,0,633,0.00406,0.942620212665851,0
unslotted,6,0.000740082804492285,fine,1,0.623430503984883,0,640,0.0043355,0.952558139534884,0
unslotted,6,0.000818188823000027,fine,1,0.636814889770729,0,654,0.005278,0.958145161290323,0
unslotted,6,0.000904537905783957,fine,1,0.620935746340763,0,637,0.0058435,0.956731585400358,0
unslotted,6,0.000970345578465104,coarse,1,0.641263139159422,0,658,0.006293,0.939428918590522,1
unslotted,6,0.001,coarse,1,0.639284164304264,0,655,0.0066845,0.933393525367679,0
unslotted,6,0.00171906475047432,coarse,1,0.568899070487404,0,584,0.015486,0.941103752759382,0
unslotted,6,0.003,coarse,1,0.447655256088306,0,459,0.033176,0.93271205950062,0
unslotted,6,0.00304549603966647,coarse,1,0.48555,0,498,0.0340349952612065,0.916361217853976,0
unslotted,6,0.0053954024274333,coarse,1,0.2418,0,248,0.0806055,0.808412197686646,0
unslotted,6,0.00955849785217292,coarse,1,0.08775,0,90,0.19691,0.640822784810127,0
unslotted,6,0.01,coarse,1,0.08775,0,90,0.199433,0.5625,0
unslotted,6,0.0169338399533357,coarse,1,0.016575,0,17,0.440351854343633,0.249137931034483,0
unslotted,6,0.03,coarse,1,0.002925,0,3,0.886994,0.075,0
sf_cf,8,0.025,coarse,1,0.384912,0,243,0.264528,0.841153846153846,1
sf_cb,8,0.025,coarse,1,0.75355,0,580,0.064025,0.950712186298892,1
sb_cf,8,1e-05,coarse,1,0.0611,0,47,0.0104,0.497522522522523,0
sb_cf,8,1.94876784266975e-05,coarse,1,0.0975,0,75,0.026,0.692733990147783,0
sb_cf,8,3.79769610462371e-05,coarse,1,0.1456,0,112,0.0728,0.795939086294416,0
sb_cf,8,4.743587441816e-05,fine,1,0.1703,0,131,0.1014,0.804924953095685,0
sb_cf,8,5.92507172723973e-05,fine,1,0.1911,0,147,0.1508,0.772854077253219,1
sb_cf,8,7.40082804492285e-05,coarse,1,0.182821,0,141,0.2353,0.754210925644917,0
sb_cf,8,9.24415066550307e-05,fine,1,0.1846,0,142,0.3419,0.708005617977528,0
sb_cf,8,0.000115465892475565,fine,1,0.1768,0,136,0.4667,0.768106312292359,0
sb_cf,8,0.000144224957030741,coarse,1,0.1497,0,116,0.6474,0.69504132231405,0
sb_cf,8,0.000281060958371934,coarse,1,0.0728,0,56,1.420664,0.56,0
sb_cf,8,0.000547722557505166,coarse,1,0.0078,0,6,2.649481,0.1125,0
sb_cf,8,0.001,coarse,1,0.0013,0,1,4.269821,0.025,0
sb_cf,8,0.0010673841067709,coarse,1,0,0,0,4.510076,NaN,0
sb_cf,8,0.0020800838230519,coarse,1,0,0,0,7.06565,NaN,0
sb_cf,8,0.003,coarse,1,0,0,0,8.740503,NaN,0
sb_cf,8,0.0040536004644211,coarse,1,0,0,0,10.264132,NaN,0
sb_cf,8,0.00789952623209501,coarse,1,0,0,0,13.799626,NaN,0
sb_cf,8,0.01,coarse,1,0,0,0,15.013621,NaN,0
sb_cf,8,0.0153943426934329,coarse,1,0,0,0,17.101658,NaN,0
sb_cf,8,0.03,coarse,1,0,0,0,19.679477,NaN,0
sb_cf,8,0.03,coarse,1,0,0,0,19.679477,NaN,0
sb_cb,8,1e-05,coarse,1,0.0442,0,34,0,0.466129032258065,0
sb_cb,8,1.77827941003892e-05,coarse,1,0.0858,0,66,0,0.640588235294118,0
sb_cb,8,3.16227766016838e-05,coarse,1,0.1508,0,116,1.45e-05,0.731304347826087,0
sb_cb,8,5.62341325190349e-05,coarse,1,0.2243675,0,172,4.35e-05,0.805664488017429,0
sb_cb,8,0.0001,coarse,1,0.3237,0,249,0.0001595,0.886234991423671,0
sb_cb,8,0.000177827941003892,coarse,1,0.4641025,0,358,0.0003915,0.912849002849003,0
sb_cb,8,0.000316227766016838,coarse,1,0.5846295,0,450,0.0007395,0.92078937795562,0
sb_cb,8,0.000562341325190349,coarse,1,0.659605,0,507,0.0017545,0.924237739105422,0
sb_cb,8,0.000681292069057962,fine,1,0.6649235,0,512,0.002378,0.919158485273492,0
sb_cb,8,0.000825404185268018,fine,1,0.6799565,0,523,0.0031465,0.8994114165461,0
sb_cb,8,0.001,coarse,1,0.6890835,0,530,0.004176,0.92963992586709,1
sb_cb,8,0.00121152765862859,fine,1,0.661305,0,509,0.0063365,0.928339544216712,0
sb_cb,8,0.00146779926762207,fine,1,0.652003,0,501,0.0077285,0.945176231360145,0
sb_cb,8,0.00177827941003892,coarse,1,0.6383,0,491,0.010295,0.909739622641509,0
sb_cb,8,0.003,coarse,1,0.4941555,0,381,0.023519,0.918507972665148,0
sb_cb,8,0.00316227766016838,coarse,1,0.4745,0,365,0.023867,0.862186124773492,0
sb_cb,8,0.00562341325190349,coarse,1,0.2938,0,226,0.054926,0.781456548347613,0
sb_cb,8,0.01,coarse,1,0.1512975,0,117,0.1246375,0.745588235294118,0
s7_clean,8,0.001,coarse,1,0.7852,0,604,0.000373799999999639,0.947278770253428,0
s7_clean,8,0.003,coarse,1,0.8648734,0,666,0.00136169999999844,0.952490980931112,0
s7_clean,8,0.005,coarse,1,0.8805724,0,678,0.00213599999999773,0.95608153078203,0
s7_clean,8,0.00600468477588001,fine,1,0.8838654,0,680,0.0026699999999968,0.963172804532578,0
s7_clean,8,0.00721124785153704,fine,1,0.8880664,0,684,0.00291029999999708,0.953562693624654,0
s7_clean,8,0.00866025403784439,fine,1,0.8903744,0,685,0.00360449999999651,0.97148033126294,0
s7_clean,8,0.009,coarse,1,0.8915934,0,686,0.00357779999999644,0.966078173755953,1
s7_clean,8,0.0104004191152595,fine,1,0.8906214,0,686,0.00453899999999552,0.96149885583524,0
s7_clean,8,0.0124902476648341,fine,1,0.8915844,0,686,0.00525989999999432,0.958209806157355,0
s7_clean,8,0.015,coarse,1,0.8910534,0,686,0.00616769999999437,0.937741112705245,0
s7_clean,8,0.025,coarse,1,0.8821964,0,679,0.0118280999999892,0.96058213184432,0
s7_clean,8,0.05,coarse,1,0.8332374,0,641,0.0358313999999624,0.936118199216258,0
s7_clean,8,0.1,coarse,1,0.6363614,0,490,0.128186699999865,0.913344491783323,0
s7_clean,8,0.2,coarse,1,0.104,0,80,0.375542199999613,0.666666666666667,0
s7_clean,8,0.4,coarse,1,0,0,0,0.423807099999561,NaN,0
s7_clean,8,0.6,coarse,1,0,0,0,0.423807099999561,NaN,0
s7_clean,8,0.8,coarse,1,0,0,0,0.423807099999561,NaN,0
s7_clean,8,1,coarse,1,0,0,0,0.247215299999744,NaN,0
s7_busy,8,0.0001,coarse,1,0.0065,0,5,0.00531329999999463,0.125,0
s7_busy,8,0.0003,coarse,1,0.013,0,10,0.0053666999999946,0.25,0
s7_busy,8,0.0005,coarse,1,0.0286,0,22,0.0055802999999944,0.378125,0
s7_busy,8,0.001,coarse,1,0.0598,0,46,0.00622109999999381,0.601136363636364,0
s7_busy,8,0.003,coarse,1,0.1770834,0,137,0.00787649999999173,0.821760070052539,0
s7_busy,8,0.005,coarse,1,0.2571034,0,198,0.0094250999999909,0.859736842105263,0
s7_busy,8,0.01,coarse,1,0.3939,0,303,0.0133499999999864,0.920667870036101,0
s7_busy,8,0.02,coarse,1,0.5245254,0,404,0.0199448999999795,0.885503472222222,0
s7_busy,8,0.0261532097202366,fine,1,0.5566834,0,429,0.023816399999977,0.910192878338279,0
s7_busy,8,0.0341995189335339,fine,1,0.6028494,0,464,0.0307583999999707,0.898564273789649,0
s7_busy,8,0.0447213595499958,fine,1,0.611,0,470,0.0424529999999568,0.930340296495957,0
s7_busy,8,0.05,coarse,1,0.6175,0,475,0.0510236999999477,0.913165776266796,1
s7_busy,8,0.0584803547642573,fine,1,0.598,0,460,0.0689927999999289,0.892375168690958,0
s7_busy,8,0.076472449133173,fine,1,0.5520144,0,425,0.102714899999895,0.913539348573741,0
s7_busy,8,0.1,coarse,1,0.4555804,0,351,0.171253799999825,0.892502173283106,0
s7_busy,8,0.2,coarse,1,0.0533,0,41,0.392710299999596,0.506325301204819,0
unslotted,8,1e-05,coarse,1,0.0585,0,45,0,0.556318681318681,0
unslotted,8,1.77160053966912e-05,coarse,1,0.0988,0,76,1.45e-05,0.768085106382979,0
unslotted,8,3.13856847215592e-05,coarse,1,0.160798073000235,0,123,2.9e-05,0.743074656188605,0
unslotted,8,5.56028959905992e-05,coarse,1,0.2262,0,174,0.0001015,0.777104722792608,0
unslotted,8,9.85061205441115e-05,coarse,1,0.365920486633923,0,281,0.0001595,0.901793056190041,0
unslotted,8,0.000174513496316659,coarse,1,0.458647399350807,0,352,0.0003625,0.923553965414431,0
unslotted,8,0.000309168204254139,coarse,1,0.567001974680164,0,437,0.0008845,0.922199150086923,0
unslotted,8,0.000547722557505166,coarse,1,0.619144150257106,0,476,0.003364,0.932872200263505,0
unslotted,8,0.000605527478730102,fine,1,0.663068010847036,0,510,0.0026245,0.941027496382055,0
unslotted,8,0.00066943295008217,fine,1,0.672198985333309,0,517,0.003799,0.91075712143928,0
unslotted,8,0.000740082804492285,fine,1,0.6695,0,515,0.004495,0.905452000546224,0
unslotted,8,0.000818188823000027,fine,1,0.663602842787141,0,511,0.0048575,0.936186003155027,0
unslotted,8,0.000904537905783957,fine,1,0.669642470355873,0,516,0.0055825,0.927075208913649,0
unslotted,8,0.000970345578465104,coarse,1,0.682471688656356,0,525,0.0050025,0.912544696066746,1
unslotted,8,0.001,coarse,1,0.673622435010597,0,518,0.005974,0.902354048964218,0
unslotted,8,0.00171906475047432,coarse,1,0.604100605836496,0,465,0.0132095,0.931522488368085,0
unslotted,8,0.003,coarse,1,0.455294702001178,0,350,0.0302905,0.877004581901489,0
unslotted,8,0.00304549603966647,coarse,1,0.4225,0,325,0.0308995,0.874668764491554,0
unslotted,8,0.0053954024274333,coarse,1,0.212975584040293,0,163,0.0780709771862022,0.73884872080089,0
unslotted,8,0.00955849785217292,coarse,1,0.0754,0,58,0.186993096509539,0.609420289855072,0
unslotted,8,0.01,coarse,1,0.0884,0,68,0.201985,0.494017094017094,0
unslotted,8,0.0169338399533357,coarse,1,0.013,0,10,0.441322,0.138888888888889,0
unslotted,8,0.03,coarse,1,0.0026,0,2,0.878826144119483,0.05,0
sf_cf,10,0.025,coarse,1,0.34056,0,172,0.25144,0.751626016260163,1
sf_cb,10,0.025,coarse,1,0.786375,0,484,0.052975,0.92052813580635,1
sb_cf,10,1e-05,coarse,1,0.076375,0,47,0.00325,0.525952380952381,0
sb_cf,10,1.94876784266975e-05,coarse,1,0.118625,0,73,0.026,0.597421524663677,0
sb_cf,10,2.43414702251933e-05,fine,1,0.134875,0,83,0.04225,0.686155378486056,0
sb_cf,10,3.04041948840996e-05,fine,1,0.154375,0,95,0.06825,0.702881619937695,0
sb_cf,10,3.79769610462371e-05,coarse,1,0.177125,0,109,0.104,0.818250688705234,0
sb_cf,10,4.74358744181599e-05,fine,1,0.182,0,112,0.170625,0.696888888888889,1
sb_cf,10,5.92507172723973e-05,fine,1,0.173875,0,107,0.26975,0.676654846335697,0
sb_cf,10,7.40082804492285e-05,coarse,1,0.177125,0,109,0.349375,0.779593175853018,0
sb_cf,10,0.000144224957030741,coarse,1,0.141375,0,87,0.825051,0.719486692015209,0
sb_cf,10,0.000281060958371934,coarse,1,0.047125,0,29,1.753595,0.488953488372093,0
sb_cf,10,0.000547722557505166,coarse,1,0.001625,0,1,3.232948,0.025,0
sb_cf,10,0.001,coarse,1,0,0,0,5.019565,NaN,0
sb_cf,10,0.0010673841067709,coarse,1,0,0,0,5.264834,NaN,0
sb_cf,10,0.0020800838230519,coarse,1,0,0,0,8.062836,NaN,0
sb_cf,10,0.003,coarse,1,0,0,0,9.692998,NaN,0
sb_cf,10,0.0040536004644211,coarse,1,0,0,0,11.381285,NaN,0
sb_cf,10,0.00789952623209501,coarse,1,0,0,0,14.817045,NaN,0
sb_cf,10,0.01,coarse,1,0,0,0,15.967859,NaN,0
sb_cf,10,0.0153943426934329,coarse,1,0,0,0,18.007349,NaN,0
sb_cf,10,0.03,coarse,1,0,0,0,20.345816,NaN,0
sb_cf,10,0.03,coarse,1,0,0,0,20.345816,NaN,0
sb_cb,10,1e-05,coarse,1,0.06175,0,38,0,0.501388888888889,0
sb_cb,10,1.77827941003892e-05,coarse,1,0.09425,0,58,1.45e-05,0.678225806451613,0
sb_cb,10,3.16227766016838e-05,coarse,1,0.180375,0,111,1.45e-05,0.738669064748201,0
sb_cb,10,5.62341325190349e-05,coarse,1,0.27625,0,170,4.35e-05,0.813626126126126,0
sb_cb,10,0.0001,coarse,1,0.3950305,0,243,7.25e-05,0.843075385494003,0
sb_cb,10,0.000177827941003892,coarse,1,0.540284,0,332,0.0003335,0.933468834688347,0
sb_cb,10,0.000316227766016838,coarse,1,0.6339505,0,390,0.000754,0.916265060240964,0
sb_cb,10,0.000562341325190349,coarse,1,0.6979385,0,430,0.001624,0.940296989422295,0
sb_cb,10,0.000681292069057962,fine,1,0.709851,0,436,0.002001,0.944060389352404,0
sb_cb,10,0.000825404185268018,fine,1,0.72882,0,448,0.0024215,0.923371365476629,0
sb_cb,10,0.001,coarse,1,0.7356455,0,452,0.0032335,0.938552002940096,1
sb_cb,10,0.00121152765862859,fine,1,0.7113065,0,437,0.0050025,0.930466770610018,0
sb_cb,10,0.00146779926762207,fine,1,0.7067655,0,435,0.0061915,0.894765462455078,0
sb_cb,10,0.00177827941003892,coarse,1,0.652202,0,401,0.0086855,0.913849738576949,0
sb_cb,10,0.003,coarse,1,0.5260835,0,323,0.0200535,0.855436208592981,0
sb_cb,10,0.00316227766016838,coarse,1,0.5555055,0,342,0.0191545,0.896963190184049,0
sb_cb,10,0.00562341325190349,coarse,1,0.2873255,0,176,0.0522145,0.845414847161572,0
sb_cb,10,0.01,coarse,1,0.13325,0,82,0.123801,0.651550387596899,0
s7_clean,10,0.001,coarse,1,0.8282014,0,510,0.000347099999999569,0.957940483205657,0
s7_clean,10,0.003,coarse,1,0.8919274,0,549,0.00074759999999922,0.953438567632545,0
s7_clean,10,0.005,coarse,1,0.9050534,0,557,0.00149519999999844,0.9450743267942,0
s7_clean,10,0.00600468477588001,fine,1,0.9073314,0,559,0.00178889999999828,0.948406580065558,0
s7_clean,10,0.00721124785153704,fine,1,0.9091004,0,560,0.00245639999999775,0.942081230473444,0
s7_clean,10,0.00866025403784439,fine,1,0.9105004,0,561,0.00299039999999688,0.937674293886307,0
s7_clean,10,0.009,coarse,1,0.9105544,0,561,0.00315059999999672,0.939690075241849,0
s7_clean,10,0.0104004191152595,fine,1,0.9103114,0,561,0.00379139999999595,0.940139204205998,0
s7_clean,10,0.0124902476648341,fine,1,0.9113644,0,561,0.00435209999999544,0.918410762227151,1
s7_clean,10,0.015,coarse,1,0.9098744,0,560,0.00550019999999407,0.914179104477612,0
s7_clean,10,0.025,coarse,1,0.9042974,0,557,0.00990569999998977,0.940262456055279,0
s7_clean,10,0.05,coarse,1,0.8636814,0,532,0.0289961999999698,0.925641025641026,0
s7_clean,10,0.1,coarse,1,0.6887754,0,424,0.109763699999881,0.896012759170654,0
s7_clean,10,0.2,coarse,1,0.13,0,80,0.363920999999629,0.650406504065041,0
s7_clean,10,0.4,coarse,1,0.001625,0,1,0.423059499999562,0.025,0
s7_clean,10,0.6,coarse,1,0,0,0,0.423807099999561,NaN,0
s7_clean,10,0.8,coarse,1,0,0,0,0.423807099999561,NaN,0
s7_clean,10,1,coarse,1,0,0,0,0.247215299999744,NaN,0
s7_busy,10,0.0001,coarse,1,0.00325,0,2,0.00400499999999517,0.05,0
s7_busy,10,0.0003,coarse,1,0.01625,0,10,0.0041117999999951,0.208333333333333,0
s7_busy,10,0.0005,coarse,1,0.02925,0,18,0.0041117999999951,0.289285714285714,0
s7_busy,10,0.001,coarse,1,0.052,0,32,0.00501959999999375,0.492307692307692,0
s7_busy,10,0.003,coarse,1,0.151125,0,93,0.0068084999999922,0.665307692307692,0
s7_busy,10,0.005,coarse,1,0.2467484,0,152,0.00825029999999091,0.834682080924856,0
s7_busy,10,0.01,coarse,1,0.3821414,0,236,0.011000399999988,0.883502538071066,0
s7_busy,10,0.02,coarse,1,0.534625,0,329,0.0167141999999833,0.923242920504947,0
s7_busy,10,0.0261532097202366,fine,1,0.585,0,360,0.0206924999999798,0.9106239460371,0
s7_busy,10,0.0341995189335339,fine,1,0.6260804,0,386,0.0270470999999734,0.912518373346399,0
s7_busy,10,0.0447213595499958,fine,1,0.6511214,0,401,0.0366323999999637,0.897126757420219,0
s7_busy,10,0.05,coarse,1,0.658125,0,405,0.0432539999999568,0.90621546961326,1
s7_busy,10,0.0584803547642573,fine,1,0.6379684,0,393,0.0556427999999435,0.891943866943867,0
s7_busy,10,0.076472449133173,fine,1,0.5917124,0,365,0.0865613999999106,0.915761616717075,0
s7_busy,10,0.1,coarse,1,0.5039894,0,311,0.144019799999849,0.885399121201025,0
s7_busy,10,0.2,coarse,1,0.089375,0,55,0.376096199999613,0.568609022556391,0
unslotted,10,1e-05,coarse,1,0.079625,0,49,1.45e-05,0.571666666666667,0
unslotted,10,1.77160053966912e-05,coarse,1,0.118640447855125,0,74,1.45e-05,0.616666666666667,0
unslotted,10,3.13856847215592e-05,coarse,1,0.188107741209686,0,116,2.9e-05,0.750892857142857,0
unslotted,10,5.56028959905992e-05,coarse,1,0.253787338109316,0,157,2.9e-05,0.789020486555698,0
unslotted,10,9.85061205441115e-05,coarse,1,0.401941104695716,0,247,0.0001595,0.841271373414231,0
unslotted,10,0.000174513496316659,coarse,1,0.536677563954107,0,330,0.0004495,0.835122699386503,0
unslotted,10,0.000309168204254139,coarse,1,0.624297458377356,0,384,0.001044,0.924836929252383,0
unslotted,10,0.000547722557505166,coarse,1,0.700143400739576,0,430,0.0021895,0.948788998357964,0
unslotted,10,0.000970345578465104,coarse,1,0.704771526860569,0,433,0.005017,0.903300250529967,0
unslotted,10,0.001,coarse,1,0.710826686707375,0,437,0.0049445,0.913377654486321,1
unslotted,10,0.0010673841067709,fine,1,0.685658424405758,0,421,0.0058725,0.909674604803942,0
unslotted,10,0.00117412688496945,fine,1,0.682180038791484,0,420,0.006177,0.919132972071697,0
unslotted,10,0.00129154437775787,fine,1,0.659174928489001,0,405,0.0075545,0.916340782122905,0
unslotted,10,0.00142070410027395,fine,1,0.640245756559353,0,394,0.00841,0.90085886722377,0
unslotted,10,0.00156278032353728,fine,1,0.628875,0,387,0.01044,0.914787441974102,0
unslotted,10,0.00171906475047432,coarse,1,0.6175,0,380,0.011426,0.930412371134021,0
unslotted,10,0.003,coarse,1,0.459875,0,283,0.028652,0.867139454309225,0
unslotted,10,0.00304549603966647,coarse,1,0.439784780851477,0,270,0.0305225,0.912162162162162,0
unslotted,10,0.0053954024274333,coarse,1,0.225875,0,139,0.071833,0.755907668231612,0
unslotted,10,0.00955849785217292,coarse,1,0.086125,0,53,0.187108,0.528007518796992,0
unslotted,10,0.01,coarse,1,0.06175,0,38,0.196730474170038,0.340566037735849,0
unslotted,10,0.0169338399533357,coarse,1,0.0195,0,12,0.415533405624036,0.2,0
unslotted,10,0.03,coarse,1,0,0,0,0.840014,NaN,0
sf_cf,15,0.025,coarse,1,0.32272,0,109,0.25542,0.744423558897243,1
sf_cb,15,0.025,coarse,1,0.8458125,0,347,0.0403,0.869253537395322,1
sb_cf,15,1e-05,coarse,1,0.0853125,0,35,0.0121875,0.486111111111111,0
sb_cf,15,1.94876784266975e-05,coarse,1,0.131625,0,54,0.0658125,0.639473684210526,0
sb_cf,15,2.43414702251933e-05,fine,1,0.14625,0,60,0.1145625,0.608108108108108,0
sb_cf,15,3.04041948840996e-05,fine,1,0.1876875,0,77,0.131625,0.689418604651163,0
sb_cf,15,3.79769610462371e-05,coarse,1,0.1907425,0,79,0.2023125,0.732511737089202,1
sb_cf,15,4.74358744181599e-05,fine,1,0.1779375,0,73,0.3241875,0.70489417989418,0
sb_cf,15,5.92507172723973e-05,fine,1,0.1629055,0,67,0.453375,0.613251366120219,0
sb_cf,15,7.40082804492285e-05,coarse,1,0.1535625,0,63,0.6045,0.693881118881119,0
sb_cf,15,0.000144224957030741,coarse,1,0.078,0,32,1.3647515,0.474074074074074,0
sb_cf,15,0.000281060958371934,coarse,1,0.004875,0,2,2.5786965,0.05,0
sb_cf,15,0.000547722557505166,coarse,1,0,0,0,4.3876435,NaN,0
sb_cf,15,0.001,coarse,1,0,0,0,6.7616355,NaN,0
sb_cf,15,0.0010673841067709,coarse,1,0,0,0,7.052484,NaN,0
sb_cf,15,0.0020800838230519,coarse,1,0,0,0,10.394786,NaN,0
sb_cf,15,0.003,coarse,1,0,0,0,12.251136,NaN,0
sb_cf,15,0.0040536004644211,coarse,1,0,0,0,13.775642,NaN,0
sb_cf,15,0.00789952623209501,coarse,1,0,0,0,17.0338995,NaN,0
sb_cf,15,0.01,coarse,1,0,0,0,17.993402,NaN,0
sb_cf,15,0.0153943426934329,coarse,1,0,0,0,19.6982215,NaN,0
sb_cf,15,0.03,coarse,1,0,0,0,21.612861,NaN,0
sb_cf,15,0.03,coarse,1,0,0,0,21.612861,NaN,0
sb_cb,15,1e-05,coarse,1,0.0950625,0,39,0,0.493831168831169,0
sb_cb,15,1.77827941003892e-05,coarse,1,0.1486875,0,61,0,0.616059602649007,0
sb_cb,15,3.16227766016838e-05,coarse,1,0.2413125,0,99,0,0.620316455696203,0
sb_cb,15,5.62341325190349e-05,coarse,1,0.36075,0,148,1.45e-05,0.793623188405797,0
sb_cb,15,0.0001,coarse,1,0.485052,0,199,8.7e-05,0.844011082693947,0
sb_cb,15,0.000177827941003892,coarse,1,0.58122,0,239,0.0003625,0.896437539234149,0
sb_cb,15,0.000316227766016838,coarse,1,0.7295875,0,299,0.000319,0.848206831119545,0
sb_cb,15,0.000383118684955729,fine,1,0.738583,0,303,0.0006815,0.873041080258653,0
sb_cb,15,0.000464158883361278,fine,1,0.7486375,0,307,0.0008555,0.890822306238185,0
sb_cb,15,0.000562341325190349,coarse,1,0.7745965,0,317,0.001218,0.894985749910937,0
sb_cb,15,0.000681292069057962,fine,1,0.7593555,0,312,0.0021605,0.894048493754592,0
sb_cb,15,0.000825404185268018,fine,1,0.778786,0,320,0.002436,0.88093599449415,1
sb_cb,15,0.001,coarse,1,0.7623445,0,313,0.003074,0.910831164001488,0
sb_cb,15,0.00177827941003892,coarse,1,0.653665,0,268,0.008642,0.855047619047619,0
sb_cb,15,0.003,coarse,1,0.494559,0,203,0.0188065,0.887360034453058,0
sb_cb,15,0.00316227766016838,coarse,1,0.444526,0,182,0.0209815,0.884722222222222,0
sb_cb,15,0.00562341325190349,coarse,1,0.304578,0,125,0.0504745,0.732879924953096,0
sb_cb,15,0.01,coarse,1,0.1340625,0,55,0.121017,0.560185185185185,0
s7_clean,15,0.001,coarse,1,0.8763304,0,360,0.000133499999999884,0.900500277932185,0
s7_clean,15,0.003,coarse,1,0.9185419,0,377,0.00088109999999922,0.895695739853794,0
s7_clean,15,0.005,coarse,1,0.9274639,0,381,0.00141509999999887,0.893188530642382,0
s7_clean,15,0.00600468477588001,fine,1,0.9295864,0,382,0.00165539999999828,0.910659011482776,0
s7_clean,15,0.00721124785153704,fine,1,0.9317809,0,383,0.00181559999999811,0.882605294825511,0
s7_clean,15,0.00866025403784439,fine,1,0.9315199,0,383,0.00242969999999745,0.884307933445864,0
s7_clean,15,0.009,coarse,1,0.9339214,0,384,0.0024563999999974,0.867388235294118,1
s7_clean,15,0.0104004191152595,fine,1,0.9335625,0,383,0.00280349999999686,0.893791128442603,0
s7_clean,15,0.0124902476648341,fine,1,0.9335625,0,383,0.00339089999999612,0.899050012257906,0
s7_clean,15,0.015,coarse,1,0.9336064,0,384,0.00381809999999584,0.901761252446184,0
s7_clean,15,0.025,coarse,1,0.9299374,0,382,0.00728909999999258,0.910204590818363,0
s7_clean,15,0.05,coarse,1,0.9040699,0,371,0.0189836999999811,0.913950863213811,0
s7_clean,15,0.1,coarse,1,0.7531875,0,309,0.0875916999999026,0.921275569278271,0
s7_clean,15,0.2,coarse,1,0.180375,0,74,0.342267299999655,0.671078431372549,0
s7_clean,15,0.4,coarse,1,0.004875,0,2,0.421644399999562,0.05,0
s7_clean,15,0.6,coarse,1,0,0,0,0.423807099999561,NaN,0
s7_clean,15,0.8,coarse,1,0,0,0,0.423807099999561,NaN,0
s7_clean,15,1,coarse,1,0,0,0,0.247215299999744,NaN,0
s7_busy,15,0.0001,coarse,1,0.0024375,0,1,0.00242969999999728,0.025,0
s7_busy,15,0.0003,coarse,1,0.0219375,0,9,0.00248309999999718,0.184090909090909,0
s7_busy,15,0.0005,coarse,1,0.043875,0,18,0.00258989999999705,0.311538461538462,0
s7_busy,15,0.001,coarse,1,0.078,0,32,0.00277679999999696,0.387878787878788,0
s7_busy,15,0.003,coarse,1,0.2120625,0,87,0.0033641999999964,0.654757785467128,0
s7_busy,15,0.005,coarse,1,0.2901154,0,120,0.00469919999999471,0.72,0
s7_busy,15,0.01,coarse,1,0.41925,0,172,0.00672839999999281,0.825446428571429,0
s7_busy,15,0.02,coarse,1,0.5679375,0,233,0.0106265999999866,0.861730158730159,0
s7_busy,15,0.0261532097202366,fine,1,0.6274804,0,258,0.0145781999999825,0.884218916046759,0
s7_busy,15,0.0341995189335339,fine,1,0.6328594,0,260,0.0195176999999774,0.870236869207003,0
s7_busy,15,0.0447213595499958,fine,1,0.6621994,0,272,0.0282485999999669,0.832403240324032,0
s7_busy,15,0.05,coarse,1,0.6718864,0,276,0.0313991999999626,0.838942731277533,0
s7_busy,15,0.0584803547642573,fine,1,0.6849375,0,281,0.0406106999999532,0.860141612200436,1
s7_busy,15,0.076472449133173,fine,1,0.6751875,0,277,0.0644250999999316,0.895111992533831,0
s7_busy,15,0.1,coarse,1,0.624,0,256,0.107494199999899,0.848911917098446,0
s7_busy,15,0.2,coarse,1,0.0975,0,40,0.374572299999624,0.571428571428571,0
unslotted,15,1e-05,coarse,1,0.102375,0,42,0,0.416037735849057,0
unslotted,15,1.77160053966912e-05,coarse,1,0.151125,0,62,0,0.585975609756098,0
unslotted,15,3.13856847215592e-05,coarse,1,0.219375,0,90,1.45e-05,0.649038461538462,0
unslotted,15,5.56028959905992e-05,coarse,1,0.395619524906951,0,163,0.0001015,0.786065088757396,0
unslotted,15,9.85061205441115e-05,coarse,1,0.483413971776488,0,199,0.000232,0.869205443371378,0
unslotted,15,0.000174513496316659,coarse,1,0.604872224483617,0,249,0.0003915,0.891331224841863,0
unslotted,15,0.000309168204254139,coarse,1,0.712535185697763,0,293,0.000696,0.875652794777642,0
unslotted,15,0.000374096310271966,fine,1,0.718770753677341,0,295,0.001015,0.821300490751227,0
unslotted,15,0.000452659903034726,fine,1,0.754144659665153,0,310,0.0012035,0.897124719940254,0
unslotted,15,0.000547722557505166,coarse,1,0.76572998656571,0,314,0.0016965,0.899598540145985,1
unslotted,15,0.000662749225166042,fine,1,0.765719889019441,0,314,0.0021895,0.862456263121064,0
unslotted,15,0.000801932528502892,fine,1,0.74439889783532,0,305,0.003509,0.892754318618042,0
unslotted,15,0.000970345578465104,coarse,1,0.744848469249626,0,306,0.003596,0.879376408715252,0
unslotted,15,0.001,coarse,1,0.694788026569016,0,285,0.004408,0.87263644177052,0
unslotted,15,0.00171906475047432,coarse,1,0.608205962433615,0,249,0.010005,0.898565217391304,0
unslotted,15,0.003,coarse,1,0.394509268852574,0,162,0.027405,0.784808612440191,0
unslotted,15,0.00304549603966647,coarse,1,0.4509375,0,185,0.0259695,0.778548680618744,0
unslotted,15,0.0053954024274333,coarse,1,0.18525,0,76,0.072094,0.568503937007874,0
unslotted,15,0.00955849785217292,coarse,1,0.078,0,32,0.176532026600668,0.387878787878788,0
unslotted,15,0.01,coarse,1,0.053625,0,22,0.1891525,0.3025,0
unslotted,15,0.0169338399533357,coarse,1,0.0219375,0,9,0.397764,0.119117647058824,0
unslotted,15,0.03,coarse,1,0,0,0,0.844271764151386,NaN,0
sf_cf,20,0.025,coarse,1,0.396,0,100,0.2158,0.706214689265537,1
sf_cb,20,0.025,coarse,1,0.879975,0,271,0.0349375,0.884831325301205,1
sb_cf,20,1e-05,coarse,1,0.1235,0,38,0.07475,0.5640625,0
sb_cf,20,1.94876784266975e-05,coarse,1,0.15925,0,49,0.15925,0.46531007751938,0
sb_cf,20,2.43414702251933e-05,fine,1,0.19175,0,59,0.21125,0.465374331550802,0
sb_cf,20,3.04041948840996e-05,fine,1,0.234,0,72,0.25675,0.578571428571429,1
sb_cf,20,3.79769610462371e-05,coarse,1,0.21125,0,65,0.364,0.583563535911602,0
sb_cf,20,4.74358744181599e-05,fine,1,0.20475,0,63,0.49725,0.640161290322581,0
sb_cf,20,5.92507172723973e-05,fine,1,0.1885,0,58,0.6695,0.525625,0
sb_cf,20,7.40082804492285e-05,coarse,1,0.115072,0,36,0.95225,0.45,0
sb_cf,20,0.000144224957030741,coarse,1,0.0455,0,14,1.792027,0.30625,0
sb_cf,20,0.000281060958371934,coarse,1,0,0,0,3.180821,NaN,0
sb_cf,20,0.000547722557505166,coarse,1,0,0,0,5.224807,NaN,0
sb_cf,20,0.001,coarse,1,0,0,0,7.652123,NaN,0
sb_cf,20,0.0010673841067709,coarse,1,0,0,0,8.012348,NaN,0
sb_cf,20,0.0020800838230519,coarse,1,0,0,0,11.447306,NaN,0
sb_cf,20,0.003,coarse,1,0,0,0,13.546855,NaN,0
sb_cf,20,0.0040536004644211,coarse,1,0,0,0,15.1464,NaN,0
sb_cf,20,0.00789952623209501,coarse,1,0,0,0,18.173198,NaN,0
sb_cf,20,0.01,coarse,1,0,0,0,19.142149,NaN,0
sb_cf,20,0.0153943426934329,coarse,1,0,0,0,20.574661,NaN,0
sb_cf,20,0.03,coarse,1,0,0,0,22.041001,NaN,0
sb_cf,20,0.03,coarse,1,0,0,0,22.041001,NaN,0
sb_cb,20,1e-05,coarse,1,0.13975,0,43,0,0.53132183908046,0
sb_cb,20,1.77827941003892e-05,coarse,1,0.2251045,0,70,1.45e-05,0.6125,0
sb_cb,20,3.16227766016838e-05,coarse,1,0.313532,0,97,2.9e-05,0.723769230769231,0
sb_cb,20,5.62341325190349e-05,coarse,1,0.4383105,0,134,4.35e-05,0.771305841924399,0
sb_cb,20,0.0001,coarse,1,0.5480185,0,168,0.000145,0.768627450980392,0
sb_cb,20,0.000177827941003892,coarse,1,0.671419,0,207,0.000348,0.845481452249408,0
sb_cb,20,0.000316227766016838,coarse,1,0.7619485,0,235,0.000551,0.846489883507051,0
sb_cb,20,0.000562341325190349,coarse,1,0.780712,0,240,0.0017545,0.850059031877214,0
sb_cb,20,0.000681292069057962,fine,1,0.7803415,0,241,0.002204,0.881618093503339,0
sb_cb,20,0.000825404185268018,fine,1,0.780973,0,240,0.002726,0.883435582822086,0
sb_cb,20,0.001,coarse,1,0.791011,0,243,0.003103,0.831676056338028,1
sb_cb,20,0.00121152765862859,fine,1,0.780415,0,240,0.00377,0.892193308550186,0
sb_cb,20,0.00146779926762207,fine,1,0.7426315,0,228,0.004872,0.843896103896104,0
sb_cb,20,0.00177827941003892,coarse,1,0.722807,0,223,0.0063945,0.862751561415684,0
sb_cb,20,0.003,coarse,1,0.541734,0,167,0.018241,0.745695187165775,0
sb_cb,20,0.00316227766016838,coarse,1,0.5403485,0,166,0.0179945,0.748804347826087,0
sb_cb,20,0.00562341325190349,coarse,1,0.2571455,0,80,0.04959,0.62992125984252,0
sb_cb,20,0.01,coarse,1,0.1365,0,42,0.1182475,0.565384615384615,0
s7_clean,20,0.001,coarse,1,0.9050314,0,279,5.33999999999069e-05,0.867599197503344,0
s7_clean,20,0.003,coarse,1,0.9416184,0,290,0.000480599999999511,0.918924825174825,0
s7_clean,20,0.005,coarse,1,0.9471284,0,292,0.000854399999999034,0.86650406504065,0
s7_clean,20,0.00600468477588001,fine,1,0.9506304,0,293,0.00106799999999878,0.887236461347664,0
s7_clean,20,0.00721124785153704,fine,1,0.9508464,0,293,0.00114809999999864,0.861591730228824,0
s7_clean,20,0.00866025403784439,fine,1,0.9506664,0,293,0.00128159999999852,0.880683217070168,0
s7_clean,20,0.009,coarse,1,0.9538624,0,294,0.00133499999999831,0.888527960526316,1
s7_clean,20,0.0104004191152595,fine,1,0.9533134,0,294,0.00162869999999821,0.874150485436893,0
s7_clean,20,0.0124902476648341,fine,1,0.9502164,0,293,0.00213599999999785,0.889442602569416,0
s7_clean,20,0.015,coarse,1,0.9505854,0,293,0.00277679999999708,0.902913336137989,0
s7_clean,20,0.025,coarse,1,0.9455974,0,291,0.00555359999999375,0.877341483630336,0
s7_clean,20,0.05,coarse,1,0.9271514,0,286,0.0139907999999854,0.887543402777778,0
s7_clean,20,0.1,coarse,1,0.8058024,0,248,0.0686723999999253,0.892915214866434,0
s7_clean,20,0.2,coarse,1,0.247,0,76,0.315086699999672,0.656363636363636,0
s7_clean,20,0.4,coarse,1,0,0,0,0.423807099999561,NaN,0
s7_clean,20,0.6,coarse,1,0,0,0,0.423807099999561,NaN,0
s7_clean,20,0.8,coarse,1,0,0,0,0.423807099999561,NaN,0
s7_clean,20,1,coarse,1,0,0,0,0.247215299999744,NaN,0
s7_busy,20,0.0001,coarse,1,0.00975,0,3,0.00202919999999763,0.075,0
s7_busy,20,0.0003,coarse,1,0.0195,0,6,0.00202919999999763,0.15,0
s7_busy,20,0.0005,coarse,1,0.0325,0,10,0.00210929999999754,0.208333333333333,0
s7_busy,20,0.001,coarse,1,0.0585,0,18,0.00221609999999742,0.3375,0
s7_busy,20,0.003,coarse,1,0.16575,0,51,0.00328409999999596,0.546428571428571,0
s7_busy,20,0.005,coarse,1,0.273,0,84,0.00389819999999535,0.634532374100719,0
s7_busy,20,0.01,coarse,1,0.39,0,120,0.00598079999999388,0.73469387755102,0
s7_busy,20,0.02,coarse,1,0.55575,0,171,0.0088109999999911,0.814966555183946,0
s7_busy,20,0.0261532097202366,fine,1,0.624,0,192,0.011587799999987,0.845504587155963,0
s7_busy,20,0.0341995189335339,fine,1,0.6837524,0,211,0.0157796999999837,0.859478764478764,0
s7_busy,20,0.0447213595499958,fine,1,0.6925484,0,214,0.0206123999999785,0.800629370629371,0
s7_busy,20,0.05,coarse,1,0.7106884,0,219,0.0238430999999766,0.834394572025052,0
s7_busy,20,0.0584803547642573,fine,1,0.7443054,0,230,0.0283019999999695,0.870065789473684,1
s7_busy,20,0.076472449133173,fine,1,0.7210954,0,222,0.0450428999999517,0.841598360655738,0
s7_busy,20,0.1,coarse,1,0.6565,0,202,0.0800732999999169,0.863028764805415,0
s7_busy,20,0.2,coarse,1,0.13,0,40,0.357021399999625,0.465116279069767,0
unslotted,20,1e-05,coarse,1,0.13,0,40,0,0.512820512820513,0
unslotted,20,1.77160053966912e-05,coarse,1,0.182572453697088,0,56,0,0.593939393939394,0
unslotted,20,3.13856847215592e-05,coarse,1,0.312,0,96,2.9e-05,0.748051948051948,0
unslotted,20,5.56028959905992e-05,coarse,1,0.430134800053697,0,132,2.9e-05,0.75625,0
unslotted,20,9.85061205441115e-05,coarse,1,0.571505085921558,0,176,0.0001015,0.83448275862069,0
unslotted,20,0.000174513496316659,coarse,1,0.65,0,200,0.000319,0.851788756388416,0
unslotted,20,0.000309168204254139,coarse,1,0.768449619403468,0,237,0.000493,0.901878612716763,0
unslotted,20,0.000374096310271966,fine,1,0.753155377859689,0,232,0.000667,0.853807106598985,0
unslotted,20,0.000452659903034726,fine,1,0.792250969487284,0,244,0.0013775,0.85836216839677,0
unslotted,20,0.000547722557505166,coarse,1,0.76895781782629,0,237,0.00174,0.852595628415301,0
unslotted,20,0.000662749225166042,fine,1,0.7995,0,246,0.0018415,0.824918211559433,1
unslotted,20,0.000801932528502892,fine,1,0.796711482976876,0,245,0.0019575,0.880131964809384,0
unslotted,20,0.000970345578465104,coarse,1,0.725526400080057,0,224,0.004031,0.847567567567568,0
unslotted,20,0.001,coarse,1,0.6825,0,210,0.0042195,0.803571428571429,0
unslotted,20,0.00171906475047432,coarse,1,0.619623621983878,0,191,0.0092655,0.856361502347418,0
unslotted,20,0.003,coarse,1,0.388505626700631,0,120,0.0265785,0.765957446808511,0
unslotted,20,0.00304549603966647,coarse,1,0.45825,0,141,0.022968,0.742937219730942,0
unslotted,20,0.0053954024274333,coarse,1,0.24375,0,75,0.066439,0.614082969432314,0
unslotted,20,0.00955849785217292,coarse,1,0.0669223626932413,0,21,0.165036489317963,0.315,0
unslotted,20,0.01,coarse,1,0.052,0,16,0.1891815,0.228571428571429,0
unslotted,20,0.0169338399533357,coarse,1,0.00975,0,3,0.401708,0.075,0
unslotted,20,0.03,coarse,1,0,0,0,0.831035591181327,NaN,0
