protocol,load_mode,lambda_base,lambda_effective,M,Tp_us,best_q,stable_fraction,n_arrived,n_arrived_ci95,n_completed,n_completed_ci95,n_censored,n_censored_ci95,final_backlog,final_backlog_ci95,mean_delay_us,mean_delay_us_ci95,mean_queue_delay_us,mean_queue_delay_us_ci95,mean_access_delay_us,mean_access_delay_us_ci95,conditional_mean_delay_us,conditional_mean_delay_us_ci95,p50_delay_us,p50_delay_us_ci95,p95_delay_us,p95_delay_us_ci95,p99_delay_us,p99_delay_us_ci95,conditional_p50_delay_us,conditional_p50_delay_us_ci95,conditional_p95_delay_us,conditional_p95_delay_us_ci95,conditional_p99_delay_us,conditional_p99_delay_us_ci95,mean_boundary_wait_us,mean_boundary_wait_us_ci95,mean_difs_wait_us,mean_difs_wait_us_ci95,mean_probability_wait_us,mean_probability_wait_us_ci95,mean_busy_nav_wait_us,mean_busy_nav_wait_us_ci95,mean_collision_delay_us,mean_collision_delay_us_ci95,mean_control_delay_us,mean_control_delay_us_ci95,mean_data_delay_us,mean_data_delay_us_ci95,mean_other_access_delay_us,mean_other_access_delay_us_ci95,arrival_rate_pkt_s,arrival_rate_pkt_s_ci95,goodput_pkt_s,goodput_pkt_s_ci95,normalized_offered_units_s,normalized_offered_units_s_ci95,normalized_goodput_units_s,normalized_goodput_units_s_ci95,goodput_bit_s,goodput_bit_s_ci95,payload_airtime,payload_airtime_ci95,mean_system_packets,mean_system_packets_ci95,mean_waiting_packets,mean_waiting_packets_ci95,mean_service_packets,mean_service_packets_ci95,backlog_slope_pkt_s,backlog_slope_pkt_s_ci95,completion_ratio,completion_ratio_ci95,little_relative_error,little_relative_error_ci95,jain_fairness,jain_fairness_ci95,attempts_total,attempts_total_ci95,retransmissions_completed_cohort,retransmissions_completed_cohort_ci95,mean_attempts_completed,mean_attempts_completed_ci95,collision_waste_us_total,collision_waste_us_total_ci95,collision_channel_time_us_total,collision_channel_time_us_total_ci95,collision_tx_airtime_us_total,collision_tx_airtime_us_total_ci95,collision_channel_time_us_measure,collision_channel_time_us_measure_ci95,collision_tx_airtime_us_measure,collision_tx_airtime_us_measure_ci95,condition_elapsed_s,timeout_exceeded
sf_cf,fixed_packet,5,5,1,190,0.5,1,197,152.474456834096,197,152.474456834096,0,0,0,0,505.115608431398,7.65034129724967,0,0,505.115608431398,7.65034129724967,505.115608431398,7.65034129724967,385,63.5310236808735,1144.125,783.019866866763,1925.35,690.582227411065,385,63.5310236808735,1144.125,783.019866866763,1925.35,690.582227411065,90.3244536402431,22.3233541375494,0,0,202.955773955774,187.720906827072,0,0,21.8353808353808,173.047893986772,0,0,190,0,0,0,197,152.474456834096,197,152.474456834096,197,152.474456834096,197,152.474456834096,NaN,NaN,0.03743,0.0289701467984783,0.099515,0.0785243452695596,0.05762,0.0121344255230468,0.041895,0.0663899197465128,-0.0582120582120582,0.632007255584584,1,0,0,0,0.840657163190974,0.357016513346617,261,241.417889987319,23.5,196.946173410708,1.11492305702832,0.910778389404065,2280,12070.894499366,2280,12070.894499366,5035,30177.2362484149,1995,15692.1628491757,4465,37419.7729480345,0.4680213,0
sf_cb,fixed_packet,5,5,1,190,0.5,1,197,152.474456834096,197,152.474456834096,0,0,0,0,696.840424156214,251.409669503766,0,0,696.840424156214,251.409669503766,696.840424156214,251.409669503766,592.5,222.358582883057,1378.25,994.260520605667,1982.075,2291.24636905069,592.5,222.358582883057,1378.25,994.260520605667,1982.075,2291.24636905069,96.1328074485969,17.8277927566915,0,0,196.700245700246,111.233924999977,13.0982800982801,16.2651908293539,10.9090909090909,138.613142576451,190,0,190,0,0,0,197,152.474456834096,197.5,146.121354466009,197,152.474456834096,197.5,146.121354466009,NaN,NaN,0.037525,0.0277630573485417,0.137645,0.154126263449799,0.10012,0.126363206101257,0.037525,0.0277630573485417,-0.0557220557220557,0.380805336748492,1,0,0.00103573278094245,0.0131602327666223,0.843894531532509,0.315881848392662,248.5,235.064787619232,12,152.474456834096,1.05741626794258,0.729542855665532,1330,14485.0733992392,1330,14485.0733992392,2660,28970.1467984783,1140,14485.0733992392,2280,28970.1467984783,0.4217306,0
sb_cf,fixed_packet,5,5,1,190,0.05,0.5,197,152.474456834096,161.5,298.595811300105,35.5,451.070268134202,35.5,451.070268134202,NaN,NaN,NaN,NaN,NaN,NaN,503.454759106933,1204.62584972335,NaN,NaN,NaN,NaN,NaN,NaN,276.25,79.4137796010918,1047.75,250.947543539452,6259.25000000001,27378.6946552725,NaN,NaN,NaN,NaN,NaN,NaN,NaN,NaN,NaN,NaN,NaN,NaN,NaN,NaN,NaN,NaN,197,152.474456834096,161.5,298.595811300105,197,152.474456834096,161.5,298.595811300105,NaN,NaN,0.030685,0.05673320414702,6.42142,80.6312881389121,4.9858575,63.0135952585046,1.4355625,17.6176928804075,81.4928434928435,1036.38966493318,0.830143540669857,2.15823094801053,NaN,NaN,0.788996718913654,0.299391668402759,35499,446953.457799681,93.5,260.477197091581,1.61034077555817,2.74131514637094,6706442.5,84984084.4608953,677770,8459981.70641615,6706442.5,84984084.4608953,176262.5,2126033.94196859,1404877.5,17674426.0845545,13.5733896,0
sb_cb,fixed_packet,5,5,1,190,1,0,197,152.474456834096,49.5,6.35310236808735,147.5,158.827559202184,147.5,158.827559202184,NaN,NaN,NaN,NaN,NaN,NaN,2304.5693877551,17440.9255863245,NaN,NaN,NaN,NaN,NaN,NaN,395,0,14854.375,154896.57711193,35307.5,286175.496170495,NaN,NaN,NaN,NaN,NaN,NaN,NaN,NaN,NaN,NaN,NaN,NaN,NaN,NaN,NaN,NaN,197,152.474456834096,49.5,6.35310236808735,197,152.474456834096,49.5,6.35310236808735,NaN,NaN,0.009405,0.00120708944993659,54.751515,99.9872215927401,54.723205,100.023434276238,0.02831,0.0362126834980979,204.166932166932,202.843986595399,0.25236001551791,0.227571363760532,NaN,NaN,0.513613218148616,0.223393784280301,295172.5,153624.36836272,449.5,4364.58132687601,10.0116326530612,87.0167576187376,5878030,3482516.59409076,1555497.5,261334.865911273,5878030,3482516.59409076,580395,262700.782920412,2102927.5,1895670.45010174,359.8577457,0
s7_clean,fixed_packet,5,5,1,190,1,0,197,152.474456834096,105.5,527.30749655125,91.5,374.833039717154,91.5,374.833039717154,NaN,NaN,NaN,NaN,NaN,NaN,411.006855867347,20.1390914034298,NaN,NaN,NaN,NaN,NaN,NaN,394,0,478.55,6.98841260489586,542.52,735.181006035068,NaN,NaN,NaN,NaN,NaN,NaN,NaN,NaN,NaN,NaN,NaN,NaN,NaN,NaN,NaN,NaN,197,152.474456834096,105.5,527.30749655125,197,152.474456834096,105.5,527.30749655125,NaN,NaN,0.020045,0.100188424344737,31.9830545,78.4269331509497,31.9630095,78.5271215752945,0.020045,0.100188424344737,137.247167247167,647.452247371815,0.524647614121298,2.27061998253198,NaN,NaN,0.624417836641538,1.0860052681062,201001.5,953721.374394904,0,0,1,0,12653361,60104058.6138893,815062.5,3163139.78494464,12653361,60104058.6138893,337776,1141919.32584476,4062355.5,19680735.8123965,7.5850105,0
s7_busy,fixed_packet,5,5,1,190,0.5,1,197,152.474456834096,197,152.474456834096,0,0,0,0,1257.24831242726,389.569641090144,18.1624078624079,186.881110985787,1239.08590456485,202.688530104356,1257.24831242726,389.569641090144,897.5,870.375024427967,3138.625,3444.96975909537,5731.48,15408.433297417,897.5,870.375024427967,3138.625,3444.96975909537,5731.48,15408.433297417,3.96593818699082,2.42457981491004,64.2436829173671,2.12356123122104,16.4114703219966,16.4753451789926,675.368240010345,172.109018338738,127.096573128152,9.55602554049463,162,0,190,0,0,0,197,152.474456834096,197.5,146.121354466009,197,152.474456834096,197.5,146.121354466009,NaN,NaN,0.037525,0.0277630573485417,0.2483175,0.102151532976477,0.2107925,0.0743884756279349,0.037525,0.0277630573485417,0.0362700362700362,2.39560482415373,1,0,0.00419305970584071,0.0532778750934165,0.843894531532509,0.315881848392662,429.5,19.059307104262,154.5,108.002740257485,1.78454674770464,0.0589878119783616,116707.5,22013.4997054227,53581.5,11607.1180264956,116707.5,22013.4997054227,44982,1600.98179675801,97839,0,41.1895652,0
sf_cf,fixed_packet,5,5,2,380,0.5,1,197,152.474456834096,197,152.474456834096,0,0,0,0,1126.80356911936,614.454183955214,2.40540540540541,30.5635735545824,1124.39816371395,583.890610400632,1126.80356911936,614.454183955214,887.5,540.013701287425,2716.75,3249.61186127668,4665.62500000001,1326.21011933832,887.5,540.013701287425,2716.75,3249.61186127668,4665.62500000001,1326.21011933832,182.889564205354,59.0371054145552,0,0,476.992628992629,516.240298568513,0,0,84.5159705159705,126.687417246675,0,0,380,0,0,0,197,152.474456834096,197,152.474456834096,394,304.948913668193,394,304.948913668193,NaN,NaN,0.07486,0.0579402935969566,0.2214,0.0507612879210181,0.13001,0.00489188882342739,0.09139,0.0458693990975907,0.0319560319560318,0.258901886606182,1,0,6.38338023863962e-17,8.11085362210067e-16,0.840657163190974,0.357016513346617,291,114.355842625572,43.5,31.7655118404367,1.22241044872624,0.333387940122829,10260,0,10260,0,21470,12070.894499366,7790,12070.894499366,16530,12070.894499366,0.3638179,0
sf_cb,fixed_packet,5,5,2,380,0.5,1,197,152.474456834096,197,152.474456834096,0,0,0,0,939.798655114445,132.711075149536,4.10810810810811,52.1984626999609,935.690547006336,80.5126124495745,939.798655114445,132.711075149536,802.5,285.889606563931,1728.875,1224.56048144884,2517.275,1585.41669595617,802.5,285.889606563931,1728.875,1224.56048144884,2517.275,1585.41669595617,111.03207034786,128.843183522876,0,0,206.272727272727,276.071175631432,32.7960687960688,0.874136935166803,15.5896805896806,67.589516594148,190,0,380,0,0,0,197,152.474456834096,197.5,146.121354466009,394,304.948913668193,395,292.242708932018,NaN,NaN,0.07499,0.0562884869812539,0.185145,0.115499401051828,0.110155,0.059210914070574,0.07499,0.0562884869812539,0.0265200265200264,0.550433339604427,1,0,0.000738405611882679,0.00938233288292168,0.843894531532509,0.315881848392662,255,139.768252097922,16.5,82.5903307851355,1.082050950472,0.355734297863937,1900,4828.35779974638,1900,4828.35779974638,3895,10863.8050494294,1520,7242.53669961958,3135,15692.1628491757,0.3935803,0
sb_cf,fixed_packet,5,5,2,380,NaN,0,NaN,NaN,NaN,NaN,NaN,NaN,NaN,NaN,NaN,NaN,NaN,NaN,NaN,NaN,NaN,NaN,NaN,NaN,NaN,NaN,NaN,NaN,NaN,NaN,NaN,NaN,NaN,NaN,NaN,NaN,NaN,NaN,NaN,NaN,NaN,NaN,NaN,NaN,NaN,NaN,NaN,NaN,NaN,NaN,NaN,NaN,NaN,NaN,NaN,NaN,NaN,NaN,NaN,NaN,NaN,NaN,NaN,NaN,NaN,NaN,NaN,NaN,NaN,NaN,NaN,NaN,NaN,NaN,NaN,NaN,NaN,NaN,NaN,NaN,NaN,NaN,NaN,NaN,NaN,NaN,NaN,NaN,NaN,NaN,NaN,NaN,10.9269727,0
sb_cb,fixed_packet,5,5,2,380,1,0,197,152.474456834096,52,63.5310236808735,145,88.9434331532229,145,88.9434331532229,NaN,NaN,NaN,NaN,NaN,NaN,3109.22359089212,8069.38858565206,NaN,NaN,NaN,NaN,NaN,NaN,585,0,12157.5,77418.9054575126,65311.375,91565.6761556508,NaN,NaN,NaN,NaN,NaN,NaN,NaN,NaN,NaN,NaN,NaN,NaN,NaN,NaN,NaN,NaN,197,152.474456834096,52.5,57.1779213127861,394,304.948913668193,105,114.355842625572,NaN,NaN,0.01978,0.0238876649040084,53.28608,50.9321863747194,53.25281,50.8624293107178,0.03327,0.0697570640015991,204.166932166932,202.843986595399,0.263390663390663,0.118632869772638,NaN,NaN,0.562651515151515,0.495734502964391,297653.5,58772.5500071761,606,2528.53474249876,12.3911907428145,34.7084756473783,5963750,1215094.35892039,1326057.5,96916.5766251725,5963750,1215094.35892039,438352.5,258094.783703549,2113542.5,582357.128570727,44.8867298,0
s7_clean,fixed_packet,5,5,2,380,0.5,1,197,152.474456834096,197,152.474456834096,0,0,0,0,633.354558386137,79.5747226702638,0,0,633.354558386137,79.5747226702638,633.354558386137,79.5747226702638,589.5,6.35310236808735,952.075,172.486729293571,1221.59,698.078888205433,589.5,6.35310236808735,952.075,172.486729293571,1221.59,698.078888205433,3.94108366739946,2.53433986616783,36,0,8.77433079012026,5.33995794285454,42.6391439286176,87.4490204792864,0,0,162,0,380,0,0,0,197,152.474456834096,197.5,146.121354466009,394,304.948913668193,395,292.242708932018,NaN,NaN,0.074878,0.0577115819117055,0.124864,0.112017900954116,0.049986,0.0543063190424106,0.074878,0.0577115819117055,-0.0172080172080172,0.00594650976303978,1,0,0.000155108231076831,0.00197083694032811,0.843894531532509,0.315881848392662,234.5,82.5903307851355,0,0,1,0,0,0,0,0,0,0,0,0,0,0,5.8289304,0
s7_busy,fixed_packet,5,5,2,380,0.5,1,197,152.474456834096,197,152.474456834096,0,0,0,0,1856.65357558515,1335.99983684415,11.9243243243243,151.512906205413,1844.72925126083,1487.51274304956,1856.65357558515,1335.99983684415,1377.5,1937.69622226664,4616.5,1600.981796758,7417.67,3862.94036389177,1377.5,1937.69622226664,4616.5,1600.981796758,7417.67,3862.94036389177,3.96000258631838,2.77472752333871,66.3711884132937,49.6345467720769,16.1569377990431,22.3240113833653,1079.57077460235,1194.97345194311,136.670347859822,223.355460474346,162,0,380,0,0,0,197,152.474456834096,197.5,146.121354466009,394,304.948913668193,395,292.242708932018,NaN,NaN,0.07505,0.0555261146970834,0.3675085,0.540108997822946,0.2924585,0.484582883125863,0.07505,0.0555261146970834,0.104538104538104,0.105131243118352,1,0,0.0014953800142153,0.0190006046190034,0.843894531532509,0.315881848392662,428.5,374.833039717154,167.5,400.245449189503,1.84364412259149,1.37873741033547,86373,8805.39988216906,39690,1600.98179675801,86373,8805.39988216906,33264,9605.89078054807,72418.5,22013.4997054227,38.0007694,0
sf_cf,fixed_packet,5,5,3,570,0.5,1,197,152.474456834096,197,152.474456834096,0,0,0,0,1583.56278287857,373.913717132142,5.37837837837838,68.3387768242909,1578.18440450019,442.252493956434,1583.56278287857,373.913717132142,1240,127.062047361747,3951.75,657.546095097032,5442.075,462.8235075152,1240,127.062047361747,3951.75,657.546095097032,5442.075,462.8235075152,276.840424156214,2.71442521972864,0,0,608.233415233415,172.610825519189,0,0,123.110565110565,272.356093656973,0,0,570,0,0,0,197,152.474456834096,197.5,146.121354466009,591,457.423370502289,592.5,438.364063398027,NaN,NaN,0.112325,0.0864657232296688,0.31235,0.314669160291366,0.175515,0.155778070065502,0.136835,0.158891090225865,0.114516114516114,0.555617476320923,1,0,0.000121703148634342,0.00154638512358505,0.843894531532509,0.315881848392662,283.5,133.415149729834,43,127.062047361747,1.21598344756239,0.477817708170129,13680,14485.0733992392,13680,14485.0733992392,27930,28970.1467984783,11970,36212.6834980979,24510,72425.3669961957,0.3611402,0
sf_cb,fixed_packet,5,5,3,570,0.5,1,197,152.474456834096,197,152.474456834096,0,0,0,0,1154.06646838226,136.491881705586,0.894736842105263,1.33749523538681,1153.17173154015,137.829376940972,1154.06646838226,136.491881705586,1020,0,2042.125,439.952338990034,2928.575,779.208005445899,1020,0,2042.125,439.952338990034,2928.575,779.208005445899,134.633648002069,49.9473957804523,0,0,198.09828009828,79.7962145102274,41.3144963144963,133.461978494218,19.1253071253071,34.2162171765294,190,0,570,0,0,0,197,152.474456834096,197.5,146.121354466009,591,457.423370502289,592.5,438.364063398027,NaN,NaN,0.11242,0.0852586337797322,0.22761,0.201202751997326,0.11519,0.115944118217594,0.11242,0.0852586337797322,-0.0929280929280931,1.31097669083625,1,0,0.000613859048518499,0.00779981874962944,0.843894531532509,0.315881848392662,255.5,120.70894499366,20,50.8248189446988,1.10065951118583,0.180085353560681,1995,3621.26834980979,1995,3621.26834980979,3990,7242.53669961958,1900,4828.35779974638,3800,9656.71559949277,0.46713,0
sb_cf,fixed_packet,5,5,3,570,NaN,0,NaN,NaN,NaN,NaN,NaN,NaN,NaN,NaN,NaN,NaN,NaN,NaN,NaN,NaN,NaN,NaN,NaN,NaN,NaN,NaN,NaN,NaN,NaN,NaN,NaN,NaN,NaN,NaN,NaN,NaN,NaN,NaN,NaN,NaN,NaN,NaN,NaN,NaN,NaN,NaN,NaN,NaN,NaN,NaN,NaN,NaN,NaN,NaN,NaN,NaN,NaN,NaN,NaN,NaN,NaN,NaN,NaN,NaN,NaN,NaN,NaN,NaN,NaN,NaN,NaN,NaN,NaN,NaN,NaN,NaN,NaN,NaN,NaN,NaN,NaN,NaN,NaN,NaN,NaN,NaN,NaN,NaN,NaN,NaN,NaN,NaN,10.6404161,0
sb_cb,fixed_packet,5,5,3,570,1,0,197,152.474456834096,45.5,31.7655118404367,151.5,120.70894499366,151.5,120.70894499366,NaN,NaN,NaN,NaN,NaN,NaN,2682.48909883721,12392.3817943441,NaN,NaN,NaN,NaN,NaN,NaN,775,0,15757.625,169521.418763267,46990,127824.419645917,NaN,NaN,NaN,NaN,NaN,NaN,NaN,NaN,NaN,NaN,NaN,NaN,NaN,NaN,NaN,NaN,197,152.474456834096,46,25.4124094723494,591,457.423370502289,138,76.2372284170482,NaN,NaN,0.02605,0.0166451282043888,57.6742525,72.6456608208092,57.6248325,72.6290156926048,0.04942,0.0166451282043888,204.166932166932,202.843986595399,0.231048752101384,0.0175813255757235,NaN,NaN,0.48553076402975,0.140034575523764,300522.5,90055.2260676382,354,2668.30299459669,9.05813953488372,64.269756514372,6030135,1794560.82591363,1487510,377501.34271175,6030135,1794560.82591363,512205,56224.955957573,2179830,1163380.10564416,63.1251515,0
s7_clean,fixed_packet,5,5,3,570,0.5,1,197,152.474456834096,197,152.474456834096,0,0,0,0,866.342855295487,208.548533799053,0.0702702702702703,0.892868440920384,866.272585025217,209.441402239974,866.342855295487,208.548533799053,781.5,6.35310236808735,1401.325,969.801076488531,2023.17,633.023119956211,781.5,6.35310236808735,1401.325,969.801076488531,2023.17,633.023119956211,3.94378637010216,2.56868096004938,37.2504332083279,5.99802531603933,10.7380835380835,9.10351179623721,76.7133324712272,169.91743216557,5.62694943747575,26.991113922177,162,0,570,0,0,0,197,152.474456834096,197.5,146.121354466009,591,457.423370502289,592.5,438.364063398027,NaN,NaN,0.1124345,0.0850743938110577,0.171011,0.171343170867316,0.0585765,0.086268777056258,0.1124345,0.0850743938110577,0.00613800613800607,0.355494551603247,1,0,0.000917308888691427,0.0116555145460262,0.843894531532509,0.315881848392662,241.5,120.70894499366,7,38.1186142085241,1.03473425578689,0.166611814334426,441,2401.47269513702,220.5,1200.73634756851,441,2401.47269513702,220.5,1200.73634756851,441,2401.47269513702,7.6194563,0
s7_busy,fixed_packet,5,5,3,570,0.5,1,197,152.474456834096,197,152.474456834096,0,0,0,0,2664.55682141472,800.285673372987,21.1297297297297,268.478671965983,2643.42709168499,1068.76434533897,2664.55682141472,800.285673372987,2139,711.547465225783,6711.2,1692.46647085846,9088.71,5306.23815987385,2139,711.547465225783,6711.2,1692.46647085846,9088.71,5306.23815987385,3.97351609983189,2.94643299274647,74.8118453381611,23.3650887557746,20.2927712401397,1.7745637029702,1637.69565498513,944.977353877927,174.653304021725,105.142899400985,162,0,570,0,0,0,197,152.474456834096,197.5,146.121354466009,591,457.423370502289,592.5,438.364063398027,NaN,NaN,0.112575,0.0832891720456251,0.528347,0.52996309334111,0.415772,0.446673921295485,0.112575,0.0832891720456251,0.068178068178068,4.25777722764095,1,0,0.00549381675906942,0.0698055605237637,0.843894531532509,0.315881848392662,506,495.541984710813,213,292.242708932018,2.07810681494892,0.649030243215958,77269.5,11607.1180264956,35059.5,5203.19083946354,77269.5,11607.1180264956,29515.5,4402.69994108453,64701,4002.45449189503,34.8023746,0
sf_cf,fixed_packet,5,5,4,760,0.2,1,197,152.474456834096,197,152.474456834096,0,0,0,0,5271.72248803828,1947.57544843711,81.5929134876503,745.223097718722,5190.12957455063,1202.35235071839,5271.72248803828,1947.57544843711,3635,1588.27559202184,13874.625,8486.15648817269,25241.925,11395.24206252,3635,1588.27559202184,13874.625,8486.15648817269,25241.925,11395.24206252,361.156601577654,182.280554585837,0,0,3908.93366093366,1799.97282621348,0,0,160.039312039312,415.339920909258,0,0,760,0,0,0,197,152.474456834096,195.5,146.121354466009,788,609.897827336385,782,584.485417864036,NaN,NaN,0.14924,0.111814601678337,1.03579,0.420893031885788,0.85463,0.20285455861303,0.18116,0.218038473272758,0.481284481284481,0.637191392301082,1,0,0.000871645994536962,0.00109022293084796,0.840187389808459,0.274691938758827,285,139.768252097922,42,139.768252097922,1.21057804215699,0.546499895933235,18240,19313.4311989855,18240,19313.4311989855,38380,43455.2201977175,15200,48283.5779974638,31920,106223.87159442,0.441333,0
sf_cb,fixed_packet,5,5,4,760,0.5,1,197,152.474456834096,197,152.474456834096,0,0,0,0,1417.89202120781,73.8317087307999,7.50161644898487,50.6325745435437,1410.39040475883,23.1991341872558,1417.89202120781,73.8317087307999,1247.5,31.7655118404367,2617,911.670189820537,3293.15,3651.7632411766,1247.5,31.7655118404367,2617,911.670189820537,3293.15,3651.7632411766,162.699987068408,109.170173138004,0,0,209.218673218673,186.440920600578,67.4103194103194,21.353916559075,21.0614250614251,32.7176967162434,190,0,760,0,0,0,197,152.474456834096,197.5,146.121354466009,788,609.897827336385,790,584.485417864036,NaN,NaN,0.149945,0.113021691128274,0.27948,0.198788573097453,0.129535,0.0857668819691794,0.149945,0.113021691128274,-0.133308133308133,1.09049840577586,1,0,0.000852805730854617,0.0108359242164195,0.843894531532509,0.315881848392662,261.5,95.2965355213102,22,50.8248189446988,1.11084960558645,0.172198403769703,2565,1207.0894499366,2565,1207.0894499366,5130,2414.17889987319,2090,4828.35779974638,4180,9656.71559949277,0.4197253,0
sb_cf,fixed_packet,5,5,4,760,NaN,0,NaN,NaN,NaN,NaN,NaN,NaN,NaN,NaN,NaN,NaN,NaN,NaN,NaN,NaN,NaN,NaN,NaN,NaN,NaN,NaN,NaN,NaN,NaN,NaN,NaN,NaN,NaN,NaN,NaN,NaN,NaN,NaN,NaN,NaN,NaN,NaN,NaN,NaN,NaN,NaN,NaN,NaN,NaN,NaN,NaN,NaN,NaN,NaN,NaN,NaN,NaN,NaN,NaN,NaN,NaN,NaN,NaN,NaN,NaN,NaN,NaN,NaN,NaN,NaN,NaN,NaN,NaN,NaN,NaN,NaN,NaN,NaN,NaN,NaN,NaN,NaN,NaN,NaN,NaN,NaN,NaN,NaN,NaN,NaN,NaN,NaN,10.3649397,0
sb_cb,fixed_packet,5,5,4,760,0.1,1,197,152.474456834096,197,152.474456834096,0,0,0,0,1171.69345661451,101.767120578992,2.17567567567568,27.6445805746504,1169.51778093883,74.122540004341,1171.69345661451,101.767120578992,1010,63.5310236808735,1950.625,373.244764125135,3621.025,6432.1984925701,1010,63.5310236808735,1950.625,373.244764125135,3621.025,6432.1984925701,0,0,16.9352773826458,14.5588163797848,52.5190094400621,19.8480020833599,124.227208069313,224.73041872124,25.8362860468124,264.446140262437,190,0,760,0,0,0,197,152.474456834096,197.5,146.121354466009,788,609.897827336385,790,584.485417864036,NaN,NaN,0.149955,0.112894629080912,0.2309625,0.1556192425063,0.0798675,0.0572096868246266,0.151095,0.098409555681673,-0.0334440334440336,0.62438352511915,1,0,0.00107445762750617,0.0136522785954364,0.843894531532509,0.315881848392662,263.5,120.70894499366,24.5,171.533763938358,1.12901849217639,0.97058775865232,2040,22871.1685251145,1892.5,20997.0033265287,2040,22871.1685251145,1462.5,16041.5834794206,1580,17534.5625359211,22.1323796,0
s7_clean,fixed_packet,5,5,4,760,0.5,1,197,152.474456834096,197,152.474456834096,0,0,0,0,1095.3971291866,233.757690002832,4.2,53.3660598919337,1091.1971291866,287.123749894766,1095.3971291866,233.757690002832,971,12.7062047361747,1800.575,398.02186336066,2595.52,1376.33609702244,971,12.7062047361747,1800.575,398.02186336066,2595.52,1376.33609702244,3.94919177550756,2.63736314781249,36.8612440191388,10.943142834983,9.56702444070865,3.92178578356418,114.944070865124,233.495613233735,3.8755980861244,49.2441427574235,162,0,760,0,0,0,197,152.474456834096,197.5,146.121354466009,788,609.897827336385,790,584.485417864036,NaN,NaN,0.1499325,0.113180518687476,0.2162265,0.210370278714476,0.066294,0.0971897600270003,0.1499325,0.113180518687476,-0.0427560427560428,0.822600517220467,1,0,0.0010642560224371,0.0135226549127912,0.843894531532509,0.315881848392662,239.5,146.121354466009,5,63.5310236808735,1.02392344497608,0.303976189860639,315,4002.45449189503,157.5,2001.22724594751,315,4002.45449189503,157.5,2001.22724594751,315,4002.45449189503,5.9222908,0
s7_busy,fixed_packet,5,5,4,760,0.5,1,197,152.474456834096,197,152.474456834096,0,0,0,0,3163.89286176128,1077.26779170528,70.1231475494633,883.886026665729,3093.76971421182,193.381765039549,3163.89286176128,1077.26779170528,2444.5,1467.56664702818,7705.525,2807.75359157624,12176.995,6162.57282806856,2444.5,1467.56664702818,7705.525,2807.75359157624,12176.995,6162.57282806856,3.95729988361567,2.74038642945715,72.9855424802793,42.1932096442884,17.1945040734514,10.7819532986299,1911.19742661322,433.485984952307,166.434941161257,189.869443399298,162,0,760,0,0,0,197,152.474456834096,197.5,146.121354466009,788,609.897827336385,790,584.485417864036,NaN,NaN,0.1501,0.111052229394167,0.6231435,0.259085867672971,0.4730435,0.148033638278804,0.1501,0.111052229394167,0.268722268722269,11.1025149141181,1,0,0.0014500135212932,0.0184241686717708,0.843894531532509,0.315881848392662,479.5,412.951653925678,203.5,387.539244453328,2.02737618000776,1.17203360123023,64701,88854.4897200696,29610,43226.5085124663,64701,88854.4897200696,24444,36022.0904270553,53266.5,77247.3716935741,31.5060881,0
sf_cf,fixed_packet,5,5,5,950,0.2,1,197,152.474456834096,197,152.474456834096,0,0,0,0,6999.46450278029,3706.49834410309,215.789279710332,887.304033531394,6783.67522306996,4593.80237763449,6999.46450278029,3706.49834410309,5282.5,412.951653925678,20790.75,8776.8109215126,30065.725,21388.0367772845,5282.5,412.951653925678,20790.75,8776.8109215126,30065.725,21388.0367772845,469.228048622785,16.3333800827549,0,0,5023.64864864865,4781.99732300629,0,0,340.798525798526,171.861565289046,0,0,950,0,0,0,197,152.474456834096,197.5,146.121354466009,985,762.372284170482,987.5,730.606772330045,NaN,NaN,0.187625,0.138815286742709,1.384345,1.74405366208734,1.129745,1.58713203359558,0.2546,0.156921628491758,0.492774492774493,16.5973948843852,1,0,0.00320510101208648,0.0219359822826184,0.844586766570083,0.324677528505637,310,114.355842625572,70.5,19.059307104262,1.35873529031424,0.180906910830574,34200,24141.7889987319,34200,24141.7889987319,71725,30177.2362484149,31825,18106.3417490489,66975,18106.3417490489,0.3183567,0
sf_cb,fixed_packet,5,5,5,950,0.5,1,197,152.474456834096,197,152.474456834096,0,0,0,0,1672.72494504073,384.559456235425,10.6723781197465,79.3698262871526,1662.05256692099,463.929282522576,1672.72494504073,384.559456235425,1427.5,95.2965355213102,2998.5,4221.63652359404,4246.9,411.681033452021,1427.5,95.2965355213102,2998.5,4221.63652359404,4246.9,411.681033452021,203.976399844821,80.3146171475302,0,0,212.80343980344,172.298633756629,89.9017199017199,359.332718706071,15.3710073710074,12.6125472074068,190,0,950,0,0,0,197,152.474456834096,197.5,146.121354466009,985,762.372284170482,987.5,730.606772330045,NaN,NaN,0.187565,0.139577659026879,0.330305,0.325532965340796,0.14274,0.185955306313917,0.187565,0.139577659026879,-0.0274440274440277,2.13189998735432,1,0,0.00136206245794837,0.0173066444541493,0.843894531532509,0.315881848392662,256.5,184.239968674533,16,25.4124094723494,1.08090003879478,0.066381827407405,2090,9656.71559949277,2090,9656.71559949277,4180,19313.4311989855,1520,2414.17889987319,3040,4828.35779974638,0.437463,0
sb_cf,fixed_packet,5,5,5,950,NaN,0,NaN,NaN,NaN,NaN,NaN,NaN,NaN,NaN,NaN,NaN,NaN,NaN,NaN,NaN,NaN,NaN,NaN,NaN,NaN,NaN,NaN,NaN,NaN,NaN,NaN,NaN,NaN,NaN,NaN,NaN,NaN,NaN,NaN,NaN,NaN,NaN,NaN,NaN,NaN,NaN,NaN,NaN,NaN,NaN,NaN,NaN,NaN,NaN,NaN,NaN,NaN,NaN,NaN,NaN,NaN,NaN,NaN,NaN,NaN,NaN,NaN,NaN,NaN,NaN,NaN,NaN,NaN,NaN,NaN,NaN,NaN,NaN,NaN,NaN,NaN,NaN,NaN,NaN,NaN,NaN,NaN,NaN,NaN,NaN,NaN,NaN,9.3911079,0
sb_cb,fixed_packet,5,5,5,950,0.1,1,197,152.474456834096,197,152.474456834096,0,0,0,0,1430.31501357817,192.771840922378,3.89189189189189,49.4511751894367,1426.42312168628,143.320665732941,1430.31501357817,192.771840922378,1202.5,31.7655118404367,2467.875,68.2958504569188,4362.15,10020.1130549474,1202.5,31.7655118404367,2467.875,68.2958504569188,4362.15,10020.1130549474,0,0,17.4749127117548,15.9439619368254,51.0981507823613,17.2970667603402,182.054635975689,188.196588486341,35.7954222164748,298.276225522117,190,0,950,0,0,0,197,152.474456834096,197.5,146.121354466009,985,762.372284170482,987.5,730.606772330045,NaN,NaN,0.18752,0.140149438240007,0.28196,0.175409156382892,0.093015,0.0533660598919338,0.188945,0.122043096490958,-0.0590220590220591,1.78250442012342,1,0,0.00137979899684877,0.0175320085487289,0.843894531532509,0.315881848392662,271,139.768252097922,31.5,184.239968674533,1.16499418078365,1.06293079578836,2105,22172.3272646248,1945,20711.1137199648,2105,22172.3272646248,1855,20075.803483156,2015,21537.0170278161,24.7336954,0
s7_clean,fixed_packet,5,5,5,950,0.5,1,197,152.474456834096,197,152.474456834096,0,0,0,0,1343.52097504203,216.924474477072,8.31369455579982,68.6112052149876,1335.20728048623,285.535679692061,1343.52097504203,216.924474477072,1161,0,2238.9,786.514073169206,3407.79,2295.8841337794,1161,0,2238.9,786.514073169206,3407.79,2295.8841337794,3.95096340359498,2.47748810309119,37.0334928229665,13.1317714019796,9.48846502004397,1.82927941714514,168.083641536273,217.617704501409,4.65071770334928,59.0929713089081,162,0,950,0,0,0,197,152.474456834096,197.5,146.121354466009,985,762.372284170482,987.5,730.606772330045,NaN,NaN,0.187462,0.140886398114705,0.2651905,0.243622416509045,0.0777285,0.10273601839434,0.187462,0.140886398114705,-0.0422880422880424,1.30594502872906,1,0,0.00126820504274098,0.016114072920516,0.843894531532509,0.315881848392662,241.5,171.533763938358,6,76.2372284170482,1.02870813397129,0.364771427832767,441,5603.43628865304,220.5,2801.71814432652,441,5603.43628865304,189,2401.47269513702,378,4802.94539027404,6.2515924,0
s7_busy,fixed_packet,5,5,5,950,0.5,1,197,152.474456834096,197,152.474456834096,0,0,0,0,4172.77298590456,596.367600658512,89.0322772533299,794.517519781063,4083.74070865123,1390.88512043957,4172.77298590456,596.367600658512,3166.5,756.019181802394,9702.62499999999,6192.68653329304,16006.95,5750.82826359273,3166.5,756.019181802394,9702.62499999999,6192.68653329304,16006.95,5750.82826359273,3.92070347859822,2.51856596658587,83.3721453510927,8.8018359667322,20.267632225527,3.46927203930677,2651.0055735161,1438.34451218388,213.174654079917,39.6082618502951,162,0,950,0,0,0,197,152.474456834096,197.5,146.121354466009,985,762.372284170482,987.5,730.606772330045,NaN,NaN,0.187625,0.138815286742709,0.8233525,0.744157939681176,0.6357275,0.605342652938467,0.187625,0.138815286742709,0.427428427428427,9.1984882303756,1,0,0.00098458915304426,0.0125103913595956,0.843894531532509,0.315881848392662,530,38.1186142085241,259,152.474456834096,2.31589292641924,0.244495443520342,65614.5,10006.1362297376,28980,4002.45449189503,65614.5,10006.1362297376,24570,8004.90898379006,56101.5,20412.5179086646,31.1794167,0
sf_cf,fixed_packet,5,5,6,1140,0.2,1,197,152.474456834096,197,152.474456834096,0,0,0,0,8695.79619811199,7865.29847068795,180.180654338549,731.230334297894,8515.61554377344,8596.52880498584,8695.79619811199,7865.29847068795,6270,5971.91622600211,24436,20692.0544128605,40903.475,40996.251926149,6270,5971.91622600211,24436,20692.0544128605,40903.475,40996.251926149,547.26173541963,131.761354945539,0,0,6412.83538083538,7021.69224678493,0,0,415.518427518428,1443.07520325538,0,0,1140,0,0,0,197,152.474456834096,196.5,146.121354466009,1182,914.846741004578,1179,876.728126796054,NaN,NaN,0.22437,0.171152577796273,1.72051,2.85819722437882,1.41292,2.3394028850008,0.30759,0.518794339378013,-0.183414183414183,12.0150754508307,1,0,0.00079907010652434,0.00140130659392619,0.84913601499172,0.365761609141541,319.5,362.126834980979,73,304.948913668193,1.36448984870038,1.26585544145209,45600,130365.660593152,45600,130365.660593152,96900,318671.614783261,38760,144850.733992391,83220,347641.76158174,0.4964064,0
sf_cb,fixed_packet,5,5,6,1140,0.5,1,197,152.474456834096,197,152.474456834096,0,0,0,0,1975.07875339454,285.344914093991,22.1756756756757,281.768675298144,1952.90307771887,567.113589392136,1975.07875339454,285.344914093991,1680,127.062047361747,3633.75,3255.96496364477,5929.32500000001,12797.3717551569,1680,127.062047361747,3633.75,3255.96496364477,5929.32500000001,12797.3717551569,238.544355360145,68.0438377643991,0,0,224.773955773956,89.50537832583,128.034398034398,452.365863948824,31.5503685503686,42.8014906469177,190,0,1140,0,0,0,197,152.474456834096,197.5,146.121354466009,1182,914.846741004578,1185,876.728126796054,NaN,NaN,0.224995,0.168547805825357,0.389775,0.352088933239401,0.16478,0.183541127414043,0.224995,0.168547805825357,-0.0072660072660074,1.90509400600762,1,0,0.00114620302984278,0.0145638903664061,0.843894531532509,0.315881848392662,269,63.5310236808735,32.5,19.059307104262,1.16605457131773,0.225271003404829,3230,2414.17889987319,3230,2414.17889987319,6555,3621.26834980979,3040,2414.17889987319,6175,3621.26834980979,0.4629991,0
sb_cf,fixed_packet,5,5,6,1140,NaN,0,NaN,NaN,NaN,NaN,NaN,NaN,NaN,NaN,NaN,NaN,NaN,NaN,NaN,NaN,NaN,NaN,NaN,NaN,NaN,NaN,NaN,NaN,NaN,NaN,NaN,NaN,NaN,NaN,NaN,NaN,NaN,NaN,NaN,NaN,NaN,NaN,NaN,NaN,NaN,NaN,NaN,NaN,NaN,NaN,NaN,NaN,NaN,NaN,NaN,NaN,NaN,NaN,NaN,NaN,NaN,NaN,NaN,NaN,NaN,NaN,NaN,NaN,NaN,NaN,NaN,NaN,NaN,NaN,NaN,NaN,NaN,NaN,NaN,NaN,NaN,NaN,NaN,NaN,NaN,NaN,NaN,NaN,NaN,NaN,NaN,NaN,8.5079193,0
sb_cb,fixed_packet,5,5,6,1140,0.1,1,197,152.474456834096,197,152.474456834096,0,0,0,0,1764.03284624337,703.575073478736,8.64192422087159,39.7502269465328,1755.3909220225,743.325300425268,1764.03284624337,703.575073478736,1402.5,31.7655118404367,3555.25,3427.49872758313,5706.55,818.91489524648,1402.5,31.7655118404367,3555.25,3427.49872758313,5706.55,818.91489524648,0,0,19.6899004267425,9.43476368745831,56.6274408379672,37.7012631154182,270.294710978922,278.539133670192,78.7788697788698,417.650139952199,190,0,1140,0,0,0,197,152.474456834096,197.5,146.121354466009,1182,914.846741004578,1185,876.728126796054,NaN,NaN,0.22501,0.168357212754315,0.34728,0.124901992556597,0.11771,0.0144850733992388,0.22957,0.110416919157358,-0.0491760491760494,1.32774889786021,1,0,0.00127426285375615,0.0161910447075279,0.843894531532509,0.315881848392662,304.5,108.002740257485,61,76.2372284170482,1.3126600284495,0.628984245830555,6980,42438.7238188235,6487.5,38912.752004535,6980,42438.7238188235,5257.5,54287.2597353064,5680,58702.6658811271,25.500017,0
s7_clean,fixed_packet,5,5,6,1140,0.5,1,197,152.474456834096,197,152.474456834096,0,0,0,0,1610.30902625113,228.311258237798,12.2863313073839,86.1981173801464,1598.02269494375,314.509375617945,1610.30902625113,228.311258237798,1356.5,19.059307104262,2705.325,1767.11542368349,4139.515,1364.45579559414,1356.5,19.059307104262,2705.325,1767.11542368349,4139.515,1364.45579559414,3.94586835639467,2.47354462819571,37.2280874175611,10.6592126425078,9.75358851674641,9.57524998061012,239.56875727402,248.782000731738,5.52639337902496,47.9664568912849,162,0,1140,0,0,0,197,152.474456834096,197.5,146.121354466009,1182,914.846741004578,1185,876.728126796054,NaN,NaN,0.224987,0.168649455463247,0.3178535,0.285336886657907,0.0928665,0.11668743119466,0.224987,0.168649455463247,-0.0163860163860166,1.52421243195448,1,0,0.00137780681591221,0.0175066954898775,0.843894531532509,0.315881848392662,246.5,158.827559202184,7,63.5310236808735,1.0341135393767,0.296089240069661,756,4802.94539027404,378,2401.47269513702,756,4802.94539027404,220.5,2001.22724594751,441,4002.45449189503,7.1678663,0
s7_busy,fixed_packet,5,5,6,1140,0.5,1,197,152.474456834096,197,152.474456834096,0,0,0,0,5101.83080305186,6823.93946844664,103.95767489978,1063.25728264742,4997.87312815208,5760.68218579923,5101.83080305186,6823.93946844664,3805,5387.43080813807,12218.5,12372.6668618501,19832.53,42431.3542200766,3805,5387.43080813807,12218.5,12372.6668618501,19832.53,42431.3542200766,3.91915168757274,2.19487240224779,94.9551791025475,118.771548639796,22.7582568214147,20.5169140125073,3308.94223457908,5084.72688186559,265.298305961464,534.471968879084,162,0,1140,0,0,0,197,152.474456834096,197.5,146.121354466009,1182,914.846741004578,1185,876.728126796054,NaN,NaN,0.22515,0.16657834409125,1.0020965,0.610641140313451,0.7769465,0.777219484404701,0.22515,0.16657834409125,0.501078501078501,14.2384602037702,1,0,0.00331427265498908,0.0421118269057951,0.843894531532509,0.315881848392662,599,457.423370502289,319.5,400.245449189503,2.63764386395965,3.29920968443879,64197,40825.0358173293,28003.5,12407.6089248746,64197,40825.0358173293,23530.5,9205.64533135857,54369,30418.6541384022,33.1534012,0
sf_cf,fixed_packet,10,10,1,190,0.5,1,375.5,57.1779213127861,375.5,57.1779213127861,0,0,0,0,521.365495105689,148.926354160303,2.50673854447439,31.8511331661522,518.858756561214,117.075220994151,521.365495105689,148.926354160303,380,0,1231.875,214.417204922946,2067.325,2289.34043834026,380,0,1231.875,214.417204922946,2067.325,2289.34043834026,88.9416406582494,35.5380325153157,0,0,216.333557951482,23.2975627271774,0,0,23.5835579514825,58.2396257516579,0,0,190,0,0,0,375.5,57.1779213127861,375.5,57.1779213127861,375.5,57.1779213127861,375.5,57.1779213127861,NaN,NaN,0.071345,0.0108638050494294,0.19572,0.026111250732839,0.11554,0.0164545351333463,0.08018,0.00965671559949273,0.140376140376141,1.50461944465831,1,0,1.40339151134516e-16,1.78317798681612e-15,0.919405694170549,0.00729232557679133,509.5,184.239968674533,46.5,108.002740257485,1.12412398921833,0.306524346061357,4370,14485.0733992392,4370,14485.0733992392,9405,27763.0573485417,4085,10863.8050494294,8835,20520.5206489221,0.7363217,0
sf_cb,fixed_packet,10,10,1,190,0.5,1,375.5,57.1779213127861,375.5,57.1779213127861,0,0,0,0,776.27317704639,506.616201914996,4.93711874024684,60.3914248584544,771.336058306143,567.00762677345,776.27317704639,506.616201914996,618.75,238.241338803276,1706.875,2009.16862390763,2684.175,3161.62139347862,618.75,238.241338803276,1706.875,2009.16862390763,2684.175,3161.62139347862,100.443201163286,25.1922725375493,0,0,225.012129380054,431.856842643652,29.5289757412399,75.8690567164717,36.3517520215633,84.4739999508757,190,0,190,0,0,0,375.5,57.1779213127861,375.5,57.1779213127861,375.5,57.1779213127861,375.5,57.1779213127861,NaN,NaN,0.071345,0.0108638050494294,0.29167,0.234620070453466,0.220325,0.223756265404037,0.071345,0.0108638050494294,-0.0189060189060188,0.337502547704821,1,0,0,0,0.919405694170549,0.00729232557679133,535,101.649637889398,72,177.886866306446,1.19132501063981,0.444599999741451,6555,10863.8050494294,6555,10863.8050494294,14250,26555.9678986051,6270,14485.0733992392,13680,33798.5045982247,0.5851543,0
sb_cf,fixed_packet,10,10,1,190,NaN,0,NaN,NaN,NaN,NaN,NaN,NaN,NaN,NaN,NaN,NaN,NaN,NaN,NaN,NaN,NaN,NaN,NaN,NaN,NaN,NaN,NaN,NaN,NaN,NaN,NaN,NaN,NaN,NaN,NaN,NaN,NaN,NaN,NaN,NaN,NaN,NaN,NaN,NaN,NaN,NaN,NaN,NaN,NaN,NaN,NaN,NaN,NaN,NaN,NaN,NaN,NaN,NaN,NaN,NaN,NaN,NaN,NaN,NaN,NaN,NaN,NaN,NaN,NaN,NaN,NaN,NaN,NaN,NaN,NaN,NaN,NaN,NaN,NaN,NaN,NaN,NaN,NaN,NaN,NaN,NaN,NaN,NaN,NaN,NaN,NaN,NaN,25.6698125,0
sb_cb,fixed_packet,10,10,1,190,0.2,1,375.5,57.1779213127861,375.5,57.1779213127861,0,0,0,0,519.611044119733,258.210034514347,8.09299191374663,102.831212184271,511.518052205987,155.378822330076,519.611044119733,258.210034514347,412.5,31.7655118404367,932.625,1653.39489129473,3070.35000000001,13517.4959085796,412.5,31.7655118404367,932.625,1653.39489129473,3070.35000000001,13517.4959085796,0,0,18.5634309831182,8.66375156601384,23.8934245992339,19.7113810953688,46.5424882962122,18.9304244771325,42.5187083274223,108.073265191561,190,0,190,0,0,0,375.5,57.1779213127861,375.5,57.1779213127861,375.5,57.1779213127861,375.5,57.1779213127861,NaN,NaN,0.071345,0.0108638050494294,0.1950225,0.0672475885662045,0.1217775,0.0708688569160143,0.073245,0.0036212683498098,-0.0940680940680938,2.66144430548346,1,0,1.42424754576581e-16,4.91108528370243e-17,0.919405694170549,0.00729232557679133,557.5,247.770992355407,89,203.299275778795,1.23756206554121,0.577583437734256,3995,11499.1152862381,3592.5,9752.01213501408,3995,11499.1152862381,3047.5,8671.98473243923,3400,10292.0258363015,31.627159,0
s7_clean,fixed_packet,10,10,1,190,0.5,1,375.5,57.1779213127861,375.5,57.1779213127861,0,0,0,0,442.545222726628,45.9367875873143,1.50404312668464,19.1106798996913,441.041179599943,65.0474674870054,442.545222726628,45.9367875873143,398.5,6.35310236808735,692.6,306.21953414181,1067.295,590.9020512558,398.5,6.35310236808735,692.6,306.21953414181,1067.295,590.9020512558,4.00324514115477,0.794701094206415,36.1917718825365,0.0292013784545207,9,0,38.9831891048376,64.4133739742991,0.862973471414385,0.131406203045416,162,0,190,0,0,0,375.5,57.1779213127861,375.5,57.1779213127861,375.5,57.1779213127861,375.5,57.1779213127861,NaN,NaN,0.071345,0.0108638050494294,0.166192,0.0425530796614491,0.094847,0.0316892746120197,0.071345,0.0108638050494294,0.0760020760020762,0.0932382235922724,1,0,0,0,0.919405694170549,0.00729232557679133,462,38.1186142085241,2,0,1.00532699673713,0.000811149401515405,126,0,63,0,126,0,63,0,126,0,9.2240308,0
s7_busy,fixed_packet,10,10,1,190,0.5,1,375.5,57.1779213127861,375.5,57.1779213127861,0,0,0,0,1569.68066392396,323.050163201555,27.1946836430699,23.7077790050658,1542.48598028089,299.342384196489,1569.68066392396,323.050163201555,1033.5,31.7655118404367,4719.225,1915.77801909675,7993.13499999998,8426.31026386503,1033.5,31.7655118404367,4719.225,1915.77801909675,7993.13499999998,8426.31026386503,4.05012767768478,0.499938414467026,79.6513406156902,19.5438336801003,20.754646049085,10.9261824384059,889.598833167825,202.277542979876,196.431032770606,87.9472515604513,162,0,190,0,0,0,375.5,57.1779213127861,375.5,57.1779213127861,375.5,57.1779213127861,375.5,57.1779213127861,NaN,NaN,0.071345,0.0108638050494294,0.5895295,0.21105641377023,0.5181845,0.2001926087208,0.071345,0.0108638050494294,0.199152199152199,4.5887233671455,1,0,0,0,0.919405694170549,0.00729232557679133,1001.5,133.415149729834,455.5,273.183401827756,2.21253723932473,0.542884268891672,148018.5,9205.64533135857,66024,7204.41808541105,148018.5,9205.64533135857,55314,4002.45449189503,124299,1600.98179675801,61.1513295,0
sf_cf,fixed_packet,10,10,2,380,0.5,0.5,375.5,57.1779213127861,348,292.242708932018,27.5,349.420630244804,27.5,349.420630244804,NaN,NaN,NaN,NaN,NaN,NaN,1416.47671573709,696.688345185773,NaN,NaN,NaN,NaN,NaN,NaN,932.5,285.889606563931,3779.375,1342.09287525845,8471.65,32501.2010946613,NaN,NaN,NaN,NaN,NaN,NaN,NaN,NaN,NaN,NaN,NaN,NaN,NaN,NaN,NaN,NaN,375.5,57.1779213127861,348,292.242708932018,751,114.355842625572,696,584.485417864036,NaN,NaN,0.13224,0.111052229394167,2.57931,25.8374955517981,1.75717,18.2061489872516,0.82214,7.63134656454652,40.2021282021282,508.748153690911,0.927631578947368,0.919527974328432,NaN,NaN,0.915797671466091,0.0385519495988143,21238,261099.801123654,182.5,374.833039717154,1.5210989010989,0.639499095512968,597740,7136312.82802516,597740,7136312.82802516,7903240,99328976.6563826,95170,784354.018364064,689900,7742398.79394069,0.8810259,0
sf_cb,fixed_packet,10,10,2,380,0.5,1,375.5,57.1779213127861,375.5,57.1779213127861,0,0,0,0,1031.20309618386,470.871100983014,8.74682579089233,104.284296209374,1022.45627039296,366.586804773642,1031.20309618386,470.871100983014,857.5,349.420630244804,2108,133.415149729831,3354.10000000001,3323.94315898341,857.5,349.420630244804,2108,133.415149729831,3354.10000000001,3323.94315898341,133.386863384877,54.4028890824923,0,0,225.989892183288,336.585993520056,60.2035040431267,10.1204406995677,32.8760107816712,14.2816371293392,190,0,380,0,0,0,375.5,57.1779213127861,375.5,57.1779213127861,751,114.355842625572,751,114.355842625572,NaN,NaN,0.14269,0.0217276100988588,0.38705,0.11785004892802,0.24436,0.139577659026879,0.14269,0.0217276100988588,0.206796206796207,0.127468773382077,1,0,1.43503542923823e-16,4.36943535845932e-17,0.919405694170549,0.00729232557679133,533.5,108.002740257485,65,38.1186142085241,1.17303163569301,0.0751665112070476,6460,9656.71559949277,6460,9656.71559949277,13965,13277.9839493026,5700,0,12350,7242.53669961958,0.5287191,0
sb_cf,fixed_packet,10,10,2,380,NaN,0,NaN,NaN,NaN,NaN,NaN,NaN,NaN,NaN,NaN,NaN,NaN,NaN,NaN,NaN,NaN,NaN,NaN,NaN,NaN,NaN,NaN,NaN,NaN,NaN,NaN,NaN,NaN,NaN,NaN,NaN,NaN,NaN,NaN,NaN,NaN,NaN,NaN,NaN,NaN,NaN,NaN,NaN,NaN,NaN,NaN,NaN,NaN,NaN,NaN,NaN,NaN,NaN,NaN,NaN,NaN,NaN,NaN,NaN,NaN,NaN,NaN,NaN,NaN,NaN,NaN,NaN,NaN,NaN,NaN,NaN,NaN,NaN,NaN,NaN,NaN,NaN,NaN,NaN,NaN,NaN,NaN,NaN,NaN,NaN,NaN,NaN,14.9978671,0
sb_cb,fixed_packet,10,10,2,380,0.2,1,375.5,57.1779213127861,375.5,57.1779213127861,0,0,0,0,780.66637111647,860.570481356434,5.54864165129806,52.2788042469143,775.117729465172,912.849285603348,780.66637111647,860.570481356434,607.5,31.7655118404367,1459.75,2989.1346641851,4072.725,26756.4082783182,607.5,31.7655118404367,1459.75,2989.1346641851,4072.725,26756.4082783182,0,0,19.42286139878,33.0800245094473,26.8563626046248,50.6436622450271,106.778426017875,408.577981416565,52.0600794438928,420.547617432308,190,0,380,0,0,0,375.5,57.1779213127861,375.5,57.1779213127861,751,114.355842625572,751,114.355842625572,NaN,NaN,0.14269,0.0217276100988588,0.293445,0.367781096088577,0.148665,0.329154233690605,0.14478,0.0386268623979711,0.0656400656400658,1.17710398386321,1,0,0,0,0.919405694170549,0.00729232557679133,573,800.490898379006,111.5,844.962614955617,1.29485742658533,2.20533496729649,4160,32019.6359351602,3610,26428.9058512434,4160,32019.6359351602,3580,26555.9678986051,4130,32146.697982522,41.827267,0
s7_clean,fixed_packet,10,10,2,380,0.5,1,375.5,57.1779213127861,375.5,57.1779213127861,0,0,0,0,697.620846928642,145.053971981327,4.22641509433962,53.7016954887383,693.394431834303,198.755667470065,697.620846928642,145.053971981327,591,12.7062047361747,1145.325,97.5201213501402,2245.005,2351.85496564222,591,12.7062047361747,1145.325,97.5201213501402,2245.005,2351.85496564222,4.00998368562917,0.709079768490953,38.4341750602922,11.201973234921,9.23476734288552,7.49704834350157,88.7617179741807,143.93278325301,10.9537877713151,50.4088795571442,162,0,380,0,0,0,375.5,57.1779213127861,375.5,57.1779213127861,751,114.355842625572,751,114.355842625572,NaN,NaN,0.14269,0.0217276100988588,0.262008,0.0943562763708335,0.119318,0.0726286662719747,0.14269,0.0217276100988588,0.127620127620128,0.941225763262639,1,0,0,0,0.919405694170549,0.00729232557679133,488.5,44.4717165766114,25.5,120.70894499366,1.06761597389701,0.311165923192247,1795.5,5203.19083946354,882,2401.47269513702,1795.5,5203.19083946354,787.5,3602.20904270553,1606.5,7604.66353460056,6.8268952,0
s7_busy,fixed_packet,10,10,2,380,0.5,1,375.5,57.1779213127861,375.5,57.1779213127861,0,0,0,0,2240.28079160165,51.0020100250741,56.8924209107675,339.125927615478,2183.38837069088,390.127937640551,2240.28079160165,51.0020100250741,1588,673.428851017259,5729.525,2268.37520052558,9082.67,1875.81700520141,1588,673.428851017259,5729.525,2268.37520052558,9082.67,1875.81700520141,4.06742445736984,0.514223656704817,78.3769896439211,1.58011903415105,19.6109731876862,5.42253374912717,1348.63653000426,403.726902420805,190.696453397645,7.11053565367977,162,0,380,0,0,0,375.5,57.1779213127861,375,63.5310236808735,751,114.355842625572,750,127.062047361747,NaN,NaN,0.142614,0.022693281658808,0.8408485,0.15226480445595,0.6982345,0.129571522797142,0.142614,0.022693281658808,0.998454998454999,1.47145621713366,1,0,0.000476555289462133,0.00605520907600955,0.91901609387373,0.0122426667134508,994,76.2372284170482,442,50.8248189446988,2.17713860122003,0.043892195393085,116109,3201.96359351602,51502.5,400.245449189503,116109,3201.96359351602,42777,4002.45449189503,96453,2401.47269513702,49.8785883,0
sf_cf,fixed_packet,10,10,3,570,0.2,1,375.5,57.1779213127861,375.5,57.1779213127861,0,0,0,0,6422.23544119733,19721.1822586511,497.112285430558,4237.27413213958,5925.12315576678,15483.9081265115,6422.23544119733,19721.1822586511,3887.5,8036.67449563049,20933.25,87301.1561910723,43888.2500000001,153684.722835218,3887.5,8036.67449563049,20933.25,87301.1561910723,43888.2500000001,153684.722835218,260.559139594269,56.593668424417,0,0,4538.17115902965,12263.6623520818,0,0,556.392857142857,3276.8394428542,0,0,570,0,0,0,375.5,57.1779213127861,371,114.355842625572,1126.5,171.533763938358,1113,343.067527876717,NaN,NaN,0.211545,0.064229864941363,2.368125,6.57507976482832,1.95138,5.47326122113093,0.416745,1.10181854369739,-0.247674247674248,5.5829340571429,1,0,0.0126282447814056,0.160457063651069,0.913241051477802,0.0856215377562018,865,2045.69896252413,364.5,2102.87688383691,1.97612781954887,5.74884112781438,96045,416445.860228126,96045,416445.860228126,230850,1144320.79853989,84075,423688.396927745,205200,1166048.40863875,0.5703884,0
sf_cb,fixed_packet,10,10,3,570,0.5,0.5,375.5,57.1779213127861,349.5,273.183401827756,26,330.361323140542,26,330.361323140542,NaN,NaN,NaN,NaN,NaN,NaN,1385.38280274144,1120.68108673018,NaN,NaN,NaN,NaN,NaN,NaN,1057.5,95.2965355213102,2991.625,1262.67909565735,5584.69999999993,14514.2976701314,NaN,NaN,NaN,NaN,NaN,NaN,NaN,NaN,NaN,NaN,NaN,NaN,NaN,NaN,NaN,NaN,375.5,57.1779213127861,349.5,273.183401827756,1126.5,171.533763938358,1048.5,819.550205483268,NaN,NaN,0.199215,0.155714539041821,2.366475,23.9539912927313,2.16726,24.1097058317731,0.199215,0.155714539041821,36.960270960271,464.486223117382,0.931578947368421,0.869371903001426,NaN,NaN,0.914971443406023,0.0490501724888155,39048.5,489195.235445094,151,1080.02740257485,1.44870488462297,3.44093313125288,573990,7194253.12162211,573990,7194253.12162211,7335520,93001413.759815,72940,849536.84866064,575650,7154990.94898733,0.7638705,0
sb_cf,fixed_packet,10,10,3,570,NaN,0,NaN,NaN,NaN,NaN,NaN,NaN,NaN,NaN,NaN,NaN,NaN,NaN,NaN,NaN,NaN,NaN,NaN,NaN,NaN,NaN,NaN,NaN,NaN,NaN,NaN,NaN,NaN,NaN,NaN,NaN,NaN,NaN,NaN,NaN,NaN,NaN,NaN,NaN,NaN,NaN,NaN,NaN,NaN,NaN,NaN,NaN,NaN,NaN,NaN,NaN,NaN,NaN,NaN,NaN,NaN,NaN,NaN,NaN,NaN,NaN,NaN,NaN,NaN,NaN,NaN,NaN,NaN,NaN,NaN,NaN,NaN,NaN,NaN,NaN,NaN,NaN,NaN,NaN,NaN,NaN,NaN,NaN,NaN,NaN,NaN,NaN,11.7400672,0
sb_cb,fixed_packet,10,10,3,570,0.2,1,375.5,57.1779213127861,375.5,57.1779213127861,0,0,0,0,1677.58620017024,6709.95425344642,96.9615193644489,539.165148885729,1580.62468080579,6170.78910456069,1677.58620017024,6709.95425344642,805,0,5948.375,44905.3158132334,17914.35,137832.461806365,805,0,5948.375,44905.3158132334,17914.35,137832.461806365,0,0,38.3011242729465,220.037118359777,49.7104376507306,264.657996298556,437.546673286991,2855.29366101947,295.06644559512,2830.80032888289,190,0,570,0,0,0,375.5,57.1779213127861,375.5,57.1779213127861,1126.5,171.533763938358,1126.5,171.533763938358,NaN,NaN,0.214035,0.0325914151482881,0.63231,2.61550871391788,0.40317,2.44893036982663,0.22914,0.16657834409125,0.553998553998554,14.1558189655249,1,0,6.62301736925244e-17,8.41534146649627e-16,0.919405694170549,0.00729232557679133,1061,5552.61146970834,588.5,5597.08318628495,2.5534082848631,14.6691412239851,27335,240083.738490021,22442.5,188528.312772992,27335,240083.738490021,21212.5,188401.25072563,25995,240083.738490021,58.1587566,0
s7_clean,fixed_packet,10,10,3,570,0.5,1,375.5,57.1779213127861,375.5,57.1779213127861,0,0,0,0,963.983242303873,119.417189571747,5.55452901120726,68.4035530719179,958.428713292666,187.820742643665,963.983242303873,119.417189571747,783.5,6.35310236808735,1721.725,2042.84006645849,2851.85,1507.59119194711,783.5,6.35310236808735,1721.725,2042.84006645849,2851.85,1507.59119194711,4.00196127110228,0.744139448178655,38.1106398070648,1.53956156407534,9.20189033905518,1.94878643713958,165.616342743652,193.595405360761,9.49787913179174,6.92802703833887,162,0,570,0,0,0,375.5,57.1779213127861,375.5,57.1779213127861,1126.5,171.533763938358,1126.5,171.533763938358,NaN,NaN,0.214035,0.0325914151482881,0.362018,0.0999597126594865,0.147983,0.0673682975111984,0.214035,0.0325914151482881,0.230934230934231,0.533737369885121,1,0,7.50383919748811e-17,9.53453171506168e-16,0.919405694170549,0.00729232557679133,485,88.9434331532229,22,12.7062047361747,1.05862888352958,0.0427655990020919,1575,3201.96359351602,756,1600.98179675801,1575,3201.96359351602,661.5,400.245449189503,1386,800.490898379006,7.168215,0
s7_busy,fixed_packet,10,10,3,570,0.5,1,375.5,57.1779213127861,375.5,57.1779213127861,0,0,0,0,4145.61966591006,4771.36468530558,180.773857994042,394.128616616534,3964.84580791602,5165.49330192211,4145.61966591006,4771.36468530558,2748.75,333.537874324586,12134,17947.5141898468,22318.215,67797.5766382095,2748.75,333.537874324586,12134,17947.5141898468,22318.215,67797.5766382095,4.08055043268549,0.715253516713595,133.856518655128,386.486733041007,34.6254539651014,97.8152896045809,2619.92895091502,2941.28572707528,440.354333948078,1739.19029868453,162,0,570,0,0,0,375.5,57.1779213127861,375,63.5310236808735,1126.5,171.533763938358,1125,190.59307104262,NaN,NaN,0.21375,0.0362126834980978,1.5555085,2.06504415923495,1.3417585,2.02883147573686,0.21375,0.0362126834980978,3.46325146325146,23.9092385364795,1,0,0.00205422021470428,0.0261013426212196,0.91852410428364,0.0184939871731961,1647.5,4580.58680739098,1024.5,4186.69446056956,3.71823662930912,10.7357425844724,149971.5,307788.750426728,61015.5,89254.7351692591,149971.5,307788.750426728,51660,77647.6171427636,128016,275368.869042378,45.6592787,0
sf_cf,fixed_packet,10,10,4,760,0.1,1,375.5,57.1779213127861,375.5,57.1779213127861,0,0,0,0,14611.4584870194,12741.9568220043,1713.97375514257,7876.84471627888,12897.4847318769,4865.11210572542,14611.4584870194,12741.9568220043,10631.25,7036.06087265674,41710,52000.1428827948,62282.175,99892.0521192663,10631.25,7036.06087265674,41710,52000.1428827948,62282.175,99892.0521192663,328.854004114059,276.208763776129,0,0,11276.7897574124,4558.85611492439,0,0,531.840970350404,582.464754577151,0,0,760,0,0,0,375.5,57.1779213127861,379.5,82.5903307851355,1502,228.711685251145,1518,330.361323140542,NaN,NaN,0.28914,0.062768651396703,5.52869,3.017024783581,5.03567,2.89377459764011,0.49302,0.123250185940894,5.74038574038574,91.1415452396695,1,0,0.0136561515866878,0.11454975563671,0.917549880731996,0.0740316943667703,812,559.073008391687,262.5,247.770992355407,1.69979075046106,0.766400992864671,121220,149679.091792138,121220,149679.091792138,267520,395925.339579203,93040,52349.5635130397,203880,186018.837337598,0.413273,0
sf_cb,fixed_packet,10,10,4,760,0.5,0.5,375.5,57.1779213127861,234.5,1734.39694648785,141,1791.57486780063,141,1791.57486780063,NaN,NaN,NaN,NaN,NaN,NaN,1744.02868694648,654.134696848178,NaN,NaN,NaN,NaN,NaN,NaN,1340,63.5310236808735,3685.25,2169.58445870182,9478.64999999999,37558.9058898955,NaN,NaN,NaN,NaN,NaN,NaN,NaN,NaN,NaN,NaN,NaN,NaN,NaN,NaN,NaN,NaN,375.5,57.1779213127861,235,1740.75004885593,1502,228.711685251145,940,6963.00019542373,NaN,NaN,0.178255,1.31858639649653,52.35547,657.259760773311,52.177215,658.578347169807,0.178255,1.31858639649653,188.832206832207,2390.02829403018,0.628947368421053,4.7146707047385,NaN,NaN,0.800859748803828,1.50895680498008,86557.5,1092219.00601921,90,76.2372284170482,1.55795148247978,3.80158686176655,879700,11025555.0357209,879700,11025555.0357209,16384175,207854767.831832,377035,4684460.03110921,6393290,81002690.5033505,0.7885143,0
sb_cf,fixed_packet,10,10,4,760,NaN,0,NaN,NaN,NaN,NaN,NaN,NaN,NaN,NaN,NaN,NaN,NaN,NaN,NaN,NaN,NaN,NaN,NaN,NaN,NaN,NaN,NaN,NaN,NaN,NaN,NaN,NaN,NaN,NaN,NaN,NaN,NaN,NaN,NaN,NaN,NaN,NaN,NaN,NaN,NaN,NaN,NaN,NaN,NaN,NaN,NaN,NaN,NaN,NaN,NaN,NaN,NaN,NaN,NaN,NaN,NaN,NaN,NaN,NaN,NaN,NaN,NaN,NaN,NaN,NaN,NaN,NaN,NaN,NaN,NaN,NaN,NaN,NaN,NaN,NaN,NaN,NaN,NaN,NaN,NaN,NaN,NaN,NaN,NaN,NaN,NaN,NaN,9.7657914,0
sb_cb,fixed_packet,10,10,4,760,0.1,1,375.5,57.1779213127861,375.5,57.1779213127861,0,0,0,0,22501.3760994467,266938.371823583,4653.22728401192,58598.6298867623,17848.1488154348,208339.741936821,22501.3760994467,266938.371823583,1067.5,285.889606563931,271936,3410110.28640167,375692.6,4669859.33124687,1067.5,285.889606563931,271936,3410110.28640167,375692.6,4669859.33124687,0,0,725.529241736416,8940.2825363578,2193.04133565045,27058.5080747775,5147.26374308413,61420.2815769925,8832.31449496382,110920.669748693,190,0,760,0,0,0,375.5,57.1779213127861,362.5,108.002740257485,1502,228.711685251145,1450,432.01096102994,NaN,NaN,0.2755,0.0820820825956885,1.2769625,9.18795194126344,0.9744825,9.06241463847004,0.30248,0.125537302793406,14.3610683610684,184.897191418632,1,0,3.63329408470703,46.16537850702,0.915309368642085,0.0447564252538836,18477,226640.573879148,17998,226513.511831786,48.3686161157611,596.018835757187,467220,5760993.22738161,289240,3514917.41616801,467220,5760993.22738161,44192.5,402564.331553855,60610,595793.940079231,385.5304614,0
s7_clean,fixed_packet,10,10,4,760,0.5,1,375.5,57.1779213127861,375.5,57.1779213127861,0,0,0,0,1278.3078238048,231.287264856378,13.2461271102284,153.662430196471,1265.06169669457,384.949695052847,1278.3078238048,231.287264856378,979.5,6.35310236808735,2562.15,747.760148723888,4258.645,2851.971184058,979.5,6.35310236808735,2562.15,747.760148723888,4258.645,2851.971184058,4.00074123989218,0.625891890980034,38.9701659809902,1.98407143610548,9.84452404596397,6.7236173891571,276.880518513264,366.68779287413,13.365746914456,8.92832146247464,162,0,760,0,0,0,375.5,57.1779213127861,375.5,57.1779213127861,1502,228.711685251145,1502,228.711685251145,NaN,NaN,0.28538,0.0434552201977175,0.4800865,0.159939352116599,0.1947065,0.116484131918881,0.28538,0.0434552201977175,0.46035646035646,0.727456361011835,1,0,0,0,0.919405694170549,0.00729232557679133,491,12.7062047361747,31,25.4124094723494,1.08250461058306,0.0551130954473744,1953,1600.98179675801,945,800.490898379006,1953,1600.98179675801,945,800.490898379006,1953,1600.98179675801,7.2251252,0
s7_busy,fixed_packet,10,10,4,760,0.5,1,375.5,57.1779213127861,375.5,57.1779213127861,0,0,0,0,5704.64584338204,10722.5849300304,221.450957582636,795.78839491529,5483.1948857994,11518.3733249457,5704.64584338204,10722.5849300304,3647.75,8509.980622053,17326.725,21820.0477383144,30139.875,93451.9122487352,3647.75,8509.980622053,17326.725,21820.0477383144,30139.875,93451.9122487352,4.02474464463044,0.588398763087788,161.276322882678,589.400622726371,38.7571357639381,138.908523860027,3793.3932295361,8137.17297732758,563.743452972053,2652.30280226867,162,0,760,0,0,0,375.5,57.1779213127861,374,88.9434331532229,1502,228.711685251145,1496,355.773732612891,NaN,NaN,0.283984,0.0708497976089101,2.134286,4.52230344626614,1.850302,4.45145364865724,0.283984,0.0708497976089101,2.25356025356025,0.17191512199555,1,0,0.00737296385638585,0.0847173209330769,0.91463999872393,0.0550580058852422,1997,5768.61695022331,1312.5,6346.74926571926,4.47989785785218,16.372239520177,167170.5,464684.966509013,64260,140886.398114705,167170.5,464684.966509013,53928,156095.725183906,140710.5,510312.947716616,44.7171424,0
sf_cf,fixed_packet,10,10,5,950,0.1,1,375.5,57.1779213127861,375.5,57.1779213127861,0,0,0,0,47837.4402929494,203747.748340971,17678.3654596397,139327.008228829,30159.0748333097,64420.740112142,47837.4402929494,203747.748340971,26446.25,36006.207671135,171163.625,1056948.16994718,240616.6,1501188.53538057,26446.25,36006.207671135,171163.625,1056948.16994718,240616.6,1501188.53538057,330.705561072493,106.0595868023,0,0,26957.1529649596,58126.4771697249,0,0,1921.21630727763,6400.32252921942,0,0,950,0,0,0,375.5,57.1779213127861,349.5,349.420630244804,1877.5,285.889606563931,1747.5,1747.10315122402,NaN,NaN,0.33185,0.336079115271821,15.0451,37.3732047076764,14.0595,36.3795794973075,0.9856,0.993625210368862,71.5232935232935,705.370947514601,1,0,0.15952327618229,2.00704221050923,0.903418594296196,0.082567193692035,1360.5,2954.19260116062,757,2414.17889987319,3.02233295502908,6.73718160970466,339150,917387.981951813,339150,917387.981951813,855475,2770270.28760449,258950,381186.142085241,653750,1329704.32564068,0.4509301,0
sf_cb,fixed_packet,10,10,5,950,0.5,0.5,375.5,57.1779213127861,232.5,1759.8093559602,143,1816.98727727298,143,1816.98727727298,NaN,NaN,NaN,NaN,NaN,NaN,2318.74347651546,880.227306422315,NaN,NaN,NaN,NaN,NaN,NaN,1717.5,730.606772330045,5720.875,1742.33832444797,10449.125,3591.72642379818,NaN,NaN,NaN,NaN,NaN,NaN,NaN,NaN,NaN,NaN,NaN,NaN,NaN,NaN,NaN,NaN,375.5,57.1779213127861,232,1753.45625359211,1877.5,285.889606563931,1160,8767.28126796054,NaN,NaN,0.220795,1.67080239178329,54.00607,674.972083113491,53.785275,676.642885505274,0.220795,1.67080239178329,189.009219009219,2387.77914106827,0.623684210526316,4.78154546650785,NaN,NaN,0.795026503324755,1.54445053954834,86961.5,1094620.47871435,170,1448.50733992392,1.68062166657108,1.07846435794796,891860,10945887.1320251,891860,10945887.1320251,16460365,208303805.107209,387105,4612034.66411301,6465465,81465895.1970077,1.0378915,0
sb_cf,fixed_packet,10,10,5,950,NaN,0,NaN,NaN,NaN,NaN,NaN,NaN,NaN,NaN,NaN,NaN,NaN,NaN,NaN,NaN,NaN,NaN,NaN,NaN,NaN,NaN,NaN,NaN,NaN,NaN,NaN,NaN,NaN,NaN,NaN,NaN,NaN,NaN,NaN,NaN,NaN,NaN,NaN,NaN,NaN,NaN,NaN,NaN,NaN,NaN,NaN,NaN,NaN,NaN,NaN,NaN,NaN,NaN,NaN,NaN,NaN,NaN,NaN,NaN,NaN,NaN,NaN,NaN,NaN,NaN,NaN,NaN,NaN,NaN,NaN,NaN,NaN,NaN,NaN,NaN,NaN,NaN,NaN,NaN,NaN,NaN,NaN,NaN,NaN,NaN,NaN,NaN,9.4113978,0
sb_cb,fixed_packet,10,10,5,950,0.2,0.5,375.5,57.1779213127861,235.5,1721.69074175167,140,1778.86866306446,140,1778.86866306446,NaN,NaN,NaN,NaN,NaN,NaN,2920.35107816712,5080.58966317157,NaN,NaN,NaN,NaN,NaN,NaN,1297.5,412.951653925678,12246.25,31590.8015253142,22585.075,78588.8292585957,NaN,NaN,NaN,NaN,NaN,NaN,NaN,NaN,NaN,NaN,NaN,NaN,NaN,NaN,NaN,NaN,375.5,57.1779213127861,233,1689.92522991123,1877.5,285.889606563931,1165,8449.62614955617,NaN,NaN,0.22135,1.60542896841567,51.97237,645.097445130868,51.672755,646.309172345533,0.299615,1.2117272146653,188.502098502099,2394.22271805765,0.631578947368421,4.68123332385384,NaN,NaN,0.788203476991858,1.56680032677524,130858.5,1641406.58712615,676.5,6537.34233676188,3.41512129380054,10.1029739491218,2707480,33472336.3226471,868737.5,10250190.6572076,2707480,33472336.3226471,379840,4087522.53260372,1080720,12857408.5725352,1344.0960689,0
s7_clean,fixed_packet,10,10,5,950,0.5,1,375.5,57.1779213127861,375.5,57.1779213127861,0,0,0,0,1723.33547666336,350.207039589573,23.5266101574691,220.924515805034,1699.80886650589,571.131555394608,1723.33547666336,350.207039589573,1184,38.1186142085241,3725.8,390.080485400567,6422.775,7892.14141675645,1184,38.1186142085241,3725.8,390.080485400567,6422.775,7892.14141675645,3.99387501773301,0.846885039037208,42.8056036317208,1.40004386701475,10.6981770463896,8.93805525529281,499.6859944673,571.522484342282,30.6252163427437,6.30019740156632,162,0,950,0,0,0,375.5,57.1779213127861,375.5,57.1779213127861,1877.5,285.889606563931,1877.5,285.889606563931,NaN,NaN,0.356725,0.0543190252471468,0.6472365,0.230039483646074,0.2905115,0.175720458398927,0.356725,0.0543190252471468,0.823902823902824,0.874823070908702,1,0,0,0,0.919405694170549,0.00729232557679133,540.5,19.059307104262,71,25.4124094723494,1.18904454532558,0.0388901074170762,5071.5,3602.20904270553,2457,1600.98179675801,5071.5,3602.20904270553,2173.5,400.245449189503,4473,1600.98179675801,7.8364564,0
s7_busy,fixed_packet,10,10,5,950,0.5,0,375.5,57.1779213127861,270.5,540.013701287425,105,482.835779974638,105,482.835779974638,NaN,NaN,NaN,NaN,NaN,NaN,8852.78525587131,13880.5834183863,NaN,NaN,NaN,NaN,NaN,NaN,5180.75,5466.84458773916,28565.075,70468.2938117063,54029.43,143003.887133989,NaN,NaN,NaN,NaN,NaN,NaN,NaN,NaN,NaN,NaN,NaN,NaN,NaN,NaN,NaN,NaN,375.5,57.1779213127861,272.5,540.013701287425,1877.5,285.889606563931,1362.5,2700.06850643712,NaN,NaN,0.2584815,0.515471666839503,17.073999,100.442218078138,16.8155175,100.957689744977,0.2584815,0.515471666839503,205.546921546922,1287.97299900446,0.719119733295503,1.32861765582579,NaN,NaN,0.876023724255144,0.495521753884619,137797.5,280978.658433399,2031.5,9599.53767817998,8.25032229135138,21.0139160890965,9093924,17871759.7972097,847381.5,405448.640028966,9093924,17871759.7972097,198669,407907.290645416,1534896,7110989.36198596,40.0214826,0
sf_cf,fixed_packet,10,10,6,1140,0.05,1,375.5,57.1779213127861,375.5,57.1779213127861,0,0,0,0,148281.110778125,322858.740730249,82576.3677117322,249299.758422225,65704.7430663924,73558.9823080238,148281.110778125,322858.740730249,111515,329217.764714286,394974,853552.009357272,510544.475,1496397.34322968,111515,329217.764714286,394974,853552.009357272,510544.475,1496397.34322968,249.485653993474,337.033702925837,0,0,62183.9433962264,69147.8853933987,0,0,2131.31401617251,4748.13061755099,0,0,1140,0,0,0,375.5,57.1779213127861,326.5,108.002740257485,2253,343.067527876717,1959,648.01644154491,NaN,NaN,0.37257,0.127697357598556,48.84787,101.346150189274,47.75874,99.9900169577821,1.08913,1.35613323149192,89.1450171450172,341.66678175965,1,0,0.138425492663747,0.293499427296503,0.891867671626989,0.0830119385597922,1274,1359.56390677069,703.5,1670.86592280697,2.86957369839694,4.16502685750087,380760,579402.935969566,380760,579402.935969566,927960,1593358.07391631,292160,531881.730256273,716560,1483830.58909048,0.2240611,0
sf_cb,fixed_packet,10,10,6,1140,0.5,0,375.5,57.1779213127861,168.5,933.90604810884,207,991.083969421626,207,991.083969421626,NaN,NaN,NaN,NaN,NaN,NaN,3125.93921270117,2436.35119950362,NaN,NaN,NaN,NaN,NaN,NaN,1990,952.965355213102,8109.375,12571.2013108528,21397.6249999999,35026.2416308581,NaN,NaN,NaN,NaN,NaN,NaN,NaN,NaN,NaN,NaN,NaN,NaN,NaN,NaN,NaN,NaN,375.5,57.1779213127861,169,940.259150476928,2253,343.067527876717,1014,5641.55490286156,NaN,NaN,0.192315,1.06751179090972,63.005275,552.433126982704,62.81296,553.500638773613,0.192315,1.06751179090972,323.302391302391,681.422599240834,0.451145552560647,2.55579657260657,NaN,NaN,0.75774229889553,1.12109275260666,143257,382596.530810956,270.5,1111.79291441529,2.70282731622445,2.83969029727993,1534345,2784755.36100373,1534345,2784755.36100373,27167340,72893717.7027712,526545,2808897.15000246,8372805,56680028.6801991,0.8701447,0
sb_cf,fixed_packet,10,10,6,1140,NaN,0,NaN,NaN,NaN,NaN,NaN,NaN,NaN,NaN,NaN,NaN,NaN,NaN,NaN,NaN,NaN,NaN,NaN,NaN,NaN,NaN,NaN,NaN,NaN,NaN,NaN,NaN,NaN,NaN,NaN,NaN,NaN,NaN,NaN,NaN,NaN,NaN,NaN,NaN,NaN,NaN,NaN,NaN,NaN,NaN,NaN,NaN,NaN,NaN,NaN,NaN,NaN,NaN,NaN,NaN,NaN,NaN,NaN,NaN,NaN,NaN,NaN,NaN,NaN,NaN,NaN,NaN,NaN,NaN,NaN,NaN,NaN,NaN,NaN,NaN,NaN,NaN,NaN,NaN,NaN,NaN,NaN,NaN,NaN,NaN,NaN,NaN,8.4786817,0
sb_cb,fixed_packet,10,10,6,1140,NaN,0,NaN,NaN,NaN,NaN,NaN,NaN,NaN,NaN,NaN,NaN,NaN,NaN,NaN,NaN,NaN,NaN,NaN,NaN,NaN,NaN,NaN,NaN,NaN,NaN,NaN,NaN,NaN,NaN,NaN,NaN,NaN,NaN,NaN,NaN,NaN,NaN,NaN,NaN,NaN,NaN,NaN,NaN,NaN,NaN,NaN,NaN,NaN,NaN,NaN,NaN,NaN,NaN,NaN,NaN,NaN,NaN,NaN,NaN,NaN,NaN,NaN,NaN,NaN,NaN,NaN,NaN,NaN,NaN,NaN,NaN,NaN,NaN,NaN,NaN,NaN,NaN,NaN,NaN,NaN,NaN,NaN,NaN,NaN,NaN,NaN,NaN,303.490999,0
s7_clean,fixed_packet,10,10,6,1140,0.5,1,375.5,57.1779213127861,375.5,57.1779213127861,0,0,0,0,2344.75486239183,1130.99106325878,63.0535217761385,337.69542058205,2281.70134061569,1468.68648384082,2344.75486239183,1130.99106325878,1558,622.60403207256,5502.725,2392.26069670329,10903.15,18659.6969653092,1558,622.60403207256,5502.725,2392.26069670329,10903.15,18659.6969653092,3.95639452404596,1.05562081836038,50.2467867782664,40.4666213427759,12.6659136047666,1.26904323867008,848.721705206412,1243.79540239853,64.1105405021989,182.099796042492,162,0,1140,0,0,0,375.5,57.1779213127861,374.5,69.8841260489608,2253,343.067527876717,2247,419.304756293765,NaN,NaN,0.427016,0.0785751700885043,0.8786395,0.586918656071013,0.4516235,0.508343485982509,0.427016,0.0785751700885043,1.56283956283956,4.82178080747385,1,0,0.00266262877681256,0.0338319063746092,0.918876972672198,0.0140103691832538,631,228.711685251145,149,444.717165766114,1.39574407717407,1.12407281507711,10773,16810.3088659591,5008.5,9205.64533135857,10773,16810.3088659591,4284,15209.3270692011,9324,28817.6723416442,8.7607122,0
s7_busy,fixed_packet,10,10,6,1140,0.5,0,375.5,57.1779213127861,0.5,6.35310236808735,375,50.8248189446988,396,50.8248189446988,NaN,NaN,NaN,NaN,NaN,NaN,1093033,NaN,NaN,NaN,NaN,NaN,NaN,NaN,1093033,NaN,1093033,NaN,1093033,NaN,NaN,NaN,NaN,NaN,NaN,NaN,NaN,NaN,NaN,NaN,NaN,NaN,NaN,NaN,NaN,NaN,375.5,57.1779213127861,2.5,31.7655118404367,2253,343.067527876717,15,190.59307104262,NaN,NaN,0.002471,0.0313970319030877,199.8319965,8.14291742653202,199.8295255,8.11152039462893,0.002471,0.0313970319030877,406.523326523327,375.9996420123,0.00131578947368421,0.0167186904423351,NaN,NaN,0.0892857142857143,NaN,260425.5,39027.1078471606,1852.5,23538.2442737636,3706,NaN,17034129,2555166.94762579,1312227,143287.870809842,17034129,2555166.94762579,633773,32921.7764714286,8080968,1750826.06921172,32.6652074,0
sf_cf,fixed_packet,15,15,1,190,0.2,1,603.5,95.2965355213102,603.5,95.2965355213102,0,0,0,0,1166.99601269785,72.6902267236504,17.9094742363163,36.6485882893098,1149.08653846154,36.0416384343416,1166.99601269785,72.6902267236504,816.25,301.772362484149,3332.25,778.2550400907,4829.85,256.030025433933,816.25,301.772362484149,3332.25,778.2550400907,4829.85,256.030025433933,89.0814032996848,7.40874849554533,0,0,842.984256747108,27.1047859492402,0,0,27.0208784147453,55.7376758880366,0,0,190,0,0,0,603.5,95.2965355213102,604,88.9434331532229,603.5,95.2965355213102,604,88.9434331532229,NaN,NaN,0.11476,0.0168992522991123,0.70455,0.152220332739373,0.57345,0.099108396942163,0.1311,0.0531119357972103,-0.224136224136224,1.84509524724465,1,0,0.000324876907749361,0.00412795250391873,0.949002593029073,0.0103368108320964,827,114.355842625572,86,190.59307104262,1.14221514955129,0.293356188884403,8645,13277.9839493026,8645,13277.9839493026,17670,28970.1467984783,7980,16899.2522991123,16340,36212.6834980979,0.7681067,0
sf_cb,fixed_packet,15,15,1,190,0.2,1,603.5,95.2965355213102,603.5,95.2965355213102,0,0,0,0,1599.62485857709,141.635473399374,29.9243936664506,64.595671996465,1569.70046491064,206.231145395839,1599.62485857709,141.635473399374,1203.75,206.475826962839,4185.375,2180.70238784599,6208.82499999999,97.5201213501142,1203.75,206.475826962839,4185.375,2180.70238784599,6208.82499999999,97.5201213501142,106.151683619108,16.8720370793436,0,0,895.713801228045,183.44208868985,144.836416261163,14.8700097552025,42.9985638023265,24.7910840301294,190,0,190,0,0,0,603.5,95.2965355213102,603.5,95.2965355213102,603.5,95.2965355213102,603.5,95.2965355213102,NaN,NaN,0.114665,0.018106341749049,0.96529,0.0669616989596406,0.850625,0.0488553572105915,0.114665,0.018106341749049,0.779508779508779,8.09045524452923,1,0,0,0,0.948272236023554,0.00105674518947261,897,254.124094723494,136.5,57.1779213127861,1.22630823053856,0.13047938963226,15010,19313.4311989855,15010,19313.4311989855,30970,41041.0412978443,12540,4828.35779974638,25935,10863.8050494294,0.7248621,0
sb_cf,fixed_packet,15,15,1,190,NaN,0,NaN,NaN,NaN,NaN,NaN,NaN,NaN,NaN,NaN,NaN,NaN,NaN,NaN,NaN,NaN,NaN,NaN,NaN,NaN,NaN,NaN,NaN,NaN,NaN,NaN,NaN,NaN,NaN,NaN,NaN,NaN,NaN,NaN,NaN,NaN,NaN,NaN,NaN,NaN,NaN,NaN,NaN,NaN,NaN,NaN,NaN,NaN,NaN,NaN,NaN,NaN,NaN,NaN,NaN,NaN,NaN,NaN,NaN,NaN,NaN,NaN,NaN,NaN,NaN,NaN,NaN,NaN,NaN,NaN,NaN,NaN,NaN,NaN,NaN,NaN,NaN,NaN,NaN,NaN,NaN,NaN,NaN,NaN,NaN,NaN,NaN,17.2782239,0
sb_cb,fixed_packet,15,15,1,190,0.2,1,603.5,95.2965355213102,603.5,95.2965355213102,0,0,0,0,592.313685618251,472.34768997001,2.35931853381518,18.8920338875494,589.954367084436,491.239723857559,592.313685618251,472.34768997001,420,0,1236.75,149.29790565005,2998.34999999999,9352.40199606125,420,0,1236.75,149.29790565005,2998.34999999999,9352.40199606125,0,0,21.3710538889926,21.0601480935327,27.7426158020189,25.6981068228799,86.2985368907831,150.216163731869,74.5421605026417,294.265305209278,190,0,190,0,0,0,603.5,95.2965355213102,603.5,95.2965355213102,603.5,95.2965355213102,603.5,95.2965355213102,NaN,NaN,0.114665,0.018106341749049,0.3571825,0.228616388715623,0.2371025,0.211717136416511,0.12008,0.0168992522991124,0.168294168294168,1.16803174460934,1,0,0,0,0.948272236023554,0.00105674518947261,1043,1410.38872571539,255.5,806.844000747093,1.42473692593284,1.40400987290218,11140,61370.9688757238,9772.5,52254.2669775184,11140,61370.9688757238,8575,41231.6343688869,9685,47330.6126422507,22.3469049,0
s7_clean,fixed_packet,15,15,1,190,0.2,1,603.5,95.2965355213102,603.5,95.2965355213102,0,0,0,0,504.042200320742,109.327754184905,1.31797498874109,5.2554460293398,502.724225332001,104.072308155566,504.042200320742,109.327754184905,429.75,15.8827559202184,845.7,382.45676255886,1247.395,796.615505934472,429.75,15.8827559202184,845.7,382.45676255886,1247.395,796.615505934472,3.94640621052516,1.42962074921989,36.6510836015334,5.20284603472269,36.5544615494458,2.74038121209607,70.6423977635958,76.7674154274673,2.92987620690034,23.4128071562522,162,0,190,0,0,0,603.5,95.2965355213102,603.5,95.2965355213102,603.5,95.2965355213102,603.5,95.2965355213102,NaN,NaN,0.114665,0.018106341749049,0.304254,0.114012775097695,0.189589,0.0959064333486464,0.114665,0.018106341749049,0.0793380793380792,0.28444138366539,1,0,1.82608856444699e-16,6.84288209215879e-17,0.948272236023554,0.00105674518947261,745,50.8248189446988,11,88.9434331532229,1.01808565559815,0.14452350096452,693,5603.43628865304,346.5,2801.71814432652,693,5603.43628865304,346.5,2801.71814432652,693,5603.43628865304,6.402825,0
s7_busy,fixed_packet,15,15,1,190,0.2,1,603.5,95.2965355213102,603.5,95.2965355213102,0,0,0,0,3138.82250052175,1723.16624574661,127.912297202298,348.029111780242,3010.91020331946,1375.13713396637,3138.82250052175,1723.16624574661,2186,1804.28107253681,9148.82499999999,784.290487340469,14181.28,17.0263143464759,2186,1804.28107253681,9148.82499999999,784.290487340469,14181.28,17.0263143464759,4.11257949889608,1.79288346494698,83.3641571194763,30.0394643885505,82.2460648732961,29.6475551749258,2276.04869479014,1178.47964118947,213.138707037643,135.177589748477,162,0,190,0,0,0,603.5,95.2965355213102,604,101.649637889398,603.5,95.2965355213102,604,101.649637889398,NaN,NaN,0.11476,0.0193134311989855,1.8969025,1.35945590403043,1.7821425,1.34014247283145,0.11476,0.0193134311989855,0.830982830982831,3.43090742135984,1,0,0.000801439597104325,0.0101832556044849,0.948524206396092,0.00214484195145589,1693,152.474456834096,794.5,628.957134440647,2.31567103109656,0.834429566348623,185440.5,63639.026421131,81805.5,30818.8995875917,185440.5,63639.026421131,68859,38423.5631221923,156177,83251.0534314166,73.7718649,0
sf_cf,fixed_packet,15,15,2,380,0.2,0.5,603.5,95.2965355213102,410,2363.35408092849,193.5,2458.6506164498,193.5,2458.6506164498,NaN,NaN,NaN,NaN,NaN,NaN,11335.4094259348,98327.7758587343,NaN,NaN,NaN,NaN,NaN,NaN,2516.25,4208.93031885787,17866.75,87205.8596555508,341334.449999997,4072668.34395686,NaN,NaN,NaN,NaN,NaN,NaN,NaN,NaN,NaN,NaN,NaN,NaN,NaN,NaN,NaN,NaN,603.5,95.2965355213102,411.5,2357.00097856041,1207,190.59307104262,823,4714.00195712081,NaN,NaN,0.15625,0.895660371852954,63.82745,783.76279865769,61.15232,754.511971796589,2.67513,29.2508268611004,298.030312030312,3796.73937028769,0.683306055646481,4.02397809566253,NaN,NaN,0.912202579390286,0.477925318420539,17702,209626.96573741,1202.5,10387.3223718228,5.83191514860978,53.1874359926584,891480,10313372.2602583,891480,10313372.2602583,6520420,80594948.3933666,377890,3966241.80839693,2518880,30146487.2329534,0.5901995,0
sf_cb,fixed_packet,15,15,2,380,0.2,1,603.5,95.2965355213102,603.5,95.2965355213102,0,0,0,0,2081.21357330375,681.715818792746,37.2798059073584,7.00897109035439,2043.93376739639,688.724789883102,2081.21357330375,681.715818792746,1517.5,158.827559202184,5354.875,2765.18780571004,8540.54999999999,7849.25797577183,1517.5,158.827559202184,5354.875,2765.18780571004,8540.54999999999,7849.25797577183,150.475524225881,26.2952868612692,0,0,923.371480903788,617.841281382517,354.79404431068,19.9813684361037,45.2927179560408,117.160163797957,190,0,380,0,0,0,603.5,95.2965355213102,603,88.9434331532229,1207,190.59307104262,1206,177.886866306446,NaN,NaN,0.229215,0.0347514699534378,1.255495,0.21454426697031,1.02628,0.249295736923747,0.229215,0.0347514699534378,1.11014511014511,2.67028783282336,1,0,9.28460128694201e-05,0.00117972044845193,0.948214595436496,0.00178913828974253,940,978.377764685452,143.5,349.420630244804,1.23838272608443,0.61663244104188,18620,84496.2614955617,18620,84496.2614955617,39140,178649.238590616,13110,33798.5045982247,27265,66389.9197465128,0.6453044,0
sb_cf,fixed_packet,15,15,2,380,NaN,0,NaN,NaN,NaN,NaN,NaN,NaN,NaN,NaN,NaN,NaN,NaN,NaN,NaN,NaN,NaN,NaN,NaN,NaN,NaN,NaN,NaN,NaN,NaN,NaN,NaN,NaN,NaN,NaN,NaN,NaN,NaN,NaN,NaN,NaN,NaN,NaN,NaN,NaN,NaN,NaN,NaN,NaN,NaN,NaN,NaN,NaN,NaN,NaN,NaN,NaN,NaN,NaN,NaN,NaN,NaN,NaN,NaN,NaN,NaN,NaN,NaN,NaN,NaN,NaN,NaN,NaN,NaN,NaN,NaN,NaN,NaN,NaN,NaN,NaN,NaN,NaN,NaN,NaN,NaN,NaN,NaN,NaN,NaN,NaN,NaN,NaN,10.4753287,0
sb_cb,fixed_packet,15,15,2,380,0.1,0,603.5,95.2965355213102,64.5,819.550205483268,539,724.253669961958,600,1499.33215886861,NaN,NaN,NaN,NaN,NaN,NaN,1337.40310077519,NaN,NaN,NaN,NaN,NaN,NaN,NaN,670,NaN,3905,NaN,13299.4999999999,NaN,NaN,NaN,NaN,NaN,NaN,NaN,NaN,NaN,NaN,NaN,NaN,NaN,NaN,NaN,NaN,NaN,603.5,95.2965355213102,64.5,819.550205483268,1207,190.59307104262,129,1639.10041096654,NaN,NaN,0.02451,0.311429078083642,306.2451575,1467.31357119534,306.1393275,1467.63465698903,0.10583,0.321085793683134,586.183684183684,206.328565079232,0.10556464811784,1.34132603188751,NaN,NaN,0.746903052064632,NaN,268002,341530.07710364,67.5,857.668819691792,2.04651162790698,NaN,5471930,6985744.30190148,1885042.5,2255065.45106444,5471930,6985744.30190148,851797.5,1266586.25361373,2459425,4564132.27225763,1367.7607733,0
s7_clean,fixed_packet,15,15,2,380,0.2,1,603.5,95.2965355213102,603.5,95.2965355213102,0,0,0,0,810.716127154296,160.635673113333,6.6466253473786,33.4793295754982,804.069501806918,127.156343537835,810.716127154296,160.635673113333,639,12.7062047361747,1580.75,630.863065151078,2469.31,1061.34928161269,639,12.7062047361747,1580.75,630.863065151078,2469.31,1061.34928161269,3.95135738529641,1.44989311862123,37.5158009204846,5.44527705468928,37.6345302562638,16.838278873843,176.146709102692,112.595705492266,6.82110414218082,24.5037467461017,162,0,380,0,0,0,603.5,95.2965355213102,603.5,95.2965355213102,1207,190.59307104262,1207,190.59307104262,NaN,NaN,0.22933,0.0362126834980979,0.489362,0.174202066932955,0.260032,0.137989383434857,0.22933,0.0362126834980979,0.125706125706125,0.585121313222157,1,0,5.83526940192177e-17,7.41441277115536e-16,0.948272236023554,0.00105674518947261,767.5,44.4717165766114,25.5,95.2965355213102,1.04210558112457,0.15125769596359,2110.5,400.245449189503,1039.5,400.245449189503,2110.5,400.245449189503,787.5,2801.71814432652,1606.5,6003.68173784254,7.5398377,0
s7_busy,fixed_packet,15,15,2,380,0.2,1,603.5,95.2965355213102,603.5,95.2965355213102,0,0,0,0,6681.31890453542,6083.80047949421,777.753505365832,1603.11561192936,5903.56539916959,4480.68486756485,6681.31890453542,6083.80047949421,4156,482.835779974638,19780.075,22382.9326081268,38665.265,140297.656118254,4156,482.835779974638,19780.075,22382.9326081268,38665.265,140297.656118254,4.19067652324828,1.57000952423938,118.113248168367,180.690245389375,119.071028625095,169.643461445238,4750.68082909522,3315.67504695381,369.509616757653,813.106104252188,162,0,380,0,0,0,603.5,95.2965355213102,605.5,57.1779213127861,1207,190.59307104262,1211,114.355842625572,NaN,NaN,0.2301275,0.0222040927764653,4.0485,4.09334197437289,3.8183725,4.07113788159642,0.2301275,0.0222040927764653,3.63524163524164,16.4973715406787,1,0,0.00445682556303477,0.0444686713734319,0.947465853937743,0.000362687263301304,2473.5,1188.03014283233,1379.5,3246.43531009263,3.28092356023243,5.01917348303819,213223.5,85252.2806773641,86499,16810.3088659591,213223.5,85252.2806773641,69930,64039.2718703205,172147.5,234944.078674238,59.3851913,0
sf_cf,fixed_packet,15,15,3,570,0.1,0,603.5,95.2965355213102,276,1092.73360731102,327.5,997.437071789714,328.5,1010.14327652589,NaN,NaN,NaN,NaN,NaN,NaN,600637.415600465,3086794.28868987,NaN,NaN,NaN,NaN,NaN,NaN,496131.25,5269024.86275284,1410274,2512855.28585433,1583002.7,2124557.48097824,NaN,NaN,NaN,NaN,NaN,NaN,NaN,NaN,NaN,NaN,NaN,NaN,NaN,NaN,NaN,NaN,603.5,95.2965355213102,187,864.021922059879,1810.5,285.889606563931,561,2592.06576617964,NaN,NaN,0.10659,0.492492495574131,200.222175,847.951050778542,196.801065,842.299076787797,3.42111,5.65197399074523,495.509391509392,177.562324100531,0.455631652368765,1.73871332123684,NaN,NaN,0.817511049835773,0.501058088190213,13375.5,12966.6819332663,9519,4370.9344292441,39.6279150915964,168.771577645609,1816305,1568009.19546764,1816305,1568009.19546764,7391475,7934198.95443325,834130,1079137.96824332,3314520,6144466.48631936,0.5806495,0
sf_cb,fixed_packet,15,15,3,570,0.2,1,603.5,95.2965355213102,603.5,95.2965355213102,0,0,0,0,2820.36296257648,2127.78457760635,94.6240690802843,409.773933852865,2725.73889349619,1718.01064375349,2820.36296257648,2127.78457760635,2047.5,1429.44803281965,7640.625,6208.56928921336,12037.825,14749.68011287,2047.5,1429.44803281965,7640.625,6208.56928921336,12037.825,14749.68011287,217.136632377333,16.0227608810152,0,0,1005.82328727249,543.226051870789,672.410477927042,1033.90654095971,70.3684959193313,156.900811804004,190,0,570,0,0,0,603.5,95.2965355213102,604.5,95.2965355213102,1810.5,285.889606563931,1813.5,285.889606563931,NaN,NaN,0.344315,0.0511424740631032,1.70408,1.54443918568203,1.359765,1.49329671161893,0.344315,0.0511424740631032,0.559236559236559,2.3715900731876,1,0,0.000461501151370252,0.00537673501946345,0.949254563401611,0.00713522369116785,1041.5,171.533763938358,224,533.660598919337,1.37036050483859,0.825793746336863,26695,3621.26834980979,26695,3621.26834980979,58425,25348.8784486685,19855,47076.4885475272,42560,101395.513794674,0.6704174,0
sb_cf,fixed_packet,15,15,3,570,NaN,0,NaN,NaN,NaN,NaN,NaN,NaN,NaN,NaN,NaN,NaN,NaN,NaN,NaN,NaN,NaN,NaN,NaN,NaN,NaN,NaN,NaN,NaN,NaN,NaN,NaN,NaN,NaN,NaN,NaN,NaN,NaN,NaN,NaN,NaN,NaN,NaN,NaN,NaN,NaN,NaN,NaN,NaN,NaN,NaN,NaN,NaN,NaN,NaN,NaN,NaN,NaN,NaN,NaN,NaN,NaN,NaN,NaN,NaN,NaN,NaN,NaN,NaN,NaN,NaN,NaN,NaN,NaN,NaN,NaN,NaN,NaN,NaN,NaN,NaN,NaN,NaN,NaN,NaN,NaN,NaN,NaN,NaN,NaN,NaN,NaN,NaN,8.5786593,0
sb_cb,fixed_packet,15,15,3,570,0.025,0,603.5,95.2965355213102,6,76.2372284170482,597.5,19.059307104262,658.5,756.019181802394,NaN,NaN,NaN,NaN,NaN,NaN,7124.16666666667,NaN,NaN,NaN,NaN,NaN,NaN,NaN,5282.5,NaN,15300.5,NaN,15425,NaN,NaN,NaN,NaN,NaN,NaN,NaN,NaN,NaN,NaN,NaN,NaN,NaN,NaN,NaN,NaN,NaN,603.5,95.2965355213102,7,76.2372284170482,1810.5,285.889606563931,21,228.711685251145,NaN,NaN,0.0037875,0.0408822137386421,358.5323775,813.361743763049,358.3134425,813.442809349266,0.218935,0.0810655862167945,584.802968802969,223.872217388989,0.00981996726677578,0.124774514594187,NaN,NaN,0.136764705882353,1.42010523521952,151713,96173.2636481063,32,406.59855155759,6.33333333333333,NaN,3434885,2056816.89166828,1717672.5,994673.472259596,3434885,2056816.89166828,813917.5,215846.652955768,1625990,693314.061429372,1273.5540798,0
s7_clean,fixed_packet,15,15,3,570,0.2,1,603.5,95.2965355213102,603.5,95.2965355213102,0,0,0,0,1253.12401827788,757.55234516125,11.2124940959369,76.6773935461325,1241.91152418194,680.874951615118,1253.12401827788,757.55234516125,900.5,298.595811300105,2757.3,3346.81432750841,4707.905,5202.49199820306,900.5,298.595811300105,2757.3,3346.81432750841,4707.905,5202.49199820306,3.95131619415855,1.49200800651698,39.1479585672075,13.9039842487556,38.602765023781,7.16851568430905,414.043670844363,595.742514556136,14.1658135524336,62.5679291194001,162,0,570,0,0,0,603.5,95.2965355213102,603.5,95.2965355213102,1810.5,285.889606563931,1810.5,285.889606563931,NaN,NaN,0.343995,0.0543190252471468,0.7567075,0.57660121782524,0.4127125,0.522282192578093,0.343995,0.0543190252471468,0.285642285642285,0.359611366054581,1,0,0,0,0.948272236023554,0.00105674518947261,799.5,146.121354466009,53,241.417889987319,1.08744329353354,0.386221784687655,4126.5,11607.1180264956,2016,5603.43628865304,4126.5,11607.1180264956,1638,7204.41808541105,3339,15209.3270692011,7.9020653,0
s7_busy,fixed_packet,15,15,3,570,0.2,0.5,603.5,95.2965355213102,419.5,2242.64513593483,184,2337.94167145614,184,2337.94167145614,NaN,NaN,NaN,NaN,NaN,NaN,115559.454739415,1248413.03426313,NaN,NaN,NaN,NaN,NaN,NaN,14512.5,47476.7339967167,669261.275,7792330.04903732,850862.665,9654617.10624957,NaN,NaN,NaN,NaN,NaN,NaN,NaN,NaN,NaN,NaN,NaN,NaN,NaN,NaN,NaN,NaN,603.5,95.2965355213102,406.5,2496.76923065833,1810.5,285.889606563931,1219.5,7490.30769197498,NaN,NaN,0.231809,1.4286221295118,78.116745,855.060705989031,77.884936,856.489328118542,0.231809,1.4286221295118,287.027435027435,3670.64279215209,0.698854337152209,3.82641844755506,NaN,NaN,0.894352299878102,0.653891684152442,57545,651675.828508928,30291,333080.450954083,120.685734112188,1433.83332634463,3922569,43865300.2493728,619636.5,5837579.8764289,3922569,43865300.2493728,293853.5,2093010.51585927,1674384,16448067.6751355,43.0604504,0
sf_cf,fixed_packet,15,15,4,760,0.05,0,603.5,95.2965355213102,603.5,95.2965355213102,0,0,0,0,NaN,NaN,NaN,NaN,NaN,NaN,296764.570074364,583109.826991874,NaN,NaN,NaN,NaN,NaN,NaN,251897.5,755987.416290554,715607.25,1089579.29198527,911391,1228612.4901392,NaN,NaN,NaN,NaN,NaN,NaN,NaN,NaN,NaN,NaN,NaN,NaN,NaN,NaN,NaN,NaN,603.5,95.2965355213102,413,165.180661570271,2414,381.186142085241,1652,660.722646281084,NaN,NaN,0.31382,0.126299675077577,122.10237,278.287611332325,120.50621,277.471364740073,1.59616,0.816246592251863,202.242802242802,366.607358553493,1,0,NaN,NaN,0.924030826233331,0.293893566806296,3096,1168.97083572807,2182,317.655118404367,4.61664918331704,1.09744698553514,668040,231761.174387826,668040,231761.174387826,1795120,859447.688354856,469600,280553.000574737,1282340,942546.267329439,0.3064416,0
sf_cb,fixed_packet,15,15,4,760,0.2,0.5,603.5,95.2965355213102,306,3875.39244453328,297.5,3780.09590901197,345,4383.64063398027,NaN,NaN,NaN,NaN,NaN,NaN,504677.72913257,6350780.57431766,NaN,NaN,NaN,NaN,NaN,NaN,503780,6362187.30447371,509522.875,6289217.15894945,517535.075,6187412.50536228,NaN,NaN,NaN,NaN,NaN,NaN,NaN,NaN,NaN,NaN,NaN,NaN,NaN,NaN,NaN,NaN,603.5,95.2965355213102,308,3824.56762558858,2414,381.186142085241,1232,15298.2705023543,NaN,NaN,0.23444,2.91124562915235,201.47072,2522.22852602615,201.23628,2525.13977165531,0.23444,2.91124562915235,285.127983127983,3590.35782028172,0.500838926174497,6.34244280035566,NaN,NaN,0.541940100173771,5.15654622290496,44725.5,552408.604007563,775,3684.79937349066,533.896890343699,6761.01105204818,1093070,13355237.6740985,1093070,13355237.6740985,8423365,105776041.408494,516150,6063400.90010257,4005380,49722301.5597409,0.771741,0
sb_cf,fixed_packet,15,15,4,760,NaN,0,NaN,NaN,NaN,NaN,NaN,NaN,NaN,NaN,NaN,NaN,NaN,NaN,NaN,NaN,NaN,NaN,NaN,NaN,NaN,NaN,NaN,NaN,NaN,NaN,NaN,NaN,NaN,NaN,NaN,NaN,NaN,NaN,NaN,NaN,NaN,NaN,NaN,NaN,NaN,NaN,NaN,NaN,NaN,NaN,NaN,NaN,NaN,NaN,NaN,NaN,NaN,NaN,NaN,NaN,NaN,NaN,NaN,NaN,NaN,NaN,NaN,NaN,NaN,NaN,NaN,NaN,NaN,NaN,NaN,NaN,NaN,NaN,NaN,NaN,NaN,NaN,NaN,NaN,NaN,NaN,NaN,NaN,NaN,NaN,NaN,NaN,7.0931278,0
sb_cb,fixed_packet,15,15,4,760,NaN,0,NaN,NaN,NaN,NaN,NaN,NaN,NaN,NaN,NaN,NaN,NaN,NaN,NaN,NaN,NaN,NaN,NaN,NaN,NaN,NaN,NaN,NaN,NaN,NaN,NaN,NaN,NaN,NaN,NaN,NaN,NaN,NaN,NaN,NaN,NaN,NaN,NaN,NaN,NaN,NaN,NaN,NaN,NaN,NaN,NaN,NaN,NaN,NaN,NaN,NaN,NaN,NaN,NaN,NaN,NaN,NaN,NaN,NaN,NaN,NaN,NaN,NaN,NaN,NaN,NaN,NaN,NaN,NaN,NaN,NaN,NaN,NaN,NaN,NaN,NaN,NaN,NaN,NaN,NaN,NaN,NaN,NaN,NaN,NaN,NaN,NaN,369.9311836,0
s7_clean,fixed_packet,15,15,4,760,0.2,1,603.5,95.2965355213102,603.5,95.2965355213102,0,0,0,0,1895.81634931183,1725.22000076032,34.2999030635222,276.162585270804,1861.51644624831,1449.05741548951,1895.81634931183,1725.22000076032,1344.75,994.26052060567,5013.67499999999,8761.88113094762,9047.77999999998,14371.2258048031,1344.75,994.26052060567,5013.67499999999,8761.88113094762,9047.77999999998,14371.2258048031,3.94800168059842,1.492531389548,40.7330594580345,9.48495664128224,39.7481793517064,25.3679568069151,833.788438196817,1370.029665766,21.2987675611551,42.6823048857702,162,0,760,0,0,0,603.5,95.2965355213102,603.5,95.2965355213102,2414,381.186142085241,2414,381.186142085241,NaN,NaN,0.45866,0.0724253669961959,1.1451435,1.22183500053293,0.6864835,1.14940963353673,0.45866,0.0724253669961959,0.645066645066645,0.152703321222669,1,0,0,0,0.948272236023554,0.00105674518947261,838.5,82.5903307851355,79.5,171.533763938358,1.13147387383429,0.263471017813397,6583.5,2801.71814432652,3181.5,2001.22724594751,6583.5,2801.71814432652,2394,4802.94539027404,5008.5,10806.6271281166,8.7358371,0
s7_busy,fixed_packet,15,15,4,760,0.1,1,603.5,95.2965355213102,603.5,95.2965355213102,0,0,0,0,156017.864341107,72995.6720486784,103710.329534595,73932.109630724,52307.5348065115,936.437582045491,156017.864341107,72995.6720486784,108100.75,38140.8500668124,444416.625,241848.312672754,568294.985,339958.001922655,108100.75,38140.8500668124,444416.625,241848.312672754,568294.985,339958.001922655,4.56992607563791,0.931133304379321,686.491240018014,259.991567423202,1555.88320527466,459.14189868463,46211.3798550621,2824.6019682533,2927.21058008106,1169.96205340441,162,0,760,0,0,0,603.5,95.2965355213102,491,25.4124094723494,2414,381.186142085241,1964,101.649637889398,NaN,NaN,0.372934,0.0164418289286099,74.1360835,30.7693009174041,73.7631495,30.7857427463327,0.372934,0.0164418289286099,126.24297024297,69.3382860069619,1,0,0.269814984730759,0.133354673967547,0.939390692155363,0.00136192985166991,12495,6365.80857282352,10900.5,2636.53748275625,19.0692011116115,7.22198798397785,916587,515516.13855608,267844.5,131680.752783346,916587,515516.13855608,205503,112030.607158852,722718,394413.301215599,31.5214473,0
sf_cf,fixed_packet,15,15,5,950,NaN,0,NaN,NaN,NaN,NaN,NaN,NaN,NaN,NaN,NaN,NaN,NaN,NaN,NaN,NaN,NaN,NaN,NaN,NaN,NaN,NaN,NaN,NaN,NaN,NaN,NaN,NaN,NaN,NaN,NaN,NaN,NaN,NaN,NaN,NaN,NaN,NaN,NaN,NaN,NaN,NaN,NaN,NaN,NaN,NaN,NaN,NaN,NaN,NaN,NaN,NaN,NaN,NaN,NaN,NaN,NaN,NaN,NaN,NaN,NaN,NaN,NaN,NaN,NaN,NaN,NaN,NaN,NaN,NaN,NaN,NaN,NaN,NaN,NaN,NaN,NaN,NaN,NaN,NaN,NaN,NaN,NaN,NaN,NaN,NaN,NaN,NaN,0.112122,0
sf_cb,fixed_packet,15,15,5,950,0.1,1,603.5,95.2965355213102,603.5,95.2965355213102,0,0,0,0,10435.3915766869,3903.03526823841,1374.16232329002,1676.30774553366,9061.2292533969,2226.72752270475,10435.3915766869,3903.03526823841,6700,1461.21354466009,32836.625,45353.2095301837,54633.4999999999,32503.7423356077,6700,1461.21354466009,32836.625,45353.2095301837,54633.4999999999,32503.7423356077,361.23842529026,161.132189148757,0,0,2939.11513197641,1306.16760231801,4493.65292621843,1049.60192575482,127.222769911796,32.090183780677,190,0,950,0,0,0,603.5,95.2965355213102,607.5,57.1779213127861,3017.5,476.482677606551,3037.5,285.889606563931,NaN,NaN,0.5767,0.0533660598919335,6.382605,2.47040385583076,5.805905,2.5237699157227,0.5767,0.0533660598919335,4.64368064368064,5.92592569078285,1,0,0.0132757531899798,0.168355909677639,0.947050845663796,0.0281979567971705,1236,648.01644154491,404,38.1186142085241,1.66959352585156,0.168895704108826,42750,53111.9357972102,42750,53111.9357972102,95380,115880.587193913,34960,16899.2522991123,78470,33798.5045982247,0.5253741,0
sb_cf,fixed_packet,15,15,5,950,NaN,0,NaN,NaN,NaN,NaN,NaN,NaN,NaN,NaN,NaN,NaN,NaN,NaN,NaN,NaN,NaN,NaN,NaN,NaN,NaN,NaN,NaN,NaN,NaN,NaN,NaN,NaN,NaN,NaN,NaN,NaN,NaN,NaN,NaN,NaN,NaN,NaN,NaN,NaN,NaN,NaN,NaN,NaN,NaN,NaN,NaN,NaN,NaN,NaN,NaN,NaN,NaN,NaN,NaN,NaN,NaN,NaN,NaN,NaN,NaN,NaN,NaN,NaN,NaN,NaN,NaN,NaN,NaN,NaN,NaN,NaN,NaN,NaN,NaN,NaN,NaN,NaN,NaN,NaN,NaN,NaN,NaN,NaN,NaN,NaN,NaN,NaN,6.654158,0
sb_cb,fixed_packet,15,15,5,950,NaN,0,NaN,NaN,NaN,NaN,NaN,NaN,NaN,NaN,NaN,NaN,NaN,NaN,NaN,NaN,NaN,NaN,NaN,NaN,NaN,NaN,NaN,NaN,NaN,NaN,NaN,NaN,NaN,NaN,NaN,NaN,NaN,NaN,NaN,NaN,NaN,NaN,NaN,NaN,NaN,NaN,NaN,NaN,NaN,NaN,NaN,NaN,NaN,NaN,NaN,NaN,NaN,NaN,NaN,NaN,NaN,NaN,NaN,NaN,NaN,NaN,NaN,NaN,NaN,NaN,NaN,NaN,NaN,NaN,NaN,NaN,NaN,NaN,NaN,NaN,NaN,NaN,NaN,NaN,NaN,NaN,NaN,NaN,NaN,NaN,NaN,NaN,361.2504666,0
s7_clean,fixed_packet,15,15,5,950,0.2,1,603.5,95.2965355213102,603.5,95.2965355213102,0,0,0,0,3025.79621645668,4403.09530462616,116.219209624447,968.563477994953,2909.57700683224,3434.53182663121,3025.79621645668,4403.09530462616,1923.25,898.96398508436,9023.82499999998,20350.5751605759,16572.545,59927.0993005286,1923.25,898.96398508436,9023.82499999998,20350.5751605759,16572.545,59927.0993005286,3.92504723250475,1.24350574339064,46.7175221608322,20.2882104610873,46.5664660200573,29.8811933599713,1652.1391216951,3291.82196999186,48.2288497237448,91.296947074893,162,0,950,0,0,0,603.5,95.2965355213102,603,76.2372284170482,3017.5,476.482677606551,3015,381.186142085241,NaN,NaN,0.5727965,0.0837783609279675,1.8279825,2.93688039720758,1.255186,2.85310203627961,0.5727965,0.0837783609279675,1.4022434022434,1.81406666425032,1,0,0.000334091378393572,0.00422116224954546,0.949277495044121,0.00684384954650052,973,139.768252097922,180,368.479937349066,1.297708948912,0.56356140169687,15057,6403.92718703205,6835.5,4402.69994108453,15057,6403.92718703205,5197.5,9205.64533135857,11340,23214.2360529912,9.737066,0
s7_busy,fixed_packet,15,15,5,950,0.1,0,603.5,95.2965355213102,603.5,95.2965355213102,0,0,0,0,NaN,NaN,NaN,NaN,NaN,NaN,342462.989372686,43389.8486103776,NaN,NaN,NaN,NaN,NaN,NaN,305287,70621.085923659,792663.525,336561.633396677,1014652.62,1703425.82656751,NaN,NaN,NaN,NaN,NaN,NaN,NaN,NaN,NaN,NaN,NaN,NaN,NaN,NaN,NaN,NaN,603.5,95.2965355213102,389,203.299275778795,3017.5,476.482677606551,1945,1016.49637889398,NaN,NaN,0.369519,0.184239968674533,132.8542215,32.8976918603513,132.4847025,32.7134518916768,0.369519,0.184239968674533,243.651981651982,400.881287369647,1,0,NaN,NaN,0.919091090017546,0.0753664476775083,19968,8805.39988216906,17934,15704.8690539119,30.6957869704193,21.3338250804509,1440778.5,594364.492046412,378220.5,153294.00703958,1440778.5,594364.492046412,258013.5,157334.580145683,1019863.5,676167.038137904,23.7095517,0
sf_cf,fixed_packet,15,15,6,1140,NaN,0,NaN,NaN,NaN,NaN,NaN,NaN,NaN,NaN,NaN,NaN,NaN,NaN,NaN,NaN,NaN,NaN,NaN,NaN,NaN,NaN,NaN,NaN,NaN,NaN,NaN,NaN,NaN,NaN,NaN,NaN,NaN,NaN,NaN,NaN,NaN,NaN,NaN,NaN,NaN,NaN,NaN,NaN,NaN,NaN,NaN,NaN,NaN,NaN,NaN,NaN,NaN,NaN,NaN,NaN,NaN,NaN,NaN,NaN,NaN,NaN,NaN,NaN,NaN,NaN,NaN,NaN,NaN,NaN,NaN,NaN,NaN,NaN,NaN,NaN,NaN,NaN,NaN,NaN,NaN,NaN,NaN,NaN,NaN,NaN,NaN,NaN,0.1383833,0
sf_cb,fixed_packet,15,15,6,1140,0.1,1,603.5,95.2965355213102,603.5,95.2965355213102,0,0,0,0,46846.8369599842,291109.493950143,19162.7228989774,170721.870547481,27684.1140610068,120387.623402662,46846.8369599842,291109.493950143,34196.25,228727.568007065,136977.875,836025.388199311,193435.225,752069.775715273,34196.25,228727.568007065,136977.875,836025.388199311,193435.225,752069.775715273,348.892438954734,899.452057206883,0,0,9194.4465284109,53583.7254736387,15985.7532760685,62060.6652389735,825.021817572689,5642.68474725672,190,0,1140,0,0,0,603.5,95.2965355213102,575,381.186142085241,3621,571.779213127861,3450,2287.11685251144,NaN,NaN,0.65517,0.437220504971771,25.59439,140.633036392266,24.93922,141.070256897237,0.65517,0.437220504971771,27.0650310650311,388.092403276574,1,0,0.0703978089358921,0.808260885225648,0.944723055803905,0.0560781301600389,3548,18944.9512616365,2603,17509.1501264487,5.34222009248784,29.6983407750354,188195,1094830.13109249,188195,1094830.13109249,534660,3592298.20301131,159030,837720.078255998,455050,2829417.67065138,0.5656735,0
sb_cf,fixed_packet,15,15,6,1140,NaN,0,NaN,NaN,NaN,NaN,NaN,NaN,NaN,NaN,NaN,NaN,NaN,NaN,NaN,NaN,NaN,NaN,NaN,NaN,NaN,NaN,NaN,NaN,NaN,NaN,NaN,NaN,NaN,NaN,NaN,NaN,NaN,NaN,NaN,NaN,NaN,NaN,NaN,NaN,NaN,NaN,NaN,NaN,NaN,NaN,NaN,NaN,NaN,NaN,NaN,NaN,NaN,NaN,NaN,NaN,NaN,NaN,NaN,NaN,NaN,NaN,NaN,NaN,NaN,NaN,NaN,NaN,NaN,NaN,NaN,NaN,NaN,NaN,NaN,NaN,NaN,NaN,NaN,NaN,NaN,NaN,NaN,NaN,NaN,NaN,NaN,NaN,6.0614739,0
sb_cb,fixed_packet,15,15,6,1140,NaN,0,NaN,NaN,NaN,NaN,NaN,NaN,NaN,NaN,NaN,NaN,NaN,NaN,NaN,NaN,NaN,NaN,NaN,NaN,NaN,NaN,NaN,NaN,NaN,NaN,NaN,NaN,NaN,NaN,NaN,NaN,NaN,NaN,NaN,NaN,NaN,NaN,NaN,NaN,NaN,NaN,NaN,NaN,NaN,NaN,NaN,NaN,NaN,NaN,NaN,NaN,NaN,NaN,NaN,NaN,NaN,NaN,NaN,NaN,NaN,NaN,NaN,NaN,NaN,NaN,NaN,NaN,NaN,NaN,NaN,NaN,NaN,NaN,NaN,NaN,NaN,NaN,NaN,NaN,NaN,NaN,NaN,NaN,NaN,NaN,NaN,NaN,345.0209935,0
s7_clean,fixed_packet,15,15,6,1140,0.2,1,603.5,95.2965355213102,603.5,95.2965355213102,0,0,0,0,5839.02673991366,9675.96543546642,606.090053438636,3505.47712922165,5232.93668647503,6170.48830624477,5839.02673991366,9675.96543546642,3029.5,3818.2145232205,20889.575,51996.0133662556,41861.52,150053.67070776,3029.5,3818.2145232205,20889.575,51996.0133662556,41861.52,150053.67070776,3.85139198585222,1.16039251806532,65.5020650490449,117.750504964741,67.1460486714485,91.2468593188248,3661.67788804798,5430.4532771018,132.759292720702,529.877272341336,162,0,1140,0,0,0,603.5,95.2965355213102,607,38.1186142085241,3621,571.779213127861,3642,228.711685251145,NaN,NaN,0.6914845,0.0418351790938549,3.578346,5.72959619547852,2.8868615,5.68776101638466,0.6914845,0.0418351790938549,3.33908733908734,14.9260444544478,1,0,0.0166363632973379,0.199855945538834,0.948763279803173,0.0112157801114828,1441.5,425.657858661852,496.5,2052.05206489221,1.81950180691791,3.2708473601317,44572.5,24414.9724005597,17860.5,15609.5725183906,44572.5,24414.9724005597,12820.5,41225.2812665188,31815,122475.107451988,10.2175053,0
s7_busy,fixed_packet,15,15,6,1140,0.1,0,603.5,95.2965355213102,603.5,95.2965355213102,0,0,0,0,NaN,NaN,NaN,NaN,NaN,NaN,523351.054486264,245071.148258167,NaN,NaN,NaN,NaN,NaN,NaN,487896.25,327899.495972908,1041645.35,476604.021861783,1203978.01,824920.737039109,NaN,NaN,NaN,NaN,NaN,NaN,NaN,NaN,NaN,NaN,NaN,NaN,NaN,NaN,NaN,NaN,603.5,95.2965355213102,336.5,44.4717165766114,3621,571.779213127861,2019,266.830299459669,NaN,NaN,0.3830095,0.0548717451531705,177.3434695,117.84197413491,176.96046,117.787102389757,0.3830095,0.0548717451531705,277.776445776446,365.952785055731,1,0,NaN,NaN,0.911870280239921,0.245789198840958,24230,7255.24290435575,21438,19961.4476405304,36.4959152121618,27.4711017326483,1739556,437068.030514937,442386,20812.7633578541,1739556,437068.030514937,260214,41129.9847309975,1059496.5,312515.458588585,22.3072646,0
sf_cf,fixed_payload,5,5,1,190,0.5,1,199.5,209.652378146882,199.5,209.652378146882,0,0,0,0,517.685185185185,161.180560079253,0,0,517.685185185185,161.180560079253,517.685185185185,161.180560079253,390,63.5310236808735,1186.25,733.783323514087,2227.6,6285.75948298569,390,63.5310236808735,1186.25,733.783323514087,2227.6,6285.75948298569,96.1623406193078,29.3498285629537,0,0,209.65467516697,93.2617683694183,0,0,21.8681693989071,225.092499885718,0,0,190,0,0,0,199.5,209.652378146882,199.5,209.652378146882,199.5,209.652378146882,199.5,209.652378146882,NaN,NaN,0.037905,0.0398339518479077,0.1034875,0.140689451941294,0.0609275,0.0513648326459862,0.04256,0.0893246192953081,-0.051954051954052,0.295572030144926,1,0,6.05699537701399e-17,7.69614233464034e-16,0.834545017314352,0.325685107353643,263,381.186142085241,24.5,260.477197091581,1.1150956284153,1.18469736781957,2280,21727.6100988587,2280,21727.6100988587,5035,49490.6674474004,2090,21727.6100988587,4655,49490.6674474004,0.6566802,0
sf_cb,fixed_payload,5,5,1,190,0.5,1,199.5,209.652378146882,199.5,209.652378146882,0,0,0,0,685.939587128112,9.58558554019216,0,0,685.939587128112,9.58558554019216,685.939587128112,9.58558554019216,588.75,142.944803281965,1282.875,112.767567033552,1778.6,721.712429014728,588.75,142.944803281965,1282.875,112.767567033552,1778.6,721.712429014728,103.552671523983,8.66945814953022,0,0,191.636687917426,31.9728459341129,9.71197632058288,44.2489529689872,1.03825136612022,13.1922344255366,190,0,190,0,0,0,199.5,209.652378146882,199.5,209.652378146882,199.5,209.652378146882,199.5,209.652378146882,NaN,NaN,0.037905,0.0398339518479077,0.1368325,0.141896541391231,0.0989275,0.102062589543323,0.037905,0.0398339518479077,-0.030978030978031,0.0395671611156099,1,0,0,0,0.834545017314352,0.325685107353643,242.5,44.4717165766114,1,12.7062047361747,1.00546448087432,0.069432812765982,570,7242.53669961958,570,7242.53669961958,1140,14485.0733992392,95,1207.0894499366,190,2414.17889987319,0.4129407,0
sb_cf,fixed_payload,5,5,1,190,NaN,0,NaN,NaN,NaN,NaN,NaN,NaN,NaN,NaN,NaN,NaN,NaN,NaN,NaN,NaN,NaN,NaN,NaN,NaN,NaN,NaN,NaN,NaN,NaN,NaN,NaN,NaN,NaN,NaN,NaN,NaN,NaN,NaN,NaN,NaN,NaN,NaN,NaN,NaN,NaN,NaN,NaN,NaN,NaN,NaN,NaN,NaN,NaN,NaN,NaN,NaN,NaN,NaN,NaN,NaN,NaN,NaN,NaN,NaN,NaN,NaN,NaN,NaN,NaN,NaN,NaN,NaN,NaN,NaN,NaN,NaN,NaN,NaN,NaN,NaN,NaN,NaN,NaN,NaN,NaN,NaN,NaN,NaN,NaN,NaN,NaN,NaN,15.8365688,0
sb_cb,fixed_payload,5,5,1,190,1,0.5,199.5,209.652378146882,185,393.892346821416,14.5,184.239968674533,14.5,184.239968674533,NaN,NaN,NaN,NaN,NaN,NaN,1368.85251322751,11967.4885143933,NaN,NaN,NaN,NaN,NaN,NaN,395,0,1213.74999999999,7690.4304165696,24789.9,299786.382683885,NaN,NaN,NaN,NaN,NaN,NaN,NaN,NaN,NaN,NaN,NaN,NaN,NaN,NaN,NaN,NaN,199.5,209.652378146882,185,393.892346821416,199.5,209.652378146882,185,393.892346821416,NaN,NaN,0.03515,0.0748395458960689,2.099975,25.5108190280311,2.061785,25.5566884271287,0.03819,0.0458693990975906,20.5243945243945,260.574304358385,0.920765027322404,1.00677578510674,NaN,NaN,0.808213495575221,0.660258813586069,55032,695880.714786079,707.5,8760.92816559245,5.57738095238095,57.1022891417375,1098870,13948998.6214199,210117.5,2657343.89301174,1098870,13948998.6214199,35087.5,433631.002133802,148840,1877977.06000662,24.9960357,0
s7_clean,fixed_payload,5,5,1,190,1,1,199.5,209.652378146882,192,304.948913668193,7.5,95.2965355213102,7.5,95.2965355213102,410.272817460317,12.1137527296268,0,0,410.272817460317,12.1137527296268,410.272817460317,12.1137527296268,392.5,6.35310236808735,538.85,741.407046355792,705.15,570.127406512159,392.5,6.35310236808735,538.85,741.407046355792,705.15,570.127406512159,3.91865079365079,2.44544019723997,36,0,0,0,18.3541666666667,14.5591929268668,0,0,162,0,190,0,0,0,199.5,209.652378146882,192,304.948913668193,199.5,209.652378146882,192,304.948913668193,NaN,NaN,0.03648,0.0579402935969566,1.993382,24.204926130066,1.956902,24.2628664236629,0.03648,0.0579402935969566,12.3041943041943,156.240350972107,0.959016393442623,0.520746095744864,0.490347919818259,6.23046106116817,0.830088495575221,0.382310584982247,29149,367247.435489657,0,0,1,0,1821960,23150196.7811208,235651.5,2994236.20538667,1821960,23150196.7811208,76546.5,972615.500837596,390015,4955610.44017917,6.7066827,0
s7_busy,fixed_payload,5,5,1,190,0.5,1,199.5,209.652378146882,199.5,209.652378146882,0,0,0,0,1283.72973588342,618.817050742948,1.97685185185185,25.1182843627157,1281.75288403157,643.935335105664,1283.72973588342,618.817050742948,943,266.830299459669,3327.1,4126.97529830954,5213.725,16964.8798465747,943,266.830299459669,3327.1,4126.97529830954,5213.725,16964.8798465747,3.88847146326655,2.88772996982962,67.0546448087432,30.3421391787341,17.2984972677596,23.910924896285,701.765368852459,456.030374696171,139.745901639344,136.539626304304,162,0,190,0,0,0,199.5,209.652378146882,199,216.00548051497,199.5,209.652378146882,199,216.00548051497,NaN,NaN,0.03781,0.0410410412978443,0.25491,0.150644763352087,0.2171,0.109603722054243,0.03781,0.0410410412978443,-0.0494580494580496,0.262485039924938,1,0,0.00160663885391719,0.0204142822149649,0.835225481876591,0.317038985310117,444,177.886866306446,171,12.7062047361747,1.86262902246509,0.84283719940928,118408.5,10006.1362297376,54400.5,8405.15443297956,118408.5,10006.1362297376,45958.5,7604.66353460056,100012.5,10806.6271281166,38.5876825,0
sf_cf,fixed_payload,5,2.5,2,380,0.5,1,98.5,146.121354466009,98.5,146.121354466009,0,0,0,0,997.128787878788,69.4028304150153,0,0,997.128787878788,69.4028304150153,997.128787878788,69.4028304150153,770,254.124094723494,2472.625,2511.06371098652,3786.95,2045.0636522873,770,254.124094723494,2472.625,2511.06371098652,3786.95,2045.0636522873,193.748432601881,37.8099211467517,0,0,399.198537095089,200.046381149367,0,0,24.1818181818182,307.259132711134,0,0,380,0,0,0,98.5,146.121354466009,98.5,146.121354466009,197,292.242708932018,197,292.242708932018,NaN,NaN,0.03743,0.0555261146970834,0.09828,0.152537987857777,0.05819,0.0632133685624691,0.04009,0.0893246192953081,0.141120141120141,1.56621918681902,1,0,8.04276314564732e-17,1.02192995173155e-15,0.771161686896981,0.369786940357253,125,241.417889987319,7,88.9434331532229,1.06363636363636,0.808576665029298,1710,21727.6100988587,1710,21727.6100988587,3420,43455.2201977175,1330,16899.2522991123,2660,33798.5045982247,0.4599516,0
sf_cb,fixed_payload,5,2.5,2,380,0.5,1,98.5,146.121354466009,98.5,146.121354466009,0,0,0,0,893.581765935214,2.4263938511345,0,0,893.581765935214,2.4263938511345,893.581765935214,2.4263938511345,783.75,270.006850643712,1470.875,52.4130945367235,2096.025,2591.74811106124,783.75,270.006850643712,1470.875,52.4130945367235,2096.025,2591.74811106124,109.251044932079,26.2654644925158,0,0,200.055903866249,149.719454239785,10.8202716823406,81.9862217825274,3.45454545454545,43.8941618158762,190,0,380,0,0,0,98.5,146.121354466009,98.5,146.121354466009,197,292.242708932018,197,292.242708932018,NaN,NaN,0.03743,0.0555261146970834,0.08802,0.130810377758918,0.05059,0.0752842630618351,0.03743,0.0555261146970834,0.0306420306420306,0.303195760610361,1,0,0,0,0.771161686896981,0.369786940357253,118,152.474456834096,2,25.4124094723494,1.01818181818182,0.231021904294085,190,2414.17889987319,190,2414.17889987319,380,4828.35779974638,190,2414.17889987319,380,4828.35779974638,0.3236551,0
sb_cf,fixed_payload,5,2.5,2,380,0.05,0,98.5,146.121354466009,21,127.062047361747,77.5,273.183401827756,77.5,273.183401827756,NaN,NaN,NaN,NaN,NaN,NaN,510.029325513196,369.262430895869,NaN,NaN,NaN,NaN,NaN,NaN,470,127.062047361747,955.375,3209.90497147613,972.5,3398.90976692673,NaN,NaN,NaN,NaN,NaN,NaN,NaN,NaN,NaN,NaN,NaN,NaN,NaN,NaN,NaN,NaN,98.5,146.121354466009,21,127.062047361747,197,292.242708932018,42,254.124094723494,NaN,NaN,0.00798,0.0482835779974638,26.87795,116.808457794772,19.8255775,95.0255439397994,7.0523725,21.7829138549729,102.941016941017,198.975934469151,0.22816091954023,1.62843888285457,NaN,NaN,0.371931260229133,1.76919863818341,49835,77126.6627485804,0.5,6.35310236808735,1.04545454545455,0.577554760735213,18920277.5,29356955.4361593,1780642.5,1846116.25163066,18920277.5,29356955.4361593,765927.5,1663972.8067376,7044392.5,21831197.4329704,16.984396,0
sb_cb,fixed_payload,5,2.5,2,380,1,1,98.5,146.121354466009,98.5,146.121354466009,0,0,0,0,602.46368861024,74.3883893266491,0,0,602.46368861024,74.3883893266491,602.46368861024,74.3883893266491,585,0,700,1461.21354466009,1124.1,128.332667835353,585,0,700,1461.21354466009,1124.1,128.332667835353,0,0,15.2225705329154,0.637301804949204,0,0,16.0240334378265,73.6216355925691,1.21708463949843,0.129451929130307,190,0,380,0,0,0,98.5,146.121354466009,98.5,146.121354466009,197,292.242708932018,197,292.242708932018,NaN,NaN,0.03743,0.0555261146970834,0.05941,0.0953600665449911,0.02198,0.0398339518479077,0.03743,0.0555261146970834,0.0502860502860503,0.413892326968481,1,0,0,0,0.771161686896981,0.369786940357253,118,139.768252097922,1.5,6.35310236808735,1.01483803552769,0.0424867869966121,40,254.124094723494,40,254.124094723494,40,254.124094723494,30,127.062047361747,30,127.062047361747,13.3587254,0
s7_clean,fixed_payload,5,2.5,2,380,0.5,1,98.5,146.121354466009,98.5,146.121354466009,0,0,0,0,608.306739811912,85.3924671587713,0,0,608.306739811912,85.3924671587713,608.306739811912,85.3924671587713,587.75,22.2358582883057,720.5,1251.56116651321,1134.335,18.6145899385064,587.75,22.2358582883057,720.5,1251.56116651321,1134.335,18.6145899385064,3.7858934169279,3.41354779275916,36,0,8.79310344827586,2.62886994541545,17.7277429467085,79.3500494205969,0,0,162,0,380,0,0,0,98.5,146.121354466009,98.5,146.121354466009,197,292.242708932018,197,292.242708932018,NaN,NaN,0.03743,0.0555261146970834,0.0599955,0.0972977627672577,0.0225655,0.0417716480701743,0.03743,0.0555261146970834,0.0502860502860503,0.413892326968481,1,0,1.68855198939851e-16,4.60939073836406e-16,0.771161686896981,0.369786940357253,116,127.062047361747,0,0,1,0,0,0,0,0,0,0,0,0,0,0,4.8568374,0
s7_busy,fixed_payload,5,2.5,2,380,0.5,1,98.5,146.121354466009,98.5,146.121354466009,0,0,0,0,1636.89529780564,1076.5063101025,0,0,1636.89529780564,1076.5063101025,1636.89529780564,1076.5063101025,1284.25,270.006850643712,3942.2,9082.39514541769,4972.19,11389.9689875544,1284.25,270.006850643712,3942.2,9082.39514541769,4972.19,11389.9689875544,3.7858934169279,3.41354779275916,59.2532915360502,74.6360076321133,16.1473354231975,2.74836403384342,911.068965517241,659.846356299279,104.639811912226,335.86203434451,162,0,380,0,0,0,98.5,146.121354466009,98,139.768252097922,197,292.242708932018,196,279.536504195843,NaN,NaN,0.03724,0.0531119357972102,0.1606475,0.32538684398633,0.1234075,0.27227490818912,0.03724,0.0531119357972102,0.24960624960625,1.49783432454407,1,0,0.00838093806374019,0.106489914919082,0.773502311493703,0.399527395693732,191,406.59855155759,65.5,298.595811300105,1.64592476489028,2.07322243422537,74056.5,14809.0816200116,34272,7204.41808541105,74056.5,14809.0816200116,28633.5,10006.1362297376,61803,19211.7815610961,24.4127481,0
sf_cf,fixed_payload,5,1.66666666666667,3,570,0.5,1,67,127.062047361747,67,127.062047361747,0,0,0,0,1327.68910913648,1077.06725348787,0,0,1327.68910913648,1077.06725348787,1327.68910913648,1077.06725348787,1125,254.124094723494,2590.75,1972.63828529114,4295.725,4859.17034623156,1125,254.124094723494,2590.75,1972.63828529114,4295.725,4859.17034623156,265.221576668945,289.262294765718,0,0,472.467532467532,1112.2054535301,0,0,20,254.124094723494,0,0,570,0,0,0,67,127.062047361747,67,127.062047361747,201,381.186142085241,201,381.186142085241,NaN,NaN,0.03819,0.0724253669961958,0.0881075,0.0965353904830872,0.0487775,0.0385950968861307,0.03933,0.0579402935969566,0.114648114648115,0.573609480219351,1,0,0,0,0.702849141604773,0.930068505085818,80,127.062047361747,2,25.4124094723494,1.03508771929825,0.445831745128937,570,7242.53669961958,570,7242.53669961958,1140,14485.0733992392,570,7242.53669961958,1140,14485.0733992392,0.4278003,0
sf_cb,fixed_payload,5,1.66666666666667,3,570,1,1,67,127.062047361747,67,127.062047361747,0,0,0,0,873.793005240374,144.048526352293,0,0,873.793005240374,144.048526352293,873.793005240374,144.048526352293,862.5,95.2965355213102,1017.75,987.90741823758,1360.35,1323.3512232726,862.5,95.2965355213102,1017.75,987.90741823758,1360.35,1323.3512232726,113.793005240374,144.048526352293,0,0,0,0,0,0,0,0,190,0,570,0,0,0,67,127.062047361747,67,127.062047361747,201,381.186142085241,201,381.186142085241,NaN,NaN,0.03819,0.0724253669961958,0.0586575,0.120677179481819,0.0204675,0.0482518124856233,0.03819,0.0724253669961958,0.0766680766680767,0.719527681327782,1,0,7.05745921878278e-17,8.96735217510575e-16,0.702849141604773,0.930068505085818,78,152.474456834096,0,0,1,0,0,0,0,0,0,0,0,0,0,0,0.2554243,0
sb_cf,fixed_payload,5,1.66666666666667,3,570,NaN,0,NaN,NaN,NaN,NaN,NaN,NaN,NaN,NaN,NaN,NaN,NaN,NaN,NaN,NaN,NaN,NaN,NaN,NaN,NaN,NaN,NaN,NaN,NaN,NaN,NaN,NaN,NaN,NaN,NaN,NaN,NaN,NaN,NaN,NaN,NaN,NaN,NaN,NaN,NaN,NaN,NaN,NaN,NaN,NaN,NaN,NaN,NaN,NaN,NaN,NaN,NaN,NaN,NaN,NaN,NaN,NaN,NaN,NaN,NaN,NaN,NaN,NaN,NaN,NaN,NaN,NaN,NaN,NaN,NaN,NaN,NaN,NaN,NaN,NaN,NaN,NaN,NaN,NaN,NaN,NaN,NaN,NaN,NaN,NaN,NaN,NaN,5.2397995,0
sb_cb,fixed_payload,5,1.66666666666667,3,570,1,1,67,127.062047361747,67,127.062047361747,0,0,0,0,792.024379129642,88.1386200029255,0,0,792.024379129642,88.1386200029255,792.024379129642,88.1386200029255,775,0,867.625,1053.02671751047,1308.325,486.9652965139,775,0,867.625,1053.02671751047,1308.325,486.9652965139,0,0,15,0,0,0,17.0243791296423,88.1386200029252,0,0,190,0,570,0,0,0,67,127.062047361747,67,127.062047361747,201,381.186142085241,201,381.186142085241,NaN,NaN,0.03819,0.0724253669961958,0.053135,0.106541526712825,0.014945,0.0341161597166291,0.03819,0.0724253669961958,0.0647940647940648,0.423955651182856,1,0,0,0,0.702849141604773,0.930068505085818,78,152.474456834096,0,0,1,0,0,0,0,0,0,0,0,0,0,0,12.2027712,0
s7_clean,fixed_payload,5,1.66666666666667,3,570,1,1,67,127.062047361747,67,127.062047361747,0,0,0,0,788.749601275917,88.6597220426863,0,0,788.749601275917,88.6597220426863,788.749601275917,88.6597220426863,772,0,864.475,1033.3321001694,1303.355,498.273818729094,772,0,864.475,1033.3321001694,1303.355,498.273818729094,3.77489177489177,1.37513038270289,36,0,0,0,16.9747095010253,87.2845916599834,0,0,162,0,570,0,0,0,67,127.062047361747,67,127.062047361747,201,381.186142085241,201,381.186142085241,NaN,NaN,0.03819,0.0724253669961958,0.052916,0.10616034057074,0.014726,0.0337349735745438,0.03819,0.0724253669961958,0.0647940647940648,0.423955651182856,1,0,7.78583728361934e-17,9.89284425682096e-16,0.702849141604773,0.930068505085818,78,152.474456834096,0,0,1,0,0,0,0,0,0,0,0,0,0,0,3.6179673,0
s7_busy,fixed_payload,5,1.66666666666667,3,570,0.5,1,67,127.062047361747,67,127.062047361747,0,0,0,0,2248.75917065391,1340.33234649218,0,0,2248.75917065391,1340.33234649218,2248.75917065391,1340.33234649218,2026.5,222.358582883057,5302.775,7561.78009361598,7692.265,9160.22064942672,2026.5,222.358582883057,5302.775,7561.78009361598,7692.265,9160.22064942672,3.77489177489177,1.37513038270289,61.4887218045113,2.86606121868603,17.3838004101162,21.8732581189719,1319.41250854409,1335.59755545868,114.699248120301,12.897275484087,162,0,570,0,0,0,67,127.062047361747,67,127.062047361747,201,381.186142085241,201,381.186142085241,NaN,NaN,0.03819,0.0724253669961958,0.149612,0.195929677031814,0.111422,0.123504310035618,0.03819,0.0724253669961958,0.217674217674218,1.39735355700963,1,0,0,0,0.702849141604773,0.930068505085818,133.5,235.064787619232,47.5,95.2965355213102,1.70802005012531,0.0796128116301669,54967.5,14008.5907216326,25641,4002.45449189503,54967.5,14008.5907216326,22018.5,400.245449189503,47187,3201.96359351602,18.4830251,0
sf_cf,fixed_payload,5,1.25,4,760,0.5,1,48.5,82.5903307851355,48.5,82.5903307851355,0,0,0,0,2006.920995671,1650.50024183914,0,0,2006.920995671,1650.50024183914,2006.920995671,1650.50024183914,1642.5,2064.75826962839,4072.625,6208.56928921336,6605.87500000001,26757.678898792,1642.5,2064.75826962839,4072.625,6208.56928921336,6605.87500000001,26757.678898792,428.522727272727,241.129112606952,0,0,776.943722943723,1364.89941265558,0,0,41.4545454545455,526.729941790515,0,0,760,0,0,0,48.5,82.5903307851355,48.5,82.5903307851355,194,330.361323140542,194,330.361323140542,NaN,NaN,0.03686,0.062768651396703,0.09818,0.245801530621299,0.05904,0.154062732426118,0.03914,0.0917387981951813,0.26052026052026,3.59977305116923,1,0,0,0,0.609555592177543,0.911679263686804,59,114.355842625572,3,38.1186142085241,1.05454545454545,0.693065712882256,1140,14485.0733992392,1140,14485.0733992392,2280,28970.1467984783,1140,14485.0733992392,2280,28970.1467984783,0.3917581,0
sf_cb,fixed_payload,5,1.25,4,760,1,1,48.5,82.5903307851355,48.5,82.5903307851355,0,0,0,0,1063.78896103896,70.8329660130247,0,0,1063.78896103896,70.8329660130247,1063.78896103896,70.8329660130247,1056.25,79.4137796010918,1142.875,115.944118217594,1566.125,3762.62487749974,1056.25,79.4137796010918,1142.875,115.944118217594,1566.125,3762.62487749974,113.788961038961,70.8329660130258,0,0,0,0,0,0,0,0,190,0,760,0,0,0,48.5,82.5903307851355,48.5,82.5903307851355,194,330.361323140542,194,330.361323140542,NaN,NaN,0.03686,0.062768651396703,0.05163,0.0912940810294152,0.01477,0.0285254296327122,0.03686,0.062768651396703,0.0864660864660865,1.39262684412106,1,0,5.89891516101949e-17,7.49528237572386e-16,0.609555592177543,0.911679263686804,56,76.2372284170482,0,0,1,0,0,0,0,0,0,0,0,0,0,0,0.2350716,0
sb_cf,fixed_payload,5,1.25,4,760,NaN,0,NaN,NaN,NaN,NaN,NaN,NaN,NaN,NaN,NaN,NaN,NaN,NaN,NaN,NaN,NaN,NaN,NaN,NaN,NaN,NaN,NaN,NaN,NaN,NaN,NaN,NaN,NaN,NaN,NaN,NaN,NaN,NaN,NaN,NaN,NaN,NaN,NaN,NaN,NaN,NaN,NaN,NaN,NaN,NaN,NaN,NaN,NaN,NaN,NaN,NaN,NaN,NaN,NaN,NaN,NaN,NaN,NaN,NaN,NaN,NaN,NaN,NaN,NaN,NaN,NaN,NaN,NaN,NaN,NaN,NaN,NaN,NaN,NaN,NaN,NaN,NaN,NaN,NaN,NaN,NaN,NaN,NaN,NaN,NaN,NaN,NaN,3.7998219,0
sb_cb,fixed_payload,5,1.25,4,760,1,1,48.5,82.5903307851355,48.5,82.5903307851355,0,0,0,0,980.786796536797,72.0155781421507,0,0,980.786796536797,72.0155781421507,980.786796536797,72.0155781421507,965,0,1032.25,187.416519858575,1458.25,3471.97044415974,965,0,1032.25,187.416519858575,1458.25,3471.97044415974,0,0,15,0,0,0,15.7867965367965,72.0155781421503,0,0,190,0,760,0,0,0,48.5,82.5903307851355,48.5,82.5903307851355,194,330.361323140542,194,330.361323140542,NaN,NaN,0.03686,0.062768651396703,0.047605,0.0844962614955617,0.010745,0.0217276100988587,0.03686,0.062768651396703,0.0794820794820795,1.09255681300153,1,0,0,0,0.609555592177543,0.911679263686804,56,76.2372284170482,0,0,1,0,0,0,0,0,0,0,0,0,0,0,11.7075901,0
s7_clean,fixed_payload,5,1.25,4,760,1,1,48.5,82.5903307851355,48.5,82.5903307851355,0,0,0,0,977.436147186147,73.0056720176963,0,0,977.436147186147,73.0056720176963,977.436147186147,73.0056720176963,962,0,1031.5,184.239968674532,1453.675,3477.37058117262,962,0,1031.5,184.239968674532,1453.675,3477.37058117262,3.68225108225108,0.803076143498488,36,0,0,0,15.7538961038961,72.2025958741979,0,0,162,0,760,0,0,0,48.5,82.5903307851355,48.5,82.5903307851355,194,330.361323140542,194,330.361323140542,NaN,NaN,0.03686,0.062768651396703,0.047443,0.0842675498103106,0.010583,0.0214988984136076,0.03686,0.062768651396703,0.0798300798300798,1.08813504933158,1,0,0,0,0.609555592177543,0.911679263686804,56,76.2372284170482,0,0,1,0,0,0,0,0,0,0,0,0,0,0,3.5768136,0
s7_busy,fixed_payload,5,1.25,4,760,0.5,1,48.5,82.5903307851355,48.5,82.5903307851355,0,0,0,0,2803.62965367965,35.2610932732668,0,0,2803.62965367965,35.2610932732668,2803.62965367965,35.2610932732668,2071.25,4043.7496572876,7298.8,11242.4499505674,15192.25,73470.4523357463,2071.25,4043.7496572876,7298.8,11242.4499505674,15192.25,73470.4523357463,3.68225108225108,0.803076143498488,66.8337662337662,32.3760697303567,15.3292207792208,6.90590478193391,1657.03246753247,221.038457715661,138.751948051948,145.692313786606,162,0,760,0,0,0,48.5,82.5903307851355,48.5,82.5903307851355,194,330.361323140542,194,330.361323140542,NaN,NaN,0.03686,0.062768651396703,0.135958,0.229842537472664,0.099098,0.167073886075961,0.03686,0.062768651396703,0.480480480480481,4.08509973259884,1,0,0,0,0.609555592177543,0.911679263686804,103.5,171.533763938358,42,114.355842625572,1.85649350649351,0.899335270287689,43596,61637.7991751834,20317.5,27616.9359940757,43596,61637.7991751834,16915.5,21213.0088070437,36351,48829.9448011194,14.03565,0
sf_cf,fixed_payload,5,1,5,950,1,0.5,37.5,31.7655118404367,25,127.062047361747,12.5,158.827559202184,12.5,158.827559202184,NaN,NaN,NaN,NaN,NaN,NaN,1505,355.773732612891,NaN,NaN,NaN,NaN,NaN,NaN,1595,889.434331532229,1774.375,1024.43775685408,1777.5,1048.26189073441,NaN,NaN,NaN,NaN,NaN,NaN,NaN,NaN,NaN,NaN,NaN,NaN,NaN,NaN,NaN,NaN,37.5,31.7655118404367,25,127.062047361747,187.5,158.827559202184,125,635.310236808735,NaN,NaN,0.02375,0.12070894499366,2.1351325,26.4476792687411,0.1471825,1.61086087094039,1.98795,24.8368183978007,19.2614532614533,244.872774040993,0.6875,3.97068898005459,NaN,NaN,0.391081871345029,1.20746097639087,12627.5,159913.939707127,0,0,1,0,728175,9252340.63376401,728175,9252340.63376401,11956700,151924278.16902,228550,2904003.09245273,1964200,24957527.3427943,0.3665749,0
sf_cb,fixed_payload,5,1,5,950,1,1,37.5,31.7655118404367,37.5,31.7655118404367,0,0,0,0,1263.76785714286,234.837891106086,0,0,1263.76785714286,234.837891106086,1263.76785714286,234.837891106086,1257.5,95.2965355213102,1468.75,1890.04795450599,1792.5,6003.68173784254,1257.5,95.2965355213102,1468.75,1890.04795450599,1792.5,6003.68173784254,123.767857142857,234.837891106086,0,0,0,0,0,0,0,0,190,0,950,0,0,0,37.5,31.7655118404367,37.5,31.7655118404367,187.5,158.827559202184,187.5,158.827559202184,NaN,NaN,0.035625,0.0301772362484149,0.0474375,0.048950653746113,0.0118125,0.0187734174976982,0.035625,0.0301772362484149,0.0656220656220656,0.920412979092002,1,0,6.76437307848238e-17,8.59495092470655e-16,0.520833333333333,0.44118766445051,44,25.4124094723494,0,0,1,0,0,0,0,0,0,0,0,0,0,0,0.2791598,0
sb_cf,fixed_payload,5,1,5,950,NaN,0,NaN,NaN,NaN,NaN,NaN,NaN,NaN,NaN,NaN,NaN,NaN,NaN,NaN,NaN,NaN,NaN,NaN,NaN,NaN,NaN,NaN,NaN,NaN,NaN,NaN,NaN,NaN,NaN,NaN,NaN,NaN,NaN,NaN,NaN,NaN,NaN,NaN,NaN,NaN,NaN,NaN,NaN,NaN,NaN,NaN,NaN,NaN,NaN,NaN,NaN,NaN,NaN,NaN,NaN,NaN,NaN,NaN,NaN,NaN,NaN,NaN,NaN,NaN,NaN,NaN,NaN,NaN,NaN,NaN,NaN,NaN,NaN,NaN,NaN,NaN,NaN,NaN,NaN,NaN,NaN,NaN,NaN,NaN,NaN,NaN,NaN,3.6699576,0
sb_cb,fixed_payload,5,1,5,950,1,1,37.5,31.7655118404367,37.5,31.7655118404367,0,0,0,0,1175.4375,259.68305929557,0,0,1175.4375,259.68305929557,1175.4375,259.68305929557,1155,0,1318.75,2080.64102554861,1645,6226.0403207256,1155,0,1318.75,2080.64102554861,1645,6226.0403207256,0,0,15,0,0,0,20.4375,259.68305929557,0,0,190,0,950,0,0,0,37.5,31.7655118404367,37.5,31.7655118404367,187.5,158.827559202184,187.5,158.827559202184,NaN,NaN,0.035625,0.0301772362484149,0.04413,0.0470764885475272,0.008505,0.0168992522991124,0.035625,0.0301772362484149,0.0610800610800611,0.878101275008836,1,0,1.58353755577896e-16,1.68926779082727e-16,0.520833333333333,0.44118766445051,44,25.4124094723494,0,0,1,0,0,0,0,0,0,0,0,0,0,0,11.3081744,0
s7_clean,fixed_payload,5,1,5,950,1,1,37.5,31.7655118404367,37.5,31.7655118404367,0,0,0,0,1171.91964285714,256.733404624672,0,0,1171.91964285714,256.733404624672,1171.91964285714,256.733404624672,1151.75,3.17655118404367,1315,2020.28655305178,1643,6187.92170651708,1151.75,3.17655118404367,1315,2020.28655305178,1643,6187.92170651708,3.66964285714286,0.567241282864943,36,0,0,0,20.25,257.300645907538,0,0,162,0,950,0,0,0,37.5,31.7655118404367,37.5,31.7655118404367,187.5,158.827559202184,187.5,158.827559202184,NaN,NaN,0.035625,0.0301772362484149,0.0439975,0.0468541299646442,0.0083725,0.0166768937162293,0.035625,0.0301772362484149,0.0610800610800611,0.878101275008836,1,0,0,0,0.520833333333333,0.44118766445051,44,25.4124094723494,0,0,1,0,0,0,0,0,0,0,0,0,0,0,3.693218,0
s7_busy,fixed_payload,5,1,5,950,0.5,1,37.5,31.7655118404367,37.5,31.7655118404367,0,0,0,0,3183.99821428571,2399.2717989595,0,0,3183.99821428571,2399.2717989595,3183.99821428571,2399.2717989595,2510.5,1060.96809547059,6249.5,9707.54041843747,9630.5,8239.97377140929,2510.5,1060.96809547059,6249.5,9707.54041843747,9630.5,8239.97377140929,3.66964285714286,0.567241282864943,60.5571428571428,76.7817800485985,16.4892857142857,9.39351564424343,1880.775,1986.93276561932,110.507142857143,345.518010218693,162,0,950,0,0,0,37.5,31.7655118404367,37.5,31.7655118404367,187.5,158.827559202184,187.5,158.827559202184,NaN,NaN,0.035625,0.0301772362484149,0.119872,0.191114025436804,0.084247,0.160936789188389,0.035625,0.0301772362484149,0.142506142506142,0.7014594401247,1,0,6.61912402238577e-17,8.41039450025658e-16,0.520833333333333,0.44118766445051,73.5,108.002740257485,26,101.649637889398,1.68214285714286,2.13282722357218,38052,20012.2724594751,17734.5,7604.66353460056,38052,20012.2724594751,14836.5,6804.17263622155,31846.5,18811.5361119066,12.8216731,0
sf_cf,fixed_payload,5,0.833333333333333,6,1140,0.5,1,32.5,6.35310236808735,32.5,6.35310236808735,0,0,0,0,3325.41666666667,4801.88653987935,0,0,3325.41666666667,4801.88653987935,3325.41666666667,4801.88653987935,2742.5,1429.44803281965,8581.5,18074.5762372085,9685,16772.1902517506,2742.5,1429.44803281965,8581.5,18074.5762372085,9685,16772.1902517506,559.081439393939,885.704290369147,0,0,1419.0625,1282.53254055763,0,0,207.272727272727,2633.64970895257,0,0,1140,0,0,0,32.5,6.35310236808735,32.5,6.35310236808735,195,38.1186142085241,195,38.1186142085241,NaN,NaN,0.03705,0.00724253669961959,0.108265,0.177188025045956,0.064375,0.0830350479509016,0.04389,0.0941529770950545,0.189144189144189,1.94618591321632,1,0,0,0,0.484537037037037,0.13294454955442,44,76.2372284170482,6,76.2372284170482,1.18181818181818,2.31021904294085,3420,43455.2201977175,3420,43455.2201977175,6840,86910.4403954349,3420,43455.2201977175,6840,86910.4403954349,0.366978,0
sf_cb,fixed_payload,5,0.833333333333333,6,1140,1,1,32.5,6.35310236808735,32.5,6.35310236808735,0,0,0,0,1468.6884469697,447.905749341007,0,0,1468.6884469697,447.905749341007,1468.6884469697,447.905749341007,1448.75,79.4137796010918,1821.125,3953.21794854235,2077.5,7210.77118777914,1448.75,79.4137796010918,1821.125,3953.21794854235,2077.5,7210.77118777914,138.688446969697,447.905749341007,0,0,0,0,0,0,0,0,190,0,1140,0,0,0,32.5,6.35310236808735,32.5,6.35310236808735,195,38.1186142085241,195,38.1186142085241,NaN,NaN,0.03705,0.00724253669961959,0.04775,0.0238876649040084,0.0107,0.0166451282043888,0.03705,0.00724253669961959,0.107034107034107,1.48273933822251,1,0,0,0,0.484537037037037,0.13294454955442,38,0,0,0,1,0,0,0,0,0,0,0,0,0,0,0,0.293826,0
sb_cf,fixed_payload,5,0.833333333333333,6,1140,NaN,0,NaN,NaN,NaN,NaN,NaN,NaN,NaN,NaN,NaN,NaN,NaN,NaN,NaN,NaN,NaN,NaN,NaN,NaN,NaN,NaN,NaN,NaN,NaN,NaN,NaN,NaN,NaN,NaN,NaN,NaN,NaN,NaN,NaN,NaN,NaN,NaN,NaN,NaN,NaN,NaN,NaN,NaN,NaN,NaN,NaN,NaN,NaN,NaN,NaN,NaN,NaN,NaN,NaN,NaN,NaN,NaN,NaN,NaN,NaN,NaN,NaN,NaN,NaN,NaN,NaN,NaN,NaN,NaN,NaN,NaN,NaN,NaN,NaN,NaN,NaN,NaN,NaN,NaN,NaN,NaN,NaN,NaN,NaN,NaN,NaN,NaN,6.9517578,0
sb_cb,fixed_payload,5,0.833333333333333,6,1140,1,1,32.5,6.35310236808735,32.5,6.35310236808735,0,0,0,0,1378.40909090909,424.502749140381,0,0,1378.40909090909,424.502749140381,1378.40909090909,424.502749140381,1345,0,1667.625,4099.33930300836,1930,7433.1297706622,1345,0,1667.625,4099.33930300836,1930,7433.1297706622,0,0,15,0,0,0,33.4090909090909,424.502749140382,0,0,190,0,1140,0,0,0,32.5,6.35310236808735,32.5,6.35310236808735,195,38.1186142085241,195,38.1186142085241,NaN,NaN,0.03705,0.00724253669961959,0.044815,0.0225535134067101,0.007765,0.0153109767070905,0.03705,0.00724253669961959,0.0909180909180909,1.3653338890548,1,0,8.06098269505951e-17,1.02424496498187e-15,0.484537037037037,0.13294454955442,38,0,0,0,1,0,0,0,0,0,0,0,0,0,0,0,12.5303326,0
s7_clean,fixed_payload,5,0.833333333333333,6,1140,1,1,32.5,6.35310236808735,32.5,6.35310236808735,0,0,0,0,1374.76893939394,419.545404110738,0,0,1374.76893939394,419.545404110738,1374.76893939394,419.545404110738,1341.25,3.17655118404367,1663.55,4034.85531397227,1927.5,7388.65805408559,1341.25,3.17655118404367,1663.55,4034.85531397227,1927.5,7388.65805408559,3.63257575757576,1.49201646523263,36,0,0,0,33.1363636363636,421.037420575971,0,0,162,0,1140,0,0,0,32.5,6.35310236808735,32.5,6.35310236808735,195,38.1186142085241,195,38.1186142085241,NaN,NaN,0.03705,0.00724253669961959,0.0446965,0.0223692734380355,0.0076465,0.0151267367384159,0.03705,0.00724253669961959,0.0909180909180909,1.3653338890548,1,0,8.08050808634622e-17,1.0267259011743e-15,0.484537037037037,0.13294454955442,38,0,0,0,1,0,0,0,0,0,0,0,0,0,0,0,4.2786249,0
s7_busy,fixed_payload,5,0.833333333333333,6,1140,0.5,1,32.5,6.35310236808735,32.5,6.35310236808735,0,0,0,0,3936.81581439394,1944.40428016476,0,0,3936.81581439394,1944.40428016476,3936.81581439394,1944.40428016476,3358,2503.12233302641,8061.575,2118.44198463877,15177,61243.906828362,3358,2503.12233302641,8061.575,2118.44198463877,15177,61243.906828362,3.63257575757576,1.49201646523263,66.4431818181818,15.1608124692994,15.7840909090909,0.433166070551411,2411.96164772727,2026.72989835123,136.994318181818,68.2236561118471,162,0,1140,0,0,0,32.5,6.35310236808735,32.5,6.35310236808735,195,38.1186142085241,195,38.1186142085241,NaN,NaN,0.03705,0.00724253669961959,0.12787,0.0381821452322049,0.09082,0.0454246819318245,0.03705,0.00724253669961959,0.516342516342516,6.92577794132468,1,0,5.55711680927981e-17,7.06098639215471e-16,0.484537037037037,0.13294454955442,70,0,27.5,19.059307104262,1.84564393939394,0.42113367970276,32980.5,10806.6271281166,15624,5603.43628865304,32980.5,10806.6271281166,12726,7204.41808541105,26901,15209.3270692011,13.2894049,0
sf_cf,fixed_payload,10,10,1,190,0.5,1,383,101.649637889398,383,101.649637889398,0,0,0,0,518.129514066496,37.4894783423033,1.40378516624041,12.1498614495166,516.725728900256,25.3396168927867,518.129514066496,37.4894783423033,402.5,95.2965355213102,1180.375,147.709630058027,1794.375,1516.80319038085,402.5,95.2965355213102,1180.375,147.709630058027,1794.375,1516.80319038085,93.4854219948849,23.9565578810946,0,0,214.127570332481,41.0719131507839,0,0,19.11273657289,8.22426162309742,0,0,190,0,0,0,383,101.649637889398,383,101.649637889398,383,101.649637889398,383,101.649637889398,NaN,NaN,0.07277,0.0193134311989855,0.19842,0.0383092072795667,0.118335,0.0202028655305178,0.080085,0.018106341749049,-0.203970203970204,1.87398918570865,1,0,7.10206382017577e-17,9.02402769485323e-16,0.908343678042838,0.00188206006096204,527,165.180661570271,38.5,6.35310236808735,1.10059335038363,0.0432855874899877,5795,1207.0894499366,5795,1207.0894499366,12445,8449.62614955617,3515,1207.0894499366,7315,1207.0894499366,0.8751282,0
sf_cb,fixed_payload,10,10,1,190,0.2,1,383,101.649637889398,383,101.649637889398,0,0,0,0,1442.76184143223,147.368577324767,17.823768115942,57.977123175902,1424.93807331628,89.3914541488649,1442.76184143223,147.368577324767,1112.5,476.482677606551,3596.125,3257.55323923679,5228.55,5164.43691501824,1112.5,476.482677606551,3596.125,3257.55323923679,5228.55,5164.43691501824,105.618243819267,52.7507892789629,0,0,842.282148337596,41.1954005625426,74.6005115089514,114.349343288111,22.4371696504689,68.9883007022587,190,0,190,0,0,0,383,101.649637889398,383,101.649637889398,383,101.649637889398,383,101.649637889398,NaN,NaN,0.07277,0.0193134311989855,0.552485,0.0902140536268403,0.479715,0.0709006224278548,0.07277,0.0193134311989855,-0.594798594798595,5.63020118602861,1,0,0,0,0.908343678042838,0.00188206006096204,513.5,120.70894499366,45,127.062047361747,1.11809036658142,0.363096319485572,4750,7242.53669961958,4750,7242.53669961958,9880,16899.2522991123,4085,10863.8050494294,8550,24141.7889987319,0.61925,0
sb_cf,fixed_payload,10,10,1,190,NaN,0,NaN,NaN,NaN,NaN,NaN,NaN,NaN,NaN,NaN,NaN,NaN,NaN,NaN,NaN,NaN,NaN,NaN,NaN,NaN,NaN,NaN,NaN,NaN,NaN,NaN,NaN,NaN,NaN,NaN,NaN,NaN,NaN,NaN,NaN,NaN,NaN,NaN,NaN,NaN,NaN,NaN,NaN,NaN,NaN,NaN,NaN,NaN,NaN,NaN,NaN,NaN,NaN,NaN,NaN,NaN,NaN,NaN,NaN,NaN,NaN,NaN,NaN,NaN,NaN,NaN,NaN,NaN,NaN,NaN,NaN,NaN,NaN,NaN,NaN,NaN,NaN,NaN,NaN,NaN,NaN,NaN,NaN,NaN,NaN,NaN,NaN,25.9543127,0
sb_cb,fixed_payload,10,10,1,190,0.1,1,383,101.649637889398,383,101.649637889398,0,0,0,0,496.227689684569,63.2051902294973,0.549872122762148,6.98678777053084,495.677817561807,56.2184024589666,496.227689684569,63.2051902294973,432.5,31.7655118404367,783.25,136.591700913877,1507.25,3491.02975126395,432.5,31.7655118404367,783.25,136.591700913877,1507.25,3491.02975126395,0,0,16.4390792838875,6.08727946593411,49.24968456948,28.0000123601391,34.0130093776641,7.11959089931641,15.9760443307758,85.250726252488,190,0,190,0,0,0,383,101.649637889398,383,101.649637889398,383,101.649637889398,383,101.649637889398,NaN,NaN,0.07277,0.0193134311989855,0.190095,0.0746489528250264,0.11647,0.0517142532762311,0.073625,0.0229346995487953,-0.123240123240123,1.58573593681054,1,0,7.08158790009413e-17,8.99801057158134e-16,0.908343678042838,0.00188206006096204,510,457.423370502289,37,165.180661570271,1.09593861892583,0.405818631062275,1960,11054.398120472,1810,9910.83969421626,1960,11054.398120472,1362.5,5495.43354839556,1475,6162.50929704473,118.2580252,0
s7_clean,fixed_payload,10,10,1,190,0.5,1,383,101.649637889398,383,101.649637889398,0,0,0,0,436.967918158568,5.89671889157891,0.493606138107417,6.27186064982536,436.47431202046,12.1685795414044,436.967918158568,5.89671889157891,401,0,691.55,29.2242708932012,915.964999999997,78.9690624352929,401,0,691.55,29.2242708932012,915.964999999997,78.9690624352929,4.15944757033248,0.108668922347234,36.0920716112532,1.1698807429726,9.26372378516624,3.96082623545758,34.5447468030691,22.4550809408638,0.414322250639386,5.26446334337673,162,0,190,0,0,0,383,101.649637889398,383,101.649637889398,383,101.649637889398,383,101.649637889398,NaN,NaN,0.07277,0.0193134311989855,0.167355,0.0421591873146277,0.094585,0.0228457561156421,0.07277,0.0193134311989855,-0.101142101142101,1.48212943978527,1,0,0,0,0.908343678042838,0.00188206006096204,463.5,209.652378146882,1,12.7062047361747,1.00255754475703,0.0324966873047952,126,0,63,0,126,0,31.5,400.245449189503,63,800.490898379006,6.7914276,0
s7_busy,fixed_payload,10,10,1,190,0.5,1,383,101.649637889398,383,101.649637889398,0,0,0,0,1515.17595907928,716.935415980917,14.1399761295823,137.209766241957,1501.0359829497,854.145182222874,1515.17595907928,716.935415980917,1092.5,412.951653925678,4114.725,5301.9815812873,6518.97,13224.363765316,1092.5,412.951653925678,4114.725,5301.9815812873,6518.97,13224.363765316,4.20891389599318,0.022271063032883,72.865104859335,40.2392180352858,18.8225984654731,7.23493247479025,887.246393861893,625.57227949098,165.892971867008,181.076481158786,162,0,190,0,0,0,383,101.649637889398,383,101.649637889398,383,101.649637889398,383,101.649637889398,NaN,NaN,0.07277,0.0193134311989855,0.579861,0.120569176741562,0.507091,0.139882607940547,0.07277,0.0193134311989855,-0.431484431484432,5.52446004447302,1,0,9.41904661597655e-17,1.19680334722172e-15,0.908343678042838,0.00188206006096204,953,381.186142085241,391.5,324.008220772455,2.02403069053708,1.11775605653572,143545.5,35621.8449778658,64732.5,16410.0634167696,143545.5,35621.8449778658,54054,4802.94539027404,119763,13608.3452724431,56.1829529,0
sf_cf,fixed_payload,10,5,2,380,0.5,1,189.5,158.827559202184,189.5,158.827559202184,0,0,0,0,1574.92937853107,5083.37922531283,36.2128712871287,460.128156659,1538.71650724394,4623.25106865383,1574.92937853107,5083.37922531283,845,190.59307104262,4871.87499999992,20661.877176611,16984.025,151378.86433072,845,190.59307104262,4871.87499999992,20661.877176611,16984.025,151378.86433072,177.846954186944,43.7115618546034,0,0,697.171505286122,2638.8243437362,0,0,283.698047770879,1940.71516306302,0,0,380,0,0,0,189.5,158.827559202184,189.5,158.827559202184,379,317.655118404367,379,317.655118404367,NaN,NaN,0.07201,0.0603544724968298,0.30345,1.21344255230468,0.17577,0.740263487929538,0.12768,0.473179064375146,-0.200406200406201,3.62729471814946,1,0,6.95715643956108e-17,8.83990541026592e-16,0.779665992240434,0.597131546915685,391.5,1302.38598545791,146.5,1086.38050494294,1.74657380992337,5.10714516595532,21090,108638.050494294,21090,108638.050494294,58710,412824.591878316,19570,108638.050494294,55670,412824.591878316,0.6139733,0
sf_cb,fixed_payload,10,5,2,380,0.5,1,189.5,158.827559202184,189.5,158.827559202184,0,0,0,0,962.831151759244,1411.40190996618,1.37376237623762,17.4553060113291,961.457389383006,1393.94660395485,962.831151759244,1411.40190996618,831.25,1032.37913481419,1716.5,3640.32765691405,3069.475,17398.9238003624,831.25,1032.37913481419,1716.5,3640.32765691405,3069.475,17398.9238003624,112.831641214969,117.815985893843,0,0,222.671029814846,756.110514090172,30.7632712423785,254.490134631707,25.1914471108128,265.529969339132,190,0,380,0,0,0,189.5,158.827559202184,189.5,158.827559202184,379,317.655118404367,379,317.655118404367,NaN,NaN,0.07201,0.0603544724968298,0.183845,0.42038478369634,0.111835,0.36003031119951,0.07201,0.0603544724968298,-0.0581640581640583,1.59259729422943,1,0,6.39735758438872e-17,8.12861352377631e-16,0.779665992240434,0.597131546915685,275.5,451.070268134202,26.5,285.889606563931,1.13258656374112,1.39752615441648,3420,21727.6100988587,3420,21727.6100988587,7315,44662.3096476541,2375,25348.8784486685,5035,54319.0252471468,0.4070232,0
sb_cf,fixed_payload,10,5,2,380,NaN,0,NaN,NaN,NaN,NaN,NaN,NaN,NaN,NaN,NaN,NaN,NaN,NaN,NaN,NaN,NaN,NaN,NaN,NaN,NaN,NaN,NaN,NaN,NaN,NaN,NaN,NaN,NaN,NaN,NaN,NaN,NaN,NaN,NaN,NaN,NaN,NaN,NaN,NaN,NaN,NaN,NaN,NaN,NaN,NaN,NaN,NaN,NaN,NaN,NaN,NaN,NaN,NaN,NaN,NaN,NaN,NaN,NaN,NaN,NaN,NaN,NaN,NaN,NaN,NaN,NaN,NaN,NaN,NaN,NaN,NaN,NaN,NaN,NaN,NaN,NaN,NaN,NaN,NaN,NaN,NaN,NaN,NaN,NaN,NaN,NaN,NaN,9.7319179,0
sb_cb,fixed_payload,10,5,2,380,1,0.5,189.5,158.827559202184,110,1168.97083572807,79.5,1010.14327652589,81,1029.20258363015,NaN,NaN,NaN,NaN,NaN,NaN,8682.15209020902,102239.955720822,NaN,NaN,NaN,NaN,NaN,NaN,796.25,2684.1857505169,55458.9999999999,692793.107035188,74248.5,927127.287882091,NaN,NaN,NaN,NaN,NaN,NaN,NaN,NaN,NaN,NaN,NaN,NaN,NaN,NaN,NaN,NaN,189.5,158.827559202184,110.5,1162.61773335998,379,317.655118404367,221,2325.23546671997,NaN,NaN,0.04199,0.441794738676794,38.78706,491.20472172412,38.71904,491.320602311314,0.06802,0.115880587193913,87.1477891477892,1107.07628391026,0.550847457627119,5.70702416116321,NaN,NaN,0.542259203519333,3.61367081016377,154364.5,1958032.50294689,608,7623.72284170482,34.5753575357536,426.112150910395,3106630,39466361.3448901,883587.5,11220436.4508619,3106630,39466361.3448901,377272.5,4787602.6480551,1245170,15814777.7248798,79.944712,0
s7_clean,fixed_payload,10,5,2,380,0.5,1,189.5,158.827559202184,189.5,158.827559202184,0,0,0,0,625.773200201376,115.350547191678,1.42574257425743,18.1157770495956,624.347457627119,97.2347701420823,625.773200201376,115.350547191678,589.25,15.8827559202184,930.85,146.756664702816,1159.04,147.900223129073,589.25,15.8827559202184,930.85,146.756664702816,1159.04,147.900223129073,4.18824467192482,1.69995330188208,36,0,9.1179308608827,4.72884469770959,33.0412820943111,94.2058787462551,0,0,162,0,380,0,0,0,189.5,158.827559202184,189.5,158.827559202184,379,317.655118404367,379,317.655118404367,NaN,NaN,0.07201,0.0603544724968298,0.1186975,0.121248958694947,0.0466875,0.0608944861981172,0.07201,0.0603544724968298,-0.0690780690780691,1.36914575428752,1,0,6.35691805589046e-17,8.07723023092297e-16,0.779665992240434,0.597131546915685,240,203.299275778795,0,0,1,0,189,800.490898379006,94.5,400.245449189503,189,800.490898379006,0,0,0,0,5.8643453,0
s7_busy,fixed_payload,10,5,2,380,0.5,1,189.5,158.827559202184,189.5,158.827559202184,0,0,0,0,1853.96861889579,386.322783670984,11.4442020473234,32.3486880437165,1842.52441684846,418.6714717147,1853.96861889579,386.322783670984,1434.5,209.652378146882,4547.9,3215.94041872585,8969.80999999997,7385.73562699617,1434.5,209.652378146882,4547.9,3215.94041872585,8969.80999999997,7385.73562699617,4.21366840073838,2.02299240534414,69.0362476925659,3.69096163757656,17.1062678301728,1.6647708252674,1061.50511830844,435.28399749076,148.663114616546,16.6093273690942,162,0,380,0,0,0,189.5,158.827559202184,189.5,158.827559202184,379,317.655118404367,379,317.655118404367,NaN,NaN,0.07201,0.0603544724968298,0.350947,0.22125314307101,0.278937,0.16089867057418,0.07201,0.0603544724968298,-0.0525540525540527,5.13908046944527,1,0,7.53490487990795e-17,9.57400440717122e-16,0.779665992240434,0.597131546915685,454,495.541984710813,174,165.180661570271,1.91767354701572,0.102526712154903,88830,46428.4721059823,40792.5,22813.9906038017,88830,46428.4721059823,33390,16810.3088659591,72922.5,36422.3358762448,32.9272762,0
sf_cf,fixed_payload,10,3.33333333333333,3,570,0.5,1,119.5,95.2965355213102,119.5,95.2965355213102,0,0,0,0,1411.241212036,35.2806212074822,1.07142857142857,13.6137907887586,1410.16978346457,21.6668304187238,1411.241212036,35.2806212074822,1106.25,15.8827559202184,2989.375,662.310921873109,5513.29999999999,6138.36750804583,1106.25,15.8827559202184,2989.375,662.310921873109,5513.29999999999,6138.36750804583,274.657972440945,35.3610176097776,0,0,529.005202474691,391.557277981401,0,0,36.5066085489314,334.529429952901,0,0,570,0,0,0,119.5,95.2965355213102,119.5,95.2965355213102,358.5,285.889606563931,358.5,285.889606563931,NaN,NaN,0.068115,0.0543190252471468,0.1686225,0.130270364057631,0.0959475,0.0324961186127668,0.072675,0.0977742454448643,0.0322320322320321,1.30746977482215,1,0,1.65212612548563e-16,1.27636034239877e-16,0.659291852105443,0.533266928419979,158,241.417889987319,8,76.2372284170482,1.06404668166479,0.586893736759476,2850,28970.1467984783,2850,28970.1467984783,5700,57940.2935969566,2280,21727.6100988587,4560,43455.2201977175,0.4429404,0
sf_cb,fixed_payload,10,3.33333333333333,3,570,0.5,1,119.5,95.2965355213102,119.5,95.2965355213102,0,0,0,0,1078.01989595051,472.878238903622,0.223214285714286,2.83620641432471,1077.79668166479,475.714445317946,1078.01989595051,472.878238903622,972.5,412.951653925678,1672.75,193.769622226664,2363.15,3076.80747686472,972.5,412.951653925678,1672.75,193.769622226664,2363.15,3076.80747686472,110.792322834646,216.543243116993,0,0,191.442632170979,190.771729714389,14.0656636670416,49.3901898103978,1.49606299212598,19.0092826761669,190,0,570,0,0,0,119.5,95.2965355213102,119.5,95.2965355213102,358.5,285.889606563931,358.5,285.889606563931,NaN,NaN,0.068115,0.0543190252471468,0.1291025,0.159240510856109,0.0609875,0.104921485608963,0.068115,0.0543190252471468,-0.0204180204180204,0.293742334833222,1,0,1.57508311777955e-16,4.88645088623651e-16,0.659291852105443,0.533266928419979,151,177.886866306446,1,12.7062047361747,1.00787401574803,0.100048856190352,285,3621.26834980979,285,3621.26834980979,570,7242.53669961958,95,1207.0894499366,190,2414.17889987319,0.2936828,0
sb_cf,fixed_payload,10,3.33333333333333,3,570,NaN,0,NaN,NaN,NaN,NaN,NaN,NaN,NaN,NaN,NaN,NaN,NaN,NaN,NaN,NaN,NaN,NaN,NaN,NaN,NaN,NaN,NaN,NaN,NaN,NaN,NaN,NaN,NaN,NaN,NaN,NaN,NaN,NaN,NaN,NaN,NaN,NaN,NaN,NaN,NaN,NaN,NaN,NaN,NaN,NaN,NaN,NaN,NaN,NaN,NaN,NaN,NaN,NaN,NaN,NaN,NaN,NaN,NaN,NaN,NaN,NaN,NaN,NaN,NaN,NaN,NaN,NaN,NaN,NaN,NaN,NaN,NaN,NaN,NaN,NaN,NaN,NaN,NaN,NaN,NaN,NaN,NaN,NaN,NaN,NaN,NaN,NaN,7.5314832,0
sb_cb,fixed_payload,10,3.33333333333333,3,570,1,1,119.5,95.2965355213102,119.5,95.2965355213102,0,0,0,0,801.253866704162,114.631870273455,0,0,801.253866704162,114.631870273455,801.253866704162,114.631870273455,775,0,961.125,2364.94235652052,1370.15,798.584967668577,775,0,961.125,2364.94235652052,1370.15,798.584967668577,0,0,15.0669642857143,0.850861924297411,0,0,25.8744024184477,119.453421177807,0.3125,3.97068898005459,190,0,570,0,0,0,119.5,95.2965355213102,119.5,95.2965355213102,358.5,285.889606563931,358.5,285.889606563931,NaN,NaN,0.068115,0.0543190252471468,0.0958175,0.0900552260676381,0.0277025,0.0357362008204913,0.068115,0.0543190252471468,-0.0326820326820327,0.483420748813251,1,0,7.82023431072605e-17,9.93654982369432e-16,0.659291852105443,0.533266928419979,149,139.768252097922,0.5,6.35310236808735,1.00446428571429,0.056724128286494,20,0,20,0,20,0,10,127.062047361747,10,127.062047361747,13.5984205,0
s7_clean,fixed_payload,10,3.33333333333333,3,570,0.5,1,119.5,95.2965355213102,119.5,95.2965355213102,0,0,0,0,808.637303149606,120.865271331457,0,0,808.637303149606,120.865271331457,808.637303149606,120.865271331457,780,25.4124094723494,984.925,2162.91370121534,1369.045,785.434045766637,780,25.4124094723494,984.925,2162.91370121534,1369.045,785.434045766637,4.30669994375703,2.79645485985622,36,0,9.80325506186727,5.10115172566969,26.527348143982,118.560574465644,0,0,162,0,570,0,0,0,119.5,95.2965355213102,119.5,95.2965355213102,358.5,285.889606563931,358.5,285.889606563931,NaN,NaN,0.068115,0.0543190252471468,0.0967035,0.0915037334075621,0.0285885,0.0371847081604152,0.068115,0.0543190252471468,-0.0301320301320301,0.515821603291352,1,0,0,0,0.659291852105443,0.533266928419979,149,152.474456834096,0,0,1,0,63,800.490898379006,31.5,400.245449189503,63,800.490898379006,0,0,0,0,5.4504453,0
s7_busy,fixed_payload,10,3.33333333333333,3,570,0.5,1,119.5,95.2965355213102,119.5,95.2965355213102,0,0,0,0,2073.83710629921,527.788981671666,4.92340410573678,3.1287599893456,2068.91370219348,524.660221682321,2073.83710629921,527.788981671666,1784.75,352.597181428848,4284.375,3279.15378728828,5723.10999999999,1678.87083179065,1784.75,352.597181428848,4284.375,3279.15378728828,5723.10999999999,1678.87083179065,4.33348565804275,3.13679962957519,58.9479752530934,10.6444836639663,13.9457606861642,17.8198625688682,1156.42059195726,445.158899332062,103.26588863892,47.9001764878487,162,0,570,0,0,0,119.5,95.2965355213102,119.5,95.2965355213102,358.5,285.889606563931,358.5,285.889606563931,NaN,NaN,0.068115,0.0543190252471468,0.247512,0.13455870815609,0.179397,0.080239682908943,0.068115,0.0543190252471468,0.0105960105960105,1.14569421434561,1,0,0,0,0.659291852105443,0.533266928419979,244,292.242708932018,76,25.4124094723494,1.63744375703037,0.295680101776844,59314.5,29217.9177908337,27405,9605.89078054807,59314.5,29217.9177908337,23373,2401.47269513702,50463,11206.8725773061,24.8265762,0
sf_cf,fixed_payload,10,2.5,4,760,0.5,1,88,50.8248189446988,88,50.8248189446988,0,0,0,0,2254.12396480331,350.719530573681,9.56521739130435,121.537610519932,2244.55874741201,472.257141093615,2254.12396480331,350.719530573681,1622.5,31.7655118404367,5179.25,9602.71422936401,11895.05,13432.3643368471,1622.5,31.7655118404367,5179.25,9602.71422936401,11895.05,13432.3643368471,368.161231884058,172.523558872517,0,0,881.159420289855,69.976199996324,0,0,235.238095238095,574.804499969808,0,0,760,0,0,0,88,50.8248189446988,88,50.8248189446988,352,203.299275778795,352,203.299275778795,NaN,NaN,0.06688,0.0386268623979711,0.1982525,0.0837021236995508,0.1108525,0.0837021236995508,0.0874,0,-0.33019233019233,2.94321738348595,1,0,6.77494034749778e-17,8.60837791306774e-16,0.59783332695326,0.174422731630832,140.5,133.415149729834,27,50.8248189446988,1.30952380952381,0.756321710486589,11020,33798.5045982247,11020,33798.5045982247,24700,91738.7981951813,9120,9656.71559949277,20520,38626.8623979711,0.4269584,0
sf_cb,fixed_payload,10,2.5,4,760,1,0,88,50.8248189446988,1.5,19.059307104262,86.5,31.7655118404367,98,114.355842625572,NaN,NaN,NaN,NaN,NaN,NaN,1011.66666666667,NaN,NaN,NaN,NaN,NaN,NaN,NaN,1000,NaN,1065,NaN,1065,NaN,NaN,NaN,NaN,NaN,NaN,NaN,NaN,NaN,NaN,NaN,NaN,NaN,NaN,NaN,NaN,NaN,88,50.8248189446988,1.5,19.059307104262,352,203.299275778795,6,76.2372284170482,NaN,NaN,0.00114,0.0144850733992392,55.0442425,138.238710937293,55.0431025,138.253196010692,0.00114,0.0144850733992392,85.0629970629971,39.3332650649295,0.016304347826087,0.207166381568066,NaN,NaN,0.075,NaN,331924,300438.210986851,0,0,1,NaN,2081450,1243302.13343469,2081450,1243302.13343469,63057105,57101366.4292507,991890,103047.320410377,27504410,37294743.8934305,0.5211575,0
sb_cf,fixed_payload,10,2.5,4,760,NaN,0,NaN,NaN,NaN,NaN,NaN,NaN,NaN,NaN,NaN,NaN,NaN,NaN,NaN,NaN,NaN,NaN,NaN,NaN,NaN,NaN,NaN,NaN,NaN,NaN,NaN,NaN,NaN,NaN,NaN,NaN,NaN,NaN,NaN,NaN,NaN,NaN,NaN,NaN,NaN,NaN,NaN,NaN,NaN,NaN,NaN,NaN,NaN,NaN,NaN,NaN,NaN,NaN,NaN,NaN,NaN,NaN,NaN,NaN,NaN,NaN,NaN,NaN,NaN,NaN,NaN,NaN,NaN,NaN,NaN,NaN,NaN,NaN,NaN,NaN,NaN,NaN,NaN,NaN,NaN,NaN,NaN,NaN,NaN,NaN,NaN,NaN,3.5512642,0
sb_cb,fixed_payload,10,2.5,4,760,1,1,88,50.8248189446988,88,50.8248189446988,0,0,0,0,999.580745341615,136.927113150702,0,0,999.580745341615,136.927113150702,999.580745341615,136.927113150702,965,0,1222,3265.49461719689,1762.3,898.328674847551,965,0,1222,3265.49461719689,1762.3,898.328674847551,0,0,15.0815217391304,1.03583190784033,0,0,34.1187888198758,142.796827295131,0.380434782608696,4.8338822365882,190,0,760,0,0,0,88,50.8248189446988,88,50.8248189446988,352,203.299275778795,352,203.299275778795,NaN,NaN,0.06688,0.0386268623979711,0.08792,0.0387539244453328,0.02104,0.000127062047361698,0.06688,0.0386268623979711,-0.0213480213480214,0.0907223925386802,1,0,0,0,0.59783332695326,0.174422731630832,111,38.1186142085241,0.5,6.35310236808735,1.0054347826087,0.0690554605226889,60,508.248189446988,60,508.248189446988,60,508.248189446988,10,127.062047361747,10,127.062047361747,12.1364465,0
s7_clean,fixed_payload,10,2.5,4,760,1,0.5,88,50.8248189446988,76,203.299275778795,12,152.474456834096,14.5,184.239968674533,NaN,NaN,NaN,NaN,NaN,NaN,989.202536231884,34.0627568271583,NaN,NaN,NaN,NaN,NaN,NaN,972.25,117.532393809616,1006.25,511.424740631031,1442.23,4917.68241904169,NaN,NaN,NaN,NaN,NaN,NaN,NaN,NaN,NaN,NaN,NaN,NaN,NaN,NaN,NaN,NaN,88,50.8248189446988,76,203.299275778795,352,203.299275778795,304,813.197103115181,NaN,NaN,0.05776,0.154507449591884,7.5837015,95.2068487751799,7.5259415,95.3613562247718,0.05776,0.154507449591884,13.6034296034296,173.209936377815,0.857142857142857,1.81517210516781,NaN,NaN,0.537739109707407,0.937992159416793,46532,589885.55487691,0,0,1,0,2925310.5,37169594.1298816,335727,4265815.99746172,2925310.5,37169594.1298816,150633,1913973.7380242,1240501.5,15762066.0345318,5.0508176,0
s7_busy,fixed_payload,10,2.5,4,760,0.5,1,88,50.8248189446988,88,50.8248189446988,0,0,0,0,2802.15062111801,1808.26655911555,10.2797619047619,130.616759401034,2791.87085921325,1677.64979971451,2802.15062111801,1808.26655911555,2036.25,1026.02603244611,6520.45,378.009590901174,10558.68,17779.5381632345,2036.25,1026.02603244611,6520.45,378.009590901174,10558.68,17779.5381632345,4.43452380952381,4.00850506557892,65.0217391304348,50.548597102608,14.8113354037267,9.20410638109549,1655.00543478261,1394.43691433465,130.597826086957,227.468686961736,162,0,760,0,0,0,88,50.8248189446988,88,50.8248189446988,352,203.299275778795,352,203.299275778795,NaN,NaN,0.06688,0.0386268623979711,0.24602,0.0167086592280697,0.17914,0.0553355216260408,0.06688,0.0386268623979711,-0.168966168966169,2.61669300765135,1,0,5.6712318129235e-17,7.20598325213132e-16,0.59783332695326,0.174422731630832,194.5,184.239968674533,70.5,82.5903307851355,1.80615942028985,1.40412769729467,47974.5,46028.2266567928,22396.5,23614.4815021807,47974.5,46028.2266567928,18553.5,18011.0452135276,39690,36022.0904270553,19.1977407,0
sf_cf,fixed_payload,10,2,5,950,0.5,1,68.5,69.8841260489608,68.5,69.8841260489608,0,0,0,0,2771.37655512656,945.558853417614,0,0,2771.37655512656,945.558853417614,2771.37655512656,945.558853417614,2195,5844.85417864036,5895.75,2747.71677419778,8224.3,30043.8210986851,2195,5844.85417864036,5895.75,2747.71677419778,8224.3,30043.8210986851,476.05265980266,162.622795172824,0,0,1253.2175032175,1895.30132422477,0,0,92.1063921063921,787.119675634331,0,0,950,0,0,0,68.5,69.8841260489608,68,63.5310236808735,342.5,349.420630244804,340,317.655118404367,NaN,NaN,0.064675,0.0613074378520429,0.18903,0.123821965154022,0.117705,0.00216005480514974,0.071325,0.121661910348873,-0.0278640278640279,1.56012020244668,1,0,0.00201232549364859,0.0255690197181227,0.550550863854681,0.595548212358902,93.5,82.5903307851355,7,63.5310236808735,1.0969540969541,0.828547026983505,3800,24141.7889987319,3800,24141.7889987319,7600,48283.5779974638,3325,30177.2362484149,6650,60354.4724968298,0.3889392,0
sf_cb,fixed_payload,10,2,5,950,1,0,68.5,69.8841260489608,0.5,6.35310236808735,68,63.5310236808735,77.5,57.1779213127861,NaN,NaN,NaN,NaN,NaN,NaN,1255,NaN,NaN,NaN,NaN,NaN,NaN,NaN,1255,NaN,1255,NaN,1255,NaN,NaN,NaN,NaN,NaN,NaN,NaN,NaN,NaN,NaN,NaN,NaN,NaN,NaN,NaN,NaN,NaN,68.5,69.8841260489608,0.5,6.35310236808735,342.5,349.420630244804,2.5,31.7655118404367,NaN,NaN,0.000475,0.00603544724968298,43.391,68.6825637980845,43.390525,68.6885992453342,0.000475,0.00603544724968298,66.1538821538822,13.007303970907,0.00675675675675676,0.0858527347038831,NaN,NaN,0.025,NaN,300744.5,233698.870610093,0,0,1,NaN,2081830,1248130.49123444,2081830,1248130.49123444,57133950,44418477.5787669,991890,103047.320410377,24711840,26277956.1389776,0.509045,0
sb_cf,fixed_payload,10,2,5,950,NaN,0,NaN,NaN,NaN,NaN,NaN,NaN,NaN,NaN,NaN,NaN,NaN,NaN,NaN,NaN,NaN,NaN,NaN,NaN,NaN,NaN,NaN,NaN,NaN,NaN,NaN,NaN,NaN,NaN,NaN,NaN,NaN,NaN,NaN,NaN,NaN,NaN,NaN,NaN,NaN,NaN,NaN,NaN,NaN,NaN,NaN,NaN,NaN,NaN,NaN,NaN,NaN,NaN,NaN,NaN,NaN,NaN,NaN,NaN,NaN,NaN,NaN,NaN,NaN,NaN,NaN,NaN,NaN,NaN,NaN,NaN,NaN,NaN,NaN,NaN,NaN,NaN,NaN,NaN,NaN,NaN,NaN,NaN,NaN,NaN,NaN,NaN,3.3871805,0
sb_cb,fixed_payload,10,2,5,950,1,1,68.5,69.8841260489608,68.5,69.8841260489608,0,0,0,0,1196.30523380523,41.7952916407633,0,0,1196.30523380523,41.7952916407633,1196.30523380523,41.7952916407633,1155,0,1391.875,497.130260302852,2152.35,999.343002500144,1155,0,1391.875,497.130260302852,2152.35,999.343002500144,0,0,15.1013513513514,1.28779102055825,0,0,40.7309094809095,34.4978091909333,0.472972972972973,6.00969142927181,190,0,950,0,0,0,68.5,69.8841260489608,68.5,69.8841260489608,342.5,349.420630244804,342.5,349.420630244804,NaN,NaN,0.065075,0.0663899197465128,0.081965,0.0864657232296688,0.01689,0.020075803483156,0.065075,0.0663899197465128,-0.00684600684600687,0.397120119944524,1,0,9.23216325692819e-17,1.17305756500319e-15,0.5574204586657,0.682834690482267,86.5,31.7655118404367,0.5,6.35310236808735,1.00675675675676,0.0858527347038836,20,0,20,0,20,0,10,127.062047361747,10,127.062047361747,11.5108746,0
s7_clean,fixed_payload,10,2,5,950,1,0.5,68.5,69.8841260489608,61.5,158.827559202184,7,88.9434331532229,9.5,120.70894499366,NaN,NaN,NaN,NaN,NaN,NaN,1186.68629343629,133.967060167217,NaN,NaN,NaN,NaN,NaN,NaN,1158,63.5310236808735,1332.825,1204.23055387095,1733.36,6256.02696390298,NaN,NaN,NaN,NaN,NaN,NaN,NaN,NaN,NaN,NaN,NaN,NaN,NaN,NaN,NaN,NaN,68.5,69.8841260489608,61.5,158.827559202184,342.5,349.420630244804,307.5,794.137796010918,NaN,NaN,0.058425,0.150886181242075,5.5407705,69.2764581605556,5.4823455,69.4273443417977,0.058425,0.150886181242075,7.68195168195168,98.0925577288347,0.888888888888889,1.41180052624163,NaN,NaN,0.499209389400922,1.42247645447218,46153,585311.321171887,0,0,1,0,2902851,36884219.1246095,336042,4269818.45195362,2902851,36884219.1246095,150679.5,1914564.57654443,1206474,15329705.6528716,4.8018004,0
s7_busy,fixed_payload,10,2,5,950,0.5,1,68.5,69.8841260489608,68.5,69.8841260489608,0,0,0,0,3124.82528957529,2090.67353083258,0,0,3124.82528957529,2090.67353083258,3124.82528957529,2090.67353083258,2492,2897.01467984783,7772.725,3348.40260310043,9456.66,14607.3070888011,2492,2897.01467984783,7772.725,3348.40260310043,9456.66,14607.3070888011,4.35810810810811,4.5501949393058,59.4208494208494,36.2053246922661,15.746138996139,24.0019716879285,1827.90637065637,1862.99207839788,105.393822393822,162.923961115197,162,0,950,0,0,0,68.5,69.8841260489608,68.5,69.8841260489608,342.5,349.420630244804,342.5,349.420630244804,NaN,NaN,0.065075,0.0663899197465128,0.2149555,0.361586821279691,0.1498805,0.295196901533179,0.065075,0.0663899197465128,-0.101988101988102,0.373715267415637,1,0,0,0,0.5574204586657,0.682834690482267,146.5,19.059307104262,45,114.355842625572,1.65057915057915,1.00570346367406,41895,10406.3816789271,19404,3201.96359351602,41895,10406.3816789271,15897.5,5876.6196904808,34378,17356.6756696146,16.2278535,0
sf_cf,fixed_payload,10,1.66666666666667,6,1140,0.5,1,58,63.5310236808735,58,63.5310236808735,0,0,0,0,3161.28706199461,5824.90440974866,0,0,3161.28706199461,5824.90440974866,3161.28706199461,5824.90440974866,2447.5,6257.80583256604,7024.75,14859.9064389563,10362.575,15067.9705415112,2447.5,6257.80583256604,7024.75,14859.9064389563,10362.575,15067.9705415112,498.043575920934,35.6470119395377,0,0,1379.50584007188,4882.58463936618,0,0,143.737646001797,906.672758442942,0,0,1140,0,0,0,58,63.5310236808735,58.5,57.1779213127861,348,381.186142085241,351,343.067527876717,NaN,NaN,0.06669,0.0651828302965762,0.1819525,0.148313174782999,0.1072825,0.170040784881858,0.07467,0.0217276100988588,-0.0427680427680428,0.429368499813316,1,0,0.00459651387992254,0.0584042464309645,0.505296610169492,0.702610050029999,81,12.7062047361747,7,38.1186142085241,1.12608565438754,0.7953269810903,4560,28970.1467984783,4560,28970.1467984783,9120,57940.2935969566,3990,21727.6100988587,7980,43455.2201977175,0.3701685,0
sf_cb,fixed_payload,10,1.66666666666667,6,1140,1,1,58,63.5310236808735,58,63.5310236808735,0,0,0,0,1464.17565139263,240.624465702357,0,0,1464.17565139263,240.624465702357,1464.17565139263,240.624465702357,1430,127.062047361747,1833.5,3135.25601865109,2551.975,551.131630431589,1430,127.062047361747,1833.5,3135.25601865109,2551.975,551.131630431589,134.175651392633,240.624465702356,0,0,0,0,0,0,0,0,190,0,1140,0,0,0,58,63.5310236808735,58,63.5310236808735,348,381.186142085241,348,381.186142085241,NaN,NaN,0.06612,0.0724253669961957,0.0848275,0.0790643589708471,0.0187075,0.00663899197465139,0.06612,0.0724253669961957,-0.0541140541140541,0.183655666912337,1,0,7.62097078957411e-17,9.68336151407356e-16,0.498386672281293,0.790409135551703,73,38.1186142085241,0,0,1,0,0,0,0,0,0,0,0,0,0,0,0.252226,0
sb_cf,fixed_payload,10,1.66666666666667,6,1140,NaN,0,NaN,NaN,NaN,NaN,NaN,NaN,NaN,NaN,NaN,NaN,NaN,NaN,NaN,NaN,NaN,NaN,NaN,NaN,NaN,NaN,NaN,NaN,NaN,NaN,NaN,NaN,NaN,NaN,NaN,NaN,NaN,NaN,NaN,NaN,NaN,NaN,NaN,NaN,NaN,NaN,NaN,NaN,NaN,NaN,NaN,NaN,NaN,NaN,NaN,NaN,NaN,NaN,NaN,NaN,NaN,NaN,NaN,NaN,NaN,NaN,NaN,NaN,NaN,NaN,NaN,NaN,NaN,NaN,NaN,NaN,NaN,NaN,NaN,NaN,NaN,NaN,NaN,NaN,NaN,NaN,NaN,NaN,NaN,NaN,NaN,NaN,3.3769202,0
sb_cb,fixed_payload,10,1.66666666666667,6,1140,1,1,58,63.5310236808735,58,63.5310236808735,0,0,0,0,1389.59868224019,144.1482585823,0,0,1389.59868224019,144.1482585823,1389.59868224019,144.1482585823,1345,0,1746.625,3051.07741227393,2449.675,63.8486787992877,1345,0,1746.625,3051.07741227393,2449.675,63.8486787992877,0,0,15,0,0,0,44.5986822401917,144.148258582299,0,0,190,0,1140,0,0,0,58,63.5310236808735,58,63.5310236808735,348,381.186142085241,348,381.186142085241,NaN,NaN,0.06612,0.0724253669961957,0.08054,0.0799220277905389,0.01442,0.00749666079434316,0.06612,0.0724253669961957,-0.03007803007803,0.283526536009539,1,0,7.99135541161722e-17,1.01539797979546e-15,0.498386672281293,0.790409135551703,73,38.1186142085241,0,0,1,0,0,0,0,0,0,0,0,0,0,0,12.0375325,0
s7_clean,fixed_payload,10,1.66666666666667,6,1140,1,1,58,63.5310236808735,58,63.5310236808735,0,0,0,0,1386.84411500449,138.392602798093,0,0,1386.84411500449,138.392602798093,1386.84411500449,138.392602798093,1343,0,1741.15,3057.74816976042,2442.205,19.7581483647611,1343,0,1741.15,3057.74816976042,2442.205,19.7581483647611,4.42362982929021,4.9032479193055,36,0,0,0,44.4204851752022,143.295850717399,0,0,162,0,1140,0,0,0,58,63.5310236808735,58,63.5310236808735,348,381.186142085241,348,381.186142085241,NaN,NaN,0.06612,0.0724253669961957,0.0803825,0.080080855349741,0.0142625,0.00765548835354533,0.06612,0.0724253669961957,-0.03007803007803,0.283526536009539,1,0,0,0,0.498386672281293,0.790409135551703,73,38.1186142085241,0,0,1,0,0,0,0,0,0,0,0,0,0,0,3.5758893,0
s7_busy,fixed_payload,10,1.66666666666667,6,1140,0.5,1,58,63.5310236808735,58,63.5310236808735,0,0,0,0,3596.83198562444,3881.12336526784,0,0,3596.83198562444,3881.12336526784,3596.83198562444,3881.12336526784,2698,2007.5803483156,8427.575,8547.14627090635,11638.045,15027.0565622607,2698,2007.5803483156,8427.575,8547.14627090635,11638.045,15027.0565622607,4.42362982929021,4.9032479193055,57.8867924528302,23.9739712003296,16.3180592991914,49.4206292029652,2117.71293800539,3704.74914238236,98.4905660377358,107.882870401483,162,0,1140,0,0,0,58,63.5310236808735,58,63.5310236808735,348,381.186142085241,348,381.186142085241,NaN,NaN,0.06612,0.0724253669961957,0.207089,0.00340526286929487,0.140969,0.0690201041269008,0.06612,0.0724253669961957,-0.259074259074259,0.249829647352314,1,0,1.34027505564998e-16,2.20387798562309e-18,0.498386672281293,0.790409135551703,118,0,35,0,1.60796645702306,0.665943644453601,34681.5,8405.15443297956,16506,4002.45449189503,34681.5,8405.15443297956,13356,8004.90898379006,28003.5,16410.0634167696,14.6367733,0
sf_cf,fixed_payload,15,15,1,190,0.2,1,609.5,146.121354466009,609.5,146.121354466009,0,0,0,0,1206.25108385978,165.693757413698,13.6651492629753,20.8917360481604,1192.5859345968,186.585493461859,1206.25108385978,165.693757413698,870,63.5310236808735,3326,216.005480514978,5165.95,1680.3955763591,870,63.5310236808735,3326,216.005480514978,5165.95,1680.3955763591,93.1077356620835,21.1750405015868,0,0,876.075808249721,239.533915372033,0,0,33.4023906849994,31.7733814085875,0,0,190,0,0,0,609.5,146.121354466009,609.5,146.121354466009,609.5,146.121354466009,609.5,146.121354466009,NaN,NaN,0.115805,0.0277630573485417,0.735565,0.279854159314248,0.59943,0.266576175364946,0.136135,0.0132779839493026,-0.0500160500160501,1.94328889563945,1,0,0.000270594912815653,0.00343823436280303,0.921501009246188,0.257697729820107,846.5,133.415149729834,107,76.2372284170482,1.17580205623684,0.167228323203092,11020,7242.53669961958,11020,7242.53669961958,22895,10863.8050494294,9785,8449.62614955617,20330,14485.0733992392,0.8972721,0
sf_cb,fixed_payload,15,15,1,190,0.2,1,609.5,146.121354466009,609.5,146.121354466009,0,0,0,0,1598.20110244023,534.292525241842,23.7546451133408,133.642973727798,1574.44645732689,400.649551514044,1598.20110244023,534.292525241842,1195,698.841260489608,4010.75,1769.33900951236,6376.075,1165.47662942561,1195,698.841260489608,4010.75,1769.33900951236,6376.075,1165.47662942561,111.3958565589,20.1913444827451,0,0,897.133965068748,191.313136528413,142.964821008299,129.336352557309,42.9518146909451,59.8087179455764,190,0,190,0,0,0,609.5,146.121354466009,610,152.474456834096,609.5,146.121354466009,610,152.474456834096,NaN,NaN,0.1159,0.0289701467984783,0.97375,0.090468177721564,0.85785,0.119438324520042,0.1159,0.0289701467984783,0.0787740787740786,5.34507366662133,1,0,0.000134487859884474,0.00170883028222067,0.921592543621272,0.258860784330328,874.5,44.4717165766114,137.5,158.827559202184,1.22606218258392,0.31478272602935,13680,12070.894499366,13680,12070.894499366,28215,27763.0573485417,12635,13277.9839493026,26125,30177.2362484149,0.7031311,0
sb_cf,fixed_payload,15,15,1,190,NaN,0,NaN,NaN,NaN,NaN,NaN,NaN,NaN,NaN,NaN,NaN,NaN,NaN,NaN,NaN,NaN,NaN,NaN,NaN,NaN,NaN,NaN,NaN,NaN,NaN,NaN,NaN,NaN,NaN,NaN,NaN,NaN,NaN,NaN,NaN,NaN,NaN,NaN,NaN,NaN,NaN,NaN,NaN,NaN,NaN,NaN,NaN,NaN,NaN,NaN,NaN,NaN,NaN,NaN,NaN,NaN,NaN,NaN,NaN,NaN,NaN,NaN,NaN,NaN,NaN,NaN,NaN,NaN,NaN,NaN,NaN,NaN,NaN,NaN,NaN,NaN,NaN,NaN,NaN,NaN,NaN,NaN,NaN,NaN,NaN,NaN,NaN,17.9148115,0
sb_cb,fixed_payload,15,15,1,190,0.1,0.5,609.5,146.121354466009,553.5,857.668819691792,56,711.547465225783,56,711.547465225783,NaN,NaN,NaN,NaN,NaN,NaN,562.53041689032,412.826615231727,NaN,NaN,NaN,NaN,NaN,NaN,442.5,31.7655118404367,1122.5,2255.351340671,2239.25,8022.06236018389,NaN,NaN,NaN,NaN,NaN,NaN,NaN,NaN,NaN,NaN,NaN,NaN,NaN,NaN,NaN,NaN,609.5,146.121354466009,553.5,857.668819691792,609.5,146.121354466009,553.5,857.668819691792,NaN,NaN,0.105165,0.16295707574144,6.5701825,79.2997731790965,6.4516225,79.3118440735959,0.11856,0.012070894499366,105.117369117369,1336.02811667106,0.906354515050167,1.18987870439094,NaN,NaN,0.919411153357817,0.286590211153582,76931,966637.231509226,110,343.067527876717,1.20777419932009,0.941768708527531,1542495,19547797.1453443,562290,7096733.00027197,1542495,19547797.1453443,91652.5,1129676.89758145,216300,2710741.71841551,856.7159699,0
s7_clean,fixed_payload,15,15,1,190,0.2,1,609.5,146.121354466009,609.5,146.121354466009,0,0,0,0,505.309147776539,182.224178792723,1.87136132788307,1.20955262476778,503.437786448656,181.014626167955,505.309147776539,182.224178792723,432,0,860.125,580.35590132478,1370.665,2843.3309648375,432,0,860.125,580.35590132478,1370.665,2843.3309648375,4.0687786448656,0.464697999300825,36.3010033444816,3.82461012125658,36.0150501672241,24.6687352821051,73.6984392419175,184.183307783848,1.35451505016722,17.2107455456547,162,0,190,0,0,0,609.5,146.121354466009,609.5,146.121354466009,609.5,146.121354466009,609.5,146.121354466009,NaN,NaN,0.115805,0.0277630573485417,0.307821,0.0372291798769917,0.192016,0.0649922372255333,0.115805,0.0277630573485417,-0.0251580251580253,0.0696046591494244,1,0,9.1034420877064e-17,1.15670198970307e-15,0.921593025099674,0.258866902093472,732,139.768252097922,5,63.5310236808735,1.00836120401338,0.106239170034905,378,3201.96359351602,189,1600.98179675801,378,3201.96359351602,157.5,2001.22724594751,315,4002.45449189503,6.7949661,0
s7_busy,fixed_payload,15,15,1,190,0.2,1,609.5,146.121354466009,609.5,146.121354466009,0,0,0,0,3108.55831165614,1577.54819019716,171.198841818407,1095.71027146404,2937.35946983773,481.837918733125,3108.55831165614,1577.54819019716,2105.75,289.066157747974,9011.2,6248.9114892508,13691.76,22075.7601086301,2105.75,289.066157747974,9011.2,6248.9114892508,13691.76,22075.7601086301,4.17022792022792,0.832993788755172,80.6989966555184,8.79660327889019,80.1978818283166,3.19425771238287,2219.14687848384,532.58050069065,201.145484949833,39.5847147550059,162,0,190,0,0,0,609.5,146.121354466009,608,127.062047361747,609.5,146.121354466009,608,127.062047361747,NaN,NaN,0.1155215,0.0241608483058362,1.889039,0.522123365018891,1.7735175,0.546284213324727,0.1155215,0.0241608483058362,-0.75993675993676,12.6261174476353,1,0,0.00223759095263207,0.00847139341602227,0.920705116317626,0.272924301621625,1603,546.366803655512,757,330.361323140542,2.24163879598662,0.244350091080282,178069.5,2801.71814432652,78592.5,7604.66353460056,178069.5,2801.71814432652,66339,1600.98179675801,151074,16810.3088659591,73.1573183,0
sf_cf,fixed_payload,15,7.5,2,380,0.5,1,299.5,108.002740257485,299.5,108.002740257485,0,0,0,0,1240.15742848217,2675.25378250018,17.8064053643951,195.105129007103,1222.35102311778,2480.14865349308,1240.15742848217,2675.25378250018,906.25,873.55157561201,3184,8335.27030693061,5868.29999999999,32154.3217053636,906.25,873.55157561201,3184,8335.27030693061,5868.29999999999,32154.3217053636,190.358565403668,3.90104642330182,0,0,531.193600214219,1513.50819368807,0,0,120.798857499888,970.541506228309,0,0,380,0,0,0,299.5,108.002740257485,299,101.649637889398,599,216.00548051497,598,203.299275778795,NaN,NaN,0.11362,0.0386268623979711,0.3694275,0.669966410226651,0.2202775,0.430962699139205,0.14915,0.239003711087446,0.0921420921420921,4.33340463385807,1,0,0.000663088095989946,0.00842533310576851,0.862689301649876,0.188838455709082,487,482.835779974638,93.5,730.606772330045,1.31789173026286,2.55405659533765,21280,106223.87159442,21280,106223.87159442,46740,251074.605586812,15770,118294.766093786,35530,277630.573485417,0.706598,0
sf_cb,fixed_payload,15,7.5,2,380,0.5,1,299.5,108.002740257485,299.5,108.002740257485,0,0,0,0,1038.62213817111,1345.10930172422,16.5246630517249,163.142562400485,1022.09747511938,1181.96673932374,1038.62213817111,1345.10930172422,848.75,778.2550400907,2040.125,4302.63857878717,3069.34999999999,9335.88392990426,848.75,778.2550400907,2040.125,4302.63857878717,3069.34999999999,9335.88392990426,129.962595394296,106.578629715274,0,0,232.638070692194,627.988730765983,58.2986343553354,254.783306711078,31.1981746775561,192.616072131401,190,0,380,0,0,0,299.5,108.002740257485,299.5,108.002740257485,599,216.00548051497,599,216.00548051497,NaN,NaN,0.11381,0.0410410412978443,0.3101675,0.290686198851837,0.1963575,0.331727240149681,0.11381,0.0410410412978443,-0.265392265392266,0.958760343333143,1,0,0,0,0.862125078549544,0.18166932147939,420.5,108.002740257485,48.5,285.889606563931,1.16420091935556,1.01376880069158,5225,25348.8784486685,5225,25348.8784486685,10735,54319.0252471468,4465,25348.8784486685,9215,54319.0252471468,0.4853414,0
sb_cf,fixed_payload,15,7.5,2,380,NaN,0,NaN,NaN,NaN,NaN,NaN,NaN,NaN,NaN,NaN,NaN,NaN,NaN,NaN,NaN,NaN,NaN,NaN,NaN,NaN,NaN,NaN,NaN,NaN,NaN,NaN,NaN,NaN,NaN,NaN,NaN,NaN,NaN,NaN,NaN,NaN,NaN,NaN,NaN,NaN,NaN,NaN,NaN,NaN,NaN,NaN,NaN,NaN,NaN,NaN,NaN,NaN,NaN,NaN,NaN,NaN,NaN,NaN,NaN,NaN,NaN,NaN,NaN,NaN,NaN,NaN,NaN,NaN,NaN,NaN,NaN,NaN,NaN,NaN,NaN,NaN,NaN,NaN,NaN,NaN,NaN,NaN,NaN,NaN,NaN,NaN,NaN,12.5565193,0
sb_cb,fixed_payload,15,7.5,2,380,0.5,1,299.5,108.002740257485,299.5,108.002740257485,0,0,0,0,726.550240996117,652.945220721758,3.82140625697327,29.1662318850906,722.728834739144,623.778988836668,726.550240996117,652.945220721758,590,0,1333.625,3851.56831065295,2821.29999999999,10663.0470145976,590,0,1333.625,3851.56831065295,2821.29999999999,10663.0470145976,0,0,18.4997991699023,19.7168178996204,5.88298299638506,10.3942845010078,85.6925570134333,388.54202638756,42.6534955594234,205.125860048479,190,0,380,0,0,0,299.5,108.002740257485,299.5,108.002740257485,599,216.00548051497,599,216.00548051497,NaN,NaN,0.11381,0.0410410412978443,0.217165,0.11708767664385,0.102025,0.155714539041821,0.11514,0.038626862397971,-0.12012012012012,0.843946962523687,1,0,0,0,0.862125078549544,0.18166932147939,459.5,57.1779213127861,69,368.479937349066,1.23331994466015,1.31445452664136,3640,4574.23370502289,3055,4065.9855155759,3640,4574.23370502289,2160,7560.19181802394,2590,9275.52945740753,20.5879688,0
s7_clean,fixed_payload,15,7.5,2,380,0.5,1,299.5,108.002740257485,299.5,108.002740257485,0,0,0,0,673.5409135538,320.650209084302,2.87314232159593,17.1999040012176,670.667771232204,303.450305083084,673.5409135538,320.650209084302,591.5,19.059307104262,1102.425,1023.16713638047,1575.815,2977.25436275675,591.5,19.059307104262,1102.425,1023.16713638047,1575.815,2977.25436275675,4.06690431561566,1.55141642712465,36.6049002543848,1.74542322390082,8.77818315704914,8.32010587942782,76.4957323604231,283.978955045077,2.72205114473156,7.8544045075537,162,0,380,0,0,0,299.5,108.002740257485,299.5,108.002740257485,599,216.00548051497,599,216.00548051497,NaN,NaN,0.11381,0.0410410412978443,0.201511,0.0232904732814082,0.087701,0.0643315145792525,0.11381,0.0410410412978443,-0.182826182826183,0.017763291984464,1,0,0,0,0.862125078549544,0.18166932147939,375,114.355842625572,5,12.7062047361747,1.01680278484402,0.0484839784416897,693,4002.45449189503,346.5,2001.22724594751,693,4002.45449189503,157.5,400.245449189503,315,800.490898379006,5.8191428,0
s7_busy,fixed_payload,15,7.5,2,380,0.5,1,299.5,108.002740257485,299.5,108.002740257485,0,0,0,0,2305.74470589548,120.394153548837,36.2935076092293,170.271408423639,2269.45119828625,49.8772548748019,2305.74470589548,120.394153548837,1707.75,397.068898005459,5980.5,1113.06353488889,9455.91999999999,6798.83603023211,1707.75,397.068898005459,5980.5,1113.06353488889,9455.91999999999,6798.83603023211,4.07330298567412,1.42644968152129,82.6377694470478,0.0178625183732601,20.386865711608,12.5063146496169,1410.4832976302,63.9082630569945,209.869962511715,0.08038133267949,162,0,380,0,0,0,299.5,108.002740257485,299.5,108.002740257485,599,216.00548051497,599,216.00548051497,NaN,NaN,0.11381,0.0410410412978443,0.690135,0.208457994901682,0.576325,0.167416953603837,0.11381,0.0410410412978443,-0.265278265278265,1.82199534393438,1,0,0.000502447840960471,0.0063842051364906,0.863098881620908,0.194042662676857,836.5,578.132315495949,388,139.768252097922,2.29549359575133,0.000496181065922952,111100.5,32419.8813843497,49896,14408.8361708221,111100.5,32419.8813843497,41298,5222.2501465678,91920,13646.4638866516,41.324453,0
sf_cf,fixed_payload,15,5,3,570,0.5,1,201.5,95.2965355213102,201.5,95.2965355213102,0,0,0,0,1854.28223499235,957.828190807085,15.0236151531594,41.9447969818266,1839.2586198392,915.883393825257,1854.28223499235,957.828190807085,1242.5,412.951653925678,4950.625,8263.79790528959,10013.025,6747.31237002709,1242.5,412.951653925678,4950.625,8263.79790528959,10013.025,6747.31237002709,273.607260888867,22.2560711380437,0,0,741.438612933458,584.282975989139,0,0,254.21274601687,353.856488974162,0,0,570,0,0,0,201.5,95.2965355213102,201.5,95.2965355213102,604.5,285.889606563931,604.5,285.889606563931,NaN,NaN,0.114855,0.0543190252471468,0.3730725,0.0162957075741439,0.2072025,0.0235382442737635,0.16587,0.00724253669961959,-0.572196572196572,3.9303380041505,1,0,0,0,0.82352005861154,0.0232627557305994,340.5,158.827559202184,89.5,82.5903307851355,1.44598727371381,0.620800857849408,23085,3621.26834980979,23085,3621.26834980979,53295,18106.3417490489,21945,18106.3417490489,51015,47076.4885475272,0.5769484,0
sf_cb,fixed_payload,15,5,3,570,0.5,1,201.5,95.2965355213102,201.5,95.2965355213102,0,0,0,0,1217.38673358654,1297.60306113033,2.77320820796133,23.3818798618319,1214.61352537858,1274.2211812685,1217.38673358654,1297.60306113033,1041.25,460.599921686333,2410.125,6440.45752564855,3401.5,9386.07343861225,1041.25,460.599921686333,2410.125,6440.45752564855,3401.5,9386.07343861225,144.786908696296,283.030036736633,0,0,210.323336457357,339.090140452272,66.2066541705717,390.742589414932,33.296626054358,261.358414664662,190,0,570,0,0,0,201.5,95.2965355213102,201.5,95.2965355213102,604.5,285.889606563931,604.5,285.889606563931,NaN,NaN,0.114855,0.0543190252471468,0.2445375,0.14545427871736,0.1296825,0.199773303964507,0.114855,0.0543190252471468,-0.238320238320238,0.538540320078347,1,0,1.08426570367908e-16,1.37769020193589e-15,0.82352005861154,0.0232627557305994,282.5,82.5903307851355,34.5,260.477197091581,1.17524540028609,1.37557060349822,3230,24141.7889987319,3230,24141.7889987319,6745,51904.8463472736,3135,22934.6995487953,6555,49490.6674474004,0.4551533,0
sb_cf,fixed_payload,15,5,3,570,NaN,0,NaN,NaN,NaN,NaN,NaN,NaN,NaN,NaN,NaN,NaN,NaN,NaN,NaN,NaN,NaN,NaN,NaN,NaN,NaN,NaN,NaN,NaN,NaN,NaN,NaN,NaN,NaN,NaN,NaN,NaN,NaN,NaN,NaN,NaN,NaN,NaN,NaN,NaN,NaN,NaN,NaN,NaN,NaN,NaN,NaN,NaN,NaN,NaN,NaN,NaN,NaN,NaN,NaN,NaN,NaN,NaN,NaN,NaN,NaN,NaN,NaN,NaN,NaN,NaN,NaN,NaN,NaN,NaN,NaN,NaN,NaN,NaN,NaN,NaN,NaN,NaN,NaN,NaN,NaN,NaN,NaN,NaN,NaN,NaN,NaN,NaN,10.1336381,0
sb_cb,fixed_payload,15,5,3,570,0.1,1,201.5,95.2965355213102,201.5,95.2965355213102,0,0,0,0,963.709058846742,969.695797312262,1.14690721649485,14.5728379061797,962.562151630247,955.122959406082,963.709058846742,969.695797312262,823.75,15.8827559202184,1660,3875.39244453327,3449.475,24905.7495584944,823.75,15.8827559202184,1660,3875.39244453327,3449.475,24905.7495584944,0,0,16.4220884920831,15.3335618246196,52.4106570315198,26.6786113230009,118.972771666749,750.536015416836,14.7566344398954,162.574770841626,190,0,570,0,0,0,201.5,95.2965355213102,201.5,95.2965355213102,604.5,285.889606563931,604.5,285.889606563931,NaN,NaN,0.114855,0.0543190252471468,0.193615,0.103555568599824,0.078475,0.154253325497161,0.11514,0.050697756897337,-0.0112620112620113,0.915076367766197,1,0,0,0,0.82352005861154,0.0232627557305994,270.5,19.059307104262,18.5,196.946173410708,1.0948058994722,1.02223745497464,705,6924.88158121521,662.5,6702.52299833215,705,6924.88158121521,587.5,6893.11606937477,625,7179.0056759387,22.1802357,0
s7_clean,fixed_payload,15,5,3,570,0.5,1,201.5,95.2965355213102,201.5,95.2965355213102,0,0,0,0,888.45581561683,704.511356563056,0.920103092783505,11.6910182752948,887.535712524047,692.820338287761,888.45581561683,704.511356563056,781.25,41.2951653925678,1638.975,4038.3495202747,2022.225,7692.52694035121,781.25,41.2951653925678,1638.975,4038.3495202747,2022.225,7692.52694035121,3.94699847087259,0.542456479019346,36.9278350515464,11.7892621263477,9.40109998520199,14.9452870831379,101.084521284467,612.491653030691,4.17525773195876,53.0516795685645,162,0,570,0,0,0,201.5,95.2965355213102,201.5,95.2965355213102,604.5,285.889606563931,604.5,285.889606563931,NaN,NaN,0.114855,0.0543190252471468,0.178608,0.0572922771554117,0.063753,0.111611302402559,0.114855,0.0543190252471468,-0.0975180975180976,0.0191355634682431,1,0,0,0,0.82352005861154,0.0232627557305994,254,152.474456834096,5,63.5310236808735,1.02577319587629,0.327479503509657,441,2401.47269513702,220.5,1200.73634756851,441,2401.47269513702,157.5,2001.22724594751,315,4002.45449189503,5.8417267,0
s7_busy,fixed_payload,15,5,3,570,0.5,1,201.5,95.2965355213102,201.5,95.2965355213102,0,0,0,0,2895.42962314408,3013.18168782319,75.5652222167415,544.490142405017,2819.86440092734,2468.69154541818,2895.42962314408,3013.18168782319,2073.5,781.431591274744,7949.72499999999,6582.76701869364,13805.01,29701.3888810452,2073.5,781.431591274744,7949.72499999999,6582.76701869364,13805.01,29701.3888810452,3.95675282395304,0.484011572412121,80.5356385340108,77.8147708291703,20.4140359098308,31.2203916525372,1782.5476002565,2009.00590263279,200.410373403048,350.166468731266,162,0,570,0,0,0,201.5,95.2965355213102,202,88.9434331532229,604.5,285.889606563931,606,266.830299459669,NaN,NaN,0.1150535,0.0517968436070161,0.581849,0.333753879805101,0.4667955,0.385550723412117,0.1150535,0.0517968436070161,-0.196536196536197,3.21721425641369,1,0,0.000326417986042121,0.004147533760221,0.824519554740897,0.0359625581832273,565.5,260.477197091581,248,317.655118404367,2.23710107038919,2.1615214119214,79884,32019.6359351602,36225,13608.3452724431,79884,32019.6359351602,30271.5,22813.9906038017,66370.5,57235.0992340989,32.9072398,0
sf_cf,fixed_payload,15,3.75,4,760,0.5,1,150.5,158.827559202184,150.5,158.827559202184,0,0,0,0,2680.12014314928,114.94697996248,61.0755090246288,290.347849690109,2619.04463412466,405.294829652587,2680.12014314928,114.94697996248,1951.25,587.66196904808,7298.25,1902.75415924216,11985.1,367.209316875467,1951.25,587.66196904808,7298.25,1902.75415924216,11985.1,367.209316875467,374.858628967725,90.1872787488952,0,0,1129.72881657331,219.373240479275,0,0,354.457188583622,534.480791382969,0,0,760,0,0,0,150.5,158.827559202184,151,165.180661570271,602,635.310236808735,604,660.722646281084,NaN,NaN,0.1147,0.124774930509236,0.403565,0.41244340573623,0.236045,0.311810264225727,0.16752,0.100633141510504,-0.676584676584677,4.6044282519043,1,0,0.000733902872541821,0.0093251201549812,0.797568252606153,0.184354859192186,261,216.00548051497,69.5,31.7655118404367,1.46639103761003,0.703264199188117,26600,9656.71559949277,26600,9656.71559949277,57380,4828.35779974638,24320,19313.4311989855,52820,24141.7889987319,0.4465891,0
sf_cb,fixed_payload,15,3.75,4,760,0.5,1,150.5,158.827559202184,150.5,158.827559202184,0,0,0,0,1334.32481995199,595.550390366684,3.28554281141638,3.07572173861791,1331.03927714057,598.626112105302,1334.32481995199,595.550390366684,1190,0,2268.875,3940.51174380618,2946.7,5652.99048712413,1190,0,2268.875,3940.51174380618,2946.7,5652.99048712413,154.815617497999,271.659097858672,0,0,184.54343380457,34.3441472374598,39.6150084466969,266.381792010548,2.06521739130435,26.2410749986217,190,0,760,0,0,0,150.5,158.827559202184,150.5,158.827559202184,602,635.310236808735,602,635.310236808735,NaN,NaN,0.11438,0.12070894499366,0.20023,0.122297220585682,0.08585,0.00158827559202193,0.11438,0.12070894499366,-0.211842211842212,0.912789248626566,1,0,6.61303652894354e-17,8.40265960645586e-16,0.797039373272926,0.177634810103471,187,203.299275778795,1.5,19.059307104262,1.01086956521739,0.138110921045378,95,1207.0894499366,95,1207.0894499366,285,3621.26834980979,95,1207.0894499366,285,3621.26834980979,0.3770138,0
sb_cf,fixed_payload,15,3.75,4,760,NaN,0,NaN,NaN,NaN,NaN,NaN,NaN,NaN,NaN,NaN,NaN,NaN,NaN,NaN,NaN,NaN,NaN,NaN,NaN,NaN,NaN,NaN,NaN,NaN,NaN,NaN,NaN,NaN,NaN,NaN,NaN,NaN,NaN,NaN,NaN,NaN,NaN,NaN,NaN,NaN,NaN,NaN,NaN,NaN,NaN,NaN,NaN,NaN,NaN,NaN,NaN,NaN,NaN,NaN,NaN,NaN,NaN,NaN,NaN,NaN,NaN,NaN,NaN,NaN,NaN,NaN,NaN,NaN,NaN,NaN,NaN,NaN,NaN,NaN,NaN,NaN,NaN,NaN,NaN,NaN,NaN,NaN,NaN,NaN,NaN,NaN,NaN,7.6834292,0
sb_cb,fixed_payload,15,3.75,4,760,0.5,1,150.5,158.827559202184,150.5,158.827559202184,0,0,0,0,1068.88270205388,479.630420377616,2.29416733351116,10.4416375277047,1066.58853472037,469.188782849911,1068.88270205388,479.630420377616,970,0,1642.125,2603.18369532379,2195.45,4853.13489898192,970,0,1642.125,2603.18369532379,2195.45,4853.13489898192,0,0,15.4264470525473,4.24924091437157,4.97076998310661,1.93044610500032,93.7971236774251,441.125999383513,2.39419400729083,25.7439886570268,190,0,760,0,0,0,150.5,158.827559202184,150.5,158.827559202184,602,635.310236808735,602,635.310236808735,NaN,NaN,0.11438,0.12070894499366,0.160395,0.0975836523738217,0.046015,0.0231252926198379,0.11438,0.12070894499366,-0.124698124698125,0.622782541721409,1,0,0,0,0.797039373272926,0.177634810103471,197.5,196.946173410708,4,38.1186142085241,1.02842980350316,0.283282727624772,230,635.310236808735,212.5,857.668819691792,230,635.310236808735,80,762.372284170482,80,762.372284170482,14.6177458,0
s7_clean,fixed_payload,15,3.75,4,760,1,0,150.5,158.827559202184,92,12.7062047361747,58.5,146.121354466009,64.5,171.533763938358,NaN,NaN,NaN,NaN,NaN,NaN,986.611544369609,35.0955794411499,NaN,NaN,NaN,NaN,NaN,NaN,973,88.9434331532229,1046.625,7.94137796010918,1054.955,2.35064787619162,NaN,NaN,NaN,NaN,NaN,NaN,NaN,NaN,NaN,NaN,NaN,NaN,NaN,NaN,NaN,NaN,150.5,158.827559202184,92,12.7062047361747,602,635.310236808735,368,50.8248189446988,NaN,NaN,0.06992,0.00965671559949282,33.877363,123.14447031749,33.807443,123.13481360189,0.06992,0.00965671559949282,66.1281901281901,7.80913959035479,0.614986218547168,0.564588407300018,NaN,NaN,0.588330191220038,0.520003054318725,144643.5,287573.178691474,0,0,1,0,9104445,18119911.9757072,651987,41625.5267157083,9104445,18119911.9757072,292253,4828.35779974638,3384486,7662375.11651226,5.8510887,0
s7_busy,fixed_payload,15,3.75,4,760,0.5,1,150.5,158.827559202184,150.5,158.827559202184,0,0,0,0,3210.97803858807,3288.05555865519,32.4249799946652,259.247755702398,3178.5530585934,3547.30331435759,3210.97803858807,3288.05555865519,2321.75,1254.73771769725,8272.75,14424.7189267423,14632.385,63273.5324418949,2321.75,1254.73771769725,8272.75,14424.7189267423,14632.385,63273.5324418949,3.94116208766782,0.655532612978159,71.4854627900773,122.550988811774,17.9143771672446,14.3465896634376,2003.52747399306,2858.27075361641,159.684582555348,551.479449652983,162,0,760,0,0,0,150.5,158.827559202184,151,165.180661570271,602,635.310236808735,604,660.722646281084,NaN,NaN,0.11476,0.125537302793406,0.4814855,0.0337921514958567,0.3667255,0.0917451512975496,0.11476,0.125537302793406,-0.406800406800407,1.1717673725374,1,0,0.00303214945935618,0.038527111821261,0.797568252606153,0.184354859192186,383.5,57.1779213127861,145,355.773732612891,1.98570729972437,3.40419413366039,58621.5,47629.2084535508,26712,22413.7451546122,58621.5,47629.2084535508,21514.5,10006.1362297376,46620,15209.3270692011,23.3082032,0
sf_cf,fixed_payload,15,3,5,950,0.5,0.5,115.5,196.946173410708,50,635.310236808735,65.5,832.256410219443,78,991.083969421626,NaN,NaN,NaN,NaN,NaN,NaN,3553.75,NaN,NaN,NaN,NaN,NaN,NaN,NaN,2477.5,NaN,8872.5,NaN,22107.5,NaN,NaN,NaN,NaN,NaN,NaN,NaN,NaN,NaN,NaN,NaN,NaN,NaN,NaN,NaN,NaN,NaN,115.5,196.946173410708,50,635.310236808735,577.5,984.730867053539,250,3176.55118404367,NaN,NaN,0.0475,0.603544724968298,46.3699775,584.670960218696,37.7286025,476.706656230538,8.641375,107.964303988158,64.8635688635688,808.570566044926,0.5,6.35310236808735,NaN,NaN,0.698324022346369,NaN,20185,254174.919542439,26,330.361323140542,1.52,NaN,1078250,13459047.366793,1078250,13459047.366793,19100700,242021434.712288,508550,6244464.31759305,8593875,108567848.713126,0.4610996,0
sf_cb,fixed_payload,15,3,5,950,0.5,1,115.5,196.946173410708,115.5,196.946173410708,0,0,0,0,1822.91240458015,4175.73657140873,3.05,38.7539244453328,1819.86240458015,4136.98264696339,1822.91240458015,4175.73657140873,1413.75,810.020551931137,5598.25,40523.2634548451,8062.6,66229.821566837,1413.75,810.020551931137,5598.25,40523.2634548451,8062.6,66229.821566837,158.007824427481,362.662726440272,0,0,296.450763358779,1278.86980730305,104.753816793893,962.446511800591,120.65,1533.00360141948,190,0,950,0,0,0,115.5,196.946173410708,115.5,196.946173410708,577.5,984.730867053539,577.5,984.730867053539,NaN,NaN,0.109725,0.187098864740172,0.2054525,0.123281951452735,0.0957275,0.310380816192907,0.109725,0.187098864740172,0.417444417444418,7.39578092451877,1,0,7.08954677282986e-17,9.00812327822628e-16,0.737068882782588,0.492300129177112,219,495.541984710813,63.5,806.844000747093,1.635,8.06844000747093,5320,53111.9357972102,5320,53111.9357972102,13870,144850.733992391,4465,56733.20414702,12065,153300.360141948,0.3130709,0
sb_cf,fixed_payload,15,3,5,950,NaN,0,NaN,NaN,NaN,NaN,NaN,NaN,NaN,NaN,NaN,NaN,NaN,NaN,NaN,NaN,NaN,NaN,NaN,NaN,NaN,NaN,NaN,NaN,NaN,NaN,NaN,NaN,NaN,NaN,NaN,NaN,NaN,NaN,NaN,NaN,NaN,NaN,NaN,NaN,NaN,NaN,NaN,NaN,NaN,NaN,NaN,NaN,NaN,NaN,NaN,NaN,NaN,NaN,NaN,NaN,NaN,NaN,NaN,NaN,NaN,NaN,NaN,NaN,NaN,NaN,NaN,NaN,NaN,NaN,NaN,NaN,NaN,NaN,NaN,NaN,NaN,NaN,NaN,NaN,NaN,NaN,NaN,NaN,NaN,NaN,NaN,NaN,4.7194407,0
sb_cb,fixed_payload,15,3,5,950,1,1,115.5,196.946173410708,115.5,196.946173410708,0,0,0,0,1282.53244274809,838.197288388074,3.075,39.0715795637372,1279.45744274809,799.125708824336,1282.53244274809,838.197288388074,1155,0,1988.5,2528.53474249877,3193.625,13327.2204926552,1155,0,1988.5,2528.53474249877,3193.625,13327.2204926552,0,0,15.6,7.62372284170481,0,0,120.957442748092,754.653992247725,2.9,36.8479937349066,190,0,950,0,0,0,115.5,196.946173410708,115.5,196.946173410708,577.5,984.730867053539,577.5,984.730867053539,NaN,NaN,0.109725,0.187098864740172,0.14711,0.155778070065502,0.037385,0.0313207946746706,0.109725,0.187098864740172,-0.104472104472104,0.229169337790983,1,0,8.70790475485628e-17,1.10644420638313e-15,0.737068882782588,0.492300129177112,156.5,196.946173410708,4,50.8248189446988,1.04,0.508248189446988,200,1270.62047361747,190,1397.68252097922,200,1270.62047361747,70,889.434331532229,70,889.434331532229,12.6087916,0
s7_clean,fixed_payload,15,3,5,950,1,0,115.5,196.946173410708,71.5,158.827559202184,44,38.1186142085241,53,50.8248189446988,NaN,NaN,NaN,NaN,NaN,NaN,1175.47770379338,23.7292731912162,NaN,NaN,NaN,NaN,NaN,NaN,1156,0,1240.25,0.635310236808157,1245.23,7.49666079434348,NaN,NaN,NaN,NaN,NaN,NaN,NaN,NaN,NaN,NaN,NaN,NaN,NaN,NaN,NaN,NaN,115.5,196.946173410708,71.5,158.827559202184,577.5,984.730867053539,357.5,794.137796010918,NaN,NaN,0.067925,0.150886181242074,29.5228275,46.8484058194105,29.4549025,46.6975196381685,0.067925,0.150886181242074,52.7575427575428,42.6054464179991,0.615610687022901,0.325414632747069,NaN,NaN,0.481035762483131,0.441587769862806,142282,57889.4687780119,0,0,1,0,8957403,3639832.11492934,654349.5,94057.6805595332,8957403,3639832.11492934,293679.5,53969.604616902,3499569.5,1446264.69478798,6.0471326,0
s7_busy,fixed_payload,15,3,5,950,0.5,1,115.5,196.946173410708,115.5,196.946173410708,0,0,0,0,3847.49030534351,6228.19649577358,76.1977099236641,373.533321064751,3771.29259541985,6601.72981683833,3847.49030534351,6228.19649577358,2850.5,4478.93716950158,9313.05,16320.4846733796,13246.035,25.8571266380443,2850.5,4478.93716950158,9313.05,16320.4846733796,13246.035,25.8571266380443,3.95114503816794,3.16200209465111,71.0560305343512,117.201644510758,18.6176335877863,58.4786099044816,2407.91564885496,5895.48016003003,157.75213740458,527.407400298412,162,0,950,0,0,0,115.5,196.946173410708,115.5,209.652378146882,577.5,984.730867053539,577.5,1048.26189073441,NaN,NaN,0.109725,0.199169759239538,0.437319,0.0620952225456858,0.327594,0.137074536693853,0.109725,0.199169759239538,-0.0730920730920731,0.489443495880944,1,0,0.00425271434399531,0.0148387666066718,0.735989477944152,0.531979122210017,303.5,31.7655118404367,108.5,184.239968674533,1.9737786259542,3.25560123640995,50589,24815.2178497492,22900.5,11607.1180264956,50589,24815.2178497492,18175.5,9205.64533135857,40099.5,18011.0452135276,20.0806178,0
sf_cf,fixed_payload,15,2.5,6,1140,0.5,1,92,114.355842625572,92,114.355842625572,0,0,0,0,3705.96236430872,2895.65584499802,50.2895741381367,516.520181853963,3655.67279017058,3412.17602685198,3705.96236430872,2895.65584499802,2720,3938.92346821416,9515.25,4669.5302405442,13869.05,18893.4911324549,2720,3938.92346821416,9515.25,4669.5302405442,13869.05,18893.4911324549,539.677323154002,247.508016508845,0,0,1687.01777406656,2648.02278233735,0,0,288.977692950018,516.645228005786,0,0,1140,0,0,0,92,114.355842625572,92.5,120.70894499366,552,686.135055753434,555,724.253669961958,NaN,NaN,0.1052,0.134431646108728,0.3392175,0.16146409668494,0.2077975,0.0415175239754505,0.13142,0.119946572709489,-0.0237780237780237,0.0227949540916508,1,0,0.000909284648717893,0.0115535569100681,0.681419436678057,0.27386364495177,163.5,285.889606563931,23,12.7062047361747,1.25348920434212,0.453197568426129,21660,28970.1467984783,21660,28970.1467984783,51300,130365.660593152,11970,7242.53669961958,26220,14485.0733992392,0.401181,0
sf_cb,fixed_payload,15,2.5,6,1140,0.5,1,92,114.355842625572,92,114.355842625572,0,0,0,0,1814.24639150662,1423.3321392123,4.81927710843374,61.234721620119,1809.42711439819,1362.09741759218,1814.24639150662,1423.3321392123,1565,254.124094723494,2895.375,6221.27549394952,5794.99999999999,15950.0988053202,1565,254.124094723494,2895.375,6221.27549394952,5794.99999999999,15950.0988053202,174.549982106644,523.916851198175,0,0,213.877490158654,16.5591419232623,73.0943576285339,641.918736468728,17.9052845043541,179.702688002013,190,0,1140,0,0,0,92,114.355842625572,92,114.355842625572,552,686.135055753434,552,686.135055753434,NaN,NaN,0.10488,0.130365660593152,0.1659025,0.0765231180236121,0.0610225,0.0538425425695403,0.10488,0.130365660593152,-0.0473580473580473,2.11810103521188,1,0,0,0,0.679282265260064,0.246708307358446,126.5,95.2965355213102,8,76.2372284170482,1.0942383394966,0.945803621063225,760,7242.53669961958,760,7242.53669961958,1520,14485.0733992392,760,7242.53669961958,1520,14485.0733992392,0.2910591,0
sb_cf,fixed_payload,15,2.5,6,1140,NaN,0,NaN,NaN,NaN,NaN,NaN,NaN,NaN,NaN,NaN,NaN,NaN,NaN,NaN,NaN,NaN,NaN,NaN,NaN,NaN,NaN,NaN,NaN,NaN,NaN,NaN,NaN,NaN,NaN,NaN,NaN,NaN,NaN,NaN,NaN,NaN,NaN,NaN,NaN,NaN,NaN,NaN,NaN,NaN,NaN,NaN,NaN,NaN,NaN,NaN,NaN,NaN,NaN,NaN,NaN,NaN,NaN,NaN,NaN,NaN,NaN,NaN,NaN,NaN,NaN,NaN,NaN,NaN,NaN,NaN,NaN,NaN,NaN,NaN,NaN,NaN,NaN,NaN,NaN,NaN,NaN,NaN,NaN,NaN,NaN,NaN,NaN,6.3294035,0
sb_cb,fixed_payload,15,2.5,6,1140,1,1,92,114.355842625572,92,114.355842625572,0,0,0,0,1493.58075867828,1146.28291665454,4.84939759036145,61.6174386302447,1488.73136108792,1084.66547802429,1493.58075867828,1146.28291665454,1345,0,2384.125,2790.60021518237,3618.575,14315.1279108928,1345,0,2384.125,2790.60021518237,3618.575,14315.1279108928,0,0,15.7228915662651,9.18520824301785,0,0,139.514493618037,1031.08509660669,3.49397590361446,44.3951731745863,190,0,1140,0,0,0,92,114.355842625572,92,114.355842625572,552,686.135055753434,552,686.135055753434,NaN,NaN,0.10488,0.130365660593152,0.1365975,0.0653416578557785,0.0317175,0.065024002737374,0.10488,0.130365660593152,-0.107670107670108,0.457347590621462,1,0,0,0,0.679282265260064,0.246708307358446,124,139.768252097922,4,50.8248189446988,1.04819277108434,0.612347216201191,100,508.248189446988,100,508.248189446988,100,508.248189446988,70,889.434331532229,70,889.434331532229,12.4034562,0
s7_clean,fixed_payload,15,2.5,6,1140,1,0,92,114.355842625572,72.5,19.059307104262,19.5,95.2965355213102,21,114.355842625572,NaN,NaN,NaN,NaN,NaN,NaN,1405.98515416825,524.543280332474,NaN,NaN,NaN,NaN,NaN,NaN,1345,12.7062047361747,1895.125,5927.7621645439,2018.715,7442.21470704856,NaN,NaN,NaN,NaN,NaN,NaN,NaN,NaN,NaN,NaN,NaN,NaN,NaN,NaN,NaN,NaN,92,114.355842625572,72.5,19.059307104262,552,686.135055753434,435,114.355842625572,NaN,NaN,0.08265,0.0217276100988588,9.7412245,93.4384881434323,9.6585745,93.4167605333334,0.08265,0.0217276100988588,24.0886980886981,30.8058938274262,0.79404747703686,0.779833274097803,NaN,NaN,0.591487390218355,0.6128637346058,62154,327896.319421724,0,0,1,0,3909559.5,20653865.9145259,527562,1473703.74391575,3909559.5,20653865.9145259,190909.5,1238912.13969835,1314958.5,11943038.3142082,5.6007275,0
s7_busy,fixed_payload,15,2.5,6,1140,0.5,1,92,114.355842625572,92,114.355842625572,0,0,0,0,3831.8245854706,2606.69465023203,9.79422641059287,28.3331844367546,3822.03035906,2578.36146579527,3831.8245854706,2606.69465023203,2939,1944.04932463473,9349.14999999999,10537.2555877098,14696.42,4223.92364044636,2939,1944.04932463473,9349.14999999999,10537.2555877098,14696.42,4223.92364044636,3.98228557795539,4.05225317453931,64.0746749373733,12.5228037135006,17.7595133007277,19.5890480747133,2307.87784802577,2485.84474412177,126.33603721818,56.3526167107526,162,0,1140,0,0,0,92,114.355842625572,92.5,120.70894499366,552,686.135055753434,555,724.253669961958,NaN,NaN,0.105089,0.133021257383013,0.3508905,0.201031218233388,0.2458015,0.0680099608503748,0.105089,0.133021257383013,-0.207888207888208,1.0700668081285,1,0,0.000569929535984606,0.00724164136941345,0.681419436678057,0.27386364495177,218,304.948913668193,71.5,57.1779213127861,1.7798520815937,0.34785565870835,40729.5,38023.3176730028,18963,18411.2906627171,40729.5,38023.3176730028,15057,14408.8361708221,32382,30418.6541384022,18.770809,0
