protocol,load_mode,lambda_base,lambda_effective,M,Tp_us,best_q,q_tuning_best_q,q_selection_mode,q_stable_basin_left,q_stable_basin_right,q_search_boundary_hit,q_refinement_passes,q_preferred_neighbor_radius,q_neighbor_radius_used,q_validation_runs,q_validation_candidates_tested,q_validation_passed,q_validation_selected_rank,stable_fraction,n_arrived,n_arrived_ci95,n_completed,n_completed_ci95,n_censored,n_censored_ci95,final_backlog,final_backlog_ci95,mean_delay_us,mean_delay_us_ci95,mean_queue_delay_us,mean_queue_delay_us_ci95,mean_access_delay_us,mean_access_delay_us_ci95,conditional_mean_delay_us,conditional_mean_delay_us_ci95,p50_delay_us,p50_delay_us_ci95,p95_delay_us,p95_delay_us_ci95,p99_delay_us,p99_delay_us_ci95,conditional_p50_delay_us,conditional_p50_delay_us_ci95,conditional_p95_delay_us,conditional_p95_delay_us_ci95,conditional_p99_delay_us,conditional_p99_delay_us_ci95,mean_boundary_wait_us,mean_boundary_wait_us_ci95,mean_difs_wait_us,mean_difs_wait_us_ci95,mean_probability_wait_us,mean_probability_wait_us_ci95,mean_busy_nav_wait_us,mean_busy_nav_wait_us_ci95,mean_collision_delay_us,mean_collision_delay_us_ci95,mean_control_delay_us,mean_control_delay_us_ci95,mean_data_delay_us,mean_data_delay_us_ci95,mean_other_access_delay_us,mean_other_access_delay_us_ci95,arrival_rate_pkt_s,arrival_rate_pkt_s_ci95,goodput_pkt_s,goodput_pkt_s_ci95,normalized_offered_units_s,normalized_offered_units_s_ci95,normalized_goodput_units_s,normalized_goodput_units_s_ci95,goodput_bit_s,goodput_bit_s_ci95,payload_airtime,payload_airtime_ci95,mean_system_packets,mean_system_packets_ci95,mean_waiting_packets,mean_waiting_packets_ci95,mean_service_packets,mean_service_packets_ci95,backlog_slope_pkt_s,backlog_slope_pkt_s_ci95,completion_ratio,completion_ratio_ci95,little_relative_error,little_relative_error_ci95,jain_fairness,jain_fairness_ci95,attempts_total,attempts_total_ci95,retransmissions_completed_cohort,retransmissions_completed_cohort_ci95,mean_attempts_completed,mean_attempts_completed_ci95,collision_waste_us_total,collision_waste_us_total_ci95,collision_channel_time_us_total,collision_channel_time_us_total_ci95,collision_tx_airtime_us_total,collision_tx_airtime_us_total_ci95,collision_channel_time_us_measure,collision_channel_time_us_measure_ci95,collision_tx_airtime_us_measure,collision_tx_airtime_us_measure_ci95,stability_rate_ok,stability_rate_ok_ci95,stability_censor_ok,stability_censor_ok_ci95,stability_slope_ok,stability_slope_ok_ci95,stability_rate_relative_error,stability_rate_relative_error_ci95,stability_allowed_censored,stability_allowed_censored_ci95,stability_slope_limit_pkt_s,stability_slope_limit_pkt_s_ci95,condition_elapsed_s,timeout_exceeded
s7_busy,fixed_packet,1,1,1,198,0.657142857142857,0.657142857142857,wide_neighbor_stable_validated,0.6,0.971428571428571,0,1,2,2,2,1,1,1,1,35,17.3889639822523,35,17.3889639822523,0,0,0,0,697.813372092969,57.2041278488385,0,0,697.813372092969,57.2041278488385,697.813372092969,57.2041278488385,517.399999999907,128.594622450073,1605.34999999991,591.699662965805,2129.89999999991,1096.72077646886,517.399999999907,128.594622450073,1605.34999999991,591.699662965805,2129.89999999991,1096.72077646886,0,0,57.8955426356589,1.42665446712096,9.01148255813953,1.85507545464432,326.391986434054,53.1106781151962,58.6143604651163,3.49949948699672,83.4,2.49620856803274e-14,162.5,0,0,0,35,17.3889639822523,35,17.3889639822523,35,17.3889639822523,35,17.3889639822523,NaN,NaN,0.0056875,0.002825706647116,0.0245304999999981,0.0143485751701504,0.0188429999999981,0.0115234299591995,0.0056875,0.002825706647116,0.00890400890400891,0.127846638136246,1,0,3.71289795817339e-17,1.59753105350159e-16,0.497297654681621,0.195814871893497,71.6666666666667,32.3256224835017,24.6666666666667,13.6815636966388,1.70281007751938,0.0419604255035576,56541.7000000007,3025.92214077815,26566.5000000005,1260.20306117098,56541.7000000007,3025.92214077815,22570.3999999763,1223.59916785757,48006.5999999496,2872.7864671986,1,0,1,0,1,0,0,0,0,0,1.75,0.869448199112615,287.3442195,0
s7_busy,fixed_packet,1,1,2,396,0.842857142857143,0.842857142857143,wide_neighbor_stable_validated,0.5,0.9,0,1,2,2,2,1,1,1,1,35,17.3889639822523,35,17.3889639822523,0,0,0,0,1015.46773255809,394.107193838655,0,0,1015.46773255809,394.107193838655,1015.46773255809,394.107193838655,787.899999999946,435.870614182365,2636.19999999997,792.362559788173,3261.39999999995,1671.11952341489,787.899999999946,435.870614182365,2636.19999999997,792.362559788173,3261.39999999995,1671.11952341489,0,0,57.3288759689922,22.8409786610938,3.45901162790698,1.04850213410476,489.05548449607,315.305257042732,57.2243604651163,56.0275770686831,83.4,2.49620856803274e-14,325,0,0,0,35,17.3889639822523,35,17.3889639822523,70,34.7779279645046,70,34.7779279645046,NaN,NaN,0.011375,0.005651413294232,0.0356299999999981,0.0224189966410269,0.0242549999999981,0.0179386212263235,0.011375,0.005651413294232,0.0558920558920559,0.177559351275233,1,0,1.14646194695451e-16,2.48553012500687e-16,0.497297654681621,0.195814871893497,69.3333333333333,40.9945448389503,24.3333333333333,26.5620812351773,1.68614341085271,0.67179349003217,37540.2000000004,1902.77241575391,17577.5000000002,900.510679331337,37540.2000000004,1902.77241575391,14889.6999999844,1019.64599915153,31790.7999999664,1967.9338795669,1,0,1,0,1,0,0,0,0,0,1.75,0.869448199112615,328.1136876,0
s7_busy,fixed_packet,1,1,3,594,0.807142857142857,0.807142857142857,wide_neighbor_stable_validated,0.7,0.978571428571429,0,1,2,2,2,1,1,1,1,35,17.3889639822523,35,17.3889639822523,0,0,0,0,1433.93619186041,440.398616973903,0,0,1433.93619186041,440.398616973903,1433.93619186041,440.398616973903,1128.89999999997,125.976646187367,3933.44999999997,3592.90755500962,4506.89999999995,4219.61923181927,1128.89999999997,125.976646187367,3933.44999999997,3592.90755500962,4506.89999999995,4219.61923181927,0,0,65.3599483204134,26.1948893756167,4.1703488372093,3.63320835740815,716.581786175656,346.534468424801,76.9241085271318,64.2545227625422,83.4,2.49620856803274e-14,487.5,0,0,0,35,17.3889639822523,35,17.3889639822523,105,52.1668919467569,105,52.1668919467569,NaN,NaN,0.0170625,0.008477119941348,0.0501734999999981,0.0276006270472515,0.0331109999999981,0.0206994242891318,0.0170625,0.008477119941348,0.0475760475760476,0.295497404911702,1,0,3.83883713594114e-17,1.65171830820207e-16,0.497297654681621,0.195814871893497,78,40.8940678622803,32.3333333333333,28.791716915859,1.92235142118863,0.770437922812256,29850.6000000002,3883.92354139277,13821.7000000001,1704.38828202308,29850.6000000002,3883.92354139277,11747.9999999877,1260.20306116895,25364.9999999733,3070.42161549465,1,0,1,0,1,0,0,0,0,0,1.75,0.869448199112615,255.3996632,0
s7_busy,fixed_packet,1,1,4,792,0.857142857142857,0.857142857142857,wide_neighbor_stable_validated,0.6,0.971428571428571,0,1,2,2,2,1,1,1,1,35,17.3889639822523,35,17.3889639822523,0,0,0,0,1789.93401162785,1128.7237614456,0,0,1789.93401162785,1128.7237614456,1789.93401162785,1128.7237614456,1435.39999999993,987.522073755197,4171.24999999997,5480.50825517132,5629.39999999995,4039.36603936819,1435.39999999993,987.522073755197,4171.24999999997,5480.50825517132,5629.39999999995,4039.36603936819,0,0,63.9723837209302,45.7894285458089,2.82994186046512,3.67310087916738,916.211191860411,968.320990004849,73.5204941860465,112.318774727072,83.4,2.49620856803274e-14,650,0,0,0,35,17.3889639822523,35,17.3889639822523,140,69.5558559290092,140,69.5558559290092,NaN,NaN,0.02275,0.011302826588464,0.0609549999999981,0.0199448129582389,0.0382049999999981,0.0241615802818638,0.02275,0.011302826588464,0.059032059032059,0.313536541771158,1,0,3.78658065496871e-17,1.62923415915176e-16,0.497297654681621,0.195814871893497,76.6666666666667,22.4031947253764,29,34.4212218379957,1.88154069767442,1.34674789840614,23816.4000000001,4742.69095199705,11133.9,1891.17710719261,23816.4000000001,4742.69095199705,9291.59999999043,2222.6793128313,19909.2999999795,5278.82647423707,1,0,1,0,1,0,0,0,0,0,1.75,0.869448199112615,229.7740123,0
s7_busy,fixed_packet,1,1,5,990,0.571428571428572,0.571428571428572,wide_neighbor_stable_validated,0.4,0.8,0,1,2,2,2,1,1,1,1,35,17.3889639822523,35,17.3889639822523,0,0,0,0,2321.46671511622,372.855399268424,0,0,2321.46671511622,372.855399268424,2321.46671511622,372.855399268424,1915.89999999997,762.962974200071,5077.14999999998,1464.1407415798,6733.89999999991,2588.26288642224,1915.89999999997,762.962974200071,5077.14999999998,1464.1407415798,6733.89999999991,2588.26288642224,0,0,57.0373062015504,13.5962487669507,12.6648255813953,7.03084359691237,1299.35542635653,322.547000024328,56.5091569767442,33.3507984459909,83.4,2.49620856803274e-14,812.5,0,0,0,35,17.3889639822523,35,17.3889639822523,175,86.9448199112615,175,86.9448199112615,NaN,NaN,0.0284375,0.01412853323558,0.0819244999999981,0.0541160423376967,0.0534869999999981,0.0400099933796529,0.0284375,0.01412853323558,0.0613240613240614,0.312753921044324,1,0,0,0,0.497297654681621,0.195814871893497,69,37.5096568762546,24.3333333333333,25.0064379175031,1.67756782945736,0.399889669616197,19944.9,1867.77054800642,9318.29999999999,574.404139421569,19944.9,1867.77054800642,7778.59999999183,268.055265062465,16660.7999999825,753.323966468451,1,0,1,0,1,0,0,0,0,0,1.75,0.869448199112615,248.5221615,0
s7_busy,fixed_packet,1,1,6,1188,0.8,0.8,wide_neighbor_stable_validated,0.6,0.971428571428571,0,1,2,2,2,1,1,1,1,35,17.3889639822523,35,17.3889639822523,0,0,0,0,2429.80479651157,508.209682096609,0,0,2429.80479651157,508.209682096609,2429.80479651157,508.209682096609,2066.39999999997,229.366099701419,4504.50000000002,2458.50049138777,7049.39999999995,3405.37771541057,2066.39999999997,229.366099701419,4504.50000000002,2458.50049138777,7049.39999999995,3405.37771541057,0,0,57.884011627907,7.13700736425225,3.99316860465116,2.25979846220409,1250.94154069762,489.76973091894,58.5860755813954,17.5066592405481,83.4,2.49620856803274e-14,975,0,0,0,35,17.3889639822523,35,17.3889639822523,210,104.333783893514,210,104.333783893514,NaN,NaN,0.034125,0.016954239882696,0.085052999999998,0.0461466049824803,0.0509279999999981,0.0307955204763474,0.034125,0.016954239882696,-0.0781680781680782,0.176460788430189,1,0,5.89914083587944e-17,2.53819544206732e-16,0.497297654681621,0.195814871893497,72.6666666666667,12.5032189587515,24.3333333333333,8.72400493513513,1.70247093023256,0.209911981301537,17915.7,1279.25875893337,8312.59999999996,365.297750700266,17915.7,1279.25875893337,6933.09999999258,327.1807412377,14951.999999984,977.050016039665,1,0,1,0,1,0,0,0,0,0,1.75,0.869448199112615,227.7872136,0
s7_clean,fixed_packet,1,1,1,198,0.971428571428571,0.971428571428571,wide_neighbor_stable_validated,0.8,1,0,1,2,2,2,1,1,1,1,35,17.3889639822523,35,17.3889639822523,0,0,0,0,285.700726744132,10.3481543613487,0,0,285.700726744132,10.3481543613487,285.700726744132,10.3481543613487,281.899999999907,0,284.900000000023,12.9079581892484,401.899999999907,279.540006769363,281.899999999907,0,284.900000000023,12.9079581892484,401.899999999907,279.540006769363,0,0,34,0,0.363517441860465,0.516540088816023,5.437209302272,9.89065152497218,0,0,83.4,2.49620856803274e-14,162.5,0,0,0,35,17.3889639822523,35,17.3889639822523,35,17.3889639822523,35,17.3889639822523,NaN,NaN,0.0056875,0.002825706647116,0.0099924999999981,0.00484870909842837,0.0043049999999981,0.00203559169095904,0.0056875,0.002825706647116,0.0106600106600107,0.0433796980318917,1,0,1.60889701238131e-16,3.61614864584359e-16,0.497297654681621,0.195814871893497,42.3333333333333,16.1628112417508,0,0,1,0,0,0,0,0,0,0,0,0,0,0,1,0,1,0,1,0,0,0,0,0,1.75,0.869448199112615,149.0274358,0
s7_clean,fixed_packet,1,1,2,396,0.971428571428571,0.971428571428571,wide_neighbor_stable_validated,0.8,1,0,1,2,2,2,1,1,1,1,35,17.3889639822523,35,17.3889639822523,0,0,0,0,451.056540697621,16.0500550681993,0,0,451.056540697621,16.0500550681993,451.056540697621,16.0500550681993,444.399999999907,0,445.450000000023,4.5177853662369,669.399999999946,490.332540221271,444.399999999907,0,445.450000000023,4.5177853662369,669.399999999946,490.332540221271,0,0,34,0,0.163517441860465,0.362952687298104,8.49302325576037,16.4017686547614,0,0,83.4,2.49620856803274e-14,325,0,0,0,35,17.3889639822523,35,17.3889639822523,70,34.7779279645046,70,34.7779279645046,NaN,NaN,0.011375,0.005651413294232,0.0157819999999981,0.00778310896293156,0.0044069999999981,0.00217247698261532,0.011375,0.005651413294232,0.00464400464400464,0.0398372807364888,1,0,0,0,0.497297654681621,0.195814871893497,42.3333333333333,16.1628112417508,0,0,1,0,0,0,0,0,0,0,0,0,0,0,1,0,1,0,1,0,0,0,0,0,1.75,0.869448199112615,146.7670419,0
s7_clean,fixed_packet,1,1,3,594,0.971428571428571,0.971428571428571,wide_neighbor_stable_validated,0.8,1,0,1,2,2,2,1,1,1,1,35,17.3889639822523,35,17.3889639822523,0,0,0,0,617.242587209249,25.3694907712355,0,0,617.242587209249,25.3694907712355,617.242587209249,25.3694907712355,606.899999999907,0,624.899999999985,77.4477491353233,939.899999999907,714.38289668561,606.899999999907,0,624.899999999985,77.4477491353233,939.899999999907,714.38289668561,0,0,34,0,0.19375,0.417469578962317,12.1488372092487,25.3391609000727,0,0,83.4,2.49620856803274e-14,487.5,0,0,0,35,17.3889639822523,35,17.3889639822523,105,52.1668919467569,105,52.1668919467569,NaN,NaN,0.0170625,0.008477119941348,0.0215954999999981,0.0106392133761404,0.0045329999999981,0.00227057014053079,0.0170625,0.008477119941348,0.0100720100720101,0.0717133501204724,1,0,4.35936294397383e-17,1.87568248708576e-16,0.497297654681621,0.195814871893497,42.3333333333333,16.1628112417508,0,0,1,0,0,0,0,0,0,0,0,0,0,0,1,0,1,0,1,0,0,0,0,0,1.75,0.869448199112615,147.833418,0
s7_clean,fixed_packet,1,1,4,792,0.971428571428571,0.971428571428571,wide_neighbor_stable_validated,0.8,1,0,1,2,2,2,1,1,1,1,35,17.3889639822523,35,17.3889639822523,0,0,0,0,784.874418604598,40.363943721331,0,0,784.874418604598,40.363943721331,784.874418604598,40.363943721331,769.399999999907,0,842.449999999971,307.556990966264,1207.39999999995,955.188906004216,769.399999999907,0,842.449999999971,307.556990966264,1207.39999999995,955.188906004216,0,0,34,0,0.169767441860465,0.38220422682337,17.3046511627371,39.999178969113,0,0,83.4,2.49620856803274e-14,650,0,0,0,35,17.3889639822523,35,17.3889639822523,140,69.5558559290092,140,69.5558559290092,NaN,NaN,0.02275,0.011302826588464,0.0274539999999981,0.0134281148536837,0.0047039999999981,0.00240207541545459,0.02275,0.011302826588464,0.0152680152680153,0.104389235805028,1,0,9.50503467559398e-17,2.04525904047299e-16,0.497297654681621,0.195814871893497,42.3333333333333,16.1628112417508,0,0,1,0,0,0,0,0,0,0,0,0,0,0,1,0,1,0,1,0,0,0,0,0,1.75,0.869448199112615,146.6961063,0
s7_clean,fixed_packet,1,1,5,990,0.971428571428571,0.971428571428571,wide_neighbor_stable_validated,0.8,1,0,1,2,2,2,1,1,1,1,35,17.3889639822523,35,17.3889639822523,0,0,0,0,955.582267441807,57.0741985067766,0,0,955.582267441807,57.0741985067766,955.582267441807,57.0741985067766,931.899999999907,0,1060.89999999995,535.796890334588,1519.89999999991,1006.15857444196,931.899999999907,0,1060.89999999995,535.796890334588,1519.89999999991,1006.15857444196,0,0,34,0,0.409302325581395,0.881224858940245,25.2729651162255,56.4453446895429,0,0,83.4,2.49620856803274e-14,812.5,0,0,0,35,17.3889639822523,35,17.3889639822523,175,86.9448199112615,175,86.9448199112615,NaN,NaN,0.0284375,0.01412853323558,0.0334084999999981,0.0160323620555463,0.0049709999999981,0.00245311842857385,0.0284375,0.01412853323558,0.00247600247600248,0.1066735237971,1,0,3.9304048304715e-17,1.69111670728487e-16,0.497297654681621,0.195814871893497,42.3333333333333,16.1628112417508,0,0,1,0,0,0,0,0,0,0,0,0,0,0,1,0,1,0,1,0,0,0,0,0,1.75,0.869448199112615,148.2766409,0
s7_clean,fixed_packet,1,1,6,1188,0.971428571428571,0.971428571428571,wide_neighbor_stable_validated,0.8,1,0,1,2,2,2,1,1,1,1,35,17.3889639822523,35,17.3889639822523,0,0,0,0,1127.5193313953,76.8891496840333,0,0,1127.5193313953,76.8891496840333,1127.5193313953,76.8891496840333,1094.39999999991,0,1280.09999999992,762.215750801027,1844.39999999991,1006.15857444196,1094.39999999991,0,1280.09999999992,762.215750801027,1844.39999999991,1006.15857444196,0,0,34,0,0.403052325581395,0.484296018232069,34.7162790697137,77.0192486044858,0,0,83.4,2.49620856803274e-14,975,0,0,0,35,17.3889639822523,35,17.3889639822523,210,104.333783893514,210,104.333783893514,NaN,NaN,0.034125,0.016954239882696,0.0393989999999981,0.0185207615932442,0.0052739999999981,0.00255053719710969,0.034125,0.016954239882696,0.016972016972017,0.157005206639499,1,0,1.14504113833237e-16,2.55440126933287e-16,0.497297654681621,0.195814871893497,42.3333333333333,16.1628112417508,0,0,1,0,0,0,0,0,0,0,0,0,0,0,1,0,1,0,1,0,0,0,0,0,1.75,0.869448199112615,147.3150245,0
sb_cb,fixed_packet,1,1,1,198,0.892857142857143,0.892857142857143,wide_neighbor_stable_validated,0.7,1,0,1,2,2,2,1,1,1,1,35,17.3889639822523,35,17.3889639822523,0,0,0,0,382.776598837209,82.9803164006421,0,0,382.776598837209,82.9803164006421,382.776598837209,82.9803164006421,361,0,610,1052.05798319294,772,1378.25324233248,361,0,610,1052.05798319294,772,1378.25324233248,0,0,36.2666666666667,9.75267952076544,0,0,7.7765988372093,14.6350941544878,13.7333333333333,59.0897641552259,162.5,0,162.5,0,0,0,35,17.3889639822523,35,17.3889639822523,35,17.3889639822523,35,17.3889639822523,NaN,NaN,0.0056875,0.002825706647116,0.013307,0.0053200649568684,0.00751116666666667,0.00290624374741232,0.00579583333333333,0.00256366391814239,0.00698405724952886,0.0878468045066349,1,0,1.23586003541662e-16,2.80166552240297e-16,0.497297654681621,0.195814871893497,44.3333333333333,10.0395230360821,2,8.60530545949892,1.06666666666667,0.286843515316631,19.3333333333333,83.1846194418229,NaN,NaN,19.3333333333333,83.1846194418229,NaN,NaN,NaN,NaN,1,0,1,0,1,0,0,0,0,0,1.75,0.869448199112615,34.5132104,0
sb_cb,fixed_packet,1,1,2,396,0.771428571428571,0.771428571428571,wide_neighbor_stable_validated,0.6,1,0,1,2,2,2,1,1,1,1,35,17.3889639822523,35,17.3889639822523,0,0,0,0,547.116279069768,66.0882853417815,0,0,547.116279069768,66.0882853417815,547.116279069768,66.0882853417815,523.5,0,710.55,720.597387588936,979.5,1210.04793293489,523.5,0,710.55,720.597387588936,979.5,1210.04793293489,0,0,35.5111111111111,6.50178634717696,0,0,13.8051679586563,17.5108733246238,10.3,44.3173231164195,162.5,0,325,0,0,0,35,17.3889639822523,35,17.3889639822523,70,34.7779279645046,70,34.7779279645046,NaN,NaN,0.011375,0.005651413294232,0.0190875,0.00852301720907295,0.00760416666666667,0.00328239399053751,0.0114833333333333,0.00537556629230474,0.0175617284010435,0.112577868648322,1,0,6.84471068488323e-17,2.94504131126582e-16,0.497297654681621,0.195814871893497,43.6666666666667,11.7395768159531,1.33333333333333,5.73687030633262,1.04444444444444,0.191229010211087,14.5,62.3884645813672,NaN,NaN,14.5,62.3884645813672,NaN,NaN,NaN,NaN,1,0,1,0,1,0,0,0,0,0,1.75,0.869448199112615,37.8085841,0
sb_cb,fixed_packet,1,1,3,594,0.685714285714286,0.685714285714286,wide_neighbor_stable_validated,0.4,0.8,0,1,2,2,2,1,1,1,1,35,17.3889639822523,35,17.3889639822523,0,0,0,0,718.474273255814,96.1542671791707,0,0,718.474273255814,96.1542671791707,718.474273255814,96.1542671791707,686,0,929,968.096864193629,1331,1606.19818683269,686,0,929,968.096864193629,1331,1606.19818683269,0,0,35.8888888888889,8.1272329339712,0,0,19.2187177002584,32.1799257440055,13.3666666666667,57.5121248209845,162.5,0,487.5,0,0,0,35,17.3889639822523,35,17.3889639822523,105,52.1668919467569,105,52.1668919467569,NaN,NaN,0.0170625,0.008477119941348,0.025054,0.0110145475606496,0.007829,0.00331800951362087,0.017225,0.00806334943845711,0.0226080577579687,0.154746551377833,1,0,5.05367207357923e-17,2.17441959426443e-16,0.497297654681621,0.195814871893497,44,10.8281052473581,1.66666666666667,7.17108788291577,1.05555555555556,0.239036262763859,19.3333333333333,83.1846194418229,NaN,NaN,19.3333333333333,83.1846194418229,NaN,NaN,NaN,NaN,1,0,1,0,1,0,0,0,0,0,1.75,0.869448199112615,34.5726168,0
sb_cb,fixed_packet,1,1,4,792,0.5,0.5,wide_neighbor_stable_validated,0.3,0.7,0,1,2,2,2,1,1,1,1,35,17.3889639822523,35,17.3889639822523,0,0,0,0,876.939098837209,51.5541879360556,0,0,876.939098837209,51.5541879360556,876.939098837209,51.5541879360556,854.5,6.45397909462419,991,429.831131420772,1367.5,955.18890600438,854.5,6.45397909462419,991,429.831131420772,1367.5,955.18890600438,0,0,34,0,0,0,30.4390988372093,51.5541879360556,0,0,162.5,0,650,0,0,0,35,17.3889639822523,35,17.3889639822523,140,69.5558559290092,140,69.5558559290092,NaN,NaN,0.02275,0.011302826588464,0.0306545,0.0146109221292091,0.0079045,0.0035454918040349,0.02275,0.011302826588464,0.0246168991726383,0.153550904580864,1,0,0,0,0.497297654681621,0.195814871893497,42.3333333333333,16.1628112417508,0,0,1,0,0,0,NaN,NaN,0,0,NaN,NaN,NaN,NaN,1,0,1,0,1,0,0,0,0,0,1.75,0.869448199112615,33.0073922,0
sb_cb,fixed_packet,1,1,5,990,0.657142857142857,0.657142857142857,wide_neighbor_stable_validated,0.4,0.8,0,1,2,2,2,1,1,1,1,35,17.3889639822523,35,17.3889639822523,0,0,0,0,1070.74287790698,176.890968023516,0,0,1070.74287790698,176.890968023516,1070.74287790698,176.890968023516,1014,12.9079581892484,1411.05,1598.33271146481,2103,2544.43982047129,1014,12.9079581892484,1411.05,1598.33271146481,2103,2544.43982047129,0,0,37.4,14.6290192811482,0,0,35.4317667958656,65.0718698506987,22.9111111111111,98.5785547638154,162.5,0,812.5,0,0,0,35,17.3889639822523,35,17.3889639822523,175,86.9448199112615,175,86.9448199112615,NaN,NaN,0.0284375,0.01412853323558,0.037296,0.015816701839414,0.00858766666666666,0.00398852162613019,0.0287083333333333,0.0134389157307619,0.0248753501536917,0.225168493971225,1,0,5.18939362957022e-17,2.23281586660148e-16,0.497297654681621,0.195814871893497,45.3333333333333,8.72400493513513,3,12.9079581892484,1.1,0.430265272974946,38.6666666666667,166.369238883646,NaN,NaN,38.6666666666667,166.369238883646,NaN,NaN,NaN,NaN,1,0,1,0,1,0,0,0,0,0,1.75,0.869448199112615,38.2679191,0
sb_cb,fixed_packet,1,1,6,1188,0.8,0.8,wide_neighbor_stable_validated,0.6,0.971428571428571,0,1,2,2,2,1,1,1,1,35,17.3889639822523,35,17.3889639822523,0,0,0,0,1238.94505813953,201.152866169982,0,0,1238.94505813953,201.152866169982,1238.94505813953,201.152866169982,1173.5,0,1576.25,1669.97840854306,2400.5,2449.14688443516,1173.5,0,1576.25,1669.97840854306,2400.5,2449.14688443516,0,0,37.0222222222222,13.0035726943539,0,0,41.656169250646,90.8432189168221,22.7666666666667,97.9570604806294,162.5,0,975,0,0,0,35,17.3889639822523,35,17.3889639822523,210,104.333783893514,210,104.333783893514,NaN,NaN,0.034125,0.016954239882696,0.0431515,0.0181792773453497,0.0087015,0.00416770517980962,0.03445,0.0161266988769142,0.0294742793683377,0.264827859731552,1,0,0,0,0.497297654681621,0.195814871893497,45,8.9566858950296,2.66666666666667,11.4737406126652,1.08888888888889,0.382458020422174,33.8333333333333,145.57308402319,NaN,NaN,33.8333333333333,145.57308402319,NaN,NaN,NaN,NaN,1,0,1,0,1,0,0,0,0,0,1.75,0.869448199112615,37.1775889,0
sb_cf,fixed_packet,1,1,1,198,0.0774596669241484,0.0774596669241484,wide_neighbor_stable_validated,0.02,0.167919719150519,0,1,2,2,2,1,1,1,1,35,17.3889639822523,35,17.3889639822523,0,0,0,0,325.792151162791,50.3546392099226,0,0,325.792151162791,50.3546392099226,325.792151162791,50.3546392099226,278,39.2580222081081,683.45,415.770021951856,921.5,958.062708723261,278,39.2580222081081,683.45,415.770021951856,921.5,958.062708723261,0,0,35.0542635658915,4.53613000965835,0,0,123.199127906977,28.1999668661752,5.03875968992248,21.6800331343965,0,0,162.5,0,0,0,35,17.3889639822523,35,17.3889639822523,35,17.3889639822523,35,17.3889639822523,NaN,NaN,0.0056875,0.002825706647116,0.0114835,0.0074261487467867,0.0114835,0.0074261487467867,0,0,0.0348552461311311,0.119018637586638,1,0,5.96740101815207e-17,2.56756542802617e-16,0.497297654681621,0.195814871893497,43.6666666666667,21.4174357173438,1.33333333333333,5.73687030633262,1.03100775193798,0.133415588519363,216.666666666667,932.24142477905,NaN,NaN,216.666666666667,932.24142477905,NaN,NaN,NaN,NaN,1,0,1,0,1,0,0,0,0,0,1.75,0.869448199112615,70.2277313,0
sb_cf,fixed_packet,1,1,2,396,0.0276959149030538,0.0276959149030538,wide_neighbor_stable_validated,0.005,0.0424890620491968,0,1,2,2,2,1,1,1,1,35,17.3889639822523,35,17.3889639822523,0,0,0,0,706.078924418605,254.371097105187,0,0,706.078924418605,254.371097105187,706.078924418605,254.371097105187,616,187.165393744102,1585.15,1213.5071774058,2305,3388.50498007602,616,187.165393744102,1585.15,1213.5071774058,2305,3388.50498007602,0,0,37.1276485788114,9.03089955534269,0,0,314.05463501292,177.457093294673,29.8966408268734,86.3247751613639,0,0,325,0,0,0,35,17.3889639822523,35,17.3889639822523,70,34.7779279645046,70,34.7779279645046,NaN,NaN,0.011375,0.005651413294232,0.02519,0.0220808014536974,0.02519,0.0220808014536974,0,0,0.0713106051912113,0.277737850671204,1,0,1.15469664584823e-16,2.49873752771228e-16,0.497297654681621,0.195814871893497,46,26.2896424309137,3.66666666666667,11.7395768159531,1.09198966408269,0.265614692804196,1191.66666666667,3815.36246518476,NaN,NaN,1191.66666666667,3815.36246518476,NaN,NaN,NaN,NaN,1,0,1,0,1,0,0,0,0,0,1.75,0.869448199112615,70.8059895,0
sb_cf,fixed_packet,1,1,3,594,0.018053203938205,0.018053203938205,wide_neighbor_stable_validated,0.005,0.0651836344868839,0,1,2,2,2,1,1,1,1,35,17.3889639822523,35,17.3889639822523,0,0,0,0,1133.82601744186,348.601064282142,0,0,1133.82601744186,348.601064282142,1133.82601744186,348.601064282142,903,130.523649492814,2587.35,1875.26679301906,3187.5,2540.17991488792,903,130.523649492814,2587.35,1875.26679301906,3187.5,2540.17991488792,0,0,36.6444444444444,11.3781261075597,0,0,571.764906330749,219.088728733951,37.9166666666667,163.142249336334,0,0,487.5,0,0,0,35,17.3889639822523,35,17.3889639822523,105,52.1668919467569,105,52.1668919467569,NaN,NaN,0.0170625,0.008477119941348,0.0390705,0.00799489987188948,0.0390705,0.00799489987188948,0,0,0.0171335557014121,0.154939037219054,1,0,0,0,0.497297654681621,0.195814871893497,44.6666666666667,9.40479358891743,2.33333333333333,10.0395230360821,1.07777777777778,0.334650767869403,1137.5,4894.26748009001,NaN,NaN,1137.5,4894.26748009001,NaN,NaN,NaN,NaN,1,0,1,0,1,0,0,0,0,0,1.75,0.869448199112615,110.2701906,0
sb_cf,fixed_packet,1,1,4,792,0.02,0.02,wide_neighbor_stable_validated,0.005,0.0276959149030538,0,1,2,2,2,1,1,1,1,35,17.3889639822523,35,17.3889639822523,0,0,0,0,1471.50305232558,1047.57209840902,0,0,1471.50305232558,1047.57209840902,1471.50305232558,1047.57209840902,1014.5,307.564439777073,4597.25,7402.08950097096,6962,10447.5390109162,1014.5,307.564439777073,4597.25,7402.08950097096,6962,10447.5390109162,0,0,44.6041343669251,26.7550236355405,0,0,574.172819767442,510.24324012138,202.726098191214,511.493098914746,0,0,650,0,0,0,35,17.3889639822523,35,17.3889639822523,140,69.5558559290092,140,69.5558559290092,NaN,NaN,0.02275,0.011302826588464,0.05125,0.0391739446076044,0.05125,0.0391739446076044,0,0,0.141434895478915,0.539280380982652,1,0,4.08016623383387e-17,1.75555383838369e-16,0.497297654681621,0.195814871893497,53,25.2112442693104,10.6666666666667,24.1272741130314,1.31188630490956,0.786912459868839,6933.33333333333,15682.7281734704,NaN,NaN,6933.33333333333,15682.7281734704,NaN,NaN,NaN,NaN,1,0,1,0,1,0,0,0,0,0,1.75,0.869448199112615,72.2213494,0
sb_cf,fixed_packet,1,1,5,990,0.00794597404701853,0.00794597404701853,wide_neighbor_stable_validated,0.002,0.0158381960876658,0,1,2,2,2,1,1,1,1,35,17.3889639822523,35,17.3889639822523,0,0,0,0,3020.25886627907,4165.92790583429,0,0,3020.25886627907,4165.92790583429,3020.25886627907,4165.92790583429,2111.5,1831.46369585388,8277.4,18601.8135918559,10718.5,19447.2687740266,2111.5,1831.46369585388,8277.4,18601.8135918559,10718.5,19447.2687740266,0,0,49.1111111111111,65.0178634717696,0,0,1797.53664405685,2554.14447524003,361.111111111111,1553.73570796508,0,0,812.5,0,0,0,35,17.3889639822523,35,17.3889639822523,175,86.9448199112615,175,86.9448199112615,NaN,NaN,0.0284375,0.01412853323558,0.1004345,0.104851961727753,0.1004345,0.104851961727753,0,0,-0.125567028702412,1.08512443391582,1,0,6.22819461624725e-17,2.67977585670071e-16,0.497297654681621,0.195814871893497,55.6666666666667,44.59932415519,13.3333333333333,57.3687030633261,1.44444444444444,1.91229010211087,10833.3333333333,46612.0712389525,NaN,NaN,10833.3333333333,46612.0712389525,NaN,NaN,NaN,NaN,1,0,1,0,1,0,0,0,0,0,1.75,0.869448199112615,75.8742516,0
sb_cf,fixed_packet,1,1,6,1188,0.0117677344682513,0.018053203938205,validated_candidate_fallback,0.005,0.0223606797749979,0,1,2,2,2,2,1,2,1,35,17.3889639822523,35,17.3889639822523,0,0,0,0,3186.82834302326,4429.4403553422,0,0,3186.82834302326,4429.4403553422,3186.82834302326,4429.4403553422,1549.5,262.241301095003,16836.3,45152.9646703122,21093,39920.441686704,1549.5,262.241301095003,16836.3,45152.9646703122,21093,39920.441686704,0,0,62.0368217054264,86.4919357818113,0,0,1345.79442829457,1862.72405128127,803.997093023256,2480.28345256665,0,0,975,0,0,0,35,17.3889639822523,35,17.3889639822523,210,104.333783893514,210,104.333783893514,NaN,NaN,0.034125,0.016954239882696,0.107106,0.117232295090363,0.107106,0.117232295090363,0,0,-0.0474298959301995,2.54830596015995,1,0,0,0,0.497297654681621,0.195814871893497,68.6666666666667,62.9096942420612,26.3333333333333,73.7053887479357,1.82461240310078,2.54388046417092,25675,71862.7540292373,NaN,NaN,25675,71862.7540292373,NaN,NaN,NaN,NaN,1,0,1,0,1,0,0,0,0,0,1.75,0.869448199112615,77.5574957,0
sf_cb,fixed_packet,1,1,1,198,0.914285714285714,0.914285714285714,wide_neighbor_stable_validated,0.7,0.978571428571429,0,1,2,2,2,1,1,1,1,35,17.3889639822523,35,17.3889639822523,0,0,0,0,429.605967377261,33.8673047763172,0,0,429.605967377261,33.8673047763172,429.605967377261,33.8673047763172,426.333333333333,22.4290032142578,566.225,194.008223044732,638.5,342.006766314832,426.333333333333,22.4290032142578,566.225,194.008223044732,638.5,342.006766314832,92.2898740310078,7.67343709410558,0,0,12.3160933462532,30.4170572757782,0,0,0,0,162.5,0,162.5,0,0,0,35,17.3889639822523,35,17.3889639822523,35,17.3889639822523,35,17.3889639822523,NaN,NaN,0.0056875,0.002825706647116,0.0150955,0.00872269470340954,0.009408,0.00590225722828892,0.0056875,0.002825706647116,0.00912800912800913,0.0303537569310358,1,0,4.31410570865025e-17,1.85620987037517e-16,0.497297654681621,0.195814871893497,42.3333333333333,16.1628112417508,0,0,1,0,0,0,0,0,0,0,0,0,0,0,1,0,1,0,1,0,0,0,0,0,1.75,0.869448199112615,7.3325083,0
sf_cb,fixed_packet,1,1,2,396,0.935714285714286,0.935714285714286,wide_neighbor_stable_validated,0.7,0.978571428571429,0,1,2,2,2,1,1,1,1,35,17.3889639822523,35,17.3889639822523,0,0,0,0,584.114809431525,16.9010176714354,0,0,584.114809431525,16.9010176714354,584.114809431525,16.9010176714354,581.083333333333,8.1998497310948,655.975,61.52671167875,843.5,430.568144839382,581.083333333333,8.1998497310948,655.975,61.52671167875,843.5,430.568144839382,95.3551195090439,14.5489436275119,0,0,1.25968992248062,5.42000828359913,0,0,0,0,162.5,0,325,0,0,0,35,17.3889639822523,35,17.3889639822523,70,34.7779279645046,70,34.7779279645046,NaN,NaN,0.011375,0.005651413294232,0.020458,0.0104819125348807,0.009083,0.00484377250245669,0.011375,0.005651413294232,0.0164440164440165,0.0672443688746452,1,0,0,0,0.497297654681621,0.195814871893497,42.3333333333333,16.1628112417508,0,0,1,0,0,0,0,0,0,0,0,0,0,0,1,0,1,0,1,0,0,0,0,0,1.75,0.869448199112615,6.9822839,0
sf_cb,fixed_packet,1,1,3,594,0.892857142857143,0.892857142857143,wide_neighbor_stable_validated,0.7,0.978571428571429,0,1,2,2,2,1,1,1,1,35,17.3889639822523,35,17.3889639822523,0,0,0,0,765.53377745478,2.93273607209584,0,0,765.53377745478,2.93273607209584,765.53377745478,2.93273607209584,751.833333333333,12.4413724840851,941.391666666667,108.072737571162,1181,376.828215866997,751.833333333333,12.4413724840851,941.391666666667,108.072737571162,1181,376.828215866997,100.113073320413,14.5152331143498,0,0,15.4207041343669,11.7919785614468,0,0,0,0,162.5,0,487.5,0,0,0,35,17.3889639822523,35,17.3889639822523,105,52.1668919467569,105,52.1668919467569,NaN,NaN,0.0170625,0.008477119941348,0.0267955,0.0133542181787878,0.009733,0.00487760629475839,0.0170625,0.008477119941348,0.0241560241560242,0.0951333454364374,1,0,1.20514936409172e-16,2.69661118059301e-16,0.497297654681621,0.195814871893497,42.3333333333333,16.1628112417508,0,0,1,0,0,0,0,0,0,0,0,0,0,0,1,0,1,0,1,0,0,0,0,0,1.75,0.869448199112615,23.7804747,0
sf_cb,fixed_packet,1,1,4,792,0.85,0.85,wide_neighbor_stable_validated,0.7,0.978571428571429,0,1,2,2,2,1,1,1,1,35,17.3889639822523,35,17.3889639822523,0,0,0,0,946.312403100775,31.8259642151407,0,0,946.312403100775,31.8259642151407,946.312403100775,31.8259642151407,919.916666666667,13.9744246450272,1121.71666666667,12.3111101468728,1572.66666666667,788.984910792778,919.916666666667,13.9744246450272,1121.71666666667,12.3111101468728,1572.66666666667,788.984910792778,96.0689437984496,20.1771766090693,0,0,30.5212370801034,8.60615970699706,7.22222222222222,31.0747141593017,0,0,162.5,0,650,0,0,0,35,17.3889639822523,35,17.3889639822523,140,69.5558559290092,140,69.5558559290092,NaN,NaN,0.02275,0.011302826588464,0.033133,0.0167853688388297,0.010383,0.00554213169477433,0.02275,0.011302826588464,0.0260560260560261,0.126421489857929,1,0,0,0,0.497297654681621,0.195814871893497,42.3333333333333,16.1628112417508,0,0,1,0,0,0,0,0,0,0,0,0,0,0,1,0,1,0,1,0,0,0,0,0,1.75,0.869448199112615,6.9329691,0
sf_cb,fixed_packet,1,1,5,990,0.857142857142857,0.857142857142857,wide_neighbor_stable_validated,0.6,0.971428571428571,0,1,2,2,2,1,1,1,1,35,17.3889639822523,35,17.3889639822523,0,0,0,0,1108.53159722222,33.0115361754259,0,0,1108.53159722222,33.0115361754259,1108.53159722222,33.0115361754259,1078.16666666667,23.0229895633266,1337.225,260.935779565954,1706,914.456272056938,1078.16666666667,23.0229895633266,1337.225,260.935779565954,1706,914.456272056938,111.660230943152,48.4629085747476,0,0,21.8713662790698,18.7853579611983,0,0,0,0,162.5,0,812.5,0,0,0,35,17.3889639822523,35,17.3889639822523,175,86.9448199112615,175,86.9448199112615,NaN,NaN,0.0284375,0.01412853323558,0.0387663333333333,0.0186788728102892,0.0103288333333333,0.00461060649380758,0.0284375,0.01412853323558,0.021036021036021,0.144397599759794,1,0,0,0,0.497297654681621,0.195814871893497,42.3333333333333,16.1628112417508,0,0,1,0,0,0,0,0,0,0,0,0,0,0,1,0,1,0,1,0,0,0,0,0,1.75,0.869448199112615,6.6172044,0
sf_cb,fixed_packet,1,1,6,1188,0.935714285714286,0.935714285714286,wide_neighbor_stable_validated,0.7,0.978571428571429,0,1,2,2,2,1,1,1,1,35,17.3889639822523,35,17.3889639822523,0,0,0,0,1268.62506459948,49.613304194726,0,0,1268.62506459948,49.613304194726,1268.62506459948,49.613304194726,1233.25,13.7050352590933,1556.53333333333,459.983801941365,2010.66666666667,1001.93109554895,1233.25,13.7050352590933,1556.53333333333,459.983801941365,2010.66666666667,1001.93109554895,121.834851421189,71.5681077481118,0,0,9.29021317829457,25.5032124319967,0,0,0,0,162.5,0,975,0,0,0,35,17.3889639822523,35,17.3889639822523,210,104.333783893514,210,104.333783893514,NaN,NaN,0.034125,0.016954239882696,0.0443455,0.0209996119368906,0.0102205,0.00418373355987209,0.034125,0.016954239882696,0.0241200241200241,0.167171542483503,1,0,1.0029076919408e-16,2.22635935802029e-16,0.497297654681621,0.195814871893497,42.3333333333333,16.1628112417508,0,0,1,0,0,0,0,0,0,0,0,0,0,0,1,0,1,0,1,0,0,0,0,0,1.75,0.869448199112615,6.8080765,0
sf_cf,fixed_packet,1,1,1,198,0.99,0.99,wide_neighbor_stable_validated,0.7,0.978571428571429,0,1,2,2,2,1,1,1,1,35,17.3889639822523,35,17.3889639822523,0,0,0,0,244,91.8975316913407,0,0,293.1763000646,91.8975316913407,244,91.8975316913407,265.25,21.5222256419079,692.633333333333,1232.27113053887,798.666666666667,1463.58741490989,265.25,21.5222256419079,692.633333333333,1232.27113053887,798.666666666667,1463.58741490989,89.2246285529716,1.15612327187945,0,0,19.7850048449612,35.5860441975828,0,0,21.6666666666667,93.224142477905,0,0,162.5,0,0,0,35,17.3889639822523,35,17.3889639822523,35,17.3889639822523,35,17.3889639822523,NaN,NaN,0.0056875,0.002825706647116,0.0101121666666667,0.0024879616861704,0.00377466666666667,0.00134006758397837,0.0063375,0.00245544321638455,0.00613200613200613,0.0858053000775556,1,0,0,0,0.497297654681621,0.195814871893497,46.3333333333333,9.40479358891743,4,17.2106109189978,1.13333333333333,0.573687030633261,325,1398.36213716857,325,1398.36213716857,650,2796.72427433715,325,1398.36213716857,650,2796.72427433715,1,0,1,0,1,0,0,0,0,0,1.75,0.869448199112615,7.6981277,0
sf_cf,fixed_packet,1,1,2,396,0.999,0.999,wide_neighbor_stable_validated,0.6,0.971428571428571,0,1,2,2,2,1,1,1,1,35,17.3889639822523,35,17.3889639822523,0,0,0,0,465,41.9954522798326,0,0,558.180943152455,41.9954522798326,465,41.9954522798326,521.166666666667,32.6815987152846,960.266666666667,149.356460167387,1112,436.013937674191,521.166666666667,32.6815987152846,960.266666666667,149.356460167387,1112,436.013937674191,169.619089147287,25.598385812507,0,0,63.561854005168,27.1911626698785,0,0,0,0,0,0,325,0,0,0,35,17.3889639822523,35,17.3889639822523,70,34.7779279645046,70,34.7779279645046,NaN,NaN,0.011375,0.005651413294232,0.0195913333333333,0.0108246888211197,0.00821633333333333,0.00521350162416635,0.011375,0.005651413294232,0.0162520162520163,0.0704246116948834,1,0,0,0,0.497297654681621,0.195814871893497,42.3333333333333,16.1628112417508,0,0,1,0,0,0,0,0,0,0,0,0,0,0,1,0,1,0,1,0,0,0,0,0,1.75,0.869448199112615,3.7379294,0
sf_cf,fixed_packet,1,1,3,594,0.99,0.99,wide_neighbor_stable_validated,0.5,0.9,0,1,2,2,2,1,1,1,1,35,17.3889639822523,35,17.3889639822523,0,0,0,0,752,142.982063331718,0,0,1041.39537306202,142.982063331718,752,142.982063331718,910.5,74.8030748031122,2167.475,1069.36127333875,2890,2551.96006368961,910.5,74.8030748031122,2167.475,1069.36127333875,2890,2551.96006368961,253.585295542636,28.815413640097,0,0,248.410852713178,144.450084582811,0,0,51.8992248062016,116.124863294506,0,0,487.5,0,0,0,35,17.3889639822523,35,17.3889639822523,105,52.1668919467569,105,52.1668919467569,NaN,NaN,0.0170625,0.008477119941348,0.036383,0.0175187126572322,0.0173705,0.00487668106058482,0.0190125,0.0126433900714958,0.0424240424240424,0.277825664317399,1,0,6.99562845064193e-17,3.00997598494675e-16,0.497297654681621,0.195814871893497,46.3333333333333,23.0815474948677,4,9.93655084700132,1.10645994832041,0.238204847783602,975,2422.03426895657,975,2422.03426895657,1950,4844.06853791314,975,2422.03426895657,1950,4844.06853791314,1,0,1,0,1,0,0,0,0,0,1.75,0.869448199112615,2.7549321,0
sf_cf,fixed_packet,1,1,4,792,0.99,0.99,validated_candidate_fallback,0.6,0.971428571428571,0,1,2,2,2,2,1,2,1,35,17.3889639822523,35,17.3889639822523,0,0,0,0,920,89.0141500102374,0,0,1131.8279877261,89.0141500102374,920,89.0141500102374,1051,139.178235355177,1767.03333333333,184.199495314384,2616.66666666667,1935.36064058273,1051,139.178235355177,1767.03333333333,184.199495314384,2616.66666666667,1935.36064058273,326.718168604651,85.9015905656845,0,0,155.109819121447,15.9110043975322,0,0,0,0,0,0,650,0,0,0,35,17.3889639822523,35,17.3889639822523,140,69.5558559290092,140,69.5558559290092,NaN,NaN,0.02275,0.011302826588464,0.0397413333333333,0.0222703205401934,0.0169913333333333,0.01103370035979,0.02275,0.011302826588464,0.0145320145320145,0.0524146875288791,1,0,7.06507616419984e-17,3.03985692437823e-16,0.497297654681621,0.195814871893497,42.3333333333333,16.1628112417508,0,0,1,0,0,0,0,0,0,0,0,0,0,0,1,0,1,0,1,0,0,0,0,0,1.75,0.869448199112615,2.1507687,0
sf_cf,fixed_packet,1,1,5,990,0.857142857142857,0.914285714285714,validated_candidate_fallback,0.6,0.971428571428571,0,1,2,2,2,2,1,2,1,35,17.3889639822523,35,17.3889639822523,0,0,0,0,1444.5407622739,495.442218235836,0,0,1444.5407622739,495.442218235836,1444.5407622739,495.442218235836,1297,290.439682897688,2704,2265.33952516472,4218,5684.77981479802,1297,290.439682897688,2704,2265.33952516472,4218,5684.77981479802,418.602051033592,141.968745275438,0,0,114.343104005168,222.276131214457,0,0,99.0956072351421,235.533158916729,0,0,812.5,0,0,0,35,17.3889639822523,35,17.3889639822523,175,86.9448199112615,175,86.9448199112615,NaN,NaN,0.0284375,0.01412853323558,0.0507913333333333,0.0342839866331639,0.0185621666666667,0.0126943766210199,0.0322291666666667,0.0233932699941354,0.0779040779040779,0.504769143378038,1,0,7.01615935884653e-17,3.01880972176982e-16,0.497297654681621,0.195814871893497,47,25.9351591210171,4.66666666666667,12.5032189587515,1.12196382428941,0.289886964820589,1895.83333333333,5079.43270199282,1895.83333333333,5079.43270199282,3791.66666666667,10158.8654039856,1895.83333333333,5079.43270199282,3791.66666666667,10158.8654039856,1,0,1,0,1,0,0,0,0,0,1.75,0.869448199112615,1.9026602,0
sf_cf,fixed_packet,1,1,6,1188,0.99,0.99,wide_neighbor_stable_validated,0.7,0.957142857142857,0,1,2,2,2,1,1,1,1,35,17.3889639822523,35,17.3889639822523,0,0,0,0,1414,450.042210276695,0,0,1790.43062015504,450.042210276695,1414,450.042210276695,1541.5,85.3238927069473,3539.5,3882.86618211409,6595,9632.80925821373,1541.5,85.3238927069473,3539.5,3882.86618211409,6595,9632.80925821373,481.455329457364,156.856984436364,0,0,132.928779069767,343.835373236116,0,0,201.046511627907,507.104270640274,0,0,975,0,0,0,35,17.3889639822523,35,17.3889639822523,210,104.333783893514,210,104.333783893514,NaN,NaN,0.034125,0.016954239882696,0.063033,0.0414878128370248,0.021108,0.00392496038196565,0.041925,0.0380652564683334,0.147764147764148,0.673811828155345,1,0,4.56963141029663e-17,1.96615370614617e-16,0.497297654681621,0.195814871893497,50.3333333333333,35.8554394145788,8,22.7674982015806,1.2062015503876,0.520106944246435,3900,11099.1553732705,3900,11099.1553732705,7800,22198.310746541,3900,11099.1553732705,7800,22198.310746541,1,0,1,0,1,0,0,0,0,0,1.75,0.869448199112615,1.621468,0
unslotted,fixed_packet,1,1,1,198,0.671428571428571,0.671428571428571,wide_neighbor_stable_validated,0.5,0.9,0,1,2,2,2,1,1,1,1,35,17.3889639822523,35,17.3889639822523,0,0,0,0,362.006924292778,115.670867160004,0,0,362.006924292778,115.670867160004,362.006924292778,115.670867160004,330.973084830019,0.331946523499153,696.565999325809,1490.76382892287,882.612150426061,1946.19687109167,330.973084830019,0.331946523499153,696.565999325809,1490.76382892287,882.612150426061,1946.19687109167,0,0,0,0,9.37839833691074,5.40097616464613,3.90813871365016,9.79270543273048,23.720387242217,102.060588918439,162.5,0,162.5,0,0,0,35,17.3889639822523,35,17.3889639822523,35,17.3889639822523,35,17.3889639822523,NaN,NaN,0.0056875,0.002825706647116,0.0125466765273457,0.00485134521136839,0.00680500986067904,0.00295486596890152,0.00574166666666667,0.00268778314615237,0.0109591942165868,0.115023303562954,1,0,5.43809691806316e-17,2.33982425491466e-16,0.497297654681621,0.195814871893497,47,10.8281052473581,4.66666666666667,20.0790460721642,1.15555555555556,0.669301535738805,62.8333333333333,270.350013185924,NaN,NaN,62.8333333333333,270.350013185924,NaN,NaN,NaN,NaN,1,0,1,0,1,0,0,0,0,0,1.75,0.869448199112615,4.5735013,0
unslotted,fixed_packet,1,1,2,396,0.642857142857143,0.642857142857143,wide_neighbor_stable_validated,0.3,0.7,0,1,2,2,2,1,1,1,1,35,17.3889639822523,35,17.3889639822523,0,0,0,0,527.07434203781,105.070136231899,0,0,527.07434203781,105.070136231899,527.07434203781,105.070136231899,496.423730927626,8.57218585043695,823.741032407786,1281.23219452342,1101.45610507492,1884.87870090569,496.423730927626,8.57218585043695,823.741032407786,1281.23219452342,1101.45610507492,1884.87870090569,0,0,0,0,11.8775627072585,4.79709126485902,6.88459100360257,16.5503237621083,20.812188326949,89.547618917007,162.5,0,325,0,0,0,35,17.3889639822523,35,17.3889639822523,70,34.7779279645046,70,34.7779279645046,NaN,NaN,0.011375,0.00565141329423192,0.0183324376030826,0.00739886564073224,0.00684910426974926,0.00270870685901802,0.0114833333333333,0.00537556629230466,0.00968990174344696,0.12219974880589,1,0,0,0,0.497297654681621,0.195814871893497,46,8.9566858950296,3.66666666666667,15.7763933424147,1.12222222222222,0.52587977808049,48.3333333333333,207.961548604557,NaN,NaN,48.3333333333333,207.961548604557,NaN,NaN,NaN,NaN,1,0,1,0,1,0,0,0,0,0,1.75,0.869448199112615,6.0798333,0
unslotted,fixed_packet,1,1,3,594,0.885714285714286,0.885714285714286,wide_neighbor_stable_validated,0.6,1,0,1,2,2,2,1,1,1,1,35,17.3889639822523,35,17.3889639822523,0,0,0,0,683.355998123261,102.770331777199,0,0,683.355998123261,102.770331777199,683.355998123261,102.770331777199,652.779542152556,0.705588867875771,930.054983051111,1134.00131988798,1290.91659262846,1746.83145902571,652.779542152556,0.705588867875771,930.054983051111,1134.00131988798,1290.91659262846,1746.83145902571,0,0,0,0,4.6543866592725,2.00983749523046,11.2571928533818,28.3639102071276,17.4444186106066,75.0572753538186,162.5,0,487.5,0,0,0,35,17.3889639822523,35,17.3889639822523,105,52.1668919467569,105,52.1668919467569,NaN,NaN,0.0170625,0.00847711994134792,0.0238184792931977,0.0103457619731925,0.00659347929319772,0.00288434392062728,0.017225,0.00806334943845703,0.0247272123589378,0.158630986751587,1,0,4.04450299473844e-17,1.74020918507912e-16,0.497297654681621,0.195814871893497,45,8.9566858950296,2.66666666666667,11.4737406126652,1.08888888888889,0.382458020422174,33.8333333333333,145.57308402319,NaN,NaN,33.8333333333333,145.57308402319,NaN,NaN,NaN,NaN,1,0,1,0,1,0,0,0,0,0,1.75,0.869448199112615,4.2056272,0
unslotted,fixed_packet,1,1,4,792,0.842857142857143,0.842857142857143,wide_neighbor_stable_validated,0.5,0.9,0,1,2,2,2,1,1,1,1,35,17.3889639822523,35,17.3889639822523,0,0,0,0,885.467696884018,255.581284954382,0,0,885.467696884018,255.581284954382,885.467696884018,255.581284954382,816.469434961803,1.056940264848,1547.55756391462,3065.36622807672,2014.04765390279,3785.42120216846,816.469434961803,1.056940264848,1547.55756391462,3065.36622807672,2014.04765390279,3785.42120216846,0,0,0,0,6.85046638418886,4.50800174544228,19.2991812433529,52.6605513472186,46.8180492564764,201.441807434923,162.5,0,650,0,0,0,35,17.3889639822523,35,17.3889639822523,140,69.5558559290092,140,69.5558559290092,NaN,NaN,0.02275,0.0113028265884641,0.0307176205075363,0.0119340373684681,0.00775095384086965,0.00563280357957478,0.0229666666666667,0.0107511325846096,0.0176289126691423,0.224576776602364,1,0,0,0,0.497297654681621,0.195814871893497,50.6666666666667,23.8701377411919,8.33333333333333,35.8554394145788,1.27777777777778,1.19518131381929,116,499.107716650937,NaN,NaN,116,499.107716650937,NaN,NaN,NaN,NaN,1,0,1,0,1,0,0,0,0,0,1.75,0.869448199112615,4.4997076,0
unslotted,fixed_packet,1,1,5,990,0.714285714285714,0.714285714285714,wide_neighbor_stable_validated,0.4,0.8,0,1,2,2,2,1,1,1,1,35,17.3889639822523,35,17.3889639822523,0,0,0,0,1062.41226202918,293.490867851614,0,0,1062.41226202918,293.490867851614,1062.41226202918,293.490867851614,981.520609090648,3.6875903569482,1706.56374727014,3040.40410419102,2361.22816489509,3933.29417109755,981.520609090648,3.6875903569482,1706.56374727014,3040.40410419102,2361.22816489509,3933.29417109755,0,0,0,0,8.96714642310075,6.77971278074529,31.1160959974886,84.4197110176768,47.3290196085866,203.640335415251,162.5,0,812.5,0,0,0,35,17.3889639822523,35,17.3889639822523,175,86.9448199112615,175,86.9448199112615,NaN,NaN,0.0284375,0.0141285332355801,0.0368665399253644,0.0142953477850829,0.00815820659203104,0.0064019496254385,0.0287083333333334,0.0134389157307619,0.0110285136564441,0.255188710460046,1,0,1.26914167644315e-16,2.82428491900131e-16,0.497297654681621,0.195814871893497,50.3333333333333,22.5404985320661,8,34.4212218379957,1.26666666666667,1.14737406126652,111.166666666667,478.311561790482,NaN,NaN,111.166666666667,478.311561790482,NaN,NaN,NaN,NaN,1,0,1,0,1,0,0,0,0,0,1.75,0.869448199112615,4.923265,0
unslotted,fixed_packet,1,1,6,1188,0.785714285714286,0.785714285714286,wide_neighbor_stable_validated,0.7,1,0,1,2,2,2,1,1,1,1,35,17.3889639822523,35,17.3889639822523,0,0,0,0,1179.19430376342,82.5235923723915,0,0,1179.19430376342,82.5235923723915,1179.19430376342,82.5235923723915,1142.66991181309,2.57554784338396,1354.7908978047,798.194167612245,1942.88157280961,1007.60669963249,1142.66991181309,2.57554784338396,1354.7908978047,798.194167612245,1942.88157280961,1007.60669963249,0,0,0,0,6.46091229893788,1.57964810529422,35.2333914644844,82.3088135002959,0,0,162.5,0,975,0,0,0,35,17.3889639822523,35,17.3889639822523,210,104.333783893514,210,104.333783893514,NaN,NaN,0.034125,0.016954239882696,0.0412028179635351,0.0193410826501896,0.00707781796353506,0.00318792909390398,0.034125,0.016954239882696,0.0413599055286401,0.192000339072488,1,0,1.09449076616235e-16,2.44106458273148e-16,0.497297654681621,0.195814871893497,42.3333333333333,16.1628112417508,0,0,1,0,0,0,NaN,NaN,0,0,NaN,NaN,NaN,NaN,1,0,1,0,1,0,0,0,0,0,1.75,0.869448199112615,4.9307344,0
sf_cf,fixed_packet,5,5,1,198,0.785714285714286,0.785714285714286,wide_neighbor_stable_validated,0.5,0.821428571428571,0,1,2,2,3,1,1,1,1,193.8,18.6951885286428,193.8,18.6951885286428,0,0,0,0,303.950284510944,22.808960468344,0.971217683619918,1.52298876601917,302.979066827324,23.1635017658143,303.950284510944,22.808960468344,267.85,7.87013227571116,573.025,50.1162858009636,934.284,519.535333912811,267.85,7.87013227571116,573.025,50.1162858009636,934.284,519.535333912811,80.4202522766844,5.01027829025353,0,0,45.8092538283328,9.45030907798211,0,0,14.2495607223066,20.4622422179326,0,0,162.5,0,0,0,193.8,18.6951885286428,193.8,18.6951885286428,193.8,18.6951885286428,193.8,18.6951885286428,NaN,NaN,0.0314925,0.00303796813590445,0.058976,0.00813260626636581,0.0247535,0.00466110429933105,0.0342225,0.00457133539701736,0.00954480954480954,0.0550477710783231,1,0,1.35718262598334e-16,1.10515186459599e-16,0.828690078023261,0.0551079569575866,256.4,21.4811460283548,16.8,23.4013314337334,1.08768960444496,0.125921490571893,1755,1726.28697942166,1755,1726.28697942166,3575,3471.38921510076,1365,1901.35817899084,2730,3802.71635798168,1,0,1,0,1,0,0,0,1.4,0.680087380658256,9.69,0.934759426432137,6.1987293,0
sb_cf,fixed_packet,5,5,1,198,0.02,0.02,wide_neighbor_stable_validated,0.003,0.0330639565054252,0,1,2,2,3,1,1,1,1,193.8,18.6951885286428,193.8,18.6951885286428,0,0,0,0,859.891419085647,294.414529912335,15.5537495607689,29.837771524081,844.337669524878,280.549463911053,859.891419085647,294.414529912335,527.9,40.7542043669388,2458.49,1173.27565112267,6280.484,6852.48224792155,527.9,40.7542043669388,2458.49,1173.27565112267,6280.484,6852.48224792155,0,0,44.0302802731963,12.4484460668089,0,0,589.86854971067,209.981262752564,47.9388395410117,59.4962495840131,0,0,162.5,0,0,0,193.8,18.6951885286428,194.2,18.2782050343337,193.8,18.6951885286428,194.2,18.2782050343337,NaN,NaN,0.0315575,0.00297020831807923,0.1650609,0.0453950203365392,0.1650609,0.0453950203365392,0,0,0.0247919611307575,0.206650432913147,1,0,0.00171508452077496,0.0047618380227058,0.829111260796803,0.0548283581413296,299.8,51.1454046444201,55.4,64.2169605709247,1.2950082433293,0.36613076667085,10627.5,9440.82816221617,NaN,NaN,10627.5,9440.82816221617,NaN,NaN,NaN,NaN,1,0,1,0,1,0,0.00218579234972678,0.00606873247037769,1.4,0.680087380658256,9.69,0.934759426432137,297.808437,0
unslotted,fixed_packet,5,5,1,198,0.657142857142857,0.657142857142857,wide_neighbor_stable_validated,0.4,0.957142857142857,0,1,2,2,3,1,1,1,1,193.8,18.6951885286428,193.8,18.6951885286428,0,0,0,0,361.344053237205,39.4102309406079,2.62869895356854,4.52144321123469,358.715354283636,35.045048111576,361.344053237205,39.4102309406079,331.387770552799,0.699986687970039,445.943091342538,90.4049168436115,1169.60958283223,1150.51647287961,331.387770552799,0.699986687970039,445.943091342538,90.4049168436115,1169.60958283223,1150.51647287961,0,0,0,0,9.01584667912961,1.73656387050908,11.7787345539025,10.5947445526133,12.9207730506043,22.8065027191218,162.5,0,162.5,0,0,0,193.8,18.6951885286428,193.8,18.6951885286428,193.8,18.6951885286428,193.8,18.6951885286428,NaN,NaN,0.0314925,0.00303796813590445,0.0699395795582978,0.0086223234112724,0.0383170795582978,0.0073756406024817,0.0316225,0.00297431743922972,-0.014343565243487,0.0732294159173375,1,0,0,0,0.828690078023261,0.0551079569575866,268.6,39.4665592384875,18.6,31.6758196179756,1.09780929101444,0.170343490607747,458.2,582.788922625194,NaN,NaN,458.2,582.788922625194,NaN,NaN,NaN,NaN,1,0,1,0,1,0,0,0,1.4,0.680087380658256,9.69,0.934759426432137,19.2486687,0
sf_cb,fixed_packet,5,5,1,198,0.785714285714286,0.785714285714286,wide_neighbor_stable_validated,0.5,0.821428571428571,0,1,2,2,3,1,1,1,1,193.8,18.6951885286428,193.8,18.6951885286428,0,0,0,0,481.762684477799,15.6069102629827,1.18983240223464,2.02596977108535,480.572852075565,16.3653451885623,481.762684477799,15.6069102629827,435.8,10.670818067741,771.05,35.1048725131583,1412.43,368.469122738198,435.8,10.670818067741,771.05,35.1048725131583,1412.43,368.469122738198,84.5228355324679,6.90324262389579,0,0,47.19539084981,6.26521280424724,4.7302927723471,2.04087269315075,19.1243329209395,7.6458218922326,162.5,0,162.5,0,0,0,193.8,18.6951885286428,193.6,19.0059784858135,193.8,18.6951885286428,193.6,19.0059784858135,NaN,NaN,0.03148,0.00305717606256085,0.093381,0.0100463377370209,0.061901,0.00719090206483021,0.03148,0.00305717606256085,-0.0515856515856516,0.131576096183629,1,0,0.000144543762069443,0.000401317820684389,0.829308385045514,0.0544811344510067,267.2,26.7520247210355,22.6,8.76231295520086,1.1176882025904,0.0470512116445083,2632.5,1845.95106229923,2632.5,1845.95106229923,5330,3756.94100280737,1820,719.050371197535,3672.5,1423.87585522014,1,0,1,0,1,0,0.00111731843575419,0.00310217330189698,1.4,0.680087380658256,9.69,0.934759426432137,4.9781819,0
sb_cb,fixed_packet,5,5,1,198,0.685714285714286,0.685714285714286,wide_neighbor_stable_validated,0.3,0.9,0,1,2,2,3,1,1,1,1,193.8,18.6951885286428,193.8,18.6951885286428,0,0,0,0,400.316541621752,63.2761922705774,3.67136022921103,6.92144809125539,396.645181392541,56.5283993049462,400.316541621752,63.2761922705774,361,0,460.81,62.1222131516415,1779.67,3039.88277273062,361,0,460.81,62.1222131516415,1779.67,3039.88277273062,0,0,37.4458747907159,8.33668486780544,0,0,19.215543780226,11.3210331969981,14.9837628215995,37.2472632299797,162.5,0,162.5,0,0,0,193.8,18.6951885286428,193.6,19.0059784858135,193.8,18.6951885286428,193.6,19.0059784858135,NaN,NaN,0.0314911,0.00304010575665633,0.077416,0.0120595313269825,0.0457624,0.0111391865100204,0.0316536,0.00291709439615592,-0.022565978922766,0.102031943438883,1,0,2.04702304364042e-05,5.68344710971637e-05,0.829308385045514,0.0544811344510067,264.2,46.1207563866364,19,45.8155507776425,1.10134925855047,0.245196613758984,406,694.618763766587,NaN,NaN,406,694.618763766587,NaN,NaN,NaN,NaN,1,0,1,0,1,0,0.00111731843575419,0.00310217330189698,1.4,0.680087380658256,9.69,0.934759426432137,98.4808294,0
s7_clean,fixed_packet,5,5,1,198,0.9,0.9,wide_neighbor_stable_validated,0.6,0.971428571428571,0,1,2,2,3,1,1,1,1,193.8,18.6951885286428,193.8,18.6951885286428,0,0,0,0,294.238446795924,13.7920110978759,0.699100892972369,1.04220549795731,293.539345902951,14.1443583355637,294.238446795924,13.7920110978759,281.899999999907,0,304.759999999984,13.0644502602005,699.355999999943,514.342212996246,281.899999999907,0,304.759999999984,13.0644502602005,699.355999999943,514.342212996246,0.0317743967067323,0.0394430101914031,35.0909090909091,3.02884920567032,1.04500885085403,0.3661448559217,8.79571773560455,3.7823909903933,2.67593582887701,7.42958893390896,83.4,1.76451066835705e-14,162.5,0,0,0,193.8,18.6951885286428,193.8,18.6951885286428,193.8,18.6951885286428,193.8,18.6951885286428,NaN,NaN,0.0314925,0.00303796813590445,0.0569902199999889,0.00538631343444517,0.0254977199999889,0.00304299625125042,0.0314925,0.00303796813590445,-0.00816240816240818,0.0485803898268286,1,0,7.33707440962458e-17,8.3641548877334e-17,0.828690078023261,0.0551079569575866,244.8,17.3699873374738,6,16.6586706311868,1.03208556149733,0.0890838001667741,277.68,481.338559206659,138.84,240.66927960333,277.68,481.338559206659,80.1000000000349,222.39325292644,160.20000000007,444.78650585288,1,0,1,0,1,0,0,0,1.4,0.680087380658256,9.69,0.934759426432137,96.4895835,0
s7_busy,fixed_packet,5,5,1,198,0.571428571428571,0.571428571428571,wide_neighbor_stable_validated,0.4,0.957142857142857,0,1,2,2,3,1,1,1,1,193.8,18.6951885286428,193.8,18.6951885286428,0,0,0,0,785.42515627431,63.6590741740945,6.54953574238184,9.11658388350498,778.875620531928,62.9658047928288,785.42515627431,63.6590741740945,589.699999999907,45.8378390047526,1875.43999999993,315.066800030242,2897.89399999992,353.943488547816,589.699999999907,45.8378390047526,1875.43999999993,315.066800030242,2897.89399999992,353.943488547816,0.044822525049053,0.0539510834966476,59.0975150270251,3.67034786080623,11.7297142952295,1.64305330331878,400.540840647746,48.959455503096,61.5627280368791,9.00314739974234,83.4,1.76451066835705e-14,162.5,0,0,0,193.8,18.6951885286428,193.8,18.6951885286428,193.8,18.6951885286428,193.8,18.6951885286428,NaN,NaN,0.03150702,0.00301600403106571,0.152831419999989,0.0257042872009983,0.121324399999989,0.0227998448141333,0.03150702,0.00301600403106571,-0.0874392874392875,0.222720593693758,1,0,0.000781391926579821,0.00216949178979362,0.829651316674409,0.0541538173564341,411.4,29.7947619077226,143.8,32.0964739730037,1.73816220667721,0.107951407670771,63449.8800000008,2602.89850307087,29353.9800000005,1182.52440903608,63449.8800000008,2602.89850307087,24559.9999999746,1188.57527574965,53114.3199999451,2851.2846133796,1,0,1,0,1,0,0,0,1.4,0.680087380658256,9.69,0.934759426432137,393.8543583,0
sf_cf,fixed_packet,5,5,2,396,0.865,0.865,wide_neighbor_stable_validated,0.3,0.728571428571429,0,1,2,2,3,1,1,1,1,193.8,18.6951885286428,193.8,18.6951885286428,0,0,0,0,599,54.2314361427827,2.00699847638395,3.49394351425838,720.586564777423,55.4822533673971,599,54.2314361427827,583.5,18.8614442324404,1474.77,226.89808426574,2579.218,891.390504680712,583.5,18.8614442324404,1474.77,226.89808426574,2579.218,891.390504680712,165.026651469919,5.44152979076135,0,0,191.366437903871,27.9865307342828,0,0,39.1934754036325,31.4127743457278,0,0,325,0,0,0,193.8,18.6951885286428,193.8,18.7979891965227,387.6,37.3903770572855,387.6,37.5959783930454,NaN,NaN,0.06298,0.00610286854904287,0.140221,0.0200705088431326,0.069571,0.0101944749771815,0.07065,0.0101980514371801,-0.0872688872688872,0.179622663707885,1,0,0.000675651411513587,0.00115095834254716,0.829671370219594,0.0542279940075941,277.8,39.6983107825739,23.6,19.604926943749,1.12059530893425,0.0966546902945469,6305,4517.13411935307,6305,4517.13411935307,14105,11134.3627160642,3705,3067.97184124356,7670,6371.60125671842,1,0,1,0,1,0,0.00221021461061758,0.00375822999333014,1.4,0.680087380658256,9.69,0.934759426432137,3.7535936,0
sb_cf,fixed_packet,5,5,2,396,0.00517947467923121,0.00517947467923121,wide_neighbor_stable_validated,0.001,0.01,0,1,2,2,3,1,1,1,1,193.8,18.6951885286428,193.8,18.6951885286428,0,0,0,0,2600.60838040321,323.466428954041,49.3041915633449,64.4609058901185,2551.30418883986,264.269707346769,2600.60838040321,323.466428954041,1892.8,238.160735803099,7670.26,1654.03892985198,11852.524,2260.34047340105,1892.8,238.160735803099,7670.26,1654.03892985198,11852.524,2260.34047340105,0,0,40.2075134768458,4.45848225322493,0,0,2126.7601494814,223.109195559221,59.3365258816146,42.6178450675912,0,0,325,0,0,0,193.8,18.6951885286428,194,17.1825840975498,387.6,37.3903770572855,388,34.3651681950996,NaN,NaN,0.0631082,0.00550120018413332,0.5046304,0.0361065536917376,0.5046304,0.0361065536917376,0,0,-0.246366139343195,0.744864096991037,1,0,0.00998653297822157,0.0130209261186229,0.831350103821133,0.0490235697988816,276.2,17.5026183343323,34.6,22.5661970369178,1.18257392578958,0.131131830977204,13585,7610.78375631856,NaN,NaN,13585,7610.78375631856,NaN,NaN,NaN,NaN,1,0,1,0,1,0,0.0073947098425746,0.00589539694042753,1.4,0.680087380658256,9.69,0.934759426432137,175.1039496,0
unslotted,fixed_packet,5,5,2,396,0.771428571428572,0.771428571428572,wide_neighbor_stable_validated,0.3,0.9,0,1,2,2,3,1,1,1,1,193.8,18.6951885286428,193.8,18.6951885286428,0,0,0,0,580.89978589311,122.404453320201,1.63584077442441,2.82638551541997,579.263945118686,123.310013779338,580.89978589311,122.404453320201,492.526484017528,0.615229542818428,852.080882275224,225.747080952428,3001.01583203975,3796.47916541598,492.526484017528,0.615229542818428,852.080882275224,225.747080952428,3001.01583203975,3796.47916541598,0,0,0,0,8.20550917422701,3.76572308536627,32.9299333814725,35.8376524990974,50.6285025629863,85.4938968990669,162.5,0,325,0,0,0,193.8,18.6951885286428,193.6,19.0059784858135,387.6,37.3903770572855,387.2,38.0119569716269,NaN,NaN,0.0629568781337415,0.00611918765140167,0.112303443112494,0.0230565513895689,0.0488265649787525,0.0218938201806999,0.0634768781337415,0.00578115190911482,-0.0651104253731724,0.0787291289248585,1,0,0.000290821493872529,0.000807449913148508,0.829308385045514,0.0544811344510067,340.2,128.430920089862,67,111.973724740095,1.35057188973051,0.600752308064213,1473.2,1870.4200785422,NaN,NaN,1473.2,1870.4200785422,NaN,NaN,NaN,NaN,1,0,1,0,1,0,0.00111731843575419,0.00310217330189698,1.4,0.680087380658256,9.69,0.934759426432137,13.6646904,0
sf_cb,fixed_packet,5,5,2,396,0.845,0.845,wide_neighbor_stable_validated,0.5,0.75,0,1,2,2,3,1,1,1,1,193.8,18.6951885286428,193.8,18.6951885286428,0,0,0,0,631,33.1617541718213,2.63919862917234,3.83892979424162,699.599966245879,33.6719087729733,631,33.1617541718213,621.85,6.91189861029085,1176.15,162.10061405791,1850.784,537.473160905767,621.85,6.91189861029085,1176.15,162.10061405791,1850.784,537.473160905767,94.7833818445911,7.59547763178797,0,0,87.6892844741657,16.5378925521457,14.9922084895202,8.98992822791806,14.6350914376024,8.03053418785502,162.5,0,325,0,0,0,193.8,18.6951885286428,194,18.479531401051,387.6,37.3903770572855,388,36.9590628021021,NaN,NaN,0.0629675,0.00610614388426928,0.135841,0.0105795303791216,0.0728735,0.00600058137722577,0.0629675,0.00610614388426928,-0.0844392844392845,0.157806878119286,1,0,0.000607912303408788,0.00149011339912067,0.829704272032294,0.0541149214429519,255.8,9.01383069675392,17,8.23626719546881,1.09006210115448,0.0494186719252616,1722.5,839.229044797557,1722.5,839.229044797557,3477.5,1685.71893714412,1365,663.085196141799,2762.5,1338.39341926368,1,0,1,0,1,0,0.00109289617486339,0.00303436623518885,1.4,0.680087380658256,9.69,0.934759426432137,5.1456553,0
sb_cb,fixed_packet,5,5,2,396,0.714285714285714,0.714285714285714,wide_neighbor_stable_validated,0.5,0.964285714285714,0,1,2,2,3,1,1,1,1,193.8,18.6951885286428,193.8,18.6951885286428,0,0,0,0,589.065222901523,80.3292408896446,7.24135930451409,14.1268418267128,581.823863597009,66.5319991492142,589.065222901523,80.3292408896446,523.5,0,848.58,112.748668472768,2295.618,3409.01365240605,523.5,0,848.58,112.748668472768,2295.618,3409.01365240605,0,0,38.2844726357685,8.38723778774136,0,0,38.1591787051598,23.0839359642644,17.8802122560803,36.0467917582146,162.5,0,325,0,0,0,193.8,18.6951885286428,193.6,19.0059784858135,387.6,37.3903770572855,387.2,38.0119569716269,NaN,NaN,0.0629511,0.00612815980566706,0.1138926,0.0155798710064575,0.0507465,0.0140672923886469,0.0631461,0.00594602650769116,-0.050910203356859,0.120795532033531,1,0,0.000332862024272415,0.000924173137997212,0.829308385045514,0.0544811344510067,271.2,46.5532935061611,23.8,45.9700837971342,1.12601390105202,0.246683464345334,507.5,700.543372598183,NaN,NaN,507.5,700.543372598183,NaN,NaN,NaN,NaN,1,0,1,0,1,0,0.00111731843575419,0.00310217330189698,1.4,0.680087380658256,9.69,0.934759426432137,162.5519535,0
s7_clean,fixed_packet,5,5,2,396,0.892857142857143,0.892857142857143,wide_neighbor_stable_validated,0.5,0.964285714285714,0,1,2,2,3,1,1,1,1,193.8,18.6951885286428,193.8,18.6951885286428,0,0,0,0,465.796684123908,7.14581667401518,1.39134450651731,2.41121068617114,464.405339617391,7.79160034235651,465.796684123908,7.14581667401518,444.399999999907,0,628.989999999973,96.3006432625979,846.357999999946,25.3877894473973,444.399999999907,0,628.989999999973,96.3006432625979,846.357999999946,25.3877894473973,0.0231806331474991,0.0396201713092026,34.0727272727273,0.201923280378023,1.0079177268323,0.27664150449121,20.7231182627588,7.37421398260777,0.178395721925134,0.495305928927264,83.4,1.76451066835705e-14,325,0,0,0,193.8,18.6951885286428,193.6,19.0059784858135,387.6,37.3903770572855,387.2,38.0119569716269,NaN,NaN,0.06296692,0.00610366381133147,0.0902304399999889,0.0083599822515473,0.0272635199999889,0.00251369240647594,0.06296692,0.00610366381133147,-0.0138312138312138,0.103531314161293,1,0,0.000215578915237262,0.000598543023994237,0.829308385045514,0.0544811344510067,235.6,12.9811799405441,0.4,1.11057804207912,1.00213903743316,0.0059389200111183,32.04,59.3048674470249,16.02,29.6524337235124,32.04,59.3048674470249,5.34000000000233,14.8262168617627,10.6800000000047,29.6524337235254,1,0,1,0,1,0,0.00111731843575419,0.00310217330189698,1.4,0.680087380658256,9.69,0.934759426432137,100.7757551,0
s7_busy,fixed_packet,5,5,2,396,0.657142857142857,0.657142857142857,wide_neighbor_stable_validated,0.4,0.957142857142857,0,1,2,2,3,1,1,1,1,193.8,18.6951885286428,193.8,18.6951885286428,0,0,0,0,1245.96755546199,130.785389816497,8.21606251520355,10.4919303784702,1237.75149294679,123.239682737209,1245.96755546199,130.785389816497,977.19999999993,124.790011633301,2973.75999999997,642.858328989342,4590.98799999995,1266.19335921099,977.19999999993,124.790011633301,2973.75999999997,642.858328989342,4590.98799999995,1266.19335921099,0.0589958473999986,0.0700427668622278,65.0605406596944,8.04610304490302,9.55089910418205,1.34689880691469,678.491378187911,96.3407622997924,76.1896791476034,19.736617468968,83.4,1.76451066835705e-14,325,0,0,0,193.8,18.6951885286428,193.4,19.14740899962,387.6,37.3903770572855,386.8,38.2948179992399,NaN,NaN,0.062855,0.0062229079248765,0.240474559999989,0.0242775269872064,0.177619559999989,0.0220286020227047,0.062855,0.0062229079248765,-0.130449730449731,0.325614780316716,1,0,0.00168777384218448,0.00350890565731615,0.829755927502027,0.0537969621470499,450.6,36.5564100686674,176.4,42.8922579701362,1.91354531352042,0.236650089555971,45859.9200000005,2067.65933446318,21146.4000000003,817.124987860916,45859.9200000005,2067.65933446318,17579.2799999813,993.909592820604,38042.1599999594,2469.28850305884,1,0,1,0,1,0,0.00218683715233173,0.00371958090978936,1.4,0.680087380658256,9.69,0.934759426432137,358.0170103,0
sf_cf,fixed_packet,5,5,3,594,0.8,0.8,wide_neighbor_stable_validated,0.2,0.542857142857143,0,1,2,2,3,1,1,1,1,193.8,18.6951885286428,193.8,18.6951885286428,0,0,0,0,884,313.577405790457,8.82978212717286,13.0388709375709,1580.57840036617,318.320278660144,884,313.577405790457,1154.85,135.525222253733,3813.765,552.491286363991,8896.704,6700.87234419797,1154.85,135.525222253733,3813.765,552.491286363991,8896.704,6700.87234419797,241.501590110971,3.82123670385989,0,0,710.529190152278,213.130645138303,0,0,141.047620102916,114.626766322072,0,0,487.5,0,0,0,193.8,18.6951885286428,193,16.2131081873967,581.4,56.0855655859282,579,48.63932456219,NaN,NaN,0.09414,0.00800444085908245,0.3075635,0.0794283332630539,0.1863035,0.0528510391541651,0.12126,0.0279400124137463,0.276962676962677,1.1638281202632,1,0,0.0119528660600504,0.0189678567107389,0.830250245553602,0.0521431989255614,299.6,60.8580047360991,57.4,51.5896075676173,1.28932845149316,0.235131828352969,14040,7637.48272190688,14040,7637.48272190688,31785,23844.190841136,11850,7372.82926196066,27120,22781.0413906617,1,0,1,0,1,0,0.0100869152163442,0.0100123253634468,1.4,0.680087380658256,9.69,0.934759426432137,3.9964905,0
sb_cf,fixed_packet,5,5,3,594,0.00206478236942,0.00206478236942,wide_neighbor_stable_validated,0.000213166311653384,0.00301462688981266,0,1,2,2,3,1,1,1,1,193.8,18.6951885286428,193.8,18.6951885286428,0,0,0,0,6567.18236000759,557.4899141313,232.651075329965,167.978570508267,6334.53128467762,515.899481388312,6567.18236000759,557.4899141313,4713.9,621.937864512607,18327.3,3510.04136709078,26507.238,4673.27852611704,4713.9,621.937864512607,18327.3,3510.04136709078,26507.238,4673.27852611704,0,0,42.4515890129957,3.90260715223883,0,0,5683.39882378711,489.131307618039,121.180871877512,55.9564996093067,0,0,487.5,0,0,0,193.8,18.6951885286428,195,17.4496869076778,581.4,56.0855655859282,585,52.3490607230335,NaN,NaN,0.0949703,0.00834613563129014,1.2817995,0.117249963103497,1.2817995,0.117249963103497,0,0,-0.511394362549231,2.14482915334708,1,0,0.0168056514196716,0.0209502627560634,0.829727634397288,0.0488298445675554,299.6,23.8289523294152,47.4,18.3455593115129,1.24857614744105,0.114782563301142,31785,12503.7427640689,NaN,NaN,31785,12503.7427640689,NaN,NaN,NaN,NaN,1,0,1,0,1,0,0.00848656121483304,0.0133582310838936,1.4,0.680087380658256,9.69,0.934759426432137,198.5527058,0
unslotted,fixed_packet,5,5,3,594,0.835,0.835,wide_neighbor_stable_validated,0.4,0.957142857142857,0,1,2,2,3,1,1,1,1,193.8,18.6951885286428,193.8,18.6951885286428,0,0,0,0,671,2519.36008481559,190.907892109397,521.488535546491,1448.09393856709,1997.89761189118,671,2519.36008481559,655.457473508158,0.787694541710101,9936.09996854101,24509.2102762223,17377.753355559,41197.1958673909,655.457473508158,0.787694541710101,9936.09996854101,24509.2102762223,17377.753355559,41197.1958673909,0,0,0,0,24.2635205253827,46.9650762451776,313.508227494165,754.783908656112,460.322190547541,1196.34718369119,162.5,0,487.5,0,0,0,193.8,18.6951885286428,193.8,18.6951885286428,581.4,56.0855655859282,581.4,56.0855655859282,NaN,NaN,0.0944264783109001,0.00919250674068873,0.311438067283087,0.467890586625951,0.212234088972187,0.457728010754084,0.0992039783109001,0.0134745277839749,-0.0251883554802881,0.159781497364095,1,0,0.000390892366094998,0.00108529119650341,0.829651316674409,0.0541538173564341,865.2,1530.62208052207,594,1539.64808723245,4.16786578661637,8.23926464757056,8905.9,21680.0293702292,NaN,NaN,8905.9,21680.0293702292,NaN,NaN,NaN,NaN,1,0,1,0,1,0,0,0,1.4,0.680087380658256,9.69,0.934759426432137,21.3911873,0
sf_cb,fixed_packet,5,5,3,594,0.919,0.919,wide_neighbor_stable_validated,0.4,0.742857142857143,0,1,2,2,3,1,1,1,1,193.8,18.6951885286428,193.8,18.6951885286428,0,0,0,0,765,66.9162664805686,3.55601950683778,4.59565447204663,921.196990693537,66.2714730219945,765,66.9162664805686,800.35,22.1850820662767,1482.905,212.092399432949,3289.941,1959.2276834148,800.35,22.1850820662767,1482.905,212.092399432949,3289.941,1959.2276834148,111.567535995141,11.842612051336,0,0,105.31348100522,24.5334668730852,26.5361323933282,15.5619274719697,27.7798412998483,26.1218425937606,162.5,0,487.5,0,0,0,193.8,18.6951885286428,194,18.479531401051,581.4,56.0855655859282,582,55.4385942031531,NaN,NaN,0.0944475,0.00916330995491667,0.179001,0.01849878579673,0.0845535,0.0133276371195635,0.0944475,0.00916330995491667,-0.0606624606624607,0.223850960148234,1,0,0.00025965216252508,0.000572904800397846,0.829704272032294,0.0541149214429519,274.2,28.7653648385772,32.4,29.4172187606777,1.17095286953753,0.160749800576989,3055,2044.76157880881,3055,2044.76157880881,6467.5,4409.96431261772,2502.5,2208.44131571678,5265,4780.29804861012,1,0,1,0,1,0,0.00109289617486339,0.00303436623518885,1.4,0.680087380658256,9.69,0.934759426432137,5.0544838,0
sb_cb,fixed_packet,5,5,3,594,0.728571428571429,0.728571428571429,wide_neighbor_stable_validated,0.3,0.9,0,1,2,2,3,1,1,1,1,193.8,18.6951885286428,193.8,18.6951885286428,0,0,0,0,920.44624660891,393.578619728562,21.3523410054728,50.2603425060316,899.093905603437,344.3855801366,920.44624660891,393.578619728562,686,0,2306.18,3184.91139931535,6038.912,9608.74860923926,686,0,2306.18,3184.91139931535,6038.912,9608.74860923926,0,0,54.8582765258065,40.1009430162924,0,0,100.999025388773,123.469198354077,93.2366036888575,181.470755525989,162.5,0,487.5,0,0,0,193.8,18.6951885286428,193.8,18.6951885286428,581.4,56.0855655859282,581.4,56.0855655859282,NaN,NaN,0.0944255,0.00919402865481136,0.1770254,0.0702509907421845,0.0812349,0.0694000802563697,0.0957905,0.008502059740822,-0.00347468568281455,0.18640713089773,1,0,0.000372594259182384,0.00103448750713148,0.829651316674409,0.0541538173564341,381.8,224.333328279228,114.8,220.269233487288,1.61347872134725,1.17943950047919,2070.6,3215.92735552721,NaN,NaN,2070.6,3215.92735552721,NaN,NaN,NaN,NaN,1,0,1,0,1,0,0,0,1.4,0.680087380658256,9.69,0.934759426432137,145.1328963,0
s7_clean,fixed_packet,5,5,3,594,0.742857142857143,0.742857142857143,wide_neighbor_stable_validated,0.4,0.957142857142857,0,1,2,2,3,1,1,1,1,193.8,18.6951885286428,193.8,18.6951885286428,0,0,0,0,656.711715287128,18.5952977552147,2.42975889309459,3.87715236709199,654.281956394034,19.0001771980558,656.711715287128,18.5952977552147,606.900000000023,0,969.59999999995,95.8274552962817,1369.52399999994,210.745849735769,606.900000000023,0,969.59999999995,95.8274552962817,1369.52399999994,210.745849735769,0.026565479214009,0.0329769429470138,35.1401154427585,0.914118485464623,3.21219795520469,0.601627788585938,42.206441401384,18.6210397773357,2.79663611547242,2.24227887316911,83.4,1.76451066835705e-14,487.5,0,0,0,193.8,18.6951885286428,193.8,18.6951885286428,581.4,56.0855655859282,581.4,56.0855655859282,NaN,NaN,0.0944273,0.00919122890154934,0.127148419999989,0.0113579263545446,0.0327211199999889,0.00371347306301722,0.0944273,0.00919122890154934,-0.0234672234672235,0.149204836897229,1,0,0.000420879302379836,0.00116854827897148,0.829651316674409,0.0541538173564341,242.6,14.8117556567461,6.4,4.77677677619996,1.03353280713996,0.026885837807783,218.94,179.145859955083,106.8,84.5224405648245,218.94,179.145859955083,85.439999999851,63.7699699621583,170.879999999702,127.539939924317,1,0,1,0,1,0,0,0,1.4,0.680087380658256,9.69,0.934759426432137,103.8491392,0
s7_busy,fixed_packet,5,5,3,594,0.685714285714286,0.685714285714286,wide_neighbor_stable_validated,0.3,0.9,0,1,2,2,3,1,1,1,1,193.8,18.6951885286428,193.8,18.6951885286428,0,0,0,0,1878.97440962548,147.413711034036,22.6546496799014,43.7987671285497,1856.31975994558,119.051734216665,1878.97440962548,147.413711034036,1295.39999999994,125.314289273351,4942.55999999992,708.317899214237,8080.49999999993,1495.58503895266,1295.39999999994,125.314289273351,4942.55999999992,708.317899214237,8080.49999999993,1495.58503895266,0.0630743146410595,0.0483263931800709,76.668930499241,7.24978380662299,9.84871940760252,1.23061985776686,1094.17465914655,96.9746374322069,104.66437657755,17.7832932197752,83.4,1.76451066835705e-14,487.5,0,0,0,193.8,18.6951885286428,193,17.2497475487621,581.4,56.0855655859282,579,51.7492426462863,NaN,NaN,0.0940875,0.00840925193002152,0.362915699999989,0.0356562248503405,0.268828199999989,0.0309582313474445,0.0940875,0.00840925193002152,-0.174657774657775,0.844596243793789,1,0,0.0138198655557867,0.0161181125623688,0.827603968899669,0.0506110986700818,526.2,21.5313273155584,242.4,40.2785542996683,2.25496854409532,0.213228935488911,40487.8800000003,2223.75955000618,18310.8600000002,960.677074752003,40487.8800000003,2223.75955000618,15192.2999999841,787.675474992459,33700.7399999648,1814.53149250527,1,0,1,0,1,0,0.00815877585329647,0.00889852315519728,1.4,0.680087380658256,9.69,0.934759426432137,361.9703667,0
sf_cf,fixed_packet,5,5,4,792,0.919,0.919,wide_neighbor_stable_validated,0.15,0.425,0,1,2,2,3,1,1,1,1,193.8,18.6951885286428,193.8,18.6951885286428,0,0,0,0,1073,234.77630911851,21.5013915124201,25.4209691897617,2426.19660388966,212.424362884439,1073,234.77630911851,1859.7,144.917136730385,6135.88,1329.82713785151,8721.446,1433.33092098306,1859.7,144.917136730385,6135.88,1329.82713785151,8721.446,1433.33092098306,315.814389862915,15.2461725566755,0,0,1338.40245719382,167.442271225775,0,0,121.979756832922,45.7802430296996,0,0,650,0,0,0,193.8,18.6951885286428,194.4,18.0916878578431,775.2,74.780754114571,777.6,72.3667514313723,NaN,NaN,0.1262,0.0119565376930834,0.475081,0.0538986917065945,0.325451,0.0417984129617158,0.14963,0.0134665888058438,-0.243245043245043,0.599703894441615,1,0,0.00521213159159324,0.0104666685425934,0.83034748976368,0.0530551892151247,283.8,10.659524520488,36.2,12.8858164457549,1.18766116435834,0.0704311431226149,15470,3395.50268987947,15470,3395.50268987947,32110,7475.8587918395,11370,3438.36692617606,23430,7662.51064522085,1,0,1,0,1,0,0.00544110341603109,0.0117522291314225,1.4,0.680087380658256,9.69,0.934759426432137,4.0931708,0
sb_cf,fixed_packet,5,5,4,792,0.00108296077081244,0.00108296077081244,wide_neighbor_stable_validated,0.00093379936303899,0.00125594863044439,0,2,2,2,3,1,1,1,1,193.8,18.6951885286428,193.8,18.6951885286428,0,0,0,0,14914.5455161716,1519.33229451838,1191.70145272339,375.219187156292,13722.8440634482,1264.92571563823,14914.5455161716,1519.33229451838,10462.7,1085.68213067359,44935.22,7613.14538145153,67390.508,21555.3710391201,10462.7,1085.68213067359,44935.22,7613.14538145153,67390.508,21555.3710391201,0,0,50.1771332151074,4.401474287132,0,0,12713.3982070031,1181.94367182276,309.268723229994,84.1458319598765,0,0,650,0,0,0,193.8,18.6951885286428,195.8,17.0790871669176,775.2,74.780754114571,783.2,68.3163486676704,NaN,NaN,0.127173,0.0111309878253762,2.96291,0.488104144126292,2.96291,0.488104144126292,0,0,0.152412152412153,5.75204596624713,1,0,0.0274143795124637,0.0322095750383979,0.833731239812477,0.0507542413476403,361,45.5793865719652,92.4,28.5123474505829,1.47579803573845,0.129455126092118,82290,24343.9143809464,NaN,NaN,82290,24343.9143809464,NaN,NaN,NaN,NaN,1,0,1,0,1,0,0.0229461059332358,0.0186971107542943,1.4,0.680087380658256,9.69,0.934759426432137,238.1708414,0
unslotted,fixed_packet,5,5,4,792,0.862857,0.862857,wide_neighbor_stable_validated,0.6,0.914285714285714,0,1,2,2,3,1,1,1,1,193.8,18.6951885286428,161,97.4805092175729,32.8,91.0673994504876,32.8,91.0673994504876,839.2,NaN,NaN,NaN,NaN,NaN,839.2,17575.6437569056,NaN,NaN,NaN,NaN,NaN,NaN,2689.0225090311,5197.33435009492,20979.774777277,53314.5179844538,24066.7012910403,55185.9725090904,NaN,NaN,NaN,NaN,NaN,NaN,NaN,NaN,NaN,NaN,NaN,NaN,NaN,NaN,NaN,NaN,193.8,18.6951885286428,161.8,97.853049564041,775.2,74.780754114571,647.2,391.412198256164,NaN,NaN,0.105001839142696,0.0635297520317227,16.0104253816375,43.9185378851736,15.8915135424948,43.9437788570429,0.118911839142696,0.0277389738738718,32.6186595665205,90.6682824281903,1,0.486991440911698,NaN,NaN,0.741242291277132,0.28249783549711,85989.2,237265.507998623,641.4,1568.13624457374,26.5236048811908,69.7134522447527,1242197.6,3437223.60474039,NaN,NaN,1242197.6,3437223.60474039,NaN,NaN,NaN,NaN,0.8,0.555289021039559,0.8,0.555289021039559,0.8,0.555289021039559,0.17977265421817,0.48409974262148,1.4,0.680087380658256,9.69,0.934759426432137,41.5120001,0
sf_cb,fixed_packet,5,5,4,792,0.999,0.999,wide_neighbor_stable_validated,0.4,0.7,0,1,2,2,3,1,1,1,1,193.8,18.6951885286428,193.8,18.6951885286428,0,0,0,0,912,47.4413988685321,4.79239943209381,6.67968279997436,1103.49823278076,47.4262516354686,912,47.4413988685321,972,18.7602754209196,1775.39,261.576003097215,2718.151,576.066875956963,972,18.7602754209196,1775.39,261.576003097215,2718.151,576.066875956963,129.553952919935,14.4651493002578,0,0,111.26886512375,15.1836263843702,37.2844015658699,25.7052772232737,12.8910131712061,12.0808327716996,162.5,0,650,0,0,0,193.8,18.6951885286428,194,18.479531401051,775.2,74.780754114571,776,73.9181256042042,NaN,NaN,0.1260425,0.0121023610748108,0.2146535,0.0191802290951419,0.088611,0.0100426309497159,0.1260425,0.0121023610748108,-0.035990435990436,0.289276360902328,1,0,0.00120336108860412,0.00208470117325638,0.829704272032294,0.0541149214429519,263,18.0789007049736,15,12.9335860866674,1.07932931182281,0.0743435862873824,2210,1296.67900823324,2210,1296.67900823324,4647.5,2753.99965670959,1170,1012.87936784148,2437.5,2101.70773908345,1,0,1,0,1,0,0.00109289617486339,0.00303436623518885,1.4,0.680087380658256,9.69,0.934759426432137,4.9149146,0
sb_cb,fixed_packet,5,5,4,792,0.99,0.99,wide_neighbor_stable_validated,0.4,0.914285714285714,0,1,2,2,3,1,1,1,1,193.8,18.6951885286428,193.8,18.6951885286428,0,0,0,0,882,90.80501540224,10.9823954772361,19.1123680949725,988.560359777777,76.3848959666713,882,90.80501540224,857.5,0,1668.13,331.136007010037,3953.59,2413.45810665746,857.5,0,1668.13,331.136007010037,3953.59,2413.45810665746,0,0,41.0408413310291,5.66818791529812,0,0,103.644047080205,43.745224721415,31.3754713665433,28.2340755799749,162.5,0,650,0,0,0,193.8,18.6951885286428,194.2,18.2782050343337,775.2,74.780754114571,776.8,73.1128201373348,NaN,NaN,0.1261852,0.0119530618247632,0.1941775,0.0150611353299828,0.0672123,0.0130644743237851,0.1269652,0.0111337771768664,-0.0226423880153495,0.249238308993852,1,0,0.00574321582012504,0.0151299975870551,0.828851774770855,0.05478569902874,303.8,53.1339348429798,39.2,30.4954295757808,1.20708356855968,0.166711409273474,957,734.096102407895,NaN,NaN,957,734.096102407895,NaN,NaN,NaN,NaN,1,0,1,0,1,0,0.00218579234972678,0.00606873247037769,1.4,0.680087380658256,9.69,0.934759426432137,195.0301235,0
s7_clean,fixed_packet,5,5,4,792,0.892857142857143,0.892857142857143,wide_neighbor_stable_validated,0.5,0.964285714285714,0,1,2,2,3,1,1,1,1,193.8,18.6951885286428,193.8,18.6951885286428,0,0,0,0,857.928288984787,52.3288935710247,5.6832616024567,7.10564543727263,852.24502738233,47.6528689071489,857.928288984787,52.3288935710247,769.399999999907,0,1338.64999999993,197.912263583337,2139.55999999993,1080.85144426832,769.399999999907,0,1338.64999999993,197.912263583337,2139.55999999993,1080.85144426832,0.0338005926600487,0.0406844236205093,36.891999703444,3.74972772320337,1.10407715512751,0.103767784571956,73.7212447761804,35.1978625508695,7.09390515491846,9.19786153279886,83.4,1.76451066835705e-14,650,0,0,0,193.8,18.6951885286428,194,18.479531401051,775.2,74.780754114571,776,73.9181256042042,NaN,NaN,0.12593108,0.0122166580648829,0.166028599999989,0.0150240104135091,0.0400975199999889,0.00916311144031606,0.12593108,0.0122166580648829,-0.0446280446280447,0.189596467532749,1,0,0.000399119668591303,0.000873589634124463,0.829704272032294,0.0541149214429519,279.2,56.665333293236,16,20.5531963143276,1.08505881480718,0.110286109505982,1196.16,1557.52918822782,598.08,778.764594113911,1196.16,1557.52918822782,213.599999999814,274.385170796283,427.199999999627,548.770341592567,1,0,1,0,1,0,0.00109289617486339,0.00303436623518885,1.4,0.680087380658256,9.69,0.934759426432137,114.0789779,0
s7_busy,fixed_packet,5,5,4,792,0.693,0.693,wide_neighbor_stable_validated,0.3,0.9,0,1,2,2,3,1,1,1,1,193.8,18.6951885286428,193.8,18.6951885286428,0,0,0,0,1796,254.284172927046,19.2489463946058,27.9656581259629,2432.7749265356,248.17665624905,1796,254.284172927046,1932.19999999995,278.747898471817,6194.86999999993,1180.35175333678,9337.32799999993,1533.29814524291,1932.19999999995,278.747898471817,6194.86999999993,1180.35175333678,9337.32799999993,1533.29814524291,0.0526219483230605,0.0503532318482682,70.2942078088593,5.45866508506312,18.3299554753172,3.38314205011544,1521.67058450137,226.897974121972,89.0275568017314,13.3897843557136,83.4,1.76451066835705e-14,650,0,0,0,193.8,18.6951885286428,193.6,18.282421946383,775.2,74.780754114571,774.4,73.1296877855319,NaN,NaN,0.12585272,0.0118640346575209,0.475642639999989,0.0671357955438457,0.349789919999989,0.0594122050879643,0.12585272,0.0118640346575209,-0.112204912204912,0.84196762653288,1,0,0.00489191656089787,0.00502430642884709,0.829140998948044,0.0528061056763112,494.2,35.1568560549977,207,37.7126696136937,2.06747670026057,0.160548973090092,33764.8200000002,2115.99775361646,15299.1000000002,812.741781150488,33764.8200000002,2115.99775361646,12666.4799999867,769.536358547216,27960.2399999705,1878.80988400308,1,0,1,0,1,0,0.00527721073526281,0.00672278801661678,1.4,0.680087380658256,9.69,0.934759426432137,346.3938303,0
sf_cf,fixed_packet,5,5,5,990,0.99,0.99,wide_neighbor_stable_validated,0.15,0.542857142857143,0,1,2,2,3,1,1,1,1,193.8,18.6951885286428,176.4,56.0305608499122,17.4,48.3101448304416,17.4,48.3101448304416,1237,NaN,NaN,NaN,NaN,NaN,1237,1011.22034725768,NaN,NaN,NaN,NaN,NaN,NaN,2201.6,247.465865995622,8680.625,4839.10890666568,15405.595,7241.52673629207,NaN,NaN,NaN,NaN,NaN,NaN,NaN,NaN,NaN,NaN,NaN,NaN,NaN,NaN,NaN,NaN,193.8,18.6951885286428,177.6,56.5100369944221,969,93.4759426432137,888,282.550184972111,NaN,NaN,0.1443,0.045914405057968,5.3815485,13.3902299836181,4.0004485,10.1468572969434,1.3811,3.24344804604524,32.8864552864553,90.41079304203,1,0.258343020483645,NaN,NaN,0.81426738009321,0.0851052020109029,5716.4,14901.0541516946,73.2,42.8634929351495,1.49263385361471,0.533813075822143,341575,838596.838094136,341575,838596.838094136,4465662.5,12143841.523823,127662.5,288180.364317449,1236800,3287111.23740669,0.8,0.555289021039559,0.8,0.555289021039559,0.8,0.555289021039559,0.101394174334597,0.252692595226013,1.4,0.680087380658256,9.69,0.934759426432137,4.3292935,0
sb_cf,fixed_packet,5,5,5,990,NaN,0.000732632161535765,validation_failed,0.000719477575431357,0.000746027259841646,0,3,2,2,3,3,0,NaN,0,NaN,NaN,NaN,NaN,NaN,NaN,NaN,NaN,NaN,NaN,NaN,NaN,NaN,NaN,NaN,NaN,NaN,NaN,NaN,NaN,NaN,NaN,NaN,NaN,NaN,NaN,NaN,NaN,NaN,NaN,NaN,NaN,NaN,NaN,NaN,NaN,NaN,NaN,NaN,NaN,NaN,NaN,NaN,NaN,NaN,NaN,NaN,NaN,NaN,NaN,NaN,NaN,NaN,NaN,NaN,NaN,NaN,NaN,NaN,NaN,NaN,NaN,NaN,NaN,NaN,NaN,NaN,NaN,NaN,NaN,NaN,NaN,NaN,NaN,NaN,NaN,NaN,NaN,NaN,NaN,NaN,NaN,NaN,NaN,NaN,NaN,NaN,NaN,NaN,NaN,NaN,NaN,NaN,NaN,NaN,NaN,NaN,NaN,308.1716543,0
unslotted,fixed_packet,5,5,5,990,0.99,0.99,wide_neighbor_stable_validated,0.4,0.957142857142857,0,1,2,2,3,1,1,1,1,193.8,18.6951885286428,158,105.676475719564,35.8,99.396734766081,35.8,99.396734766081,1040.7,NaN,NaN,NaN,NaN,NaN,1040.7,5910.70205314581,NaN,NaN,NaN,NaN,NaN,NaN,981.137541313938,1.45914612886751,16242.5057178048,39350.1236878002,18750.0978733606,37630.5969462465,NaN,NaN,NaN,NaN,NaN,NaN,NaN,NaN,NaN,NaN,NaN,NaN,NaN,NaN,NaN,NaN,193.8,18.6951885286428,158.8,106.06383704675,969,93.4759426432137,794,530.319185233748,NaN,NaN,0.128974229689533,0.0861583466409163,18.7548816436086,51.3930313907321,18.6109574139191,51.4421729101345,0.143924229689533,0.050892379940264,32.6553409855906,90.6432307920955,1,0.531533340995086,NaN,NaN,0.704519022610396,0.380589248426592,89452.6,247131.058401826,135,111.673854592727,8.76687593491467,20.2044669600943,1293014.3,3581932.83816694,NaN,NaN,1293014.3,3581932.83816694,NaN,NaN,NaN,NaN,0.8,0.555289021039559,0.8,0.555289021039559,0.8,0.555289021039559,0.195815434966833,0.528629621757049,1.4,0.680087380658256,9.69,0.934759426432137,38.4818159,0
sf_cb,fixed_packet,5,5,5,990,0.999,0.999,wide_neighbor_stable_validated,0.4,0.785714285714286,0,1,2,2,3,1,1,1,1,193.8,18.6951885286428,193.8,18.6951885286428,0,0,0,0,1067,52.5179781840711,5.6251987173742,7.2826375440831,1322.91357460974,47.7852988735738,1067,52.5179781840711,1119.5,8.11843183500431,2343.1,417.185510926846,4295.49,1054.27835962554,1119.5,8.11843183500431,2343.1,417.185510926846,4295.49,1054.27835962554,154.504606966366,26.0599103913697,0,0,90.08949464857,11.7662797827681,61.2484969010292,23.2824600559004,42.0709760937736,14.5062441937845,162.5,0,812.5,0,0,0,193.8,18.6951885286428,194,17.9290434074094,969,93.4759426432137,970,89.6452170370472,NaN,NaN,0.1577,0.0149090230688025,0.257836,0.0176630379435378,0.100136,0.00634817722668261,0.1577,0.0149090230688025,-0.0740736740736742,0.279375586358143,1,0,0.00421356548089843,0.00957581717569459,0.827849082057999,0.0541360339385229,305.8,42.3114201761928,50,17.6255068328183,1.25889831442322,0.0892691950386736,5330,3058.00331546025,5330,3058.00331546025,11602.5,6780.50621548425,3835,1215.65619292663,8190,2919.05359247121,1,0,1,0,1,0,0.00530058819354866,0.00831859926708709,1.4,0.680087380658256,9.69,0.934759426432137,4.9162863,0
sb_cb,fixed_packet,5,5,5,990,0.999,0.999,wide_neighbor_stable_validated,0.3,0.9,0,1,2,2,3,1,1,1,1,193.8,18.6951885286428,193.8,18.6951885286428,0,0,0,0,1033,291.968448632885,50.5401644374707,99.2721873731889,1283.23611797995,274.339638758091,1033,291.968448632885,1020,0,2747.28,1664.81478986585,7765.15799999998,7724.05618775434,1020,0,2747.28,1664.81478986585,7765.15799999998,7724.05618775434,0,0,47.8438256995927,19.7734329913497,0,0,198.682058979667,167.235314646588,61.7102333006903,87.6057493442694,162.5,0,812.5,0,0,0,193.8,18.6951885286428,194.6,17.9204422827084,969,93.4759426432137,973,89.6022114135423,NaN,NaN,0.157909,0.0147741682110873,0.2658286,0.0525046950378734,0.1054821,0.056836318894266,0.1603465,0.0128424649465498,-0.0912008601091294,0.287151756443972,1,0,0.0301215012877245,0.082859707714437,0.829612463760441,0.0541825909557423,373,170.359287036995,76.4,108.126764491122,1.40717134410567,0.581571558569108,1899.5,2369.20232341426,NaN,NaN,1899.5,2369.20232341426,NaN,NaN,NaN,NaN,1,0,1,0,1,0,0.00437158469945355,0.0121374649407554,1.4,0.680087380658256,9.69,0.934759426432137,163.967614,0
s7_clean,fixed_packet,5,5,5,990,0.5,0.5,wide_neighbor_stable_validated,0.2,0.8,0,1,2,2,3,1,1,1,1,193.8,18.6951885286428,193.8,18.6951885286428,0,0,0,0,1059.03607516584,51.0763260999026,4.69544700277221,6.63057551183413,1054.34062816307,50.8653391269272,1059.03607516584,51.0763260999026,940.899999999907,0,1692.57999999997,121.766606821021,2506.21599999991,668.702460779218,940.899999999907,0,1692.57999999997,121.766606821021,2506.21599999991,668.702460779218,0.0257415884591042,0.0293370338951567,34.9580471389282,1.143154289808,8.90414650390041,0.48672404090574,112.202659655704,46.7244980430952,2.35003327607675,2.80409022852903,83.4,1.76451066835705e-14,812.5,0,0,0,193.8,18.6951885286428,194,18.479531401051,969,93.4759426432137,970,92.3976570052552,NaN,NaN,0.15745428,0.0152218608826186,0.205019999999989,0.0176914283705674,0.0475657199999889,0.00880185125919812,0.15745428,0.0152218608826186,-0.0476856476856477,0.253926345233012,1,0,0.000502660458750703,0.000858609869626484,0.829704272032294,0.0541149214429519,243.4,15.4236461139503,5.4,6.42793514146398,1.0281778570273,0.0336221849943529,240.3,198.914572512243,117.48,95.5112208953519,240.3,198.914572512243,69.4199999999488,79.8416212668425,144.1799999999,171.625868277029,1,0,1,0,1,0,0.00109289617486339,0.00303436623518885,1.4,0.680087380658256,9.69,0.934759426432137,128.6908016,0
s7_busy,fixed_packet,5,5,5,990,0.642857142857143,0.642857142857143,wide_neighbor_stable_validated,0.3,0.9,0,1,2,2,3,1,1,1,1,193.8,18.6951885286428,193.8,18.6951885286428,0,0,0,0,2861.55947031301,191.596207127966,55.6843943279055,46.110215420552,2805.8750759851,215.364815103446,2861.55947031301,191.596207127966,2089.29999999994,157.761216989699,7288.59999999996,697.068967345849,10810.3719999999,1951.97313252349,2089.29999999994,157.761216989699,7288.59999999996,697.068967345849,10810.3719999999,1951.97313252349,0.0681586017827779,0.041864692809733,76.0341288091888,9.95377157675394,11.5472202161468,1.30063865553568,1719.21832298486,183.05050313569,103.107245373128,24.4160161618023,83.4,1.76451066835705e-14,812.5,0,0,0,193.8,18.6951885286428,194.2,18.2148342032116,969,93.4759426432137,971,91.0741710160582,NaN,NaN,0.1579425,0.0150303205806195,0.559709579999989,0.0759568806464343,0.401767079999989,0.0629921359157226,0.1579425,0.0150303205806195,0.0349056349056347,1.22132083717226,1,0,0.0110082575212153,0.00907711959962125,0.827567524596381,0.0515757627285233,536.4,85.4432655488234,241.4,75.2186071526246,2.23629790615261,0.292757987551587,31345.8000000002,2453.1677236458,14049.5400000001,1065.1169052713,31345.8000000002,2453.1677236458,11550.4199999876,1154.54255348151,25733.4599999722,2665.15424380451,1,0,1,0,1,0,0.00818215331158232,0.00316055966195156,1.4,0.680087380658256,9.69,0.934759426432137,350.1432488,0
sf_cf,fixed_packet,5,5,6,1188,0.99,0.99,wide_neighbor_stable_validated,0.1,0.314285714285714,0,1,2,2,3,1,1,1,1,193.8,18.6951885286428,152.6,104.220663674208,41.2,114.389538334149,42.2,117.165983439347,1525.6,NaN,NaN,NaN,NaN,NaN,1525.6,21467.5175330089,NaN,NaN,NaN,NaN,NaN,NaN,10262.1,18247.1204063702,32066.7,42547.3741325268,45204.48,43701.2354773909,NaN,NaN,NaN,NaN,NaN,NaN,NaN,NaN,NaN,NaN,NaN,NaN,NaN,NaN,NaN,NaN,193.8,18.6951885286428,154,102.179215443241,1162.8,112.171131171856,924,613.075292659445,NaN,NaN,0.15015,0.0996247350571599,21.964816,57.8235866754541,19.965756,53.0665470979476,1.99906,4.75750335119539,40.2587250587251,114.002082687861,1,0.544712087305472,NaN,NaN,0.697403219378334,0.348226666672679,4361.6,11075.1617644094,90.4,104.394335955437,3.92775771951122,6.66616011330034,452985,1095109.7096768,452985,1095109.7096768,4063410,10896452.2352139,232540,527147.824651396,1848910,4856352.34709574,0.8,0.555289021039559,0.8,0.555289021039559,0.8,0.555289021039559,0.201937032312363,0.527621360177843,1.4,0.680087380658256,9.69,0.934759426432137,4.0103616,0
sb_cf,fixed_packet,5,5,6,1188,NaN,NaN,no_stable_q,NaN,NaN,0,3,2,0,3,0,0,NaN,0,NaN,NaN,NaN,NaN,NaN,NaN,NaN,NaN,NaN,NaN,NaN,NaN,NaN,NaN,NaN,NaN,NaN,NaN,NaN,NaN,NaN,NaN,NaN,NaN,NaN,NaN,NaN,NaN,NaN,NaN,NaN,NaN,NaN,NaN,NaN,NaN,NaN,NaN,NaN,NaN,NaN,NaN,NaN,NaN,NaN,NaN,NaN,NaN,NaN,NaN,NaN,NaN,NaN,NaN,NaN,NaN,NaN,NaN,NaN,NaN,NaN,NaN,NaN,NaN,NaN,NaN,NaN,NaN,NaN,NaN,NaN,NaN,NaN,NaN,NaN,NaN,NaN,NaN,NaN,NaN,NaN,NaN,NaN,NaN,NaN,NaN,NaN,NaN,NaN,NaN,NaN,NaN,NaN,NaN,NaN,NaN,NaN,NaN,329.532723,0
unslotted,fixed_packet,5,5,6,1188,0.99,0.99,wide_neighbor_stable_validated,0.15,0.346428571428571,0,1,2,2,3,1,1,1,1,193.8,18.6951885286428,159.2,102.39550627249,34.6,96.0650006398437,34.6,96.0650006398437,1156.9,NaN,NaN,NaN,NaN,NaN,1156.9,3560.89461661352,NaN,NaN,NaN,NaN,NaN,NaN,1746.28677183594,1607.37008929199,7307.20774015417,12912.2105174472,9729.88664450905,12058.0632576322,NaN,NaN,NaN,NaN,NaN,NaN,NaN,NaN,NaN,NaN,NaN,NaN,NaN,NaN,NaN,NaN,193.8,18.6951885286428,159.6,102.490319036987,1162.8,112.171131171856,957.6,614.941914221923,NaN,NaN,0.155719587193931,0.100048892644922,17.6167972830017,48.1299810466772,17.4407976958078,48.1824386461285,0.175999587193931,0.0546500431162192,32.6193736261084,90.6684583077075,1,0.513716580961731,NaN,NaN,0.720447635403388,0.332907183170869,78297.4,216490.955316499,84,78.2100487756994,3.91731721464115,7.24884315088723,1130840.5,3136485.94071814,NaN,NaN,1130840.5,3136485.94071814,NaN,NaN,NaN,NaN,0.8,0.555289021039559,0.8,0.555289021039559,0.8,0.555289021039559,0.189257807444886,0.510847481075883,1.4,0.680087380658256,9.69,0.934759426432137,52.5656857,0
sf_cb,fixed_packet,5,5,6,1188,0.931,0.931,wide_neighbor_stable_validated,0.5,0.714285714285714,0,1,2,2,3,1,1,1,1,193.8,18.6951885286428,193.8,18.6951885286428,0,0,0,0,1251,175.651917725125,16.8999082700627,29.41657371044,1565.47523357693,151.981392753558,1251,175.651917725125,1313.5,35.0371531660558,2944.53,727.195266483594,5472.12,3799.52620286701,1313.5,35.0371531660558,2944.53,727.195266483594,5472.12,3799.52620286701,184.61041904677,29.4475513834889,0,0,118.371912453798,35.1003536085726,88.4681714179648,57.106719150082,36.5247306584008,39.4610481210841,162.5,0,975,0,0,0,193.8,18.6951885286428,193.6,18.3034919337214,1162.8,112.171131171856,1161.6,109.820951602328,NaN,NaN,0.1889,0.0179710757952234,0.305791,0.031113029785997,0.116891,0.0293206004441527,0.1889,0.0179710757952234,-0.0925416925416926,0.387751593718622,1,0,0.000904005835871518,0.00115514247942679,0.829462242764975,0.0519674684721782,290.2,34.8374719253208,42.2,44.1306320455389,1.22476757328247,0.242837219206672,4095,2685.89674633098,4095,2685.89674633098,9067.5,6384.36745115827,3087.5,2992.73866611197,6857.5,7171.22770740007,1,0,1,0,1,0,0.00311479584382188,0.00354599323160618,1.4,0.680087380658256,9.69,0.934759426432137,5.1306895,0
sb_cb,fixed_packet,5,5,6,1188,0.99,0.99,wide_neighbor_stable_validated,0.15,0.7,0,1,2,2,3,1,1,1,1,193.8,18.6951885286428,193.8,18.6951885286428,0,0,0,0,1194,308.896932012018,39.4134714546052,91.0366548654482,1511.32912047817,228.95549553351,1194,308.896932012018,1191.5,0,3247.91,2063.86503790724,7987.77799999999,7894.42878565462,1191.5,0,3247.91,2063.86503790724,7987.77799999999,7894.42878565462,0,0,45.7016139704847,11.9898828149402,0,0,274.884027308248,161.886855012497,53.2434791994377,55.9991159038642,162.5,0,975,0,0,0,193.8,18.6951885286428,194,17.9290434074094,1162.8,112.171131171856,1164,107.574260444457,NaN,NaN,0.1893993,0.0176577186411622,0.3012216,0.0482074437402197,0.1098723,0.0517481296766587,0.1913493,0.0171178776303492,-0.07997180643122,0.351245727882824,1,0,0.00868847243915584,0.0227317919079261,0.828757310615027,0.0535109173238769,315.6,55.7478097751364,65.2,65.1926811056498,1.34416511677896,0.352643612204124,1116.5,832.581427034779,NaN,NaN,1116.5,832.581427034779,NaN,NaN,NaN,NaN,1,0,1,0,1,0,0.00530058819354866,0.00831859926708709,1.4,0.680087380658256,9.69,0.934759426432137,153.5593686,0
s7_clean,fixed_packet,5,5,6,1188,0.7,0.7,wide_neighbor_stable_validated,0.4,0.957142857142857,0,1,2,2,3,1,1,1,1,193.8,18.6951885286428,193.8,18.6951885286428,0,0,0,0,1275.95868397265,77.5024821821212,9.20256196251936,12.1771972656515,1266.75612201013,69.5047749395476,1275.95868397265,77.5024821821212,1094.40000000002,0,2105.63999999994,218.696949533159,3554.76599999993,1285.31786209873,1094.40000000002,0,2105.63999999994,218.696949533159,3554.76599999993,1285.31786209873,0.0304749841028649,0.0367695501703236,36.5635650474628,2.85649589852958,3.87694387122174,0.283386869193123,161.596863843856,59.8727254945678,6.28827426348238,7.00681640992257,83.4,1.76451066835705e-14,975,0,0,0,193.8,18.6951885286428,193.8,18.1512421289518,1162.8,112.171131171856,1162.8,108.907452773711,NaN,NaN,0.1889626,0.0181908662436934,0.246862119999989,0.019186605054828,0.0578995199999889,0.0124306039771822,0.1889626,0.0181908662436934,-0.0722232722232723,0.290601270426318,1,0,0.000622162761956448,0.000915961748584131,0.829014700308463,0.0526705995393547,252.4,17.6604607726206,14.2,15.217350904878,1.0753989719842,0.0840145852508701,480.6,375.808773024855,229.62,176.36344281087,480.6,375.808773024855,181.559999999811,191.022441790519,379.139999999595,406.303269159845,1,0,1,0,1,0,0.00204527712724434,0.00349106897323589,1.4,0.680087380658256,9.69,0.934759426432137,128.1705122,0
s7_busy,fixed_packet,5,5,6,1188,0.735,0.735,wide_neighbor_stable_validated,0.4,0.914285714285714,0,1,2,2,3,1,1,1,1,193.8,18.6951885286428,193.8,18.6951885286428,0,0,0,0,2707,372.605228929159,72.9764821816257,96.0206394534279,3546.01031822252,310.411577843508,2707,372.605228929159,2647.79999999991,196.850936956479,9210.95999999992,1455.78455268161,14313.942,3637.60078222957,2647.79999999991,196.850936956479,9210.95999999992,1455.78455268161,14313.942,3637.60078222957,0.0588311062834055,0.0281486790867278,83.4081348330822,13.4165473929834,13.6592434840874,2.24806212027869,2269.28886041438,267.960209613976,121.195248384678,32.9100015463181,83.4,1.76451066835705e-14,975,0,0,0,193.8,18.6951885286428,194.2,18.2782050343337,1162.8,112.171131171856,1165.2,109.669230206002,NaN,NaN,0.18959744,0.0179668470118668,0.706125279999989,0.119753135699085,0.516527839999989,0.104636215122856,0.18959744,0.0179668470118668,-0.213516213516214,1.22157589798979,1,0,0.00833686443958971,0.00995882947839285,0.830491439402634,0.0502538199312484,594.2,108.293460879475,281.8,78.8989298996168,2.45318043626712,0.394604335087747,30405.9600000002,3450.83183390392,13360.6800000001,1139.69158911774,30405.9600000002,3450.83183390392,11053.7999999889,1013.18508626948,24996.539999975,2948.18120016991,1,0,1,0,1,0,0.00625296914592961,0.00753218078021251,1.4,0.680087380658256,9.69,0.934759426432137,328.0749622,0
sf_cf,fixed_packet,10,10,1,198,0.711,0.711,wide_neighbor_stable_validated,0.3,0.6,0,1,2,2,3,1,1,1,1,381.4,25.0434732868327,358.8,50.9490915811441,22.6,62.7476593774701,22.6,62.7476593774701,380,NaN,NaN,NaN,NaN,NaN,380,29.0801250015089,NaN,NaN,NaN,NaN,NaN,NaN,333.05,17.894614103613,1001.84,67.3695322484225,1760.673,820.939124961464,NaN,NaN,NaN,NaN,NaN,NaN,NaN,NaN,NaN,NaN,NaN,NaN,NaN,NaN,NaN,NaN,381.4,25.0434732868327,359.2,51.310929055809,381.4,25.0434732868327,359.2,51.310929055809,NaN,NaN,0.05834,0.00831577030098179,3.2076252,8.43975473777041,2.3753077,6.32366785507257,0.8323175,2.11609351301286,47.5387459387459,131.97112896888,1,0.155315988558094,NaN,NaN,0.888951082739648,0.0378484244414992,29932.2,81671.0828998201,47.8,41.1382602338102,1.12927265553889,0.102212174930594,254345,692530.896815819,254345,692530.896815819,4792255,13276558.9710246,53742.5,137279.389207451,773977.5,2123760.67630076,0.8,0.555289021039559,0.8,0.555289021039559,0.8,0.555289021039559,0.0569866477705037,0.154598441171795,3.2,0.555289021039559,19.07,1.25217366434164,9.3483106,0
sb_cf,fixed_packet,10,10,1,198,0.00719685673001152,0.00719685673001152,wide_neighbor_stable_validated,0.001,0.0138949549437314,0,1,2,2,3,1,1,1,1,381.4,25.0434732868327,381.4,25.0434732868327,0,0,0,0,1710.03476082403,137.482054952635,29.9518112798976,43.4816438602983,1680.08294954413,110.417195537891,1710.03476082403,137.482054952635,1251.5,55.4542349410022,4781.75,711.313556255032,8051.54000000001,2376.708662206,1251.5,55.4542349410022,4781.75,711.313556255032,8051.54000000001,2376.708662206,0,0,39.9190844405008,2.34235072791283,0,0,1449.37412329241,99.7795529343785,28.2897418112169,11.195058626054,0,0,162.5,0,0,0,381.4,25.0434732868327,381,26.731846476362,381.4,25.0434732868327,381,26.731846476362,NaN,NaN,0.0619569,0.00433263447793933,0.6530961,0.0871608955752885,0.6530961,0.0871608955752885,0,0,0.248473567119797,0.462893481320065,1,0,0.00437733645576735,0.00543550364098126,0.900860417898425,0.0164511847380928,541,45.966729907822,67,28.9470201366327,1.17409071883826,0.0688926684680244,12935,4335.95152888127,NaN,NaN,12935,4335.95152888127,NaN,NaN,NaN,NaN,1,0,1,0,1,0,0.0042863167653855,0.00328430046998116,3.2,0.555289021039559,19.07,1.25217366434164,586.3883882,0
unslotted,fixed_packet,10,10,1,198,0.407,0.407,wide_neighbor_stable_validated,0.2,0.457142857142857,0,1,2,2,3,1,1,1,1,381.4,25.0434732868327,381.4,25.0434732868327,0,0,0,0,420,30.4236769757188,0.97293202059044,1.2764543700583,404.118281874607,30.9015050589605,420,30.4236769757188,341.78629144248,1.21813482522641,647.073722578169,59.3027435646112,1845.14736127565,1066.4002975581,341.78629144248,1.21813482522641,647.073722578169,59.3027435646112,1845.14736127565,1066.4002975581,0,0,0,0,23.0805366933918,2.77870011868155,30.0404761034831,13.7512862490812,25.9972690777317,14.8106636536692,162.5,0,162.5,0,0,0,381.4,25.0434732868327,381.4,26.0690306060487,381.4,25.0434732868327,381.4,26.0690306060487,NaN,NaN,0.0619920778084222,0.00416787847406896,0.154830802930275,0.0212248883636924,0.0919612251218523,0.016965274976428,0.0628695778084222,0.00447357298190344,-0.0178588951740754,0.133613021672415,1,0,0.000859478214494718,0.00138778574884525,0.90197807653173,0.0159131299239737,547.4,76.3678878437925,78.4,50.9732939892931,1.2019987741399,0.121023158241691,1110.7,656.422703766025,NaN,NaN,1110.7,656.422703766025,NaN,NaN,NaN,NaN,1,0,1,0,1,0,0.00218891085395488,0.00293688394824088,3.2,0.555289021039559,19.07,1.25217366434164,80.2037786,0
sf_cb,fixed_packet,10,10,1,198,0.582,0.582,wide_neighbor_stable_validated,0.3,0.514285714285714,0,1,2,2,3,1,1,1,1,381.4,25.0434732868327,381.4,25.0434732868327,0,0,0,0,588,14.5396126392416,2.24206057208167,1.25596688779683,696.503428781548,15.2352693457291,588,14.5396126392416,578.4,27.3294801367312,1409.18,126.210721950077,2188.354,143.394189383483,578.4,27.3294801367312,1409.18,126.210721950077,2188.354,143.394189383483,89.638019910526,2.22840252144019,0,0,242.340180887527,11.9396652832521,24.4435222883375,3.790181214776,15.0817056951572,3.73119037689622,162.5,0,162.5,0,0,0,381.4,25.0434732868327,382.4,25.9207582704852,381.4,25.0434732868327,382.4,25.9207582704852,NaN,NaN,0.062135,0.00416973159142578,0.2673827,0.0200712154992835,0.2052477,0.01613857310186,0.062135,0.00416973159142578,0.0409944409944409,0.17908703675738,1,0,0.00314379490736918,0.00442069555267242,0.901934544279476,0.0162163500426256,504.6,39.2314738993046,35.6,10.7387785821184,1.09281049658558,0.0229611715501307,3412.5,669.196709631841,3412.5,669.196709631841,7020,1818.17410852419,2795,628.410338651585,5785,1745.05151959424,1,0,1,0,1,0,0.00369050039219157,0.00373971023376104,3.2,0.555289021039559,19.07,1.25217366434164,7.7889282,0
sb_cb,fixed_packet,10,10,1,198,0.414285714285714,0.414285714285714,wide_neighbor_stable_validated,0.2,0.8,0,1,2,2,3,1,1,1,1,381.4,25.0434732868327,381.4,25.0434732868327,0,0,0,0,429.537684953934,24.6835461850474,1.95153693229128,2.82378156567133,427.586148021643,22.9778007544196,429.537684953934,24.6835461850474,370,0,679.24,54.2912950914906,1452.34,825.131153641076,370,0,679.24,54.2912950914906,1452.34,825.131153641076,0,0,38.3986424517757,2.38027165372225,0,0,47.1106659224031,11.4833451872155,17.0768396474638,9.96269767814948,162.5,0,162.5,0,0,0,381.4,25.0434732868327,381.8,25.0865297629328,381.4,25.0434732868327,381.8,25.0865297629328,NaN,NaN,0.062026,0.00408289775982665,0.1640838,0.0183509048892218,0.1015703,0.0144174666782763,0.0625135,0.00433324591661539,-0.0103499678640926,0.115665207811862,1,0,0.000338131690625257,0.000647459032008411,0.902050951025657,0.015766220989588,519.6,54.6092239621047,49.8,29.0984163289327,1.12937183681693,0.0700079898153604,765.6,411.621775199508,NaN,NaN,765.6,411.621775199508,NaN,NaN,NaN,NaN,1,0,1,0,1,0,0.00104605371109774,0.00177894776709943,3.2,0.555289021039559,19.07,1.25217366434164,186.6581186,0
s7_clean,fixed_packet,10,10,1,198,0.742857142857143,0.742857142857143,wide_neighbor_stable_validated,0.4,0.957142857142857,0,1,2,2,3,1,1,1,1,381.4,25.0434732868327,381.4,25.0434732868327,0,0,0,0,306.276426608872,8.09782648633087,0.774064268246558,1.15452239089514,305.502362340626,8.20565307072921,306.276426608872,8.09782648633087,281.900000000023,0,451.639999999923,44.6831383272192,629.029999999949,120.854717443663,281.900000000023,0,451.639999999923,44.6831383272192,629.029999999949,120.854717443663,0.0192754546517454,0.00920604440078736,34.74918804083,0.860321655769989,3.30488661253343,0.292051149522734,19.6912980383391,5.63312131403093,1.83771419427126,2.11031841444756,83.3999999999999,1.76451066835705e-14,162.5,0,0,0,381.4,25.0434732868327,381.6,24.9664020346788,381.4,25.0434732868327,381.6,24.9664020346788,NaN,NaN,0.06197948,0.00406874526188933,0.116902039999979,0.0102772285413397,0.0549225599999794,0.00631090066683492,0.06197948,0.00406874526188933,-0.00587760587760588,0.0682903329344588,1,0,1.71483059986122e-05,4.76113302520461e-05,0.901848712635982,0.0159874211279244,471.2,35.5059459727915,8.6,9.91777904104421,1.02203494237735,0.025303578110882,261.66,222.886912252811,128.16,108.444427215522,261.66,222.886912252811,112.139999999909,129.251962030743,229.619999999809,264.804700395684,1,0,1,0,1,0,0.000531914893617021,0.00147683250276478,3.2,0.555289021039559,19.07,1.25217366434164,131.4890869,0
s7_busy,fixed_packet,10,10,1,198,0.685714285714286,0.685714285714286,wide_neighbor_stable_validated,0.3,0.771428571428572,0,1,2,2,3,1,1,1,1,381.4,25.0434732868327,381.4,25.0434732868327,0,0,0,0,861.042579847678,100.637553329654,2.80946922720175,1.89433028546609,858.233110620476,99.9407992228627,861.042579847678,100.637553329654,622.99999999993,57.8514162731399,2219.77999999994,582.996151547893,3564.57799999995,733.034840837614,622.99999999993,57.8514162731399,2219.77999999994,582.996151547893,3564.57799999995,733.034840837614,0.0254395865289448,0.0101480914194363,69.1065439480996,7.69979636603192,8.27526598478824,1.33754686291765,448.811573887191,72.6489422976159,86.1142872138679,18.8871475566783,83.3999999999999,1.76451066835705e-14,162.5,0,0,0,381.4,25.0434732868327,381.4,26.1133481377965,381.4,25.0434732868327,381.4,26.1133481377965,NaN,NaN,0.06200642,0.00426461501928644,0.330872259999979,0.0607184883860146,0.268865839999979,0.0566225339783423,0.06200642,0.00426461501928644,-0.0301008301008303,0.430590708834612,1,0,0.00644655373068306,0.0120133252560888,0.90204520826147,0.0158450061951193,932,139.729961679267,396.6,110.698367021097,2.03254541023822,0.226464599000939,74514.3600000001,2699.77633522087,33919.6800000005,1205.99222141184,74514.3600000001,2699.77633522087,28536.9599999704,1195.87938022365,62766.3599999353,2693.76489249096,1,0,1,0,1,0,0.00321851358896138,0.00284559872857694,3.2,0.555289021039559,19.07,1.25217366434164,637.7042916,0
sf_cf,fixed_packet,10,10,2,396,0.8,0.8,wide_neighbor_stable_validated,0.15,0.4,0,1,2,2,3,1,1,1,1,381.4,25.0434732868327,381.4,25.0434732868327,0,0,0,0,635,127.024044273474,12.153219549003,8.15474197467078,1350.71594359054,124.88897791671,635,127.024044273474,993,91.0741710160582,3591.79,538.920432991951,5627.96199999999,1991.81789573298,993,91.0741710160582,3591.79,538.920432991951,5627.96199999999,1991.81789573298,161.826623204071,6.17099399855143,0,0,787.062684338338,81.0702545151006,0,0,76.8266360481357,54.7267763330433,0,0,325,0,0,0,381.4,25.0434732868327,382,25.8969559162729,762.8,50.0869465736654,764,51.7939118325457,NaN,NaN,0.1241,0.00838151940516902,0.5209602,0.0752818912372165,0.3670252,0.0477382845577955,0.153935,0.0297551069458368,-0.0835176835176838,0.54721621227108,1,0,0.00213893037893513,0.00126660709654257,0.901721405030113,0.0169019654302885,565,101.725553817761,91.8,70.241317585094,1.23638964937888,0.168390081024749,15730,10266.9217849569,15730,10266.9217849569,33670,24166.3331420899,13845,9704.29625164402,29835,22828.4282151555,1,0,1,0,1,0,0.00367404941610032,0.00177418036638635,3.2,0.555289021039559,19.07,1.25217366434164,7.6455427,0
sb_cf,fixed_packet,10,10,2,396,0.00255797210821188,0.00255797210821188,wide_neighbor_stable_validated,0.00190185543215616,0.00305581308826144,0,2,2,2,3,1,1,1,1,381.4,25.0434732868327,381.4,25.0434732868327,0,0,0,0,6062.52790066851,799.824827833343,329.824051130109,133.57022850316,5732.7038495384,701.482830402537,6062.52790066851,799.824827833343,4074.4,464.760117291973,18445.06,4195.83716183387,29849.698,8194.20725242586,4074.4,464.760117291973,18445.06,4195.83716183387,29849.698,8194.20725242586,0,0,49.4391040778127,5.41684619648686,0,0,5210.68507412856,645.822526562035,147.579671332033,51.7786768781832,0,0,325,0,0,0,381.4,25.0434732868327,383.2,29.5322936688819,762.8,50.0869465736654,766.4,59.0645873377638,NaN,NaN,0.1244988,0.00955881178036775,2.3170256,0.30341560294143,2.3170256,0.30341560294143,0,0,-0.0178292402781824,1.35043776954196,1,0,0.0107176174537676,0.0104188219680654,0.902567674299262,0.0180803275431288,662.8,68.5416521902662,172.6,58.2960916575104,1.45409129640626,0.159319005779025,65455,18276.8791415951,NaN,NaN,65455,18276.8791415951,NaN,NaN,NaN,NaN,1,0,1,0,1,0,0.00984245748584052,0.00945065720439921,3.2,0.555289021039559,19.07,1.25217366434164,325.1046414,0
unslotted,fixed_packet,10,10,2,396,0.407,0.407,wide_neighbor_stable_validated,0.03,0.0910411754032616,0,1,2,2,3,1,1,1,1,381.4,25.0434732868327,381.4,25.0434732868327,0,0,0,0,565,43.5370279429933,2.84413699801644,3.01005763318204,756.811672969126,42.7648069472279,565,43.5370279429933,622.218457139994,18.975978733141,1462.23350373562,261.892980858984,2700.98782377904,833.065781059039,622.218457139994,18.975978733141,1462.23350373562,261.892980858984,2700.98782377904,833.065781059039,0,0,0,0,166.440943909704,13.9389552305628,79.6945264484151,20.5513222648341,23.1762026110064,10.6541451200534,162.5,0,325,0,0,0,381.4,25.0434732868327,381.4,25.7566728665124,762.8,50.0869465736654,762.8,51.5133457330247,NaN,NaN,0.124039497181396,0.0081809339313946,0.290383391710059,0.0343988354447098,0.164653894528663,0.0260709807642142,0.125729497181396,0.00865926445844763,-0.0512557375246818,0.201046934943048,1,0,0.00132510027890929,0.00148383546201045,0.901408200416244,0.0165751709230843,533.6,71.4555785544629,61.6,34.872857888659,1.15895628589821,0.0827904551289861,913.5,582.427278828269,NaN,NaN,913.5,582.427278828269,NaN,NaN,NaN,NaN,1,0,1,0,1,0,0.00314345962252835,0.00140691175862354,3.2,0.555289021039559,19.07,1.25217366434164,78.3616963,0
sf_cb,fixed_packet,10,10,2,396,0.759,0.759,wide_neighbor_stable_validated,0.15,0.425,0,1,2,2,3,1,1,1,1,381.4,25.0434732868327,381.4,25.0434732868327,0,0,0,0,661,52.4044536738748,4.64763732285528,3.15487815466247,974.968692214436,52.4795153983513,661,52.4044536738748,814.15,30.4473634160822,2056.145,319.403770507109,3150.148,851.926971075955,814.15,30.4473634160822,2056.145,319.403770507109,3150.148,851.926971075955,109.425294834404,6.10634604904811,0,0,298.967390354563,26.5166030495626,58.5558886656023,18.4621781717329,20.5201183598669,13.8789187649809,162.5,0,325,0,0,0,381.4,25.0434732868327,381.6,25.8313863519483,762.8,50.0869465736654,763.2,51.6627727038967,NaN,NaN,0.12406,0.0083592901962379,0.3742727,0.0402225642857332,0.2502127,0.03263238484035,0.12406,0.0083592901962379,-0.0341304341304343,0.360979045872752,1,0,0.00156384784092369,0.000915227821765943,0.901503266301922,0.0167241743907205,516.2,57.5427876777083,48.8,34.4256801630042,1.12627765144533,0.0854087308614212,4225,2421.24479649734,4225,2421.24479649734,8905,5634.05680539964,3737.5,2365.967656642,7930,5594.17302648818,1,0,1,0,1,0,0.00262799570500258,0.000178524757924386,3.2,0.555289021039559,19.07,1.25217366434164,8.4286212,0
sb_cb,fixed_packet,10,10,2,396,0.307142857142857,0.307142857142857,wide_neighbor_stable_validated,0.15,0.7,0,1,2,2,3,1,1,1,1,381.4,25.0434732868327,381.4,25.0434732868327,0,0,0,0,664.48829413604,52.5007698480197,3.55775161614851,3.6992857818389,660.930542519892,52.4959493236281,664.48829413604,52.5007698480197,543.3,4.99760118935603,1088.88,133.386340873511,3097.626,2385.41730432957,543.3,4.99760118935603,1088.88,133.386340873511,3097.626,2385.41730432957,0,0,40.2325554171422,4.39334675423232,0,0,109.065083119629,28.6655263284464,24.1329039831199,19.9254521489521,162.5,0,325,0,0,0,381.4,25.0434732868327,381.8,25.3463740239943,762.8,50.0869465736654,763.6,50.6927480479886,NaN,NaN,0.1240543,0.0081599692072948,0.2542301,0.0356513888909706,0.1292658,0.0266712905192075,0.1249643,0.00922646201486042,-0.00456594343660936,0.218970071209733,1,0,0.00122091760398504,0.00157536888937058,0.901746692793037,0.0162516924189868,543.4,75.8970610280518,71.4,53.6910215026426,1.18331045344536,0.129216081006833,1090.4,634.80829349046,NaN,NaN,1090.4,634.80829349046,NaN,NaN,NaN,NaN,1,0,1,0,1,0,0.00205656713357401,0.00142978689488315,3.2,0.555289021039559,19.07,1.25217366434164,331.3577491,0
s7_clean,fixed_packet,10,10,2,396,0.657142857142857,0.657142857142857,wide_neighbor_stable_validated,0.4,0.957142857142857,0,1,2,2,3,1,1,1,1,381.4,25.0434732868327,381.4,25.0434732868327,0,0,0,0,505.360852737452,21.7890767030193,1.03246333219786,0.686632045851382,504.328389405254,21.9208281820166,505.360852737452,21.7890767030193,446.2,4.99760118929138,794.049999999923,45.5611596292093,1313.24199999996,611.446642987751,446.2,4.99760118929138,794.049999999923,45.5611596292093,1313.24199999996,611.446642987751,0.0176954993524356,0.00845145059744377,35.6027250489793,2.20166044970608,5.01386188476847,0.378761424243654,51.3627167049516,14.3183275512712,3.9313902672021,5.40054357369079,83.3999999999999,1.76451066835705e-14,325,0,0,0,381.4,25.0434732868327,382,25.4768152041672,762.8,50.0869465736654,764,50.9536304083344,NaN,NaN,0.12402436,0.00815295657426873,0.193078799999979,0.0201521973137175,0.0690544399999794,0.0123534498950338,0.12402436,0.00815295657426873,-0.00990240990240996,0.148178414365362,1,0,0.000801530351666204,0.00118267676291454,0.901784716437577,0.0162032026460579,488.4,67.9894661928047,18.6,26.0985839888593,1.0471389720288,0.0647547191090023,720.9,1076.3057385779,347.1,503.873293526019,720.9,1076.3057385779,234.959999999695,319.194366226713,496.619999999343,696.832192501569,1,0,1,0,1,0,0.00257070595105473,0.00225849686427634,3.2,0.555289021039559,19.07,1.25217366434164,149.9634608,0
s7_busy,fixed_packet,10,10,2,396,0.542857142857143,0.542857142857143,wide_neighbor_stable_validated,0.2,0.757142857142857,0,1,2,2,3,1,1,1,1,381.4,25.0434732868327,381.4,25.0434732868327,0,0,0,0,1524.74633197967,198.012281722681,17.0385551460467,18.255901255244,1507.70777683363,181.529645048466,1524.74633197967,198.012281722681,1121.19999999993,128.730678974925,3886.08999999995,699.565813945061,6140.75199999995,1574.7273750286,1121.19999999993,128.730678974925,3886.08999999995,699.565813945061,6140.75199999995,1574.7273750286,0.0706824620843817,0.0496082178607643,73.6072788953533,10.318531830619,16.1330725136896,2.45234193891233,912.342417672131,145.205339612491,97.1543252903667,25.3107516080478,83.3999999999999,1.76451066835705e-14,325,0,0,0,381.4,25.0434732868327,382,25.7177360749886,762.8,50.0869465736654,764,51.4354721499771,NaN,NaN,0.12418972,0.00826019444522844,0.587320799999979,0.101309253518951,0.463131079999979,0.0958790027784661,0.12418972,0.00826019444522844,0.0608832608832606,0.41272830261418,1,0,0.00858822583044398,0.0152938505752119,0.902213817937666,0.0152582079770257,1006.8,165.494295285816,445,122.343290374424,2.16491996751039,0.303486230312324,58996.3200000007,4972.45541604064,26523.7800000005,1765.129456149,58996.3200000007,4972.45541604064,22125.6199999772,1596.0261114478,49189.5999999497,4725.30456115931,1,0,1,0,1,0,0.00369182549223662,0.00298085421609468,3.2,0.555289021039559,19.07,1.25217366434164,608.0457491,0
sf_cf,fixed_packet,10,10,3,594,0.832,0.832,wide_neighbor_stable_validated,0.242857142857143,0.263265306122449,0,2,2,2,3,1,1,1,1,381.4,25.0434732868327,381.4,25.0434732868327,0,0,0,0,946,198.354001256757,60.0299032551811,31.38018415256,2824.95970577771,200.173500256496,946,198.354001256757,2145.6,170.789968966623,7997.1,1161.72137887066,13125.987,1320.02876871461,2145.6,170.789968966623,7997.1,1161.72137887066,13125.987,1320.02876871461,235.449790388985,11.9705980704279,0,0,1925.47017695407,118.765984825263,0,0,176.539738434652,74.8511131053014,0,0,487.5,0,0,0,381.4,25.0434732868327,381.4,25.7566728665124,1144.2,75.1304198604981,1144.2,77.2700185995371,NaN,NaN,0.1860375,0.0124479767059252,1.1018002,0.129911095828543,0.8479027,0.0914116154754629,0.2538975,0.0396779353870839,-0.145024945024945,1.00537477702611,1,0,0.00141797149620355,0.00157947250922069,0.902264589045018,0.0163570787817291,619.2,84.5718122319281,139.2,62.2530754663989,1.36213279678903,0.153540744831388,35587.5,13185.5065080619,35587.5,13185.5065080619,76927.5,30747.1873773153,31200,13143.7580976975,67860,30348.3742898695,1,0,1,0,1,0,0.00314345962252835,0.00140691175862354,3.2,0.555289021039559,19.07,1.25217366434164,9.7057482,0
sb_cf,fixed_packet,10,10,3,594,NaN,NaN,no_stable_q,NaN,NaN,0,3,2,0,3,0,0,NaN,0,NaN,NaN,NaN,NaN,NaN,NaN,NaN,NaN,NaN,NaN,NaN,NaN,NaN,NaN,NaN,NaN,NaN,NaN,NaN,NaN,NaN,NaN,NaN,NaN,NaN,NaN,NaN,NaN,NaN,NaN,NaN,NaN,NaN,NaN,NaN,NaN,NaN,NaN,NaN,NaN,NaN,NaN,NaN,NaN,NaN,NaN,NaN,NaN,NaN,NaN,NaN,NaN,NaN,NaN,NaN,NaN,NaN,NaN,NaN,NaN,NaN,NaN,NaN,NaN,NaN,NaN,NaN,NaN,NaN,NaN,NaN,NaN,NaN,NaN,NaN,NaN,NaN,NaN,NaN,NaN,NaN,NaN,NaN,NaN,NaN,NaN,NaN,NaN,NaN,NaN,NaN,NaN,NaN,NaN,NaN,NaN,NaN,NaN,414.1149193,0
unslotted,fixed_packet,10,10,3,594,0.5,0.5,wide_neighbor_stable_validated,0.003,0.0813190709556192,0,1,2,2,3,1,1,1,1,381.4,25.0434732868327,381.4,25.0434732868327,0,0,0,0,710,126.942321995671,5.97154679886556,3.52367923925128,1090.7692291561,125.394932484808,710,126.942321995671,869.328642967407,20.0643908417781,2166.74019580407,431.984871645536,5003.94466954369,3846.2341652236,869.328642967407,20.0643908417781,2166.74019580407,431.984871645536,5003.94466954369,3846.2341652236,0,0,0,0,262.054414813954,54.1887582192009,151.215317883475,47.3542394403361,27.4994964586697,25.5454026615448,162.5,0,487.5,0,0,0,381.4,25.0434732868327,382,25.8969559162729,1144.2,75.1304198604981,1146,77.6908677488186,NaN,NaN,0.186242429146658,0.0124729339798223,0.420482648582418,0.0700010452894772,0.23151021943576,0.0571997854513439,0.188972429146658,0.0139404243808508,-0.0183641448297508,0.382541370881907,1,0,0.00359045677167199,0.00516240879359281,0.901817136457799,0.0172662501560598,541.2,94.0694675323169,66.6,57.8847189552075,1.17144228681659,0.1419986543486,1032.4,899.071423149734,NaN,NaN,1032.4,899.071423149734,NaN,NaN,NaN,NaN,1,0,1,0,1,0,0.00367404941610032,0.00177418036638635,3.2,0.555289021039559,19.07,1.25217366434164,94.4299226,0
sf_cb,fixed_packet,10,10,3,594,0.912,0.912,wide_neighbor_stable_validated,0.15,0.464285714285714,0,1,2,2,3,1,1,1,1,381.4,25.0434732868327,381.4,25.0434732868327,0,0,0,0,800,84.6973591001708,6.38770900480758,3.75985030911299,1223.47083975145,85.5093544569783,800,84.6973591001708,996.45,32.3461812737377,2472.07,208.181172698175,4250.476,1798.35158810543,996.45,32.3461812737377,2472.07,208.181172698175,4250.476,1798.35158810543,134.065087104728,7.99624537982093,0,0,297.406548434247,26.2923596355843,111.087036934849,33.3842086417915,30.9121672776233,20.9573373733749,162.5,0,487.5,0,0,0,381.4,25.0434732868327,381.6,26.2605330941307,1144.2,75.1304198604981,1144.8,78.7815992823922,NaN,NaN,0.186045,0.0126333143388033,0.4702302,0.0613382900403999,0.2841852,0.0495633227079584,0.186045,0.0126333143388033,-0.0231504231504234,0.390058252251856,1,0,0.00254228743587742,0.00092544589675798,0.90210478252056,0.0163106150390043,545.8,84.252186275712,74,54.1157570000177,1.19022872170845,0.128968229989999,6435,3711.14952909593,6435,3711.14952909593,13715,9189.52869061745,5590,3565.68887848496,12025,8793.81051250287,1,0,1,0,1,0,0.00373133917004817,0.00203172820953512,3.2,0.555289021039559,19.07,1.25217366434164,8.9187104,0
sb_cb,fixed_packet,10,10,3,594,0.65,0.65,wide_neighbor_stable_validated,0.03,0.4,0,1,2,2,3,1,1,1,1,381.4,25.0434732868327,381.4,25.0434732868327,0,0,0,0,724,98.1850720169,6.82904139666934,8.88677641776739,936.167797572873,93.3675187588412,724,98.1850720169,731,0,1774.64,398.387188530038,4155.482,2543.83046640808,731,0,1774.64,398.387188530038,4155.482,2543.83046640808,0,0,42.4171194590767,5.7457933981956,0,0,204.852386173934,56.5363551698028,38.8982919398629,31.131664050082,162.5,0,487.5,0,0,0,381.4,25.0434732868327,382,25.8969559162729,1144.2,75.1304198604981,1146,77.6908677488186,NaN,NaN,0.1861372,0.0124991280311881,0.3611252,0.053008193269688,0.1715755,0.0402380921025974,0.1895497,0.0148606242406749,-0.0532324894731414,0.281438125954038,1,0,0.00345352420754655,0.00564531829059209,0.901817136457799,0.0172662501560598,565.8,91.847053409377,95.4,66.8691111329279,1.24756233703167,0.168993923476341,1365.9,912.224943638369,NaN,NaN,1365.9,912.224943638369,NaN,NaN,NaN,NaN,1,0,1,0,1,0,0.00367404941610032,0.00177418036638635,3.2,0.555289021039559,19.07,1.25217366434164,326.6952546,0
s7_clean,fixed_packet,10,10,3,594,0.457142857142857,0.457142857142857,wide_neighbor_stable_validated,0.2,0.8,0,1,2,2,3,1,1,1,1,381.4,25.0434732868327,381.4,25.0434732868327,0,0,0,0,722.041203972457,24.409480637186,1.5530676355794,0.744077443386381,720.488136336877,24.3840495841017,722.041203972457,24.409480637186,615.9,6.46441577974666e-11,1176.50999999995,54.3430246368874,1834.96799999993,302.439678854129,615.9,6.46441577974666e-11,1176.50999999995,54.3430246368874,1834.96799999993,302.439678854129,0.0214504179797619,0.0150441247577859,34.7227372487462,0.340226671860909,11.3573725520471,0.585808648745572,101.713744160886,24.5201287351884,1.77283195721858,0.834556012741169,83.3999999999999,1.76451066835705e-14,487.5,0,0,0,381.4,25.0434732868327,381.6,25.8313863519483,1144.2,75.1304198604981,1144.8,77.494159055845,NaN,NaN,0.18607012,0.0123182220610921,0.275898439999979,0.0266421938890716,0.0898283199999794,0.0146027974605515,0.18607012,0.0123182220610921,-0.0531984531984534,0.157114326634859,1,0,0.00167758198790756,0.0016427051299692,0.901503266301922,0.0167241743907205,470.4,31.1729384890101,8.2,4.15540253473427,1.0212569779043,0.0100066668194385,240.3,132.609715008162,117.48,64.6259810154141,240.3,132.609715008162,106.799999999919,52.4185924113022,218.939999999828,110.949247677084,1,0,1,0,1,0,0.00262799570500258,0.000178524757924386,3.2,0.555289021039559,19.07,1.25217366434164,157.1324023,0
s7_busy,fixed_packet,10,10,3,594,0.557142857142857,0.557142857142857,wide_neighbor_stable_validated,0.3,0.685714285714286,0,1,2,2,3,1,1,1,1,381.4,25.0434732868327,381.4,25.0434732868327,0,0,0,0,2305.64228965109,350.9145745831,39.8068980086402,25.8931700484186,2265.83539164245,340.829399183495,2305.64228965109,350.9145745831,1610.39999999998,123.810463335592,6371.30999999993,1714.27666534116,10142.112,2777.97990789667,1610.39999999998,123.810463335592,6371.30999999993,1714.27666534116,10142.112,2777.97990789667,0.0904115239577475,0.0339012732557597,91.4887718320972,21.3649279077811,19.0902943057146,4.78684189983739,1443.24933836901,265.838967566974,141.016575611674,52.4069113973218,83.3999999999999,1.76451066835705e-14,487.5,0,0,0,381.4,25.0434732868327,382,26.3396709925525,1144.2,75.1304198604981,1146,79.0190129776575,NaN,NaN,0.1862468,0.0125887846939413,0.887642199999979,0.183144804078799,0.701395399999979,0.172738504952677,0.1862468,0.0125887846939413,-0.167388167388168,0.951139017179758,1,0,0.00762907256877882,0.0129239075372218,0.901330097075143,0.0160105999833125,1226.8,336.890924792206,649.6,274.269496405767,2.6908462303558,0.628380232581796,58948.2600000005,10437.5513703094,25583.9400000004,3452.58312930172,58948.2600000005,10437.5513703094,21578.9399999785,2912.4554891236,49950.3599999507,8968.70933864546,1,0,1,0,1,0,0.00477739288114591,0.00287190827472155,3.2,0.555289021039559,19.07,1.25217366434164,562.8627361,0
sf_cf,fixed_packet,10,10,4,792,0.8,0.8,wide_neighbor_stable_validated,0.0756632669700596,0.158597434138662,0,1,2,2,3,1,1,1,1,381.4,25.0434732868327,381.4,25.0434732868327,0,0,0,0,1395,227.637039562298,453.084954316388,267.033069600171,7820.81385448648,263.374297279863,1395,227.637039562298,5758.9,185.25381348303,23814.74,2750.47774841267,36091.408,4771.64760858585,5758.9,185.25381348303,23814.74,2750.47774841267,36091.408,4771.64760858585,298.092049998655,15.5563893913482,0,0,6541.72250822521,264.816628438317,0,0,330.999296262611,25.6213582856593,0,0,650,0,0,0,381.4,25.0434732868327,382.8,29.8180380587635,1525.6,100.173893147331,1531.2,119.272152235054,NaN,NaN,0.24864,0.0192182553963618,3.1816352,0.231479112279,2.8043852,0.194461779866244,0.37725,0.038694795578794,-0.657845457845458,5.12507009830068,1,0,0.0155104683334245,0.015896104541671,0.901670441725949,0.020654457057837,699.2,79.546000213836,194.6,25.5764700505352,1.50922968655786,0.0394174742856297,71110,15062.4002173851,71110,15062.4002173851,154570,33725.969087146,59040,8196.67539144524,128610,20370.7363001389,1,0,1,0,1,0,0.0109458009508861,0.0095746406787683,3.2,0.555289021039559,19.07,1.25217366434164,5.5407577,0
sb_cf,fixed_packet,10,10,4,792,NaN,NaN,no_stable_q,NaN,NaN,0,3,2,0,3,0,0,NaN,0,NaN,NaN,NaN,NaN,NaN,NaN,NaN,NaN,NaN,NaN,NaN,NaN,NaN,NaN,NaN,NaN,NaN,NaN,NaN,NaN,NaN,NaN,NaN,NaN,NaN,NaN,NaN,NaN,NaN,NaN,NaN,NaN,NaN,NaN,NaN,NaN,NaN,NaN,NaN,NaN,NaN,NaN,NaN,NaN,NaN,NaN,NaN,NaN,NaN,NaN,NaN,NaN,NaN,NaN,NaN,NaN,NaN,NaN,NaN,NaN,NaN,NaN,NaN,NaN,NaN,NaN,NaN,NaN,NaN,NaN,NaN,NaN,NaN,NaN,NaN,NaN,NaN,NaN,NaN,NaN,NaN,NaN,NaN,NaN,NaN,NaN,NaN,NaN,NaN,NaN,NaN,NaN,NaN,NaN,NaN,NaN,NaN,NaN,441.6517586,0
unslotted,fixed_packet,10,10,4,792,0.5,0.5,wide_neighbor_stable_validated,0.003,0.0602439185297632,0,1,2,2,3,1,1,1,1,381.4,25.0434732868327,361.6,43.8695898706685,19.8,54.9736130829163,19.8,54.9736130829163,888,NaN,NaN,NaN,NaN,NaN,888,3757.82963375465,NaN,NaN,NaN,NaN,NaN,NaN,1076.35398376667,36.5689507377243,3438.0397030277,1462.28241523063,23559.357729135,51440.9755238861,NaN,NaN,NaN,NaN,NaN,NaN,NaN,NaN,NaN,NaN,NaN,NaN,NaN,NaN,NaN,NaN,381.4,25.0434732868327,361.6,44.7912109469674,1525.6,100.173893147331,1446.4,179.16484378787,NaN,NaN,0.235061730477399,0.0292743792325716,3.06026217537434,7.07162882879689,2.80492044489694,7.05316755469856,0.255341730477399,0.0219521000518568,40.4599416226369,112.741002674024,1,0.136073299710189,NaN,NaN,0.889687084559579,0.0368975617976995,20517.8,55470.0440178171,685.2,1698.38834901127,3.21021875969614,5.59365413855416,287462.5,795124.599234599,NaN,NaN,287462.5,795124.599234599,NaN,NaN,NaN,NaN,0.8,0.555289021039559,0.8,0.555289021039559,0.8,0.555289021039559,0.0531994143237251,0.134889343631686,3.2,0.555289021039559,19.07,1.25217366434164,116.4558742,0
sf_cb,fixed_packet,10,10,4,792,0.8,0.8,wide_neighbor_stable_validated,0.15,0.425,0,1,2,2,3,1,1,1,1,381.4,25.0434732868327,381.4,25.0434732868327,0,0,0,0,980,109.900351034576,10.6959541478525,9.08833686546319,1502.15895346259,107.922988107388,980,109.900351034576,1216.6,74.2181869964299,3257.88,579.211399057385,4907.304,1308.4773637977,1216.6,74.2181869964299,3257.88,579.211399057385,4907.304,1308.4773637977,178.713660959175,9.16115795737802,0,0,311.73418877992,39.5991636945036,171.840358154751,51.8025999691121,27.3707455687407,15.3320829281388,162.5,0,650,0,0,0,381.4,25.0434732868327,381.4,26.1870440232732,1525.6,100.173893147331,1525.6,104.748176093093,NaN,NaN,0.248055,0.0167509509176447,0.5780902,0.071739256903155,0.3300352,0.0576570025209086,0.248055,0.0167509509176447,-0.0817392817392821,0.373233382953187,1,0,0.00395916850229024,0.0028838282576352,0.900641680274833,0.0163701949981621,542,75.3179503038943,64.8,38.0119569716269,1.1684353573461,0.094351279557777,6175,3645.85210283799,6175,3645.85210283799,13097.5,8354.12303262692,4907.5,2786.33160331454,10400,6361.36985508475,1,0,1,0,1,0,0.00424680308757395,0.00197062557748494,3.2,0.555289021039559,19.07,1.25217366434164,9.121357,0
sb_cb,fixed_packet,10,10,4,792,0.648,0.648,wide_neighbor_stable_validated,0.4,0.7,0,1,2,2,3,1,1,1,1,381.4,25.0434732868327,381.4,25.0434732868327,0,0,0,0,910,322.900989826192,15.9742059700968,23.2023730453714,1325.98928714399,300.565659372556,910,322.900989826192,865.6,2.49880059467801,3476.31999999999,2064.12249042221,9090.304,7350.63908020602,865.6,2.49880059467801,3476.31999999999,2064.12249042221,9090.304,7350.63908020602,0,0,60.5803376858779,22.796646721811,0,0,336.446547777689,173.598406208803,116.462401680428,107.519766473489,162.5,0,650,0,0,0,381.4,25.0434732868327,381.6,26.3191766086404,1525.6,100.173893147331,1526.4,105.276706434562,NaN,NaN,0.2480401,0.0168726363557119,0.5126694,0.127030911563838,0.2589093,0.117044294731674,0.2537601,0.0170377235514131,-0.0954394996520694,0.61476134539748,1,0,0.00359919435100893,0.00371872501826722,0.901685785382884,0.0171961610290165,801.2,247.420674398138,297.4,251.392654387668,1.78177463781994,0.670489609465029,4654.5,3429.46739343361,NaN,NaN,4654.5,3429.46739343361,NaN,NaN,NaN,NaN,1,0,1,0,1,0,0.00476094190505467,0.00161232295931707,3.2,0.555289021039559,19.07,1.25217366434164,420.9609631,0
s7_clean,fixed_packet,10,10,4,792,0.73,0.73,wide_neighbor_stable_validated,0.3,0.9,0,1,2,2,3,1,1,1,1,381.4,25.0434732868327,381.4,25.0434732868327,0,0,0,0,794,44.2333231477036,4.83088489701312,4.11486320027584,959.953730405154,44.8961898510869,794,44.2333231477036,778.399999999918,3.23221366950488e-11,1674.61999999993,241.497669076234,2779.40599999995,544.272519491771,778.399999999918,3.23221366950488e-11,1674.61999999993,241.497669076234,2779.40599999995,544.272519491771,0.0366811767950914,0.0288913211546692,37.4506926783544,1.70027789057669,6.70033010670362,0.528631267645086,173.90168028522,40.1538663361802,8.464346158081,4.17068164923811,83.3999999999999,1.76451066835705e-14,650,0,0,0,381.4,25.0434732868327,381.8,25.8284019620878,1525.6,100.173893147331,1527.2,103.313607848351,NaN,NaN,0.24803908,0.0166757056945839,0.368719719999979,0.037905833365522,0.120680639999979,0.0228075775943474,0.24803908,0.0166757056945839,-0.0742056742056744,0.250489264943243,1,0,0.00264984373104486,0.00186036430251265,0.901722070572121,0.0171253228631759,502.6,46.2642739404998,38.8,19.9131319333944,1.10149096112807,0.0500081732522554,1100.04,617.739267301057,517.98,276.976588441527,1100.04,617.739267301057,485.939999999455,240.669279603111,1035.9599999988,531.680622621009,1,0,1,0,1,0,0.00418951333362609,0.00173694642640619,3.2,0.555289021039559,19.07,1.25217366434164,190.1039491,0
s7_busy,fixed_packet,10,10,4,792,0.693,0.693,wide_neighbor_stable_validated,0.2,0.671428571428571,0,1,2,2,3,1,1,1,1,381.4,25.0434732868327,381.4,25.0434732868327,0,0,0,0,2082,341.334366716053,114.313390223662,67.4605780843221,3205.60350551188,294.939148411507,2082,341.334366716053,2289.49999999993,155.418567319636,9021.85999999993,1213.42940405849,15461.3239999999,3171.88578289206,2289.49999999993,155.418567319636,9021.85999999993,1213.42940405849,15461.3239999999,3171.88578289206,0.143805250404149,0.0499667874234954,97.2253085014899,13.6147419153967,25.9356925502955,4.65511064694047,2193.81073659133,249.834109323424,155.087962618361,33.3961610512965,83.3999999999999,1.76451066835705e-14,650,0,0,0,381.4,25.0434732868327,381.6,25.5915354167768,1525.6,100.173893147331,1526.4,102.366141667107,NaN,NaN,0.24802388,0.0166377140888836,1.27661323999998,0.19708745485242,1.02858935999998,0.182570567744661,0.24802388,0.0166377140888836,0.183175383175383,1.6066151791824,1,0,0.00925112161916916,0.0106958989487998,0.901163104444689,0.0150416283644955,1332,249.325697987945,712.4,181.848888449997,2.85956789710264,0.40043358574696,56539.9200000005,7979.70764882394,24174.1800000004,2667.33901645929,56539.9200000005,7979.70764882394,19966.2599999793,2101.5083746944,46751.699999952,6400.65142474818,1,0,1,0,1,0,0.00472275332728817,0.00355665772762405,3.2,0.555289021039559,19.07,1.25217366434164,700.6702105,0
sf_cf,fixed_packet,10,10,5,990,NaN,0.0651514306387267,validation_failed,0.0607825092647618,0.069834381068135,0,2,2,2,3,3,0,NaN,0,NaN,NaN,NaN,NaN,NaN,NaN,NaN,NaN,NaN,NaN,NaN,NaN,NaN,NaN,NaN,NaN,NaN,NaN,NaN,NaN,NaN,NaN,NaN,NaN,NaN,NaN,NaN,NaN,NaN,NaN,NaN,NaN,NaN,NaN,NaN,NaN,NaN,NaN,NaN,NaN,NaN,NaN,NaN,NaN,NaN,NaN,NaN,NaN,NaN,NaN,NaN,NaN,NaN,NaN,NaN,NaN,NaN,NaN,NaN,NaN,NaN,NaN,NaN,NaN,NaN,NaN,NaN,NaN,NaN,NaN,NaN,NaN,NaN,NaN,NaN,NaN,NaN,NaN,NaN,NaN,NaN,NaN,NaN,NaN,NaN,NaN,NaN,NaN,NaN,NaN,NaN,NaN,NaN,NaN,NaN,NaN,NaN,NaN,4.1749882,0
sb_cf,fixed_packet,10,10,5,990,NaN,NaN,no_stable_q,NaN,NaN,0,3,2,0,3,0,0,NaN,0,NaN,NaN,NaN,NaN,NaN,NaN,NaN,NaN,NaN,NaN,NaN,NaN,NaN,NaN,NaN,NaN,NaN,NaN,NaN,NaN,NaN,NaN,NaN,NaN,NaN,NaN,NaN,NaN,NaN,NaN,NaN,NaN,NaN,NaN,NaN,NaN,NaN,NaN,NaN,NaN,NaN,NaN,NaN,NaN,NaN,NaN,NaN,NaN,NaN,NaN,NaN,NaN,NaN,NaN,NaN,NaN,NaN,NaN,NaN,NaN,NaN,NaN,NaN,NaN,NaN,NaN,NaN,NaN,NaN,NaN,NaN,NaN,NaN,NaN,NaN,NaN,NaN,NaN,NaN,NaN,NaN,NaN,NaN,NaN,NaN,NaN,NaN,NaN,NaN,NaN,NaN,NaN,NaN,NaN,NaN,NaN,NaN,NaN,443.5711471,0
unslotted,fixed_packet,10,10,5,990,0.549,0.549,wide_neighbor_stable_validated,0.001,0.0358385887189059,0,1,2,2,3,1,1,1,1,381.4,25.0434732868327,381.4,25.0434732868327,0,0,0,0,1018,253.275634783992,41.9992455435963,51.3943835022838,2233.21524813521,215.924319783412,1018,253.275634783992,1711.87495831412,78.981530294343,5592.76684617442,1692.39183848518,9237.93833873764,2848.45927466951,1711.87495831412,78.981530294343,5592.76684617442,1692.39183848518,9237.93833873764,2848.45927466951,0,0,0,0,855.803756729471,118.757386965331,368.070413984065,95.7202517970738,34.3410774216747,19.7997489372792,162.5,0,812.5,0,0,0,381.4,25.0434732868327,381.8,25.7686415813156,1907,125.217366434164,1909,128.843207906578,NaN,NaN,0.310188443252386,0.0212787085302646,0.870883814212624,0.133078724879118,0.555820370960239,0.113922038622933,0.315063443252386,0.0227099259921983,-0.0791792567408076,1.07345767026272,1,0,0.00414089107890507,0.00457978910892302,0.901433236550452,0.0172652414304406,540.8,54.7487941752074,70.6,35.7461242192776,1.18391103524982,0.0923349248520467,1003.4,440.53124889182,NaN,NaN,1003.4,440.53124889182,NaN,NaN,NaN,NaN,1,0,1,0,1,0,0.0031599105986196,0.00150918760668718,3.2,0.555289021039559,19.07,1.25217366434164,129.1897499,0
sf_cb,fixed_packet,10,10,5,990,0.832,0.832,wide_neighbor_stable_validated,0.15,0.464285714285714,0,1,2,2,3,1,1,1,1,381.4,25.0434732868327,381.4,25.0434732868327,0,0,0,0,1141,221.523267815993,14.1702969700757,10.4663268435173,1831.16600018404,217.585375242641,1141,221.523267815993,1436.1,71.3979067593761,3926.415,583.800059288095,8165.70099999999,4601.95807247621,1436.1,71.3979067593761,3926.415,583.800059288095,8165.70099999999,4601.95807247621,228.6799482444,25.0816825249698,0,0,315.780184309878,62.5167496143504,260.181664848188,102.37423673695,51.5242027815761,37.674465240588,162.5,0,812.5,0,0,0,381.4,25.0434732868327,381.6,26.3191766086404,1907,125.217366434164,1908,131.595883043202,NaN,NaN,0.31002,0.0212944431093059,0.7072527,0.125743391674975,0.3972327,0.107042620372381,0.31002,0.0212944431093059,-0.00361680361680392,0.799227450223994,1,0,0.00483125916079629,0.00393658081997626,0.902142062184992,0.0164877739296628,603,132.346472082448,123,97.1398749715409,1.31707201711739,0.231842863019003,10107.5,5670.07134244832,10107.5,5670.07134244832,23010,17227.8132127785,8710,5155.22384118252,20052.5,15748.8227383743,1,0,1,0,1,0,0.00476094190505467,0.00161232295931707,3.2,0.555289021039559,19.07,1.25217366434164,9.5808895,0
sb_cb,fixed_packet,10,10,5,990,0.513,0.513,wide_neighbor_stable_validated,0.001,0.0512608719471772,0,1,2,2,3,1,1,1,1,381.4,25.0434732868327,381.4,25.0434732868327,0,0,0,0,1061,334.275240182584,53.8435967321218,91.0552126469363,2051.39405604197,257.641051335002,1061,334.275240182584,1578,106.455943975493,4850.76,1507.64831029186,9511.68,5165.78377864981,1578,106.455943975493,4850.76,1507.64831029186,9511.68,5165.78377864981,0,0,40.2500827877414,4.50017271140007,0,0,1004.12506565102,225.350008234455,32.0189076032084,30.0541560021498,162.5,0,812.5,0,0,0,381.4,25.0434732868327,381.6,26.2605330941307,1907,125.217366434164,1908,131.302665470654,NaN,NaN,0.3102453,0.0211963483778036,0.8055926,0.153234736788557,0.4912848,0.135344369345115,0.3143078,0.0225465574133481,-0.112085438338003,0.809395986803467,1,0,0.00317467141184694,0.00219530616819601,0.901396951361216,0.0173343427269704,543.2,62.6111456537395,70.8,50.9717816754571,1.18382596434534,0.132358020923532,1052.7,561.688397458053,NaN,NaN,1052.7,561.688397458053,NaN,NaN,NaN,NaN,1,0,1,0,1,0,0.00373133917004817,0.00203172820953512,3.2,0.555289021039559,19.07,1.25217366434164,526.1484943,0
s7_clean,fixed_packet,10,10,5,990,0.744,0.744,wide_neighbor_stable_validated,0.2,0.8,0,1,2,2,3,1,1,1,1,381.4,25.0434732868327,381.4,25.0434732868327,0,0,0,0,974,99.9559150258567,7.53281379218774,5.63978865698178,1238.53246859142,100.8329404198,974,99.9559150258567,940.9,6.46441577974666e-11,2469.72999999992,500.742057483357,4275.11199999994,1499.63808073894,940.9,6.46441577974666e-11,2469.72999999992,500.742057483357,4275.11199999994,1499.63808073894,0.0366752321201283,0.0226330115467769,39.695991607796,5.44574477617898,8.31131921470905,0.945934211011106,280.616550181197,81.3605781042494,13.9719323555936,13.358091598039,83.3999999999999,1.76451066835705e-14,812.5,0,0,0,381.4,25.0434732868327,381.6,26.3191766086404,1907,125.217366434164,1908,131.595883043202,NaN,NaN,0.31010988,0.0209233810778284,0.477007439999979,0.0658795899650883,0.166897559999979,0.0471765913265166,0.31010988,0.0209233810778284,-0.0957552957552961,0.422827213547072,1,0,0.0037755892945357,0.00324822941738265,0.901685785382884,0.0171961610290165,534.2,104.975329653679,65.4,65.4417004811499,1.16752916493518,0.160168964005264,1943.76,2080.61536765331,870.420000000001,881.69256676925,1943.76,2080.61536765331,774.299999999045,724.818548583206,1746.17999999785,1747.29340284367,1,0,1,0,1,0,0.00476094190505467,0.00161232295931707,3.2,0.555289021039559,19.07,1.25217366434164,163.2226256,0
s7_busy,fixed_packet,10,10,5,990,0.644,0.644,wide_neighbor_stable_validated,0.15,0.542857142857143,0,1,2,2,3,1,1,1,1,381.4,25.0434732868327,381.4,25.0434732868327,0,0,0,0,2459,472.01813298309,193.767185195008,115.54045229854,4430.25892160379,422.208888203137,2459,472.01813298309,3275.49999999993,333.695149321594,12591.85,1803.88889144002,19948.1079999999,3583.33180788698,3275.49999999993,333.695149321594,12591.85,1803.88889144002,19948.1079999999,3583.33180788698,0.184636767833054,0.0440209421632748,101.628247169356,18.0810705930443,40.5888874183557,8.76692452625289,3226.069038074,352.0805213447,165.888112174243,44.3518025723499,83.3999999999999,1.76451066835705e-14,812.5,0,0,0,381.4,25.0434732868327,382.2,26.066073424869,1907,125.217366434164,1911,130.330367124345,NaN,NaN,0.31027506,0.0213505889355588,1.77425017999998,0.283389441626429,1.46397511999998,0.264080063026234,0.31027506,0.0213505889355588,0.475090075090075,3.40289037983518,1,0,0.00661529570864821,0.00573804508917714,0.901594962010959,0.0165111896456932,1367.4,312.88035710564,764.4,249.71897372956,2.98906609321635,0.531796193913068,53747.1000000004,11260.3140544128,22673.6400000004,3982.18495536045,53747.1000000004,11260.3140544128,18908.9399999807,3611.51548422575,45021.5399999538,10179.8849873104,1,0,1,0,1,0,0.00418687499718712,0.00290746481518393,3.2,0.555289021039559,19.07,1.25217366434164,610.7400733,0
sf_cf,fixed_packet,10,10,6,1188,NaN,NaN,no_stable_q,NaN,NaN,0,3,2,0,3,0,0,NaN,0,NaN,NaN,NaN,NaN,NaN,NaN,NaN,NaN,NaN,NaN,NaN,NaN,NaN,NaN,NaN,NaN,NaN,NaN,NaN,NaN,NaN,NaN,NaN,NaN,NaN,NaN,NaN,NaN,NaN,NaN,NaN,NaN,NaN,NaN,NaN,NaN,NaN,NaN,NaN,NaN,NaN,NaN,NaN,NaN,NaN,NaN,NaN,NaN,NaN,NaN,NaN,NaN,NaN,NaN,NaN,NaN,NaN,NaN,NaN,NaN,NaN,NaN,NaN,NaN,NaN,NaN,NaN,NaN,NaN,NaN,NaN,NaN,NaN,NaN,NaN,NaN,NaN,NaN,NaN,NaN,NaN,NaN,NaN,NaN,NaN,NaN,NaN,NaN,NaN,NaN,NaN,NaN,NaN,NaN,NaN,NaN,NaN,NaN,3.1168341,0
sb_cf,fixed_packet,10,10,6,1188,NaN,NaN,no_stable_q,NaN,NaN,0,3,2,0,3,0,0,NaN,0,NaN,NaN,NaN,NaN,NaN,NaN,NaN,NaN,NaN,NaN,NaN,NaN,NaN,NaN,NaN,NaN,NaN,NaN,NaN,NaN,NaN,NaN,NaN,NaN,NaN,NaN,NaN,NaN,NaN,NaN,NaN,NaN,NaN,NaN,NaN,NaN,NaN,NaN,NaN,NaN,NaN,NaN,NaN,NaN,NaN,NaN,NaN,NaN,NaN,NaN,NaN,NaN,NaN,NaN,NaN,NaN,NaN,NaN,NaN,NaN,NaN,NaN,NaN,NaN,NaN,NaN,NaN,NaN,NaN,NaN,NaN,NaN,NaN,NaN,NaN,NaN,NaN,NaN,NaN,NaN,NaN,NaN,NaN,NaN,NaN,NaN,NaN,NaN,NaN,NaN,NaN,NaN,NaN,NaN,NaN,NaN,NaN,NaN,453.1338635,0
unslotted,fixed_packet,10,10,6,1188,0.482,0.482,wide_neighbor_stable_validated,0.00104168912130566,0.0190185543215616,0,1,2,2,3,1,1,1,1,381.4,25.0434732868327,381.4,25.0434732868327,0,0,0,0,1217,349.799921948311,79.224751177687,32.079121813777,3312.60870241656,323.902400143094,1217,349.799921948311,2493.69916695102,55.6342045234369,8873.85971413263,1904.95554201863,13136.1214974485,4430.26708185489,2493.69916695102,55.6342045234369,8873.85971413263,1904.95554201863,13136.1214974485,4430.26708185489,0,0,0,0,1758.37534724204,258.81642134261,392.404062664484,73.7398267885943,24.3292925100332,13.4531449899634,162.5,0,975,0,0,0,381.4,25.0434732868327,382.4,25.0280780230142,2288.4,150.260839720996,2294.4,150.168468138085,NaN,NaN,0.372558356193472,0.0244388470708599,1.30008225114354,0.211448662493692,0.924013894950065,0.185857055904502,0.376068356193472,0.0261214814483011,-0.0374937772140119,1.65532213253395,1,0,0.00442726949524879,0.00412489478080764,0.900690115349097,0.0158886127370557,529.8,55.8776391043724,54.4,25.3949885477295,1.14129453203793,0.0625539405271731,858.4,377.529005531872,NaN,NaN,858.4,377.529005531872,NaN,NaN,NaN,NaN,1,0,1,0,1,0,0.00470233891471289,0.00270254597638321,3.2,0.555289021039559,19.07,1.25217366434164,139.1790445,0
sf_cb,fixed_packet,10,10,6,1188,0.912,0.912,wide_neighbor_stable_validated,0.15,0.425,0,1,2,2,3,1,1,1,1,381.4,25.0434732868327,381.4,25.0434732868327,0,0,0,0,1321,366.090575056178,37.1063193036896,19.6420862326384,2361.63707443517,353.61447168374,1321,366.090575056178,1783.5,135.336925960422,5724.23999999999,1512.83387182182,10308.23,4554.76737310164,1783.5,135.336925960422,5724.23999999999,1512.83387182182,10308.23,4554.76737310164,287.7951451067,33.2382700176177,0,0,422.029390328496,77.2801411010349,448.261703824979,203.840959774721,66.0508351749993,44.3628652856508,162.5,0,975,0,0,0,381.4,25.0434732868327,381.8,25.7237301867294,2288.4,150.260839720996,2290.8,154.342381120377,NaN,NaN,0.37187,0.0253520487799255,0.9217227,0.191866962639665,0.5498527,0.168389781235612,0.37187,0.0253520487799255,-0.132813732813733,0.921781027147758,1,0,0.00748897878238275,0.00985917849208618,0.90119397017853,0.0164570867008081,641.2,147.079280464685,157.8,110.683742388935,1.406466678,0.273002247911697,12772.5,7899.51085493673,12772.5,7899.51085493673,29217.5,19717.0051113014,11050,6969.11572429794,25740,17886.3513104003,1,0,1,0,1,0,0.00523689214476889,0.00322844606873771,3.2,0.555289021039559,19.07,1.25217366434164,9.6294528,0
sb_cb,fixed_packet,10,10,6,1188,0.341,0.341,wide_neighbor_stable_validated,0.00143032618692755,0.03,0,1,2,2,3,1,1,1,1,381.4,25.0434732868327,381.4,25.0434732868327,0,0,0,0,1275,434.010952171167,73.9734936674159,41.7647894487855,3056.7149758497,393.553429753743,1275,434.010952171167,2347.1,156.170039486222,7627.58,2264.00482171547,14089.472,5453.67021105546,2347.1,156.170039486222,7627.58,2264.00482171547,14089.472,5453.67021105546,0,0,38.1477741280682,1.84734938216359,0,0,1856.40383523752,381.601656441605,24.663366484107,14.0703201427961,162.5,0,975,0,0,0,381.4,25.0434732868327,382,25.777614470537,2288.4,150.260839720996,2292,154.665686823222,NaN,NaN,0.3722644,0.0253639346727248,1.2013234,0.230660964886455,0.824769,0.206793157072384,0.3765544,0.026638168798968,0.00934694942817225,1.40490243696512,1,0,0.00662731778292952,0.00679529555870803,0.901429277061351,0.0153483505735354,521.6,55.7616357741524,47,22.6071520561596,1.12199335670789,0.0543338053577528,771.4,378.814725017642,NaN,NaN,771.4,378.814725017642,NaN,NaN,NaN,NaN,1,0,1,0,1,0,0.00472142822724312,0.00274116118149322,3.2,0.555289021039559,19.07,1.25217366434164,775.3370002,0
s7_clean,fixed_packet,10,10,6,1188,0.99,0.99,wide_neighbor_stable_validated,0.2,0.8,0,1,2,2,3,1,1,1,1,381.4,25.0434732868327,381.4,25.0434732868327,0,0,0,0,1221,140.197863448925,10.1702712365369,6.61580530361935,1542.19100778642,141.485145018116,1221,140.197863448925,1114.2,4.99760118937219,3198.68999999994,435.41849524594,6128.90999999997,2840.4050993803,1114.2,4.99760118937219,3198.68999999994,435.41849524594,6128.90999999997,2840.4050993803,0.0359044423231881,0.0174695655485043,39.6717427072468,3.75134785682573,10.576752670585,1.19063962932178,419.594156737311,128.192993658084,13.9124512289524,9.20183562527254,83.3999999999999,1.76451066835705e-14,975,0,0,0,381.4,25.0434732868327,381.4,26.1870440232732,2288.4,150.260839720996,2288.4,157.122264139639,NaN,NaN,0.37201848,0.0255423396998951,0.594402959999979,0.0876129580251293,0.222384479999979,0.065178548427337,0.37201848,0.0255423396998951,-0.142737742737743,0.534337861091673,1,0,0.00521581364346639,0.00472679549832185,0.901480685897799,0.0174559714477994,540.8,74.4398019406121,64.4,45.7279750233889,1.16681596197785,0.110333760494875,2119.98,1319.36670347315,977.220000000001,500.91992413152,2119.98,1319.36670347315,795.659999999264,466.142482838852,1740.83999999833,1206.62999923189,1,0,1,0,1,0,0.00424680308757395,0.00197062557748494,3.2,0.555289021039559,19.07,1.25217366434164,197.7241034,0
s7_busy,fixed_packet,10,10,6,1188,0.759,0.759,wide_neighbor_stable_validated,0.2,0.5,0,1,2,2,3,1,1,1,1,381.4,25.0434732868327,381.4,25.0434732868327,0,0,0,0,2533,1349.9714175644,301.699442283638,300.920186822961,5889.21491979301,1065.13936981132,2533,1349.9714175644,4300.19999999995,535.606701510745,17586.4499999999,6381.14040880499,25868.7179999999,11024.1381965464,4300.19999999995,535.606701510745,17586.4499999999,6381.14040880499,25868.7179999999,11024.1381965464,0.183456423402003,0.0524163856660367,140.365550373119,72.1810082843819,53.0429039758662,27.3140800593578,4376.31457075244,807.745671973249,260.90843826818,177.055767379925,83.3999999999999,1.76451066835705e-14,975,0,0,0,381.4,25.0434732868327,382.8,28.196983794784,2288.4,150.260839720996,2296.8,169.181902768704,NaN,NaN,0.3730038,0.0277325110934973,2.40046771999997,0.67742176774926,2.02746391999997,0.651911904973998,0.3730038,0.0277325110934973,-0.378869178869179,3.38007473937235,1,0,0.0126833056821121,0.0141850661671033,0.901342212255952,0.0142308988056997,1899,987.673664502363,1213,894.673409564822,4.12839854038585,2.12297083189359,67396.1400000005,29852.5554362299,26315.5200000003,8239.78256734502,67396.1400000005,29852.5554362299,22193.0399999775,7858.25859022807,57282.1799999407,28235.0654532459,1,0,1,0,1,0,0.00984377263317953,0.00729556916007965,3.2,0.555289021039559,19.07,1.25217366434164,568.5704329,0
