protocol,load_mode,lambda_base,lambda_effective,M,Tp_us,best_q,q_selection_mode,q_stable_basin_left,q_stable_basin_right,q_search_boundary_hit,q_refinement_passes,stable_fraction,n_arrived,n_arrived_ci95,n_completed,n_completed_ci95,n_censored,n_censored_ci95,final_backlog,final_backlog_ci95,mean_delay_us,mean_delay_us_ci95,mean_queue_delay_us,mean_queue_delay_us_ci95,mean_access_delay_us,mean_access_delay_us_ci95,conditional_mean_delay_us,conditional_mean_delay_us_ci95,p50_delay_us,p50_delay_us_ci95,p95_delay_us,p95_delay_us_ci95,p99_delay_us,p99_delay_us_ci95,conditional_p50_delay_us,conditional_p50_delay_us_ci95,conditional_p95_delay_us,conditional_p95_delay_us_ci95,conditional_p99_delay_us,conditional_p99_delay_us_ci95,mean_boundary_wait_us,mean_boundary_wait_us_ci95,mean_difs_wait_us,mean_difs_wait_us_ci95,mean_probability_wait_us,mean_probability_wait_us_ci95,mean_busy_nav_wait_us,mean_busy_nav_wait_us_ci95,mean_collision_delay_us,mean_collision_delay_us_ci95,mean_control_delay_us,mean_control_delay_us_ci95,mean_data_delay_us,mean_data_delay_us_ci95,mean_other_access_delay_us,mean_other_access_delay_us_ci95,arrival_rate_pkt_s,arrival_rate_pkt_s_ci95,goodput_pkt_s,goodput_pkt_s_ci95,normalized_offered_units_s,normalized_offered_units_s_ci95,normalized_goodput_units_s,normalized_goodput_units_s_ci95,goodput_bit_s,goodput_bit_s_ci95,payload_airtime,payload_airtime_ci95,mean_system_packets,mean_system_packets_ci95,mean_waiting_packets,mean_waiting_packets_ci95,mean_service_packets,mean_service_packets_ci95,backlog_slope_pkt_s,backlog_slope_pkt_s_ci95,completion_ratio,completion_ratio_ci95,little_relative_error,little_relative_error_ci95,jain_fairness,jain_fairness_ci95,attempts_total,attempts_total_ci95,retransmissions_completed_cohort,retransmissions_completed_cohort_ci95,mean_attempts_completed,mean_attempts_completed_ci95,collision_waste_us_total,collision_waste_us_total_ci95,collision_channel_time_us_total,collision_channel_time_us_total_ci95,collision_tx_airtime_us_total,collision_tx_airtime_us_total_ci95,collision_channel_time_us_measure,collision_channel_time_us_measure_ci95,collision_tx_airtime_us_measure,collision_tx_airtime_us_measure_ci95,condition_elapsed_s,timeout_exceeded
sf_cf,fixed_packet,5,5,1,198,0.6,neighbor_stable,0.2,0.8,0,1,1,203.666666666667,31.2580473968789,203.666666666667,31.2580473968789,0,0,0,0,486.445662898663,182.756471997053,1.48514851485149,6.3900783115091,484.960514383812,176.420811134907,486.445662898663,182.756471997053,372,12.9079581892484,1107.45,734.51527894251,2388.38999999999,4606.45410863594,372,12.9079581892484,1107.45,734.51527894251,2388.38999999999,4606.45410863594,94.2034508030296,13.9236871176697,0,0,155.002093124059,51.8473729183453,0,0,37.7549704567231,112.820954148323,0,0,198,0,0,0,203.666666666667,31.2580473968789,203.666666666667,31.2580473968789,203.666666666667,31.2580473968789,203.666666666667,31.2580473968789,NaN,NaN,0.040326,0.00618909338458201,0.099081,0.0394943086240575,0.051099,0.0172042165269939,0.047982,0.0231348207886527,-0.00686400686400686,0.184726163934454,1,0,1.02381851855206e-16,2.22478151178794e-16,0.862691051918784,0.0566646134417911,291.333333333333,105.461325461475,38.6666666666667,114.844922070399,1.19068166897335,0.569802798728902,3960,8519.25240490393,3960,8519.25240490393,8844,21014.1559320964,3366,9384.07672602904,7656,22739.2945699391,1.9263368,0
sf_cb,fixed_packet,5,5,1,198,0.5,neighbor_stable,0.2,0.6,0,1,1,203.666666666667,31.2580473968789,203.666666666667,31.2580473968789,0,0,0,0,736.224902472966,51.9831754283507,2.01906339827531,5.28855954331684,734.205839074691,47.6665724509946,736.224902472966,51.9831754283507,625.5,51.2268709535562,1396.8,130.536414017758,2439.86999999999,1275.46454507306,625.5,51.2268709535562,1396.8,130.536414017758,2439.86999999999,1275.46454507306,100.745356059223,12.557500976121,0,0,207.125333645116,16.7679162349946,13.526014338185,5.1939354372226,16.8091350321668,23.6899444254169,198,0,198,0,0,0,203.666666666667,31.2580473968789,204.333333333333,29.94734219999,203.666666666667,31.2580473968789,204.333333333333,29.94734219999,NaN,NaN,0.0404446666666667,0.00595568653255643,0.150217666666667,0.0323925985717095,0.109773,0.026498573166232,0.0404446666666667,0.00595568653255643,0.00420400420400416,0.300243310547485,1,0,0.000826983820273871,0.00178520939276286,0.861229899134252,0.0527140328421364,267,68.6179812470998,17.6666666666667,26.5620812351773,1.08489462137458,0.119646183966752,1980,3443.01486848596,1980,3443.01486848596,4026,7133.3726191106,1716,2524.02572216565,3498,5259.29208456511,1.4241568,0
sb_cf,fixed_packet,5,5,1,198,0.02,self_stable_fallback,0.02,0.0316227766016838,1,1,1,203.666666666667,31.2580473968789,203.666666666667,31.2580473968789,0,0,0,0,766.476333297212,102.84868648849,0.732982673267327,1.604480801227,765.743350623945,102.576047018254,766.476333297212,102.84868648849,586.5,86.829408346747,1879.05,397.949964481423,2931.9,1391.68787674425,586.5,86.829408346747,1879.05,397.949964481423,2931.9,1391.68787674425,0,0,40.7946770771547,4.53128280504207,497.99114557193,86.1684371379209,2.58680405050874,3.35625355396635,26.370723924351,24.9220554277314,0,0,198,0,0,0,203.666666666667,31.2580473968789,204,31.1261563132618,203.666666666667,31.2580473968789,204,31.1261563132618,NaN,NaN,0.040392,0.00616297895002583,0.156128333333333,0.0243203716406789,0.110324333333333,0.0154100385670567,0.045804,0.0105070779660482,0.00790760858510299,0.151777122290586,1,0,0.00107779403923171,0.00463737346500802,0.862368199200461,0.0564311261737092,278,51.6318327569935,27.3333333333333,28.576582766683,1.13318547436541,0.125868966806724,6204,4674.81981553218,4434,3170.18507103534,6204,4674.81981553218,3774,3905.82529445048,5412,5658.16338780323,19.350801,0
sb_cb,fixed_packet,5,5,1,198,0.4,neighbor_stable,0.2,0.8,0,1,1,203.666666666667,31.2580473968789,203.666666666667,31.2580473968789,0,0,0,0,486.342891648036,23.6642368645594,1.00921658986175,4.34230851527711,485.333675058174,20.5555676868834,486.342891648036,23.6642368645594,441,0,673.799999999999,382.598500137799,1580.48999999999,523.316882277772,441,0,673.799999999999,382.598500137799,1580.48999999999,523.316882277772,0,0,39.0912533649678,2.92913441066182,16.0520479251266,1.08518142055064,19.8929640803942,4.26444407428314,14.2974096876854,12.6007686764187,198,0,198,0,0,0,203.666666666667,31.2580473968789,203.666666666667,31.2580473968789,203.666666666667,31.2580473968789,203.666666666667,31.2580473968789,NaN,NaN,0.040326,0.00618909338458201,0.099087,0.0180257914581387,0.058563,0.0121420395004616,0.040524,0.00601061952521727,-0.00375200375200377,0.140068669277292,1,0,4.30912257738234e-17,1.85406580203991e-16,0.862691051918784,0.0566646134417911,264.666666666667,50.4428818614116,17.6666666666667,18.9729151679838,1.08586814902688,0.0813648447406061,504,658.685404072734,420,632.489951273171,504,658.685404072734,414,619.985235556212,498,645.397909462419,33.9852759,0
s7_clean,fixed_packet,5,5,1,198,0.75,neighbor_stable,0.5,0.875,0,1,1,203.666666666667,31.2580473968789,203.666666666667,31.2580473968789,0,0,0,0,419.377464553771,13.2798494066831,0.400921658986175,1.72502667045255,418.976542894785,11.6805677523713,419.377464553771,13.2798494066831,396,0,521.55,285.08987044574,893.009999999998,321.403208231555,396,0,521.55,285.08987044574,893.009999999998,321.403208231555,0,0,36.4506091162112,1.25283476463372,3.24113060067527,0.408058584646989,17.2570621549482,4.83064347510595,2.02774102295022,5.63775644085173,162,0,198,0,0,0,203.666666666667,31.2580473968789,203.666666666667,31.2580473968789,203.666666666667,31.2580473968789,203.666666666667,31.2580473968789,NaN,NaN,0.040326,0.00618909338458201,0.085458,0.015848907038269,0.045132,0.0096608198648737,0.040326,0.00618909338458201,0.00259200259200261,0.201309018171225,1,0,0,0,0.862691051918784,0.0566646134417911,249.333333333333,40.3879336582745,2.66666666666667,7.58916606719352,1.01251691989475,0.0348009656842701,168,478.117462233192,84,239.058731116596,168,478.117462233192,84,239.058731116596,168,478.117462233192,23.3417207,0
s7_busy,fixed_packet,5,5,1,198,0.6,neighbor_stable,0.2,0.8,0,1,1,203.666666666667,31.2580473968789,203.666666666667,31.2580473968789,0,0,0,0,1316.48599617306,297.148584278575,7.06659784642059,22.6761380741985,1309.41939832664,274.4947014082,1316.48599617306,297.148584278575,991.5,161.349477365605,3583.65,1063.99928227998,4938.96,2062.45306108265,991.5,161.349477365605,3583.65,1063.99928227998,4938.96,2062.45306108265,0,0,73.4916759821143,16.7069634649181,12.5127305573299,3.94577576598103,694.702449867683,188.472215620738,168.712541919515,75.1813355921315,162,0,198,0,0,0,203.666666666667,31.2580473968789,203,32.5791606614061,203.666666666667,31.2580473968789,203,32.5791606614061,NaN,NaN,0.040194,0.0064506738109584,0.265745333333333,0.0666152007691185,0.225551333333333,0.062870581272245,0.040194,0.0064506738109584,-0.0465800465800467,1.30996676505687,1,0,0.0085604055278805,0.0279501696815749,0.863890249656799,0.0644612921876694,500.666666666667,132.414870787604,212.666666666667,107.144788478048,2.04143544394762,0.464082318469948,124236,5116.87808967688,56595,2344.02976484121,124236,5116.87808967688,47145,4438.47983331785,103467,9088.27510925689,189.0086872,0
sf_cf,fixed_packet,5,5,2,396,0.6,neighbor_stable,0.2,0.8,0,1,1,203.666666666667,31.2580473968789,203.666666666667,31.2580473968789,0,0,0,0,2660.46892537756,6866.33129802986,203.475452844824,843.548349525714,2456.99347253274,6022.86837571354,2660.46892537756,6866.33129802986,769.5,58.0858118516177,5197.04999999996,11240.3932741046,45411.24,173280.82562361,769.5,58.0858118516177,5197.04999999996,11240.3932741046,45411.24,173280.82562361,190.31635545467,8.48453364990966,0,0,915.444911484236,2424.84656981567,0,0,955.232205593831,3607.08786602953,0,0,396,0,0,0,203.666666666667,31.2580473968789,201.333333333333,41.144800241277,407.333333333333,62.5160947937577,402.666666666667,82.2896004825539,NaN,NaN,0.0797213333333333,0.0162908662728606,0.274954333333333,0.223850054259173,0.135237,0.088870052885357,0.139717333333333,0.138610378722995,1.58360958360958,6.57155336412302,1,0,0.657833112602545,2.82660352110457,0.864473869054609,0.0637292092840617,717,1712.45758822021,466.333333333333,1741.9852233927,3.41220253937836,9.10880774249881,53196,176933.567319228,53196,176933.567319228,186252,688135.079993411,19708,37141.0127639003,59996,153582.935513098,0.929725,0
sf_cb,fixed_packet,5,5,2,396,0.6,neighbor_stable,0.2,0.8,0,1,1,203.666666666667,31.2580473968789,203.666666666667,31.2580473968789,0,0,0,0,892.998020942647,74.177862642508,2.60538908153488,6.33123670085282,890.392631861112,71.6156633125989,892.998020942647,74.177862642508,778.5,19.3619372838726,1560.75,544.453101392014,2612.52,1301.27638033999,778.5,19.3619372838726,1560.75,544.453101392014,2612.52,1301.27638033999,114.969390199389,16.2503280709008,0,0,143.705081956928,50.5237923109484,17.4752731897614,9.13641410176835,20.242886515034,44.1022991086087,198,0,396,0,0,0,203.666666666667,31.2580473968789,203.666666666667,31.2580473968789,407.333333333333,62.5160947937577,407.333333333333,62.5160947937577,NaN,NaN,0.080652,0.012378186769164,0.181977,0.0363038085287523,0.101325,0.0252159961410335,0.080652,0.012378186769164,-0.027892027892028,0.288491009552652,1,0,1.03560002742824e-16,2.24840975812688e-16,0.862691051918784,0.0566646134417911,267,33.4206548550469,20.3333333333333,44.7374741736901,1.10223680058098,0.222738884386912,1848,4183.21414887937,1848,4183.21414887937,4026,8858.01988639065,1848,4183.21414887937,4026,8858.01988639065,1.4873115,0
sb_cf,fixed_packet,5,5,2,396,0.00447213595499958,neighbor_stable,0.002,0.005,0,1,1,203.666666666667,31.2580473968789,203.666666666667,31.2580473968789,0,0,0,0,3248.99365503947,922.936322039698,58.8002506615869,110.601976885487,3190.19340437788,817.956169709102,3248.99365503947,922.936322039698,2269.5,65.500733994713,9539.39999999999,4033.95006471516,17366.13,19215.5328754754,2269.5,65.500733994713,9539.39999999999,4033.95006471516,17366.13,19215.5328754754,0,0,49.0821052151298,12.9730282175895,2572.30423729297,634.606234890686,28.9039045033536,39.3861519519125,143.903157366428,142.703310393484,0,0,396,0,0,0,203.666666666667,31.2580473968789,202,29.2875516860096,407.333333333333,62.5160947937577,404,58.5751033720192,NaN,NaN,0.079992,0.0115978704676598,0.660518666666667,0.263858708967486,0.551335666666667,0.220970260154717,0.109183,0.0429138397621118,-0.778116674880693,4.70756024007457,1,0,0.00447536417483873,0.00969088815922672,0.859233948588787,0.0722193220047258,326.666666666667,98.3145426056048,74.6666666666667,82.1770377116717,1.36339181153138,0.360361894933041,31680,28014.3971337816,22323,17047.9240378411,31680,28014.3971337816,20350,21864.2451446097,29191,33898.9789279703,19.3992247,0
sb_cb,fixed_packet,5,5,2,396,0.4,neighbor_stable,0.2,0.8,0,1,1,203.666666666667,31.2580473968789,203.666666666667,31.2580473968789,0,0,0,0,704.927981133367,35.8476929004795,2.49210658393028,9.14173559219497,702.435874549436,26.7085938630564,704.927981133367,35.8476929004795,639,0,1076.25,313.532550757681,1904.42999999999,461.124029152193,639,0,1076.25,313.532550757681,1904.42999999999,461.124029152193,0,0,38.7705405621207,4.07293813202483,14.3749108853858,6.33724667586441,41.7979016003559,6.84787279053564,13.4925215015741,15.1790775519595,198,0,396,0,0,0,203.666666666667,31.2580473968789,203.666666666667,31.2580473968789,407.333333333333,62.5160947937577,407.333333333333,62.5160947937577,NaN,NaN,0.080652,0.012378186769164,0.143685,0.029223375030168,0.062637,0.0169265171709499,0.081048,0.012378186769164,-0.00592800592800596,0.232690742978219,1,0,0,0,0.862691051918784,0.0566646134417911,262.666666666667,57.3148946696855,16,25.9351591210171,1.07695946005891,0.113137170334023,660,441.142572453361,582,356.549489498356,660,441.142572453361,582,356.549489498356,660,441.142572453361,33.9504786,0
s7_clean,fixed_packet,5,5,2,396,0.75,neighbor_stable,0.5,0.875,0,1,1,203.666666666667,31.2580473968789,203.666666666667,31.2580473968789,0,0,0,0,642.78597164872,7.68551921407784,1.49260847743761,5.22586655132636,641.293363171283,5.6344477324235,642.78597164872,7.68551921407784,594,0,946.199999999999,307.4940074463,1562.96999999999,430.257061283832,594,0,946.199999999999,307.4940074463,1562.96999999999,430.257061283832,0,0,37.2600150568052,2.20532474715479,2.82606110553452,1.60673208045922,37.5372192533193,7.29165383420889,5.67006775562349,9.92396136219656,162,0,396,0,0,0,203.666666666667,31.2580473968789,203.666666666667,31.2580473968789,407.333333333333,62.5160947937577,407.333333333333,62.5160947937577,NaN,NaN,0.080652,0.012378186769164,0.130926,0.020913477682328,0.050274,0.00860283215440839,0.080652,0.012378186769164,-0.00431600431600434,0.216024904974797,1,0,0,0,0.862691051918784,0.0566646134417911,253.666666666667,28.6843515316631,7,11.3837491007903,1.03500041824459,0.0612590207542997,441,717.176193349787,210,393.851397200674,441,717.176193349787,210,393.851397200674,441,717.176193349787,22.6691198,0
s7_busy,fixed_packet,5,5,2,396,0.6,neighbor_stable,0.2,0.8,0,1,1,203.666666666667,31.2580473968789,203.666666666667,31.2580473968789,0,0,0,0,1833.96645725921,158.147355122349,7.22739340466305,6.55694926500624,1826.73906385454,152.408068010871,1833.96645725921,158.147355122349,1371,401.549546708172,4594.65,445.796196536216,7680.44999999997,4059.47833869737,1371,401.549546708172,4594.65,445.796196536216,7680.44999999997,4059.47833869737,0,0,72.17151925446,6.80188205637617,12.0210445943788,3.32673509856711,1021.77466336063,129.268671995811,162.77183664507,30.6084692536928,162,0,396,0,0,0,203.666666666667,31.2580473968789,203,32.5791606614061,407.333333333333,62.5160947937577,406,65.1583213228121,NaN,NaN,0.080491,0.0125530857520147,0.372068333333333,0.0495331055730922,0.291577333333333,0.0398476915335469,0.080491,0.0125530857520147,-0.0916680916680918,1.52969826169189,1,0,0.00318311481832984,0.0131870870505393,0.863890249656799,0.0644612921876694,488.666666666667,12.5032189587515,204,7.45241313525099,2.004764423735,0.188941168232671,91140,9950.21073607527,41664,4708.91089809032,91140,9950.21073607527,34818,3717.78327253465,76167,8618.91152328145,158.0013993,0
sf_cf,fixed_packet,5,5,3,594,0.3,neighbor_stable,0.1,0.4,0,1,1,203.666666666667,31.2580473968789,203.666666666667,31.2580473968789,0,0,0,0,2699.18036370169,96.6342410402113,17.2798997353652,23.0164670051183,2681.90046396633,73.7390064873625,2699.18036370169,96.6342410402113,1953,373.941120416652,7340.1,960.306112253155,11522.37,2167.78064884162,1953,373.941120416652,7340.1,960.306112253155,11522.37,2167.78064884162,282.767329584341,17.4038849174709,0,0,1697.10328597664,116.968085644302,0,0,108.029848405347,64.9236652172442,0,0,594,0,0,0,203.666666666667,31.2580473968789,203.333333333333,31.4548471210306,611,93.7741421906366,610,94.3645413630918,NaN,NaN,0.12082,0.0185510926957182,0.549901666666667,0.102563576457063,0.407103666666667,0.0845189751094046,0.142798,0.0233609287793935,-0.469172469172469,1.67028313989318,1,0,0.00292160846257271,0.00633954336430632,0.863174946769344,0.060162480458056,288,38.7238745677451,37,22.0794989414224,1.18186843165883,0.10929909969233,11484,6143.32027490021,11484,6143.32027490021,24552,14926.9360862528,10296,5182.05893147026,21978,13115.2223712049,3.3812286,0
sf_cb,fixed_packet,5,5,3,594,0.5,neighbor_stable,0.2,0.6,0,1,1,203.666666666667,31.2580473968789,203.666666666667,31.2580473968789,0,0,0,0,1191.56962203997,38.5666483258003,5.32135442806954,2.55288971996247,1186.2482676119,38.6064238884048,1191.56962203997,38.5666483258003,1048.5,33.5358591086294,1968.6,182.651029182805,3172.35,754.432988276629,1048.5,33.5358591086294,1968.6,182.651029182805,3172.35,754.432988276629,139.162790299767,30.7948264224889,0,0,201.042698019802,7.68843951749922,40.5780430145549,15.5818063116678,13.4647362777752,21.3312105462818,198,0,594,0,0,0,203.666666666667,31.2580473968789,203.666666666667,31.2580473968789,611,93.7741421906366,611,93.7741421906366,NaN,NaN,0.121011333333333,0.018551375664121,0.242598333333333,0.0301382762205166,0.121587,0.0118969577300572,0.121011333333333,0.018551375664121,-0.00939600939600949,0.402077752734793,1,0,0.000137346601015127,0.000590954727778819,0.862200145312791,0.0563227663281894,263,34.7779279645046,13.6666666666667,21.4174357173438,1.06800371857462,0.107733386597383,1584,1703.85048098079,1584,1703.85048098079,3234,3691.67604212504,1320,1987.82556114425,2706,4240.65227203406,4.3891618,0
sb_cf,fixed_packet,5,5,3,594,0.00149534878122122,neighbor_stable,0.001,0.002,0,1,1,203.666666666667,31.2580473968789,203.666666666667,31.2580473968789,0,0,0,0,9011.63988499224,2379.96049448612,355.191274182142,514.989189687873,8656.4486108101,1865.05487372855,9011.63988499224,2379.96049448612,6432,1340.51802558678,27065.25,20018.1063896682,38831.97,26864.4076509992,6432,1340.51802558678,27065.25,20018.1063896682,38831.97,26864.4076509992,0,0,46.4888727928092,9.60981650368304,7773.45338378884,1651.59277108647,69.4399531471004,87.081060077551,173.066401081352,158.56197231077,0,0,594,0,0,0,203.666666666667,31.2580473968789,203,28.648473654543,611,93.7741421906366,609,85.9454209636289,NaN,NaN,0.1207,0.016678256399061,1.82717466666667,0.504320794874851,1.67142866666667,0.47955158073709,0.155746,0.0277389442018959,-1.75327751816276,4.67559071203213,1,0,0.0161329550758705,0.0293753387921019,0.863912049488717,0.0619335415518399,328,76.5259578327656,59,52.1668919467569,1.29135757757803,0.266939347324529,48312,45631.7116656658,35244,32240.999688643,48312,45631.7116656658,25848,22637.8172126609,35046,30987.1338163736,71.5502141,0
sb_cb,fixed_packet,5,5,3,594,0.5,neighbor_stable,0.2,0.8,0,1,1,203.666666666667,31.2580473968789,203.666666666667,31.2580473968789,0,0,0,0,960.979803063832,92.7499030433853,2.23454895172697,3.0665763888488,958.745254112105,89.7180671140322,960.979803063832,92.7499030433853,837,0,1516.2,217.651294859108,3324.17999999999,2829.301583044,837,0,1516.2,217.651294859108,3324.17999999999,2829.301583044,0,0,43.0627423917507,11.7339682970512,10.7479232730301,4.32440268645814,79.2074303052425,17.3227566884413,33.7271581420815,57.5916044064675,198,0,594,0,0,0,203.666666666667,31.2580473968789,203.666666666667,31.2580473968789,611,93.7741421906366,611,93.7741421906366,NaN,NaN,0.120803333333333,0.0186684205702275,0.195798333333333,0.0475683885952021,0.074599,0.0286027988257559,0.121199333333333,0.0193390185210141,-0.00927600927600941,0.412848999578211,1,0,0.00103728980451082,0.00446309780891943,0.861710902796988,0.0560592364535372,288,104.422465408796,41,71.6104132235758,1.19618728865974,0.325943563806979,1116,2072.84286390974,903,1669.22409427946,1116,2072.84286390974,897,1652.06737616376,1110,2055.08315384822,38.1396615,0
s7_clean,fixed_packet,5,5,3,594,0.5,neighbor_stable,0.2,0.8,0,1,1,203.666666666667,31.2580473968789,203.666666666667,31.2580473968789,0,0,0,0,877.728313780399,16.6011885240011,2.72351157206734,5.43390886869614,875.004802208331,12.5297151222653,877.728313780399,16.6011885240011,801,0,1375.35,209.139795904007,2113.86,1192.61489671936,801,0,1375.35,209.139795904007,2113.86,1192.61489671936,0,0,36.7026338002464,0.86645705110943,8.83906756171009,1.71808497416913,70.3012487452662,7.03499615367102,3.16185210110873,3.89905672999245,162,0,594,0,0,0,203.666666666667,31.2580473968789,204,31.1261563132618,611,93.7741421906366,612,93.3784689397853,NaN,NaN,0.120989333333333,0.0185617498186589,0.178823333333333,0.0303480818431948,0.057834,0.0118524369646077,0.120989333333333,0.0185617498186589,0.01006001006001,0.326822487526095,1,0,6.3676851217176e-05,0.000273979377711433,0.862368199200461,0.0564311261737092,250.666666666667,34.8074884695988,4,4.96827542350066,1.0195176055624,0.0240682514197064,252,313.001351680542,126,156.500675840271,252,313.001351680542,126,156.500675840271,252,313.001351680542,38.8045508,0
s7_busy,fixed_packet,5,5,3,594,0.6,neighbor_stable,0.2,0.8,0,1,1,203.666666666667,31.2580473968789,203.666666666667,31.2580473968789,0,0,0,0,2545.63023708765,86.7812840768563,16.864247074189,15.6067884405459,2528.76599001346,84.5067923574013,2545.63023708765,86.7812840768563,2011.5,91.500945770648,6633.9,1765.09944936647,9938.75999999999,4922.44321955295,2011.5,91.500945770648,6633.9,1765.09944936647,9938.75999999999,4922.44321955295,0,0,75.3011959894146,5.96235721854976,13.8287509410503,1.8224986744274,1506.78066113063,53.2245067594689,176.855381952366,26.8306074834739,162,0,594,0,0,0,203.666666666667,31.2580473968789,202.333333333333,30.6600698962002,611,93.7741421906366,607,91.9802096886008,NaN,NaN,0.119998666666667,0.0184239305745995,0.514384666666667,0.0772262947498584,0.394386,0.0593254153695465,0.119998666666667,0.0184239305745995,0.341452341452341,1.87492828609669,1,0,0.00784754063727219,0.0269128850452492,0.861507507308985,0.073491485093652,522.333333333333,116.895331465882,222.333333333333,46.4960862856869,2.09169988859485,0.165621033848605,74907,7533.19542987007,33747,2395.70452139786,74907,7533.19542987007,28266,787.702794401347,62874,3286.51419264569,182.4444969,0
sf_cf,fixed_packet,5,5,4,792,0.4,self_stable_fallback,0.2,0.4,0,1,1,203.666666666667,31.2580473968789,203.666666666667,31.2580473968789,0,0,0,0,3324.02302151298,256.700066482149,30.0061410662956,65.082855308396,3294.01688044669,211.122999234714,3324.02302151298,256.700066482149,2296.5,35.9342348014985,9244.64999999999,1063.85598956738,18390.4799999999,5787.78067074735,2296.5,35.9342348014985,9244.64999999999,1063.85598956738,18390.4799999999,5787.78067074735,380.178324759319,34.7374085549644,0,0,1763.75886868641,149.241531236145,0,0,358.079687000958,111.311977390782,0,0,792,0,0,0,203.666666666667,31.2580473968789,202.333333333333,34.8960197405405,814.666666666667,125.032189587515,809.333333333333,139.584078962162,NaN,NaN,0.160248,0.0276376476345081,0.671098333333333,0.102141099788925,0.439226333333333,0.0816274228227833,0.231872,0.0205758593925889,0.641436641436641,4.33427582623257,1,0,0.00849974294679158,0.0213508497756057,0.863490783572586,0.0629821221731514,347.333333333333,37.3723087150026,91.6666666666667,18.644828495581,1.4521208169204,0.140545425998462,35376,10835.7984477379,35376,10835.7984477379,79728,4543.60128261543,31456,6434.00683069546,71624,11434.5309502088,0.9437848,0
sf_cb,fixed_packet,5,5,4,792,0.5,neighbor_stable,0.2,0.6,0,1,1,203.666666666667,31.2580473968789,203.666666666667,31.2580473968789,0,0,0,0,1458.73685238628,22.9647053750605,5.9181999133093,3.70689484771741,1452.81865247297,24.2970959660771,1458.73685238628,22.9647053750605,1270.5,35.9342348014985,2521.65,316.483946001883,3906.71999999999,227.318049369647,1270.5,35.9342348014985,2521.65,316.483946001883,3906.71999999999,227.318049369647,163.89953717434,23.6269983181317,0,0,207.616671704613,23.1034001132593,74.6090420678012,45.2348238397658,16.6934015262125,15.5190746556426,198,0,792,0,0,0,203.666666666667,31.2580473968789,203.666666666667,31.2580473968789,814.666666666667,125.032189587515,814.666666666667,125.032189587515,NaN,NaN,0.161198666666667,0.0247189559170615,0.296751666666667,0.0492294743182041,0.135553,0.0246875651736887,0.161198666666667,0.0247189559170615,-0.0499320499320501,0.688408680018307,1,0,0.00158908522238167,0.00608518842488527,0.863331887134188,0.0602221026765599,265.666666666667,28.791716915859,17,13.8310934238456,1.08431010871825,0.0783791649274879,1848,751.327440652158,1848,751.327440652158,3762,1773.42380721586,1650,1237.8186769164,3366,2738.55649792143,1.6264072,0
sb_cf,fixed_packet,5,5,4,792,0.000447213595499958,neighbor_stable,0.000299069756244244,0.000668740304976422,0,1,0.666666666666667,203.666666666667,31.2580473968789,203.666666666667,31.2580473968789,0,0,0,0,NaN,NaN,NaN,NaN,NaN,NaN,43178.530597681,21213.6624323942,NaN,NaN,NaN,NaN,NaN,NaN,29617.5,16051.308109885,133737.15,93836.958925597,214541.91,108384.90836262,NaN,NaN,NaN,NaN,NaN,NaN,NaN,NaN,NaN,NaN,NaN,NaN,NaN,NaN,NaN,NaN,203.666666666667,31.2580473968789,198.666666666667,27.3631273932776,814.666666666667,125.032189587515,794.666666666667,109.45250957311,NaN,NaN,0.157344,0.0216715968954759,8.75783033333333,4.8651646423493,8.492889,4.74611692285499,0.264941333333333,0.119700641253652,6.98851808024029,51.4988511766174,1,0,NaN,NaN,0.853458921228469,0.0677258658477529,406.333333333333,198.14534652012,138.666666666667,145.472371350064,1.67728786127461,0.66294423906658,126456,137949.938103535,87792,88751.0439713246,126456,137949.938103535,74249.3333333333,71035.3211735395,107597.333333333,110702.076753606,25.037403,0
sb_cb,fixed_packet,5,5,4,792,0.4,neighbor_stable,0.2,0.8,0,1,1,203.666666666667,31.2580473968789,203.666666666667,31.2580473968789,0,0,0,0,1180.66036067893,24.8913377479566,3.86668239836657,4.31701241232792,1176.79367828056,24.2720976706989,1180.66036067893,24.8913377479566,1038,12.9079581892484,1908.9,162.471152469033,3097.82999999999,502.331415164862,1038,12.9079581892484,1908.9,162.471152469033,3097.82999999999,502.331415164862,0,0,39.3862583839029,3.1133987093248,14.2868292877675,2.50157718370344,118.351168613405,6.70375767234333,14.769421995483,15.9376310231334,198,0,792,0,0,0,203.666666666667,31.2580473968789,203.333333333333,32.4209316509691,814.666666666667,125.032189587515,813.333333333333,129.683726603876,NaN,NaN,0.161257333333333,0.0247947630458818,0.240463333333333,0.0402970469343552,0.078942,0.0165542840190875,0.161521333333333,0.023896984692074,-0.0257040257040259,0.503400088231676,1,0,0.000198366678813996,0.000715897205941133,0.864540767684532,0.0645329897141285,269.333333333333,46.8925546426261,19.3333333333333,20.0790460721642,1.09406273288619,0.0864832974812444,660,963.525258141644,564,926.230325234828,660,963.525258141644,519,1045.38524367446,606,1117.26561816717,36.5447266,0
s7_clean,fixed_packet,5,5,4,792,0.5,neighbor_stable,0.2,0.8,0,1,1,203.666666666667,31.2580473968789,203.666666666667,31.2580473968789,0,0,0,0,1122.46946434275,20.8843346568766,3.54352143883743,4.23748599687974,1118.92594290391,17.9058388346309,1122.46946434275,20.8843346568766,999,0,1828.5,143.406195553318,2744.79,1234.57235400641,999,0,1828.5,143.406195553318,2744.79,1234.57235400641,0,0,37.0508566409636,1.75188060206823,9.23052168408085,0.953509399114508,113.915709694529,9.17539386696451,4.72885488433636,7.88346270930703,162,0,792,0,0,0,203.666666666667,31.2580473968789,203.666666666667,31.2580473968789,814.666666666667,125.032189587515,814.666666666667,125.032189587515,NaN,NaN,0.161274333333333,0.0247713400154199,0.228612333333333,0.0371200282328246,0.067338,0.0127199135700982,0.161274333333333,0.0247713400154199,-0.0162160162160164,0.425878499560001,1,0,0.000129959070194007,0.000559168748125699,0.862200145312791,0.0563227663281894,252.666666666667,37.3723087150026,6,9.93655084700132,1.02919046224899,0.0486633500574508,378,626.002703361083,189,313.001351680542,378,626.002703361083,189,313.001351680542,378,626.002703361083,24.2142553,0
s7_busy,fixed_packet,5,5,4,792,0.5,neighbor_stable,0.2,0.8,0,1,1,203.666666666667,31.2580473968789,203.666666666667,31.2580473968789,0,0,0,0,3507.01576188005,857.742107817755,70.7810696320208,196.051829394507,3436.23469224803,721.052509002928,3507.01576188005,857.742107817755,2541,376.826168861003,9459.29999999999,3705.52094562444,14166.6,7449.77034352479,2541,376.826168861003,9459.29999999999,3705.52094562444,14166.6,7449.77034352479,0,0,76.3763688004745,21.2026707512789,20.4031024718255,5.16760653955568,2203.76156137359,605.359323719777,181.693659602135,95.4120183807552,162,0,792,0,0,0,203.666666666667,31.2580473968789,203,29.2875516860096,814.666666666667,125.032189587515,812,117.150206744038,NaN,NaN,0.160951333333333,0.0240230036399706,0.714165,0.247095778056195,0.553213666666667,0.22587565241417,0.160951333333333,0.0240230036399706,-0.277668277668278,1.47161163221134,1,0,0.0103320090865546,0.0232489646395342,0.861941962671324,0.0684228827026266,520.333333333333,216.922741508298,230.333333333333,153.260090273545,2.12156580001318,0.588963076424415,67473,10382.2600251953,30765,3490.11712388876,67473,10382.2600251953,25788,1643.87801344167,56448,5414.56152070862,103.2246719,0
sf_cf,fixed_packet,5,5,5,990,0.4,neighbor_stable,0.2,0.5,0,1,0.333333333333333,203.666666666667,31.2580473968789,116.333333333333,254.018517843498,87.3333333333333,257.696612627221,91.3333333333333,274.216999770187,NaN,NaN,NaN,NaN,NaN,NaN,4565.29329219745,3815.98512045876,NaN,NaN,NaN,NaN,NaN,NaN,3012.75,1057.79154428654,14290.425,25721.487902557,21443.625,60064.834559869,NaN,NaN,NaN,NaN,NaN,NaN,NaN,NaN,NaN,NaN,NaN,NaN,NaN,NaN,NaN,NaN,203.666666666667,31.2580473968789,117.333333333333,254.455420955344,1018.33333333333,156.290236984394,586.666666666667,1272.27710477672,NaN,NaN,0.116153333333333,0.251892274832373,38.8659003333333,145.544047498537,33.3609303333333,127.679291940974,5.50497,17.9279838663577,118.299106299106,280.493545370034,0.574500768049155,1.28276573987299,NaN,NaN,0.577962183377944,1.19339107639577,15404.6666666667,37245.4194222232,78,175.725310116057,1.68949044585987,2.40770440064457,1149390,2547457.09573292,1149390,2547457.09573292,15087930,37106088.0590646,448213.333333333,1225766.85525425,5388816.66666667,18179766.2620501,1.0732408,0
sf_cb,fixed_packet,5,5,5,990,0.5,neighbor_stable,0.2,0.6,0,1,1,203.666666666667,31.2580473968789,203.666666666667,31.2580473968789,0,0,0,0,1766.8063332687,23.4168633670604,11.4357419468905,18.9740239489928,1755.3705913218,33.6630661599456,1766.8063332687,23.4168633670604,1527,64.5397909462419,3164.1,295.693685060426,4759.73999999999,819.477338157595,1527,64.5397909462419,3164.1,295.693685060426,4759.73999999999,819.477338157595,210.6382688096,11.7343254796917,0,0,232.259015547292,14.8564197361127,96.7560498129306,28.2290302289362,27.7172571519825,18.881545173774,198,0,990,0,0,0,203.666666666667,31.2580473968789,203.333333333333,31.4548471210306,1018.33333333333,156.290236984394,1016.66666666667,157.274235605153,NaN,NaN,0.201769333333333,0.0301895596674029,0.360085666666667,0.0585558165739167,0.158316333333333,0.0284060885926574,0.201769333333333,0.0301895596674029,-0.138584138584139,0.855083617199959,1,0,0.00198775009209202,0.00472933366528665,0.862681369106455,0.0600241170186847,276,49.6206119289668,28.6666666666667,22.4031947253764,1.13998614723223,0.0953613392614848,2904,1987.82556114425,2904,1987.82556114425,5808,3975.6511222885,2838,2217.91627781226,5676,4435.83255562453,1.2931857,0
sb_cf,fixed_packet,5,5,5,990,NaN,no_stable_q,NaN,NaN,0,1,0,NaN,NaN,NaN,NaN,NaN,NaN,NaN,NaN,NaN,NaN,NaN,NaN,NaN,NaN,NaN,NaN,NaN,NaN,NaN,NaN,NaN,NaN,NaN,NaN,NaN,NaN,NaN,NaN,NaN,NaN,NaN,NaN,NaN,NaN,NaN,NaN,NaN,NaN,NaN,NaN,NaN,NaN,NaN,NaN,NaN,NaN,NaN,NaN,NaN,NaN,NaN,NaN,NaN,NaN,NaN,NaN,NaN,NaN,NaN,NaN,NaN,NaN,NaN,NaN,NaN,NaN,NaN,NaN,NaN,NaN,NaN,NaN,NaN,NaN,NaN,NaN,NaN,NaN,NaN,NaN,NaN,NaN,NaN,NaN,NaN,NaN,17.0152637,0
sb_cb,fixed_packet,5,5,5,990,0.5,neighbor_stable,0.2,0.8,0,1,1,203.666666666667,31.2580473968789,203.666666666667,31.2580473968789,0,0,0,0,1477.1087640302,66.5900080273637,7.72135785007072,12.2756697526568,1469.38740618013,55.1371318641309,1477.1087640302,66.5900080273637,1233,0,2494.2,305.667972203124,4365.35999999999,1330.73316451439,1233,0,2494.2,305.667972203124,4365.35999999999,1330.73316451439,0,0,43.199328717434,6.67004336651392,11.43217308482,1.47863410691695,194.416554501072,19.0556946406242,32.339349876808,34.4475597190289,198,0,990,0,0,0,203.666666666667,31.2580473968789,203.333333333333,31.4548471210306,1018.33333333333,156.290236984394,1016.66666666667,157.274235605153,NaN,NaN,0.201342666666667,0.0310148568039544,0.300532666666667,0.058954473135108,0.09886,0.0269480292881097,0.201672666666667,0.0323470960136844,0.0224480224480223,0.669496901798971,1,0,0.00197650075504208,0.00767608166660622,0.862681369106455,0.0600241170186847,291.666666666667,76.9815532719335,41.3333333333333,43.6200246756756,1.19998135326205,0.185278982403164,1116,2020.0851467203,909,1815.07189940233,1116,2020.0851467203,855,1876.0108659682,1050,2087.89964391896,38.2377455,0
s7_clean,fixed_packet,5,5,5,990,0.6,neighbor_stable,0.2,0.8,0,1,1,203.666666666667,31.2580473968789,203.666666666667,31.2580473968789,0,0,0,0,1385.93750499042,32.0897937912108,5.58914883423826,6.48608264679615,1380.34835615618,26.5331631897181,1385.93750499042,32.0897937912108,1197,0,2256.9,152.067581130133,3840.20999999999,2455.35109085631,1197,0,2256.9,152.067581130133,3840.20999999999,2455.35109085631,0,0,38.4090945384861,1.44624660214821,6.16426176027741,0.466985230567293,172.934074434229,19.2835472168007,10.8409254231875,6.50810970966693,162,0,990,0,0,0,203.666666666667,31.2580473968789,203.666666666667,31.2580473968789,1018.33333333333,156.290236984394,1018.33333333333,156.290236984394,NaN,NaN,0.201495666666667,0.0309738045816478,0.282198666666667,0.0472616314388543,0.080703,0.016875613958062,0.201495666666667,0.0309738045816478,-0.0102560102560104,0.700277223861062,1,0,0.000589455504965115,0.00217139521452768,0.863331887134188,0.0602221026765599,262.333333333333,38.5908481541098,13.6666666666667,8.72400493513512,1.06691929273573,0.0401735167263392,987,1042.0328505083,483,478.117462233192,987,1042.0328505083,420,239.058731116596,861,549.612310913513,25.194661,0
s7_busy,fixed_packet,5,5,5,990,0.5,neighbor_stable,0.2,0.8,0,1,1,203.666666666667,31.2580473968789,203.666666666667,31.2580473968789,0,0,0,0,4299.9905203438,1402.52574920379,97.2440407275175,54.7350490069918,4202.74647961628,1389.41204240901,4299.9905203438,1402.52574920379,3096,775.767213299691,11402.1,5613.1486190907,17682,8788.62525189672,3096,775.767213299691,11402.1,5613.1486190907,17682,8788.62525189672,0,0,81.647896039604,29.7693401236719,20.0181572808779,8.753496284089,2743.66489411758,1218.01816406919,205.415532178218,133.962030556524,162,0,990,0,0,0,203.666666666667,31.2580473968789,202.666666666667,30.3566642687741,1018.33333333333,156.290236984394,1013.33333333333,151.78332134387,NaN,NaN,0.200830666666667,0.0310667359029528,0.867889,0.180349980545851,0.667058333333333,0.201541666847615,0.200830666666667,0.0310667359029528,0.48973248973249,2.79551904469807,1,0,0.00599849850820757,0.0201861355874804,0.860852525206528,0.0644160482828067,543,85.9454209636289,255.666666666667,129.58852258277,2.26799711221122,0.826926114546442,63042,3963.31073724985,27951,1110.30952025515,63042,3963.31073724985,23604,2765.82937901927,53529,7414.12488741279,104.3939542,0
sf_cf,fixed_packet,5,5,6,1188,0.2,self_stable_fallback,0.1,0.2,0,1,1,203.666666666667,31.2580473968789,203.666666666667,31.2580473968789,0,0,0,0,10355.0911991833,495.069036838982,366.879139195602,193.705278178708,9988.21205998768,369.330065396671,10355.0911991833,495.069036838982,7314,829.656439553329,31277.55,5817.8754749412,42097.7699999999,9579.29040955371,7314,829.656439553329,31277.55,5817.8754749412,42097.7699999999,9579.29040955371,558.185579401834,21.8022634448533,0,0,7560.51482296847,451.05708855099,0,0,681.511657617375,132.400531564065,0,0,1188,0,0,0,203.666666666667,31.2580473968789,200.666666666667,33.7269917352552,1222,187.548284381273,1204,202.361950411531,NaN,NaN,0.238293333333333,0.0399980723786246,2.06086366666667,0.436917968321625,1.68713833333333,0.363957917973722,0.373725333333333,0.0854073830397466,1.37906137906138,4.85637207153688,1,0,0.0244676784466829,0.0316273256144598,0.862360215827928,0.0712076900142251,383.666666666667,51.1716289806726,117,35.2187304478593,1.57366301146244,0.11144825889231,74844,12863.7890338614,74844,12863.7890338614,162756,34034.386701597,62172,19201.4197552,135432,51200.6360777796,0.8026417,0
sf_cb,fixed_packet,5,5,6,1188,0.5,neighbor_stable,0.2,0.6,0,1,1,203.666666666667,31.2580473968789,203.666666666667,31.2580473968789,0,0,0,0,2055.29465854132,96.3907436000133,16.5092600777935,33.0796771419384,2038.78539846352,109.943668078116,2055.29465854132,96.3907436000133,1716,74.4309178934502,3901.95,624.634822239239,5695.85999999999,2622.24729335501,1716,74.4309178934502,3901.95,624.634822239239,5695.85999999999,2622.24729335501,253.59390470297,64.2130030709553,0,0,231.491369427841,52.3705724346583,131.654916845371,60.3267033013948,36.0452074873386,31.9622026767405,198,0,1188,0,0,0,203.666666666667,31.2580473968789,203.333333333333,31.4548471210306,1222,187.548284381273,1220,188.729082726184,NaN,NaN,0.241725333333333,0.0368196935202994,0.417703666666667,0.060733770766858,0.175978333333333,0.0277098053928872,0.241725333333333,0.0368196935202994,-0.0223480223480226,1.16826986348193,1,0,0.00275504728603465,0.00926426179214642,0.862681369106455,0.0600241170186847,284.666666666667,28.576582766683,36.6666666666667,29.94734219999,1.18204650246131,0.161425266044144,3696,3200.23662586666,3696,3200.23662586666,7524,6886.02973697191,3472,2443.40674322154,7076,5304.97365082028,1.2355436,0
sb_cf,fixed_packet,5,5,6,1188,NaN,no_stable_q,NaN,NaN,0,1,0,NaN,NaN,NaN,NaN,NaN,NaN,NaN,NaN,NaN,NaN,NaN,NaN,NaN,NaN,NaN,NaN,NaN,NaN,NaN,NaN,NaN,NaN,NaN,NaN,NaN,NaN,NaN,NaN,NaN,NaN,NaN,NaN,NaN,NaN,NaN,NaN,NaN,NaN,NaN,NaN,NaN,NaN,NaN,NaN,NaN,NaN,NaN,NaN,NaN,NaN,NaN,NaN,NaN,NaN,NaN,NaN,NaN,NaN,NaN,NaN,NaN,NaN,NaN,NaN,NaN,NaN,NaN,NaN,NaN,NaN,NaN,NaN,NaN,NaN,NaN,NaN,NaN,NaN,NaN,NaN,NaN,NaN,NaN,NaN,NaN,NaN,29.4857119,0
sb_cb,fixed_packet,5,5,6,1188,0.6,neighbor_stable,0.2,0.8,0,1,1,203.666666666667,31.2580473968789,203.666666666667,31.2580473968789,0,0,0,0,1837.56983377629,187.446164557175,22.8389406624994,68.2032263949304,1814.73089311379,120.803477345722,1837.56983377629,187.446164557175,1431,0,3643.05,1269.43862623177,7436.84999999998,4688.1936731243,1431,0,3643.05,1269.43862623177,7436.84999999998,4688.1936731243,0,0,54.3177670301592,11.3232667968024,8.68335082356162,2.81371630474433,279.095379015148,55.0308783981716,86.634396244924,55.9696691954011,198,0,1188,0,0,0,203.666666666667,31.2580473968789,203,31.7153471975832,1222,187.548284381273,1218,190.292083185499,NaN,NaN,0.241404666666667,0.0372364770064496,0.371777666666667,0.0991787349844552,0.129977,0.0606778430849012,0.241800666666667,0.0388538859298764,-0.0894280894280896,1.45384722466683,1,0,0.00924824469766722,0.0379274379295355,0.862531422269313,0.0599969087263408,366.666666666667,128.416545339022,104.666666666667,79.5441428093272,1.50882686194887,0.314535188800066,2940,3550.60367564988,2235,2903.8029176608,2940,3550.60367564988,1560,2630.78628199602,2124,3220.37389133622,146.309359,0
s7_clean,fixed_packet,5,5,6,1188,0.5,neighbor_stable,0.2,0.8,0,1,1,203.666666666667,31.2580473968789,203.666666666667,31.2580473968789,0,0,0,0,1657.53766625222,39.3666690916161,7.23364283432952,7.60270924288314,1650.30402341789,32.2679990861116,1657.53766625222,39.3666690916161,1395,0,2820.6,635.594729367699,4082.54999999999,1891.94410796854,1395,0,2820.6,635.594729367699,4082.54999999999,1891.94410796854,0,0,37.9543219874983,3.85048093558827,8.23965985308208,3.00438249581766,245.315592633572,19.9260879327295,8.7944489437423,17.3271642101472,162,0,1188,0,0,0,203.666666666667,31.2580473968789,203.333333333333,31.4548471210306,1222,187.548284381273,1220,188.729082726184,NaN,NaN,0.241818666666667,0.0369791651214927,0.337399666666667,0.0551269387148794,0.095581,0.0190809056160393,0.241818666666667,0.0369791651214927,-0.0246720246720249,0.775965907509249,1,0,0.00121531097804147,0.00369201100957101,0.862681369106455,0.0600241170186847,260.333333333333,42.2546883725189,11,21.5132636487473,1.05428672187495,0.106957803766341,861,2078.18126846899,420,993.912780572126,861,2078.18126846899,336,632.489951273171,693,1355.33560987108,113.5770766,0
s7_busy,fixed_packet,5,5,6,1188,0.5,neighbor_stable,0.2,0.6,0,1,1,203.666666666667,31.2580473968789,203.666666666667,31.2580473968789,0,0,0,0,4989.58224066934,813.797348826209,75.1259160982342,117.100110236715,4914.45632457111,751.659984640346,4989.58224066934,813.797348826209,3855,539.515594698686,12434.7,2442.02501688187,19266.57,6608.65506446129,3855,539.515594698686,12434.7,2442.02501688187,19266.57,6608.65506446129,0,0,84.1432050463111,22.027894097147,20.1918651902633,6.36926562975701,3243.47683162613,627.653477691236,216.6444227084,99.1255234371615,162,0,1188,0,0,0,203.666666666667,31.2580473968789,203,29.2875516860096,1222,187.548284381273,1218,175.725310116057,NaN,NaN,0.241260333333333,0.035917042561501,1.00781433333333,0.331070010413459,0.766554,0.29803263313426,0.241260333333333,0.035917042561501,-0.468616468616468,4.75916918808169,1,0,0.0141767104236402,0.0515171573726878,0.861941962671324,0.0684228827026266,596,161.812543226102,274,164.178764359666,2.33731125128642,0.611885947142972,63588,6825.89378762957,28035,2821.35605693432,63588,6825.89378762957,22974,5502.80352324018,51723,13721.2809841557,291.0108921,0
sf_cf,fixed_packet,10,10,1,198,0.5,neighbor_stable,0.2,0.6,0,1,1,383,29.2875516860096,383,29.2875516860096,0,0,0,0,548.37371046243,10.8057913558434,0.922510799372722,1.5405854239131,547.451199663057,9.55658553206514,548.37371046243,10.8057913558434,426,25.8159163784968,1308.6,11.8303390939113,1900.56,208.475633108524,426,25.8159163784968,1308.6,11.8303390939113,1900.56,208.475633108524,92.6167218438626,8.32817908820451,0,0,233.620745699225,6.36782829067293,0,0,23.2137321199695,16.1541716197685,0,0,198,0,0,0,383,29.2875516860096,383.333333333333,32.7993989243792,383,29.2875516860096,383.333333333333,32.7993989243792,NaN,NaN,0.0758933333333333,0.00647235744490265,0.210089666666667,0.0141370582079486,0.125352333333333,0.013298372798302,0.0847373333333333,0.0027431644878511,-0.020844020844021,0.521584590770285,1,0,0.00193611541689488,0.00441020282164921,0.903790347541699,0.0244468921095695,512,17.9133717900592,44.6666666666667,28.2508099372082,1.11724107131298,0.0815867253523662,4818,2475.63735383281,4818,2475.63735383281,10032,5929.57375559803,4224,2324.43620955871,8844,5593.66036756722,3.8135686,0
sf_cb,fixed_packet,10,10,1,198,0.4,neighbor_stable,0.2,0.5,0,1,1,383,29.2875516860096,383,29.2875516860096,0,0,0,0,908.456133113693,72.09031571895,5.82378534449491,1.83629903679798,902.632347769199,70.2837384076254,908.456133113693,72.09031571895,742.5,62.2399204073052,1986.9,237.095686623322,2997.3,663.615944307002,742.5,62.2399204073052,1986.9,237.095686623322,2997.3,663.615944307002,104.28258877079,7.43223900541255,0,0,344.755261253422,59.6006268889362,35.1055816802445,15.5231542648233,22.4889160647417,21.1832750159614,198,0,198,0,0,0,383,29.2875516860096,383,31.7153471975832,383,29.2875516860096,383,31.7153471975832,NaN,NaN,0.075834,0.00627963874512146,0.347772333333333,0.014127407648875,0.271938333333333,0.0135688109603418,0.075834,0.00627963874512146,0.00524000524000495,1.1313212698294,1,0,0.000995622196488078,0.00216633055016503,0.903892465358984,0.0248476334859779,506.666666666667,48.2545482260628,43.3333333333333,40.1580921443283,1.11358038416536,0.10698623745435,4290,3975.6511222885,4290,3975.6511222885,8976,8926.03741869817,4092,3489.5442065162,8580,7951.302244577,1.8454873,0
sb_cf,fixed_packet,10,10,1,198,0.00707106781186547,neighbor_stable,0.005,0.01,0,1,1,383,29.2875516860096,383,29.2875516860096,0,0,0,0,1811.59254867334,216.306298480253,43.1813460812788,24.829290859148,1768.41120259206,198.460105110337,1811.59254867334,216.306298480253,1215,106.637235523057,5340.75,784.424010880692,8451.69,1890.54620020857,1215,106.637235523057,5340.75,784.424010880692,8451.69,1890.54620020857,0,0,43.5822955495146,1.37975747427874,1477.97275960452,202.398241072966,7.15352191569808,4.10901302585453,41.7026255223305,7.58866610853302,0,0,198,0,0,0,383,29.2875516860096,383.333333333333,30.3566642687741,383,29.2875516860096,383.333333333333,30.3566642687741,NaN,NaN,0.0759,0.00601061952521726,0.692874,0.0687010305570945,0.601134,0.0707806148096894,0.09174,0.00824995261524853,0.0666705078488747,1.37251912352602,1,0,0.00141784734473378,0.00435664776416948,0.903533128855207,0.0250564964526875,554,50.4224885386208,80.6666666666667,15.9707710228882,1.21061932081985,0.0383265965077424,18348,1502.65488130432,13218,1829.24486311449,18348,1502.65488130432,11232,2355.48133248648,15840,3546.84761443172,61.1321698,0
sb_cb,fixed_packet,10,10,1,198,0.5,neighbor_stable,0.2,0.8,0,1,1,383,29.2875516860096,383,29.2875516860096,0,0,0,0,505.354054374748,75.5964952387709,3.83534144831855,12.5495490110366,501.51871292643,71.2380158274193,505.354054374748,75.5964952387709,441,0,780.15,172.210013780134,1714.23,1886.18131215508,441,0,780.15,172.210013780134,1714.23,1886.18131215508,0,0,40.4658188228176,7.83438424162978,9.83756898931127,2.90777841320206,34.1212238540799,23.6697124130186,21.0941012602208,39.0260572472458,198,0,198,0,0,0,383,29.2875516860096,383,31.7153471975832,383,29.2875516860096,383,31.7153471975832,NaN,NaN,0.075834,0.00627963874512146,0.193317333333333,0.0192817318340059,0.116625333333333,0.0210966408835577,0.076692,0.00570075994934007,-0.00101200101200112,0.695336584246213,1,0,0.00118866608506042,0.00265465525158912,0.903892465358984,0.0248476334859779,512.333333333333,53.4137748060492,47,81.7881357245606,1.12405052285604,0.217621784489716,1920,2049.23745667654,1704,1729.66639735928,1920,2049.23745667654,1416,2391.42352199238,1608,2771.69662009502,164.3940518,0
s7_clean,fixed_packet,10,10,1,198,0.6,neighbor_stable,0.2,0.8,0,1,1,383,29.2875516860096,383,29.2875516860096,0,0,0,0,432.351557023147,22.4060326037345,0.50381679389313,2.1677487035379,431.847740229253,24.344824402151,432.351557023147,22.4060326037345,396,0,657.75,113.628529394285,928.23,673.666337896872,396,0,657.75,113.628529394285,928.23,673.666337896872,0,0,36.3108808290155,1.33761224759051,5.6262251849603,0.726030692333941,28.5116704847077,19.1720226854586,1.39896373056995,6.01925511415728,162,0,198,0,0,0,383,29.2875516860096,383,31.7153471975832,383,29.2875516860096,383,31.7153471975832,NaN,NaN,0.075834,0.00627963874512146,0.165516333333333,0.0132588483916351,0.0896823333333333,0.00926471651249945,0.075834,0.00627963874512146,-0.0202080202080203,0.629891665116012,1,0,0.00119208934652677,0.0028526716871047,0.903892465358984,0.0248476334859779,464.666666666667,48.7633976038272,3.33333333333333,14.3421757658315,1.00863557858377,0.0371558957664031,210,903.557073247387,105,451.778536623693,210,903.557073247387,105,451.778536623693,210,903.557073247387,80.612481,0
s7_busy,fixed_packet,10,10,1,198,0.4,neighbor_stable,0.2,0.6,0,1,1,383,29.2875516860096,383,29.2875516860096,0,0,0,0,1609.92891623578,272.345419905257,18.5403844694277,8.14419302892378,1591.38853176635,276.663864646793,1609.92891623578,272.345419905257,1215,161.220346110533,4176.15,853.347107435913,5824.92,1155.8589274581,1215,161.220346110533,4176.15,853.347107435913,5824.92,1155.8589274581,0,0,72.3327162466822,14.3885499859123,27.4073963810743,5.50979644077551,968.151196028525,194.300157776523,163.49722311007,64.7484749366053,162,0,198,0,0,0,383,29.2875516860096,382.666666666667,33.9094655199968,383,29.2875516860096,382.666666666667,33.9094655199968,NaN,NaN,0.0757163333333333,0.0065415937187941,0.616279666666667,0.112333646325847,0.540563333333333,0.110410770125309,0.0757163333333333,0.0065415937187941,0.0136720136720135,2.17554738434693,1,0,0.00178937773690982,0.00303312114256657,0.903574640513845,0.0233335129420366,905.333333333333,163.299385971563,386.333333333333,153.05863539489,2.00924211796339,0.399681944053119,143325,13472.699523909,65226,6080.07307648391,143325,13472.699523909,55104,6779.08710668331,121275,15235.3227074453,591.5914662,0
sf_cf,fixed_packet,10,10,2,396,0.3,neighbor_stable,0.1,0.4,0,1,1,383,29.2875516860096,383,29.2875516860096,0,0,0,0,1933.1319312945,83.8103856668791,52.7908958161183,113.240246125143,1880.34103547838,136.202755025048,1933.1319312945,83.8103856668791,1422,198.715490472802,5129.7,414.462055421984,8917.47,2007.14946732155,1422,198.715490472802,5129.7,414.462055421984,8917.47,2007.14946732155,185.104938154149,5.50385733578883,0,0,1200.52318799835,121.174765188447,0,0,98.7129093258904,29.4660453885442,0,0,396,0,0,0,383,29.2875516860096,384.333333333333,27.3631273932776,766,58.5751033720192,768.666666666667,54.7262547865552,NaN,NaN,0.152196,0.0108357984477379,0.744175,0.0236111738349291,0.554095,0.00719770446431047,0.19008,0.0231330778556794,-0.153592153592154,2.87112126859608,1,0,0.00603034176242748,0.0155676254632228,0.903564386843362,0.0233463605330889,576.333333333333,78.4111815388174,95.6666666666667,34.2714985452287,1.24927502355023,0.074409205526627,21252,4852.56829698697,21252,4852.56829698697,45540,14690.0503847908,17556,4648.87241911743,37884,13571.5134239106,4.7143188,0
sf_cb,fixed_packet,10,10,2,396,0.4,neighbor_stable,0.2,0.5,0,1,1,383,29.2875516860096,383,29.2875516860096,0,0,0,0,1209.75817775217,163.013844799971,10.7464277353333,7.30529487033131,1199.01175001684,161.945044541286,1209.75817775217,163.013844799971,996,106.245904898459,2637,891.030659923147,3930.96,859.524100454165,996,106.245904898459,2637,891.030659923147,3930.96,859.524100454165,136.230220284755,8.19485142566458,0,0,350.347359565395,89.3938941204722,84.3040688594302,36.163265309209,34.1301013072559,46.1765970644618,198,0,396,0,0,0,383,29.2875516860096,383.333333333333,32.7993989243792,766,58.5751033720192,766.666666666667,65.5987978487584,NaN,NaN,0.1518,0.0129885619740542,0.463397666666667,0.0506198303789675,0.311597666666667,0.0521093144319689,0.1518,0.0129885619740542,-0.0382280382280385,1.02655468476732,1,0,0.00237134071857083,0.00592163056667859,0.903790347541699,0.0244468921095695,530.666666666667,49.3295794367579,65.3333333333333,84.8373338770921,1.17237424902654,0.233215136689201,6600,7640.98793451374,6600,7640.98793451374,13728,16507.2347215954,6204,7782.16078358308,12936,16797.7921076642,6.6257988,0
sb_cf,fixed_packet,10,10,2,396,NaN,no_stable_q,NaN,NaN,0,1,0,NaN,NaN,NaN,NaN,NaN,NaN,NaN,NaN,NaN,NaN,NaN,NaN,NaN,NaN,NaN,NaN,NaN,NaN,NaN,NaN,NaN,NaN,NaN,NaN,NaN,NaN,NaN,NaN,NaN,NaN,NaN,NaN,NaN,NaN,NaN,NaN,NaN,NaN,NaN,NaN,NaN,NaN,NaN,NaN,NaN,NaN,NaN,NaN,NaN,NaN,NaN,NaN,NaN,NaN,NaN,NaN,NaN,NaN,NaN,NaN,NaN,NaN,NaN,NaN,NaN,NaN,NaN,NaN,NaN,NaN,NaN,NaN,NaN,NaN,NaN,NaN,NaN,NaN,NaN,NaN,NaN,NaN,NaN,NaN,NaN,NaN,81.3881807,0
sb_cb,fixed_packet,10,10,2,396,0.3,neighbor_stable,0.1,0.5,0,1,1,383,29.2875516860096,383,29.2875516860096,0,0,0,0,771.637142786896,69.6841066712114,2.68892771662617,4.94711657658757,768.948215070269,74.2443389588472,771.637142786896,69.6841066712114,654,12.9079581892484,1272.15,203.742419396498,2270.31,1170.21653169895,654,12.9079581892484,1272.15,203.742419396498,2270.31,1170.21653169895,0,0,41.4411798976131,5.80527698670611,24.2632512392153,0.677540020954534,84.2283274414707,40.6071426073716,25.0154564919704,27.4338821672247,198,0,396,0,0,0,383,29.2875516860096,383,31.7153471975832,766,58.5751033720192,766,63.4306943951663,NaN,NaN,0.151668,0.0125592774902429,0.295383333333333,0.0250363476775535,0.142791333333333,0.0224895752717372,0.152592,0.0117361097997066,-0.0195800195800198,0.67093933295539,1,0,0.00135190141576014,0.00295626263959072,0.903892465358984,0.0248476334859779,521.333333333333,61.0680345459459,57.6666666666667,61.0680345459459,1.15114388604481,0.16125769407517,2064,1502.65488130432,1818,1185.56627170959,2064,1502.65488130432,1662,1749.20694118132,1896,2113.12382687156,163.4744233,0
s7_clean,fixed_packet,10,10,2,396,0.6,neighbor_stable,0.2,0.8,0,1,1,383,29.2875516860096,383,29.2875516860096,0,0,0,0,680.198858436018,38.6663512811484,1.36712233730388,4.9135059061474,678.831736098714,43.5656091294063,680.198858436018,38.6663512811484,600,12.9079581892484,1089.15,150.444176971445,1728.72,422.488178733121,600,12.9079581892484,1089.15,150.444176971445,1728.72,422.488178733121,0,0,37.2322036706643,1.26579520958895,6.14592638360783,2.92914569976852,71.9086895264524,38.2712757501552,5.54491651798933,5.69607844315024,162,0,396,0,0,0,383,29.2875516860096,383,31.7153471975832,766,58.5751033720192,766,63.4306943951663,NaN,NaN,0.151668,0.0125592774902429,0.260394333333333,0.0169412448337931,0.108726333333333,0.0120889030575112,0.151668,0.0125592774902429,0.00915600915600897,0.528490221444951,1,0,0.00128006730620981,0.00285664761245604,0.903892465358984,0.0248476334859779,474.333333333333,31.4548471210306,13,12.4206885587516,1.03422787974067,0.0351609780441373,819,782.503379201354,399,393.851397200674,819,782.503379201354,399,393.851397200674,819,782.503379201354,127.7251952,0
s7_busy,fixed_packet,10,10,2,396,0.5,neighbor_stable,0.2,0.6,0,1,1,383,29.2875516860096,383,29.2875516860096,0,0,0,0,2523.08955830806,554.021244633422,57.4184959234439,55.1960703361717,2465.67106238462,501.02256645706,2523.08955830806,554.021244633422,1776,478.117462233192,6698.4,1898.60401023812,10543.65,5743.67290079866,1776,478.117462233192,6698.4,1898.60401023812,10543.65,5743.67290079866,0,0,91.8040123103763,25.1052494247214,23.0888363188169,6.45553955428498,1541.66015835873,357.6234061333,251.118055396693,112.973622411246,162,0,396,0,0,0,383,29.2875516860096,383.666666666667,32.4209316509691,766,58.5751033720192,767.333333333333,64.8418633019381,NaN,NaN,0.151826333333333,0.0124693470177244,0.966821666666667,0.256846634798549,0.814995333333333,0.248463822033565,0.151826333333333,0.0124693470177244,0.455800455800456,3.01394321978053,1,0,0.00276664315565697,0.0029089132706561,0.905251015343595,0.0236165539826217,1176,453.360236758258,595,293.128249986539,2.55011145306601,0.697368039575594,132447,35169.965265397,57477,12681.7059820587,132447,35169.965265397,47985,9360.43263299955,110439,25975.8122668585,523.9328572,0
sf_cf,fixed_packet,10,10,3,594,0.2,self_stable_fallback,0.1,0.2,0,1,1,383,29.2875516860096,383,29.2875516860096,0,0,0,0,5129.42732708978,1721.97878987461,287.988829049751,254.511519960982,4841.43849804002,1467.46769445801,5129.42732708978,1721.97878987461,3537,925.330460721174,14488.35,5848.58506567054,23759.94,19168.9497925449,3537,925.330460721174,14488.35,5848.58506567054,23759.94,19168.9497925449,271.337448835934,26.5089450595399,0,0,3659.15015815562,1186.04065675675,0,0,316.950891048466,308.523604748693,0,0,594,0,0,0,383,29.2875516860096,382.666666666667,32.3256224835017,1149,87.8626550580287,1148,96.976867450505,NaN,NaN,0.227344,0.019194553864346,1.97788166666667,0.81759120780523,1.62738166666667,0.671562565295593,0.3505,0.146554429883095,0.539200539200539,9.89328693285688,1,0,0.00708187554159441,0.00946028193206707,0.904202630061913,0.0266279597295678,689.333333333333,247.497089107749,206,211.851947980772,1.53358735866745,0.519400007994432,62766,53637.4729399569,62766,53637.4729399569,135432,121311.880828523,56826,56887.9418506242,123156,128182.903679439,3.8814234,0
sf_cb,fixed_packet,10,10,3,594,0.3,neighbor_stable,0.1,0.4,0,1,1,383,29.2875516860096,383,29.2875516860096,0,0,0,0,1696.10133622528,68.9502422066775,15.4055383865454,17.3532848747205,1680.69579783874,70.3920430212346,1696.10133622528,68.9502422066775,1375.5,63.5643223587184,3512.1,185.124602529049,5276.85,1460.47824632365,1375.5,63.5643223587184,3512.1,185.124602529049,5276.85,1460.47824632365,177.837222212126,5.36515950479281,0,0,509.221294941265,50.5570527464661,180.848604606663,54.563701894812,20.7886760786812,7.88423066046062,198,0,594,0,0,0,383,29.2875516860096,383,32.5791606614061,1149,87.8626550580287,1149,97.7374819842182,NaN,NaN,0.227608,0.019417518534851,0.650085666666667,0.0793966330944879,0.422477666666667,0.0601050048302695,0.227608,0.019417518534851,0.104124104124104,1.26722384828431,1,0,0.00197750877386872,0.00377411143893213,0.90432778460904,0.0226063336463187,509,59.1516954695558,40.3333333333333,17.9706947263001,1.10499331352869,0.0398193467700032,4488,1237.8186769164,4488,1237.8186769164,9438,3274.96038731181,3762,1301.33730033023,7986,3558.19755580741,5.8942784,0
sb_cf,fixed_packet,10,10,3,594,NaN,no_stable_q,NaN,NaN,0,1,0,NaN,NaN,NaN,NaN,NaN,NaN,NaN,NaN,NaN,NaN,NaN,NaN,NaN,NaN,NaN,NaN,NaN,NaN,NaN,NaN,NaN,NaN,NaN,NaN,NaN,NaN,NaN,NaN,NaN,NaN,NaN,NaN,NaN,NaN,NaN,NaN,NaN,NaN,NaN,NaN,NaN,NaN,NaN,NaN,NaN,NaN,NaN,NaN,NaN,NaN,NaN,NaN,NaN,NaN,NaN,NaN,NaN,NaN,NaN,NaN,NaN,NaN,NaN,NaN,NaN,NaN,NaN,NaN,NaN,NaN,NaN,NaN,NaN,NaN,NaN,NaN,NaN,NaN,NaN,NaN,NaN,NaN,NaN,NaN,NaN,NaN,54.2148312,0
sb_cb,fixed_packet,10,10,3,594,0.5,neighbor_stable,0.2,0.6,0,1,1,383,29.2875516860096,383,29.2875516860096,0,0,0,0,1121.47482808126,209.366792759732,7.3659233690836,1.55092793192668,1114.10890471217,208.578660758376,1121.47482808126,209.366792759732,840,12.9079581892484,2327.7,1326.36352309034,5507.88,5894.03575246394,840,12.9079581892484,2327.7,1326.36352309034,5507.88,5894.03575246394,0,0,50.8023252457853,22.7921022858195,13.4469101661088,5.45436002876823,182.985500138433,65.60309193915,74.8741691618447,118.155822154978,198,0,594,0,0,0,383,29.2875516860096,384.333333333333,36.1980150877958,1149,87.8626550580287,1153,108.594045263388,NaN,NaN,0.228107333333333,0.0208545243353465,0.432423666666667,0.0447118694477201,0.200950333333333,0.0562193517776245,0.231473333333333,0.0184913139864605,-0.100992100992101,1.25993740425437,1,0,0.00938911448189658,0.0365676082705137,0.904924287856689,0.028959765625055,674.333333333333,177.652033521277,155.666666666667,227.326879122355,1.41117570127181,0.633113952383874,8604,7541.1203819714,7227,6190.00862432604,8604,7541.1203819714,5178,5401.08211379905,6132,6848.81227209956,619.5296296,0
s7_clean,fixed_packet,10,10,3,594,0.5,neighbor_stable,0.2,0.8,0,1,1,383,29.2875516860096,383,29.2875516860096,0,0,0,0,959.25217200747,74.8020201207351,3.39351802461006,7.38124693475961,955.85865398286,81.0165524145037,959.25217200747,74.8020201207351,801,0,1593,354.910172817334,2527.38,770.361954847799,801,0,1593,354.910172817334,2527.38,770.361954847799,0,0,37.4779827487971,2.32953315154606,9.76017225547345,1.85704153917182,145.969576609002,70.0183851283876,6.65092236958709,10.4828991819572,162,0,594,0,0,0,383,29.2875516860096,383.333333333333,32.7993989243792,1149,87.8626550580287,1150,98.3981967731377,NaN,NaN,0.227519333333333,0.0188946292632894,0.367385666666667,0.0360486542827251,0.139866333333333,0.0283702787637679,0.227519333333333,0.0188946292632894,0.0143640143640141,1.10515183999079,1,0,0.00157526832367845,0.0034107892461894,0.903790347541699,0.0244468921095695,481,54.4813933579366,15.6666666666667,24.8827449681701,1.04105507635548,0.0647092542096126,1239,1981.65536862493,609,1006.15857444196,1239,1981.65536862493,483,787.702794401347,987,1567.61293299472,31.6698695,0
s7_busy,fixed_packet,10,10,3,594,0.5,neighbor_stable,0.2,0.6,0,1,0.666666666666667,383,29.2875516860096,257.333333333333,519.566968501496,125.666666666667,540.700026371849,125.666666666667,540.700026371849,NaN,NaN,NaN,NaN,NaN,NaN,8992.89279162582,23724.863742022,NaN,NaN,NaN,NaN,NaN,NaN,7137,20188.2931699385,20038.2,45964.5236408053,23577.24,42508.3383656488,NaN,NaN,NaN,NaN,NaN,NaN,NaN,NaN,NaN,NaN,NaN,NaN,NaN,NaN,NaN,NaN,383,29.2875516860096,260.333333333333,506.577342553537,1149,87.8626550580287,781,1519.73202766061,NaN,NaN,0.154568333333333,0.301206516475413,63.3576626666667,266.939280068861,63.2030943333333,267.240301694676,0.154568333333333,0.301206516475413,130.16913016913,560.602843902315,0.680237489397795,1.37582703911412,NaN,NaN,0.734509267698112,0.718379416875645,85001.3333333333,360559.566175937,645.666666666667,267.207475115938,15.6730815011903,55.8344583582598,5585727,23522499.6253049,456393,1743891.28176134,5585727,23522499.6253049,235393,826628.258740225,2631822,10888512.1966269,187.73183,0
sf_cf,fixed_packet,10,10,4,792,0.0875,neighbor_stable,0.05,0.1,0,1,1,383,29.2875516860096,383,29.2875516860096,0,0,0,0,19964.9899903899,9417.43066034999,3699.29892567487,3622.1697410789,16265.691064715,5799.28923405384,19964.9899903899,9417.43066034999,13042.5,6649.09274030907,62237.25,22743.4162324548,106359.12,62197.1681101782,13042.5,6649.09274030907,62237.25,22743.4162324548,106359.12,62197.1681101782,319.659959528409,46.562526012484,0,0,14490.785794108,5323.8197201045,0,0,663.24531107859,519.913988697566,0,0,792,0,0,0,383,29.2875516860096,384.333333333333,36.1980150877958,1532,117.150206744038,1537.33333333333,144.792060351183,NaN,NaN,0.304194666666667,0.0290893969996039,7.77440166666667,4.22078664167341,7.21019366666667,3.96066321095806,0.564208,0.260126092652716,-4.25357625357625,44.9708125150923,1,0,0.0184496493223646,0.0250194431679064,0.903598719845706,0.031955720314253,823.666666666667,342.43577807855,322.666666666667,274.655474421373,1.83743094833155,0.656457056436321,125664,88541.9545508924,125664,88541.9545508924,286968,241332.709545588,113381.333333333,84882.7291751856,260013.333333333,231517.609188734,0.9343722,0
sf_cb,fixed_packet,10,10,4,792,0.3,neighbor_stable,0.1,0.4,0,1,1,383,29.2875516860096,383,29.2875516860096,0,0,0,0,2132.30909360098,276.097945941875,42.6866914099956,71.2136485522657,2089.62240219098,263.451914503801,2132.30909360098,276.097945941875,1704,71.8684696029971,4456.8,784.493835833997,7082.91,3214.02537680615,1704,71.8684696029971,4456.8,784.493835833997,7082.91,3214.02537680615,230.490630922819,42.4924948296175,0,0,531.646102123957,143.352884504499,296.041101862057,140.478815685589,41.4445672821498,32.8047984688112,198,0,792,0,0,0,383,29.2875516860096,383,32.5791606614061,1532,117.150206744038,1532,130.316642645624,NaN,NaN,0.303409333333333,0.0259977848896418,0.819805,0.0660219673373493,0.516395666666667,0.0702672170416257,0.303409333333333,0.0259977848896418,-0.225064225064225,3.2814025755313,1,0,0.00666033919413685,0.0223640767513498,0.90384979415937,0.0230176730610436,554.333333333333,27.3631273932776,79.6666666666667,57.583433831718,1.20931599637449,0.165680800347531,9042,4570.14640398381,9042,4570.14640398381,18414,9486.63798759562,7847.33333333333,4977.61032380122,16024.6666666667,10416.0191465069,2.382021,0
sb_cf,fixed_packet,10,10,4,792,NaN,no_stable_q,NaN,NaN,0,1,0,NaN,NaN,NaN,NaN,NaN,NaN,NaN,NaN,NaN,NaN,NaN,NaN,NaN,NaN,NaN,NaN,NaN,NaN,NaN,NaN,NaN,NaN,NaN,NaN,NaN,NaN,NaN,NaN,NaN,NaN,NaN,NaN,NaN,NaN,NaN,NaN,NaN,NaN,NaN,NaN,NaN,NaN,NaN,NaN,NaN,NaN,NaN,NaN,NaN,NaN,NaN,NaN,NaN,NaN,NaN,NaN,NaN,NaN,NaN,NaN,NaN,NaN,NaN,NaN,NaN,NaN,NaN,NaN,NaN,NaN,NaN,NaN,NaN,NaN,NaN,NaN,NaN,NaN,NaN,NaN,NaN,NaN,NaN,NaN,NaN,NaN,13.6679015,0
sb_cb,fixed_packet,10,10,4,792,0.0223606797749979,neighbor_stable,0.01,0.0334370152488211,0,1,1,383,29.2875516860096,383,29.2875516860096,0,0,0,0,2021.8349750019,87.08747273346,25.9860635979095,21.899766639462,1995.84891140399,106.257101454841,2021.8349750019,87.08747273346,1603.5,103.866963726905,4477.35,810.335307378751,6409.59,158.107945939593,1603.5,103.866963726905,4477.35,810.335307378751,6409.59,158.107945939593,0,0,40.5227796478993,1.39546752382579,440.412261523874,9.20831875619196,499.14772366006,88.1374522449371,25.7661465721546,15.3787568979445,198,0,792,0,0,0,383,29.2875516860096,383,32.5791606614061,1532,117.150206744038,1532,130.316642645624,NaN,NaN,0.303296666666667,0.0248027974826018,0.774277,0.0617348813944461,0.468076333333333,0.0444464397223063,0.306200666666667,0.0219827702108367,0.0604640604640603,2.05138135370325,1,0,0.00153890301697629,0.00154594576860909,0.903705380200423,0.0234681892412344,518,39.978412978425,48,11.3837491007903,1.1256327679972,0.0387629867729384,4620,4947.84111429497,4416,4799.07053500988,4620,4947.84111429497,3519,3052.31591771534,3690,3146.89561314003,209.3693404,0
s7_clean,fixed_packet,10,10,4,792,0.4,neighbor_stable,0.2,0.8,0,1,1,383,29.2875516860096,383,29.2875516860096,0,0,0,0,1277.64480823029,116.6780530663,8.12617868432052,6.6456214910829,1269.51862954597,123.119548329348,1277.64480823029,116.6780530663,1014,12.9079581892484,2307.6,646.692569927941,3567.81,614.84377126351,1014,12.9079581892484,2307.6,646.692569927941,3567.81,614.84377126351,0,0,38.3202865722187,4.80851455740934,13.964043139766,2.85853578672073,252.793010259003,94.926518388192,10.4412895749842,21.638315508342,162,0,792,0,0,0,383,29.2875516860096,383.333333333333,32.7993989243792,1532,117.150206744038,1533.33333333333,131.197595697517,NaN,NaN,0.303401333333333,0.0253289957654134,0.489365666666667,0.0508224865672419,0.185964333333333,0.0433879243362808,0.303401333333333,0.0253289957654134,0.00500800500800471,1.24111422699333,1,0,0.00165375490020724,0.00367276347056995,0.903790347541699,0.0244468921095695,490.666666666667,64.6512449670033,24.6666666666667,51.7114501254226,1.06445240478385,0.133569848816926,1848,2840.10281504033,924,1420.05140752016,1848,2840.10281504033,777,1628.91067895081,1554,3257.82135790162,29.7052396,0
s7_busy,fixed_packet,10,10,4,792,0.2,neighbor_stable,0.1,0.3,0,1,1,383,29.2875516860096,383,29.2875516860096,0,0,0,0,8905.10990634664,2440.85742374818,737.92845935363,604.595357939382,8167.18144699301,1972.64579903474,8905.10990634664,2440.85742374818,6130.5,2006.68938035531,25930.65,7687.26427548537,40409.13,16965.9607162881,6130.5,2006.68938035531,25930.65,7687.26427548537,40409.13,16965.9607162881,0,0,108.421428349997,25.4555553302846,108.605618773858,34.4705039193748,6670.25797229417,1799.10119718413,325.896427574986,114.549998986281,162,0,792,0,0,0,383,29.2875516860096,385.666666666667,36.8736195357035,1532,117.150206744038,1542.66666666667,147.494478142814,NaN,NaN,0.305641,0.0290375934167399,3.45406533333333,1.07609200792448,3.14842433333333,1.06236239614979,0.305641,0.0290375934167399,-2.82082282082282,14.337119661421,1,0,0.0162971369754656,0.0323609908572095,0.905798565382184,0.0106626880387284,1403.66666666667,191.171035129186,769.333333333333,244.839886049168,3.01170634305547,0.707098759174572,125727,23314.0487821267,53172,9263.99402152058,125727,23314.0487821267,44058,12382.6884554452,104370,32485.2329836189,159.8016492,0
sf_cf,fixed_packet,10,10,5,990,NaN,no_stable_q,NaN,NaN,0,1,0,NaN,NaN,NaN,NaN,NaN,NaN,NaN,NaN,NaN,NaN,NaN,NaN,NaN,NaN,NaN,NaN,NaN,NaN,NaN,NaN,NaN,NaN,NaN,NaN,NaN,NaN,NaN,NaN,NaN,NaN,NaN,NaN,NaN,NaN,NaN,NaN,NaN,NaN,NaN,NaN,NaN,NaN,NaN,NaN,NaN,NaN,NaN,NaN,NaN,NaN,NaN,NaN,NaN,NaN,NaN,NaN,NaN,NaN,NaN,NaN,NaN,NaN,NaN,NaN,NaN,NaN,NaN,NaN,NaN,NaN,NaN,NaN,NaN,NaN,NaN,NaN,NaN,NaN,NaN,NaN,NaN,NaN,NaN,NaN,NaN,NaN,0.4890053,0
sf_cb,fixed_packet,10,10,5,990,0.2,neighbor_stable,0.1,0.3,0,1,1,383,29.2875516860096,383,29.2875516860096,0,0,0,0,3261.46259830609,219.346841255801,99.6908859815002,72.1485946427462,3161.77171232459,152.212379417341,3261.46259830609,219.346841255801,2542.5,164.671351018184,7945.8,2329.72447231922,12240.51,4245.10014314602,2542.5,164.671351018184,7945.8,2329.72447231922,12240.51,4245.10014314602,286.644859434445,52.5596976341064,0,0,918.574523635687,19.0018691848547,730.890254214187,91.1297069454822,37.6620750402738,11.5602614633485,198,0,990,0,0,0,383,29.2875516860096,383.666666666667,33.5435253240933,1915,146.437758430048,1918.33333333333,167.717626620467,NaN,NaN,0.379962666666667,0.0330700408434933,1.254171,0.171068393918823,0.874208333333333,0.141969554078699,0.379962666666667,0.0330700408434933,0.142056142056142,4.21875501265875,1,0,0.00611128699004966,0.0180736149553186,0.904542119798178,0.025984173526992,548.333333333333,48.0623408084604,72.6666666666667,16.5402039763223,1.1902125002034,0.0583851589058006,8382,1135.90032065386,8382,1135.90032065386,17226,2555.77572147118,6996,1581.10633126594,14388,3274.96038731181,2.0996024,0
sb_cf,fixed_packet,10,10,5,990,NaN,no_stable_q,NaN,NaN,0,1,0,NaN,NaN,NaN,NaN,NaN,NaN,NaN,NaN,NaN,NaN,NaN,NaN,NaN,NaN,NaN,NaN,NaN,NaN,NaN,NaN,NaN,NaN,NaN,NaN,NaN,NaN,NaN,NaN,NaN,NaN,NaN,NaN,NaN,NaN,NaN,NaN,NaN,NaN,NaN,NaN,NaN,NaN,NaN,NaN,NaN,NaN,NaN,NaN,NaN,NaN,NaN,NaN,NaN,NaN,NaN,NaN,NaN,NaN,NaN,NaN,NaN,NaN,NaN,NaN,NaN,NaN,NaN,NaN,NaN,NaN,NaN,NaN,NaN,NaN,NaN,NaN,NaN,NaN,NaN,NaN,NaN,NaN,NaN,NaN,NaN,NaN,11.5829827,0
sb_cb,fixed_packet,10,10,5,990,0.02,neighbor_stable,0.01,0.0223606797749979,0,1,1,383,29.2875516860096,383,29.2875516860096,0,0,0,0,2811.57336015761,468.782645099849,45.0712892222207,42.6056445086962,2766.50207093539,427.480956299495,2811.57336015761,468.782645099849,2068.5,55.1428215566701,6994.35,3089.16114248363,11646.39,7665.45783920305,2068.5,55.1428215566701,6994.35,3089.16114248363,11646.39,7665.45783920305,0,0,44.0963159734508,4.2051902684327,566.556773967338,83.7174433379943,915.140525788614,346.083830085793,52.7084552059871,45.8656566814531,198,0,990,0,0,0,383,29.2875516860096,384,36.0841845698136,1915,146.437758430048,1920,180.420922849068,NaN,NaN,0.380346333333333,0.0350082002189458,1.088306,0.302042931807531,0.700699666666667,0.258565283561859,0.387606333333333,0.0436933569322122,-0.167252167252167,2.03543706096095,1,0,0.00981946086924954,0.0369409861987975,0.903573003557506,0.0218749914052691,563,107.480230740355,86.3333333333333,49.3295794367579,1.22489766592919,0.116810840789797,10524,13876.0730645348,10119,13527.6140826544,10524,13876.0730645348,8346,10624.0964937115,8688,10895.1425450484,318.4477276,0
s7_clean,fixed_packet,10,10,5,990,0.2,neighbor_stable,0.1,0.5,0,1,1,383,29.2875516860096,383,29.2875516860096,0,0,0,0,1678.2366019898,113.256978973523,17.6815805086422,7.21005419995963,1660.55502148116,112.040982216939,1678.2366019898,113.256978973523,1264.5,33.5358591086294,3368.4,298.293948983213,4754.31,188.115190528823,1264.5,33.5358591086294,3368.4,298.293948983213,4754.31,188.115190528823,0,0,37.5719576555553,1.0267758426544,35.8159986787404,4.15852620231842,428.093255696863,103.229741742125,7.07380944999898,4.62049129194478,162,0,990,0,0,0,383,29.2875516860096,382.666666666667,33.9094655199968,1915,146.437758430048,1913.33333333333,169.547327599984,NaN,NaN,0.378934333333333,0.0318873738446199,0.642475666666667,0.0560504423865877,0.263541333333333,0.0423625326305863,0.378934333333333,0.0318873738446199,-0.0324600324600325,1.77253627003266,1,0,0.00234721582194647,0.00224087088587017,0.903574640513845,0.0233335129420366,481.333333333333,46.1630949897354,16.6666666666667,10.3422900250845,1.04366549043209,0.0285215511848442,1260,1128.54242277373,630,564.271211386865,1260,1128.54242277373,525,325.782135790162,1050,651.564271580325,30.5653553,0
s7_busy,fixed_packet,10,10,5,990,NaN,no_stable_q,NaN,NaN,0,1,0,NaN,NaN,NaN,NaN,NaN,NaN,NaN,NaN,NaN,NaN,NaN,NaN,NaN,NaN,NaN,NaN,NaN,NaN,NaN,NaN,NaN,NaN,NaN,NaN,NaN,NaN,NaN,NaN,NaN,NaN,NaN,NaN,NaN,NaN,NaN,NaN,NaN,NaN,NaN,NaN,NaN,NaN,NaN,NaN,NaN,NaN,NaN,NaN,NaN,NaN,NaN,NaN,NaN,NaN,NaN,NaN,NaN,NaN,NaN,NaN,NaN,NaN,NaN,NaN,NaN,NaN,NaN,NaN,NaN,NaN,NaN,NaN,NaN,NaN,NaN,NaN,NaN,NaN,NaN,NaN,NaN,NaN,NaN,NaN,NaN,NaN,95.0536179,0
sf_cf,fixed_packet,10,10,6,1188,NaN,no_stable_q,NaN,NaN,0,1,0,NaN,NaN,NaN,NaN,NaN,NaN,NaN,NaN,NaN,NaN,NaN,NaN,NaN,NaN,NaN,NaN,NaN,NaN,NaN,NaN,NaN,NaN,NaN,NaN,NaN,NaN,NaN,NaN,NaN,NaN,NaN,NaN,NaN,NaN,NaN,NaN,NaN,NaN,NaN,NaN,NaN,NaN,NaN,NaN,NaN,NaN,NaN,NaN,NaN,NaN,NaN,NaN,NaN,NaN,NaN,NaN,NaN,NaN,NaN,NaN,NaN,NaN,NaN,NaN,NaN,NaN,NaN,NaN,NaN,NaN,NaN,NaN,NaN,NaN,NaN,NaN,NaN,NaN,NaN,NaN,NaN,NaN,NaN,NaN,NaN,NaN,0.3131769,0
sf_cb,fixed_packet,10,10,6,1188,0.2,neighbor_stable,0.1,0.3,0,1,1,383,29.2875516860096,383,29.2875516860096,0,0,0,0,4188.45191598671,674.532352775226,156.076310649929,87.2193645634971,4032.37560533678,607.086239785091,4188.45191598671,674.532352775226,3114,704.253041281218,10448.85,1461.78238291476,15891.45,7782.24592284751,3114,704.253041281218,10448.85,1461.78238291476,15891.45,7782.24592284751,367.639242370955,7.52884447172058,0,0,1049.27547684535,203.905511634557,1169.73792880805,368.451592582989,59.7229573124127,35.6479022472877,198,0,1188,0,0,0,383,29.2875516860096,384.333333333333,33.5435253240933,2298,175.725310116057,2306,201.26115194456,NaN,NaN,0.456397333333333,0.0381915744002272,1.61768566666667,0.397042813522787,1.16128833333333,0.360201301380934,0.456397333333333,0.0381915744002272,-0.177880177880178,5.20241014533883,1,0,0.00850614867987178,0.0166152955222166,0.904856800011613,0.0265847009611545,598.333333333333,120.917386032837,116,77.0082690642602,1.30163109753744,0.180039910339837,12672,7683.08736020978,12672,7683.08736020978,27126,16372.3393751591,10956,8011.9229613409,23562,17292.1937746042,2.1915334,0
sb_cf,fixed_packet,10,10,6,1188,NaN,no_stable_q,NaN,NaN,0,1,0,NaN,NaN,NaN,NaN,NaN,NaN,NaN,NaN,NaN,NaN,NaN,NaN,NaN,NaN,NaN,NaN,NaN,NaN,NaN,NaN,NaN,NaN,NaN,NaN,NaN,NaN,NaN,NaN,NaN,NaN,NaN,NaN,NaN,NaN,NaN,NaN,NaN,NaN,NaN,NaN,NaN,NaN,NaN,NaN,NaN,NaN,NaN,NaN,NaN,NaN,NaN,NaN,NaN,NaN,NaN,NaN,NaN,NaN,NaN,NaN,NaN,NaN,NaN,NaN,NaN,NaN,NaN,NaN,NaN,NaN,NaN,NaN,NaN,NaN,NaN,NaN,NaN,NaN,NaN,NaN,NaN,NaN,NaN,NaN,NaN,NaN,11.42029,0
sb_cb,fixed_packet,10,10,6,1188,0.01,neighbor_stable,0.005,0.014142135623731,0,1,1,383,29.2875516860096,383,29.2875516860096,0,0,0,0,4798.58792512007,359.643508605954,225.409398153444,215.565717543931,4573.17852696663,284.542368797865,4798.58792512007,359.643508605954,3367.5,152.592594839986,13307.25,3510.24826949055,22331.82,5423.95696751137,3367.5,152.592594839986,13307.25,3510.24826949055,22331.82,5423.95696751137,0,0,45.4738308296035,1.63959422916253,1086.35976037739,116.521969888189,1995.26608307473,238.399498011333,60.0788526849042,28.3986928418302,198,0,1188,0,0,0,383,29.2875516860096,384.666666666667,32.3256224835017,2298,175.725310116057,2308,193.95373490101,NaN,NaN,0.456713666666667,0.038511795678712,1.854001,0.299309506084128,1.38857533333333,0.262375179122039,0.465425666666667,0.0376918834959966,-0.188316188316188,7.35087198034563,1,0,0.0096857044804176,0.0247301976282828,0.905783538498041,0.0245877305015731,570.666666666667,25.4952093148046,100.666666666667,11.2015973626882,1.26316196748899,0.0455442841434038,10866,7694.57235278918,10440,7414.48444185174,10866,7694.57235278918,9927,6025.18269113381,10332,6263.37972172065,433.2151034,0
s7_clean,fixed_packet,10,10,6,1188,0.2,neighbor_stable,0.1,0.5,0,1,1,383,29.2875516860096,383,29.2875516860096,0,0,0,0,2166.65707691633,89.3507377328938,28.7988012455758,6.05351703185492,2137.85827567076,95.3212742625844,2166.65707691633,89.3507377328938,1558.5,93.7494615369151,4514.4,824.118292479902,7279.74,951.836617880644,1558.5,93.7494615369151,4514.4,824.118292479902,7279.74,951.836617880644,0,0,38.3103112763517,2.8185933436557,38.5549469732359,1.10256525896684,700.596616677588,105.38425145189,10.3964007435826,12.6836700464507,162,0,1188,0,0,0,383,29.2875516860096,383,33.6047920880646,2298,175.725310116057,2298,201.628752528388,NaN,NaN,0.455037666666667,0.03864543907153,0.830404333333333,0.0913606215735,0.375366666666667,0.0565139067670433,0.455037666666667,0.03864543907153,-0.0812760812760815,2.44480198943999,1,0,0.00317727353785393,0.00480677601983171,0.90443711661366,0.023612173183859,493.666666666667,14.5557186654918,24.3333333333333,27.6993422530854,1.06417531323199,0.078294259545992,2037,1827.3310928994,1008,871.358885702273,2037,1827.3310928994,756,828.123736573782,1533,1745.05856194438,35.3349849,0
s7_busy,fixed_packet,10,10,6,1188,NaN,no_stable_q,NaN,NaN,0,1,0,NaN,NaN,NaN,NaN,NaN,NaN,NaN,NaN,NaN,NaN,NaN,NaN,NaN,NaN,NaN,NaN,NaN,NaN,NaN,NaN,NaN,NaN,NaN,NaN,NaN,NaN,NaN,NaN,NaN,NaN,NaN,NaN,NaN,NaN,NaN,NaN,NaN,NaN,NaN,NaN,NaN,NaN,NaN,NaN,NaN,NaN,NaN,NaN,NaN,NaN,NaN,NaN,NaN,NaN,NaN,NaN,NaN,NaN,NaN,NaN,NaN,NaN,NaN,NaN,NaN,NaN,NaN,NaN,NaN,NaN,NaN,NaN,NaN,NaN,NaN,NaN,NaN,NaN,NaN,NaN,NaN,NaN,NaN,NaN,NaN,NaN,88.6986091,0
sf_cf,fixed_packet,15,15,1,198,0.4,self_stable_fallback,0.2,0.4,0,1,1,584,38.803471516211,584,38.803471516211,0,0,0,0,738.43084959759,91.995082080237,6.97346543459618,12.4375063682669,731.457384162994,100.063089406012,738.43084959759,91.995082080237,546,25.8159163784968,1853.1,717.305120143872,3326.4,1815.3232547231,546,25.8159163784968,1853.1,717.305120143872,3326.4,1815.3232547231,96.1113623461238,4.89381572547811,0,0,384.125289158416,57.2147354454762,0,0,53.2207326584535,46.1190543325229,0,0,198,0,0,0,584,38.803471516211,584.666666666667,42.4731857761048,584,38.803471516211,584.666666666667,42.4731857761048,NaN,NaN,0.115764,0.00840969078366875,0.432626,0.073105917895196,0.28571,0.04188899098523,0.146916,0.0322646182683136,-0.228656228656229,0.713568015422074,1,0,0.00317904413040943,0.00651597092237325,0.934353476712611,0.00868995737173017,903.333333333333,118.5465636334,157.333333333333,141.319564722013,1.2687915790831,0.232924516830924,18084,11869.3430833711,18084,11869.3430833711,38346,26296.4604228255,14784,12504.5807483621,31152,27981.2738149587,2.6574483,0
sf_cb,fixed_packet,15,15,1,198,0.3,neighbor_stable,0.1,0.4,0,1,1,584,38.803471516211,584,38.803471516211,0,0,0,0,1271.1139452374,29.2656056280905,18.3453845348722,20.7752230423836,1252.76856070253,47.435057142658,1271.1139452374,29.2656056280905,951,34.1512473023708,3152.1,54.9612310913485,4944.78000000001,1315.13537607938,951,34.1512473023708,3152.1,54.9612310913485,4944.78000000001,1315.13537607938,120.147457709074,10.3463875301236,0,0,580.757886862127,60.2610196196476,101.465758603126,24.6594802076316,54.3974575281996,7.93968416855978,198,0,198,0,0,0,584,38.803471516211,586,41.3442913514118,584,38.803471516211,586,41.3442913514118,NaN,NaN,0.116028,0.00818616968757953,0.745736,0.0366578136918538,0.629708,0.0288379601069182,0.116028,0.00818616968757953,-0.268040268040268,1.33282857195583,1,0,0.00469809467178091,0.0109332135032034,0.934067717961523,0.0103835294498269,902,57.8862722311647,160.333333333333,18.3108642419671,1.27473463398081,0.0400994149927262,17688,4240.65227203406,17688,4240.65227203406,38082,9890.32655601499,14850,1703.85048098079,31878,4026.04161390851,2.6951029,0
sb_cf,fixed_packet,15,15,1,198,0.005,neighbor_stable,0.002,0.00668740304976422,0,1,1,584,38.803471516211,584,38.803471516211,0,0,0,0,3122.14412050984,197.10948310857,149.690211613798,190.300197147696,2972.45390889605,52.0956712496136,3122.14412050984,197.10948310857,2125.5,235.105622744659,9530.09999999999,2241.31408673229,14733,2769.34192598426,2125.5,235.105622744659,9530.09999999999,2241.31408673229,14733,2769.34192598426,0,0,52.0324228822462,4.23869309622376,2602.59470969122,84.1228552518372,31.6484504702261,7.9959848789084,88.1783258523541,23.3128120292307,0,0,198,0,0,0,584,38.803471516211,587,44.783429475148,584,38.803471516211,587,44.783429475148,NaN,NaN,0.11629,0.0089372591335662,1.843132,0.0621216049478692,1.674174,0.0341504909071095,0.168958,0.0279745060019168,-0.261375568338826,4.75745183854548,1,0,0.0110525084915341,0.0379776914500384,0.93381667354767,0.0112659589416433,1036,128.888211020911,260.333333333333,79.5053439405158,1.44534508006239,0.117741474895104,64614,20706.8272799094,45864,16645.9669543753,64614,20706.8272799094,37383,16279.4071523127,52668,20540.6460238456,29.6806978,0
sb_cb,fixed_packet,15,15,1,198,0.5,neighbor_stable,0.2,0.8,0,1,1,584,38.803471516211,584,38.803471516211,0,0,0,0,772.392112076741,448.070256089923,14.9022113383863,48.3373930485129,757.489900738355,399.9492923799,772.392112076741,448.070256089923,441,0,2226.3,2083.11451105162,6459.77999999999,10052.6327158395,441,0,2226.3,2083.11451105162,6459.77999999999,10052.6327158395,0,0,66.1090501037498,36.1578052056275,16.5514948573694,10.5494095533246,140.320552061056,189.288002113762,138.50880371618,165.479635068904,198,0,198,0,0,0,584,38.803471516211,585,41.0446910899164,584,38.803471516211,585,41.0446910899164,NaN,NaN,0.11583,0.00812684883580345,0.452497,0.28242976642901,0.332575,0.272626559932882,0.119922,0.0105987778395581,-1.57536157536158,8.124487243345,1,0,0.00072781046308328,0.00193763171021932,0.934474409474566,0.00836696524803827,1272.66666666667,637.922179072578,490.666666666667,609.54753197121,1.83636250288194,1.0043834779341,14904,16370.1410735898,11163,9942.97430349691,14904,16370.1410735898,9015,8719.47623691663,12414,15223.3155794252,62.2355571,0
s7_clean,fixed_packet,15,15,1,198,0.5,neighbor_stable,0.2,0.8,0,1,1,584,38.803471516211,584,38.803471516211,0,0,0,0,474.811975402965,52.2746934148965,1.64180073102335,2.64670573624887,473.170174671941,53.2443783669334,474.811975402965,52.2746934148965,405,0,800.7,173.327493491367,1282.56,506.146832815571,405,0,800.7,173.327493491367,1282.56,506.146832815571,0,0,37.2833841711934,2.41011835618048,9.34628860711016,1.18171876421824,60.7652731232678,39.7368699131365,5.77522877037011,10.8455326028122,162,0,198,0,0,0,584,38.803471516211,585,41.0446910899164,584,38.803471516211,585,41.0446910899164,NaN,NaN,0.115826333333333,0.00811776308535618,0.277732,0.0428881082450323,0.161905666666667,0.0369575212104761,0.115826333333333,0.00811776308535618,-0.093864093864094,0.528257966330322,1,0,0.00119190352204332,0.00368265444540684,0.934474409474566,0.00836696524803827,740.666666666667,40.8437366827623,21,39.978412978425,1.03564956031093,0.0669477321161242,1953,2174.176873422,945,951.956446967547,1953,2174.176873422,630,1128.54242277373,1323,2518.64001764078,28.5544915,0
s7_busy,fixed_packet,15,15,1,198,0.4,neighbor_stable,0.2,0.5,0,1,1,584,38.803471516211,584,38.803471516211,0,0,0,0,2487.50102622298,1875.72254720188,235.1822063993,798.184629504895,2252.31881982368,1077.54168511139,2487.50102622298,1875.72254720188,1446,164.797778177704,7644,8149.36107245412,19743,43356.4540679835,1446,164.797778177704,7644,8149.36107245412,19743,43356.4540679835,0,0,104.036913881437,64.1503943363949,38.8462001593627,26.4062046802628,1443.26959331641,699.450309058531,306.166112466466,288.676774513777,162,0,198,0,0,0,584,38.803471516211,586.333333333333,42.2546883725189,584,38.803471516211,586.333333333333,42.2546883725189,NaN,NaN,0.116069333333333,0.00847091736758381,1.46572666666667,1.19640450519418,1.34965733333333,1.19072572984336,0.116069333333333,0.00847091736758381,-0.325724325724326,7.75868968514994,1,0,0.00438443213742513,0.0182865403028158,0.933613098574437,0.0106433347851322,2029.66666666667,1125.45512414633,1107.33333333333,1088.45019856576,2.88991427448436,1.78195539823319,209097,71348.5190876447,87570,18007.1013299668,209097,71348.5190876447,72807,20777.0979390585,175140,76556.8290638248,235.8934446,0
sf_cf,fixed_packet,15,15,2,396,0.2,self_stable_fallback,0.1,0.2,0,1,0.666666666666667,584,38.803471516211,400.333333333333,769.41863204567,183.666666666667,790.253884697318,183.666666666667,790.253884697318,NaN,NaN,NaN,NaN,NaN,NaN,68561.3301037139,280523.448589594,NaN,NaN,NaN,NaN,NaN,NaN,4035,7744.20479107789,452140.05,1901291.40060406,581339.76,2429376.32429278,NaN,NaN,NaN,NaN,NaN,NaN,NaN,NaN,NaN,NaN,NaN,NaN,NaN,NaN,NaN,NaN,584,38.803471516211,401,766.552734009274,1168,77.606943032422,802,1533.10546801855,NaN,NaN,0.158789333333333,0.303583541555545,90.948456,382.898366604965,88.3704746666667,373.293614469204,2.57798133333333,9.60489689348618,192.530232530233,833.916750672731,0.690796857463524,1.33039374528168,NaN,NaN,0.819977806477868,0.482740437113775,13453.6666666667,53280.8793513221,1366,4614.11578513505,28.5466944880619,116.346487416025,699336,2725558.49838716,699336,2725558.49838716,5117904,21394548.783593,354460,1296174.4845623,2419192,9908133.10625181,2.0627783,0
sf_cb,fixed_packet,15,15,2,396,0.3,neighbor_stable,0.1,0.4,0,1,1,584,38.803471516211,584,38.803471516211,0,0,0,0,1725.91613302589,237.157641170405,26.6390637947617,17.6143749440796,1699.27706923113,246.990720039474,1725.91613302589,237.157641170405,1254,205.009099235206,4326,1060.82057933397,6622.92,2518.03933044375,1254,205.009099235206,4326,1060.82057933397,6622.92,2518.03933044375,162.987162716845,16.9730298092555,0,0,611.826957257611,123.301520499395,257.494596186292,90.861465441008,72.9683530703849,52.8781992960489,198,0,396,0,0,0,584,38.803471516211,586,46.006874254099,1168,77.606943032422,1172,92.013748508198,NaN,NaN,0.232056,0.0182187222046232,1.01867933333333,0.138937175184611,0.786623333333333,0.129540935563785,0.232056,0.0182187222046232,-0.335928335928336,2.39080489272299,1,0,0.0110242690656227,0.0444578938702586,0.934727630154052,0.0102802606185148,987.666666666667,207.783431524158,215.333333333333,160.189969132983,1.36852703570901,0.267061612606307,25476,18419.0186158012,25476,18419.0186158012,55044,40413.3555913617,20460,12753.6113980436,44220,27254.2115080051,3.1280115,0
sb_cf,fixed_packet,15,15,2,396,NaN,no_stable_q,NaN,NaN,0,1,0,NaN,NaN,NaN,NaN,NaN,NaN,NaN,NaN,NaN,NaN,NaN,NaN,NaN,NaN,NaN,NaN,NaN,NaN,NaN,NaN,NaN,NaN,NaN,NaN,NaN,NaN,NaN,NaN,NaN,NaN,NaN,NaN,NaN,NaN,NaN,NaN,NaN,NaN,NaN,NaN,NaN,NaN,NaN,NaN,NaN,NaN,NaN,NaN,NaN,NaN,NaN,NaN,NaN,NaN,NaN,NaN,NaN,NaN,NaN,NaN,NaN,NaN,NaN,NaN,NaN,NaN,NaN,NaN,NaN,NaN,NaN,NaN,NaN,NaN,NaN,NaN,NaN,NaN,NaN,NaN,NaN,NaN,NaN,NaN,NaN,NaN,18.906742,0
sb_cb,fixed_packet,15,15,2,396,0.0875,neighbor_stable,0.05,0.1,0,1,0.333333333333333,584,38.803471516211,401.333333333333,765.119792121662,182.666666666667,785.951231967568,182.666666666667,785.951231967568,NaN,NaN,NaN,NaN,NaN,NaN,27654.5581564819,73599.5266659437,NaN,NaN,NaN,NaN,NaN,NaN,1228.5,1802.87952368512,254502,1000632.60136399,545388.54,1172584.28852828,NaN,NaN,NaN,NaN,NaN,NaN,NaN,NaN,NaN,NaN,NaN,NaN,NaN,NaN,NaN,NaN,584,38.803471516211,387.666666666667,730.088594709817,1168,77.606943032422,775.333333333333,1460.17718941963,NaN,NaN,0.153500333333333,0.289181955543515,88.067508,370.693916245343,87.8350716666667,370.73997814615,0.232436333333333,0.0460818722228302,209.794373794374,794.484067200041,0.692480359147026,1.32315022216762,NaN,NaN,0.815226012051672,0.493603997403648,66496.6666666667,202788.686076681,13941.3333333333,55554.1983915597,37.5274517680993,86.7764546255491,1381494,4024658.60844622,721728,1915355.74786356,1381494,4024658.60844622,272521,1001376.17754356,530181,2048464.25325379,597.015396,0
s7_clean,fixed_packet,15,15,2,396,0.4,neighbor_stable,0.2,0.6,0,1,1,584,38.803471516211,584,38.803471516211,0,0,0,0,797.624840528772,62.258656217819,5.12302792271874,4.34249303010196,792.501812606053,63.6146948564596,797.624840528772,62.258656217819,613.5,6.45397909462419,1621.5,207.649693918907,2734.92,440.895644795939,613.5,6.45397909462419,1621.5,207.649693918907,2734.92,440.895644795939,0,0,38.6550012106549,2.32395848395477,14.8583997987708,0.405788852626162,169.04090614868,55.5906276118011,11.9475054479471,10.4578131777964,162,0,396,0,0,0,584,38.803471516211,584.666666666667,42.4731857761048,1168,77.606943032422,1169.33333333333,84.9463715522095,NaN,NaN,0.231649,0.016300831976565,0.466976,0.0607178505465357,0.235327,0.0469763696626693,0.231649,0.016300831976565,-0.124516124516125,0.961479719271337,1,0,0.002183870511441,0.00748556989484959,0.934353476712611,0.00868995737173017,764.333333333333,77.9771315735135,43.3333333333333,39.9269275572206,1.0737500336293,0.0645544023320767,3444,3486.60652740212,1701,1763.67304662304,3444,3486.60652740212,1386,1355.33560987108,2814,2666.64170821653,29.1531241,0
s7_busy,fixed_packet,15,15,2,396,0.2,self_stable_fallback,0.1,0.2,0,1,1,584,38.803471516211,584,38.803471516211,0,0,0,0,7608.10871982647,9892.96872843838,1238.28478806063,4040.88830784265,6369.82393176585,5884.10503564933,7608.10871982647,9892.96872843838,4237.5,2647.38257529961,27200.1,52151.7545329014,42644.82,85450.7405510472,4237.5,2647.38257529961,27200.1,52151.7545329014,42644.82,85450.7405510472,0,0,138.378358120408,180.678711650223,141.838511475658,181.13774156992,5070.90445062795,4717.01166180356,460.702611541834,813.054202426002,162,0,396,0,0,0,584,38.803471516211,588.666666666667,46.8925546426261,1168,77.606943032422,1177.33333333333,93.7851092852523,NaN,NaN,0.233112,0.01856945163848,4.571038,6.40826032657461,4.337926,6.39237172680813,0.233112,0.01856945163848,-5.11158111158111,29.9774822751133,1,0,0.0137354027187076,0.0538896223586806,0.93204846837134,0.00852521898593089,2632.66666666667,3184.01567216146,1674.66666666667,3018.40859845655,3.84384328112243,5.01885310139507,228858,221672.660452298,90300,61429.7216199755,228858,221672.660452298,78057,65334.6743644421,200550,230335.307162606,182.4214843,0
sf_cf,fixed_packet,15,15,3,594,NaN,no_stable_q,NaN,NaN,0,1,0,NaN,NaN,NaN,NaN,NaN,NaN,NaN,NaN,NaN,NaN,NaN,NaN,NaN,NaN,NaN,NaN,NaN,NaN,NaN,NaN,NaN,NaN,NaN,NaN,NaN,NaN,NaN,NaN,NaN,NaN,NaN,NaN,NaN,NaN,NaN,NaN,NaN,NaN,NaN,NaN,NaN,NaN,NaN,NaN,NaN,NaN,NaN,NaN,NaN,NaN,NaN,NaN,NaN,NaN,NaN,NaN,NaN,NaN,NaN,NaN,NaN,NaN,NaN,NaN,NaN,NaN,NaN,NaN,NaN,NaN,NaN,NaN,NaN,NaN,NaN,NaN,NaN,NaN,NaN,NaN,NaN,NaN,NaN,NaN,NaN,NaN,0.8082566,0
sf_cb,fixed_packet,15,15,3,594,0.2,neighbor_stable,0.1,0.3,0,1,1,584,38.803471516211,584,38.803471516211,0,0,0,0,3058.58654416141,530.424995548714,177.137464741484,223.776875531368,2881.44907941993,355.478377506612,3058.58654416141,530.424995548714,2068.5,167.430697488658,8752.5,2811.1248170302,16808.9999999999,13767.1019332898,2068.5,167.430697488658,8752.5,2811.1248170302,16808.9999999999,13767.1019332898,222.528636450456,23.4516707234317,0,0,1061.91175627925,131.915404248068,729.260166969089,185.013910296473,75.7485197211346,24.3978555347274,198,0,594,0,0,0,584,38.803471516211,586.333333333333,44.59932415519,1752,116.410414548633,1759,133.79797246557,NaN,NaN,0.348381333333333,0.0260729349277998,1.79588866666667,0.41239766471941,1.44750733333333,0.393526228037698,0.348381333333333,0.0260729349277998,-1.89134589134589,11.1201214844259,1,0,0.00444142909718341,0.0177657328530625,0.933481500364175,0.00891470269178075,965,134.21242252107,223.333333333333,72.0542688799051,1.38256828141987,0.123221492599633,22968,8404.89483757942,22968,8404.89483757942,50556,22616.6140293777,20130,5213.08950180659,44550,15499.4212695929,2.8027924,0
sb_cf,fixed_packet,15,15,3,594,NaN,no_stable_q,NaN,NaN,0,1,0,NaN,NaN,NaN,NaN,NaN,NaN,NaN,NaN,NaN,NaN,NaN,NaN,NaN,NaN,NaN,NaN,NaN,NaN,NaN,NaN,NaN,NaN,NaN,NaN,NaN,NaN,NaN,NaN,NaN,NaN,NaN,NaN,NaN,NaN,NaN,NaN,NaN,NaN,NaN,NaN,NaN,NaN,NaN,NaN,NaN,NaN,NaN,NaN,NaN,NaN,NaN,NaN,NaN,NaN,NaN,NaN,NaN,NaN,NaN,NaN,NaN,NaN,NaN,NaN,NaN,NaN,NaN,NaN,NaN,NaN,NaN,NaN,NaN,NaN,NaN,NaN,NaN,NaN,NaN,NaN,NaN,NaN,NaN,NaN,NaN,NaN,18.3130718,0
sb_cb,fixed_packet,15,15,3,594,0.02,neighbor_stable,0.01,0.0223606797749979,0,1,0.666666666666667,584,38.803471516211,444,581.755139844112,140,602.371382164925,140,602.371382164925,NaN,NaN,NaN,NaN,NaN,NaN,110765.00818064,462677.605229273,NaN,NaN,NaN,NaN,NaN,NaN,16581,63781.6269357949,478228.5,2010774.06915028,557071.74,2283254.97911746,NaN,NaN,NaN,NaN,NaN,NaN,NaN,NaN,NaN,NaN,NaN,NaN,NaN,NaN,NaN,NaN,584,38.803471516211,433,629.149255999549,1752,116.410414548633,1299,1887.44776799865,NaN,NaN,0.257168333333333,0.373649297705986,66.8956856666667,279.831434981794,66.4968533333333,279.675435592402,0.398832333333333,0.156336576039976,188.07328007328,773.939309117861,0.764309764309764,1.01409323596789,NaN,NaN,0.859232958571126,0.310010596420924,16042.6666666667,64238.6758292564,7604.66666666667,31183.4622599627,43.7506605545475,181.249818708121,544368,2229088.05528981,412857,1670541.89086807,544368,2229088.05528981,201667,770496.512619206,259660,1013223.21980509,604.8622971,0
s7_clean,fixed_packet,15,15,3,594,0.4,neighbor_stable,0.2,0.8,0,1,1,584,38.803471516211,584,38.803471516211,0,0,0,0,1264.8278237079,140.988324438408,18.0108940855407,22.4095326909849,1246.81692962236,124.042542729762,1264.8278237079,140.988324438408,840,25.8159163784968,2863.5,620.599004684492,5531.82,2619.32265782291,840,25.8159163784968,2863.5,620.599004684492,5531.82,2619.32265782291,0,0,42.4065917025281,1.63753182068301,15.9076213621267,3.11155996567931,403.673053896331,116.601883055244,28.8296626613764,7.36889319307354,162,0,594,0,0,0,584,38.803471516211,585.333333333333,44.1822823547412,1752,116.410414548633,1756,132.546847064223,NaN,NaN,0.347809,0.0257289275878438,0.742788666666667,0.140365221665612,0.394979666666667,0.115041816294544,0.347809,0.0257289275878438,-0.281888281888282,2.03802219335958,1,0,0.00472245388354224,0.0177643541821467,0.934669716956438,0.0100336982947622,835,50.4224885386208,104,30.1185691082462,1.17796088062578,0.0454869950189726,7896,1956.78004738554,3801,722.84565859791,7896,1956.78004738554,3171,917.010275925982,6636,2258.89268311847,37.3899094,0
s7_busy,fixed_packet,15,15,3,594,0.1,self_stable_fallback,0.1,0.1,1,1,1,584,38.803471516211,584,38.803471516211,0,0,0,0,22083.0921732848,2964.16048053538,5696.98026228525,3317.78593303883,16386.1119109995,380.444493673696,22083.0921732848,2964.16048053538,14452.5,943.341279299686,70925.1,25191.5969111497,107068.56,56314.3214542745,14452.5,943.341279299686,70925.1,25191.5969111497,107068.56,56314.3214542745,0,0,148.802056232268,12.615630265844,337.198451603708,28.5794072448131,14636.5021501183,477.817027734455,507.609253045207,56.7703361962978,162,0,594,0,0,0,584,38.803471516211,585.666666666667,60.7133285375481,1752,116.410414548633,1757,182.139985612644,NaN,NaN,0.348006333333333,0.0361684423277524,13.0638313333333,3.02072831994619,12.715825,2.98607873071644,0.348006333333333,0.0361684423277524,-2.82047882047882,55.1995213232417,1,0,0.0190638480521298,0.0202621411455216,0.932123523421914,0.0199850386558584,2790,263.880444309329,1830.33333333333,269.186248659244,4.13339045089634,0.350434174051221,226422,13045.9999705185,90384,4949.81067236997,226422,13045.9999705185,78370,9245.09421122137,197942,22961.7620817183,87.2401362,0
sf_cf,fixed_packet,15,15,4,792,NaN,no_stable_q,NaN,NaN,0,1,0,NaN,NaN,NaN,NaN,NaN,NaN,NaN,NaN,NaN,NaN,NaN,NaN,NaN,NaN,NaN,NaN,NaN,NaN,NaN,NaN,NaN,NaN,NaN,NaN,NaN,NaN,NaN,NaN,NaN,NaN,NaN,NaN,NaN,NaN,NaN,NaN,NaN,NaN,NaN,NaN,NaN,NaN,NaN,NaN,NaN,NaN,NaN,NaN,NaN,NaN,NaN,NaN,NaN,NaN,NaN,NaN,NaN,NaN,NaN,NaN,NaN,NaN,NaN,NaN,NaN,NaN,NaN,NaN,NaN,NaN,NaN,NaN,NaN,NaN,NaN,NaN,NaN,NaN,NaN,NaN,NaN,NaN,NaN,NaN,NaN,NaN,0.4804612,0
sf_cb,fixed_packet,15,15,4,792,0.1,self_stable_fallback,0.1,0.1,1,1,1,584,38.803471516211,584,38.803471516211,0,0,0,0,7707.02275422306,3234.92977337462,1031.63806126637,1645.97592454889,6675.38469295669,1609.72417543786,7707.02275422306,3234.92977337462,5091,996.862983409609,24151.2,17422.379895013,37845.48,30526.5912595981,5091,996.862983409609,24151.2,17422.379895013,37845.48,30526.5912595981,294.258606623006,35.2484613658485,0,0,2655.68359967742,702.158582773973,2643.51549782999,875.620175959013,91.9269888262821,54.0470820477344,198,0,792,0,0,0,584,38.803471516211,587,46.5403051128804,2336,155.213886064844,2348,186.161220451521,NaN,NaN,0.464904,0.0368599216494012,4.526164,2.08689263548649,4.06126,2.0685936035373,0.464904,0.0368599216494012,-3.87347187347187,29.2276119234768,1,0,0.00418431752195276,0.0171912327437802,0.933346595326367,0.0111446621334462,1033.33333333333,191.412979640694,271,160.587543023607,1.46427772134486,0.272965060847143,29568,14401.7647636563,29568,14401.7647636563,64086,33800.1928169284,24882,13845.059346485,53988,32985.1449641758,2.4004502,0
sb_cf,fixed_packet,15,15,4,792,NaN,no_stable_q,NaN,NaN,0,1,0,NaN,NaN,NaN,NaN,NaN,NaN,NaN,NaN,NaN,NaN,NaN,NaN,NaN,NaN,NaN,NaN,NaN,NaN,NaN,NaN,NaN,NaN,NaN,NaN,NaN,NaN,NaN,NaN,NaN,NaN,NaN,NaN,NaN,NaN,NaN,NaN,NaN,NaN,NaN,NaN,NaN,NaN,NaN,NaN,NaN,NaN,NaN,NaN,NaN,NaN,NaN,NaN,NaN,NaN,NaN,NaN,NaN,NaN,NaN,NaN,NaN,NaN,NaN,NaN,NaN,NaN,NaN,NaN,NaN,NaN,NaN,NaN,NaN,NaN,NaN,NaN,NaN,NaN,NaN,NaN,NaN,NaN,NaN,NaN,NaN,NaN,14.3896145,0
sb_cb,fixed_packet,15,15,4,792,0.01,neighbor_stable,0.005,0.014142135623731,0,1,1,584,38.803471516211,584,38.803471516211,0,0,0,0,7447.6148789128,8793.48142467915,1174.0115624177,3366.91317959922,6273.6033164951,5442.07802213406,7447.6148789128,8793.48142467915,3651,1401.45001831894,27861.6,47527.1943926519,48414.9,70074.7595942086,3651,1401.45001831894,27861.6,47527.1943926519,48414.9,70074.7595942086,0,0,62.5465402762223,46.1582138268186,1494.09296394853,967.330865490839,3570.42605551263,4151.42612872314,156.537756757721,278.429523302581,198,0,792,0,0,0,584,38.803471516211,587.333333333333,45.8276841895446,2336,155.213886064844,2349.33333333333,183.310736758178,NaN,NaN,0.464776666666667,0.0368799040556099,4.394739,5.4432772478194,3.90118633333333,5.36171362501755,0.493552666666667,0.0836981818071196,-8.55357655357655,26.3186297986721,1,0,0.00319338595174218,0.0126673222053646,0.933608123630647,0.00937673519025365,1197.33333333333,752.559806333199,434.333333333333,771.349093796981,1.73740389656173,1.28217260630052,40476,55272.1663546713,38427,51276.923613169,40476,55272.1663546713,33828,58968.9824086162,35682,63286.9647387687,576.3002591,0
s7_clean,fixed_packet,15,15,4,792,0.3,neighbor_stable,0.1,0.5,0,1,1,584,38.803471516211,584,38.803471516211,0,0,0,0,2075.77405905343,772.544204427517,70.1742231912285,102.048111090598,2005.5998358622,671.560008932903,2075.77405905343,772.544204427517,1312.5,234.573508242578,5869.8,4007.9964693674,10836.42,9499.66394427144,1312.5,234.573508242578,5869.8,4007.9964693674,10836.42,9499.66394427144,0,0,46.950179379508,12.8749892268585,26.4646042605407,6.22206921043497,928.909245014369,594.686954275541,49.275807207786,57.9374515208633,162,0,792,0,0,0,584,38.803471516211,586.333333333333,44.59932415519,2336,155.213886064844,2345.33333333333,178.39729662076,NaN,NaN,0.464255666666667,0.035804777664854,1.22199166666667,0.540896407930364,0.757736,0.512076187177126,0.464255666666667,0.035804777664854,-1.42046142046142,7.71632806357071,1,0,0.00540481720603187,0.021015393113844,0.933872451241414,0.0104867763499862,915,266.243478311845,178.666666666667,217.831163873345,1.30417164943078,0.357638589634959,12936,14908.144088177,5712,5296.41696011413,12936,14908.144088177,4998,5165.31264970774,11424,14433.1753103211,41.0764156,0
s7_busy,fixed_packet,15,15,4,792,NaN,no_stable_q,NaN,NaN,0,1,0,NaN,NaN,NaN,NaN,NaN,NaN,NaN,NaN,NaN,NaN,NaN,NaN,NaN,NaN,NaN,NaN,NaN,NaN,NaN,NaN,NaN,NaN,NaN,NaN,NaN,NaN,NaN,NaN,NaN,NaN,NaN,NaN,NaN,NaN,NaN,NaN,NaN,NaN,NaN,NaN,NaN,NaN,NaN,NaN,NaN,NaN,NaN,NaN,NaN,NaN,NaN,NaN,NaN,NaN,NaN,NaN,NaN,NaN,NaN,NaN,NaN,NaN,NaN,NaN,NaN,NaN,NaN,NaN,NaN,NaN,NaN,NaN,NaN,NaN,NaN,NaN,NaN,NaN,NaN,NaN,NaN,NaN,NaN,NaN,NaN,NaN,63.090171,0
sf_cf,fixed_packet,15,15,5,990,NaN,no_stable_q,NaN,NaN,0,1,0,NaN,NaN,NaN,NaN,NaN,NaN,NaN,NaN,NaN,NaN,NaN,NaN,NaN,NaN,NaN,NaN,NaN,NaN,NaN,NaN,NaN,NaN,NaN,NaN,NaN,NaN,NaN,NaN,NaN,NaN,NaN,NaN,NaN,NaN,NaN,NaN,NaN,NaN,NaN,NaN,NaN,NaN,NaN,NaN,NaN,NaN,NaN,NaN,NaN,NaN,NaN,NaN,NaN,NaN,NaN,NaN,NaN,NaN,NaN,NaN,NaN,NaN,NaN,NaN,NaN,NaN,NaN,NaN,NaN,NaN,NaN,NaN,NaN,NaN,NaN,NaN,NaN,NaN,NaN,NaN,NaN,NaN,NaN,NaN,NaN,NaN,0.3953986,0
sf_cb,fixed_packet,15,15,5,990,0.0875,neighbor_stable,0.05,0.1,0,1,1,584,38.803471516211,584,38.803471516211,0,0,0,0,15021.3977024929,9872.14487930406,3154.93143418475,5058.97148451579,11866.4662683081,4850.36631034435,15021.3977024929,9872.14487930406,9354,3804.56456621011,48409.5,43925.468955896,77643.9,73465.971702966,9354,3804.56456621011,48409.5,43925.468955896,77643.9,73465.971702966,364.625033522118,14.964558635572,0,0,4007.69380643895,1575.86920793685,6121.97576109679,3154.65456003273,184.171667250289,148.806711375043,198,0,990,0,0,0,584,38.803471516211,591,43.5256089271435,2920,194.017357581055,2955,217.628044635717,NaN,NaN,0.585018,0.0422522706341752,8.93548066666667,6.43171891681942,8.35046266666667,6.39650652482202,0.585018,0.0422522706341752,-13.6508496508497,60.1604585778269,1,0,0.0143165174208152,0.0281076584501532,0.934576688508884,0.00869235585371061,1355.33333333333,542.693603775047,545,463.576305965902,1.93015993560752,0.751549047348701,56034,40904.2421271926,56034,40904.2421271926,127842,102188.818292414,47982,38698.8336377607,110088,97634.9936856657,2.2631043,0
sb_cf,fixed_packet,15,15,5,990,NaN,no_stable_q,NaN,NaN,0,1,0,NaN,NaN,NaN,NaN,NaN,NaN,NaN,NaN,NaN,NaN,NaN,NaN,NaN,NaN,NaN,NaN,NaN,NaN,NaN,NaN,NaN,NaN,NaN,NaN,NaN,NaN,NaN,NaN,NaN,NaN,NaN,NaN,NaN,NaN,NaN,NaN,NaN,NaN,NaN,NaN,NaN,NaN,NaN,NaN,NaN,NaN,NaN,NaN,NaN,NaN,NaN,NaN,NaN,NaN,NaN,NaN,NaN,NaN,NaN,NaN,NaN,NaN,NaN,NaN,NaN,NaN,NaN,NaN,NaN,NaN,NaN,NaN,NaN,NaN,NaN,NaN,NaN,NaN,NaN,NaN,NaN,NaN,NaN,NaN,NaN,NaN,14.3930195,0
sb_cb,fixed_packet,15,15,5,990,0.00447213595499958,neighbor_stable,0.002,0.005,0,1,1,584,38.803471516211,584,38.803471516211,0,0,0,0,16388.6950021416,13883.686322381,3987.56382219434,8652.85737196139,12401.1311799472,5233.80404329293,16388.6950021416,13883.686322381,9540,4221.80519628566,56369.7,66220.9218009744,89185.6199999997,119124.652248919,9540,4221.80519628566,56369.7,66220.9218009744,89185.6199999997,119124.652248919,0,0,55.1710643344919,12.3104365709186,3049.48354287069,835.140800345636,7987.06861851009,4376.64583854003,121.407954231938,90.3781708710616,198,0,990,0,0,0,584,38.803471516211,591.666666666667,50.9904186296091,2920,194.017357581055,2958.33333333333,254.952093148046,NaN,NaN,0.585591333333333,0.0503312934491267,9.86231,9.11070554891375,9.24845333333333,9.05469085048359,0.613856666666667,0.060755441731491,-7.39130739130739,63.5694849225434,1,0,0.0236417206333572,0.037379141326078,0.934432023259475,0.00789442547342063,1088,273.920538730599,311,203.880977512501,1.532529564847,0.341956571414406,40338,35979.2380130541,38991,34780.1717782284,40338,35979.2380130541,32261.3333333333,30609.7729286047,33419.3333333333,31704.3723074185,451.7190855,0
s7_clean,fixed_packet,15,15,5,990,0.2,neighbor_stable,0.1,0.3,0,1,1,584,38.803471516211,584,38.803471516211,0,0,0,0,3467.28171385327,2314.0463207678,301.340378464716,916.760555346955,3165.94133538855,1401.71119825959,3467.28171385327,2314.0463207678,1953,226.073592510866,11445,12987.6968347266,24090.24,31940.4083995699,1953,226.073592510866,11445,12987.6968347266,24090.24,31940.4083995699,0,0,49.9821698505444,16.2629425515941,49.9771218174487,11.051207541279,1851.06227939311,1301.95167772233,62.9197643274498,73.1832414821735,162,0,990,0,0,0,584,38.803471516211,586.666666666667,45.5575776078236,2920,194.017357581055,2933.33333333333,227.787888039118,NaN,NaN,0.580619666666667,0.0453011197500017,2.041015,1.48592684227511,1.46039533333333,1.45327349421109,0.580619666666667,0.0453011197500017,-3.89153189153189,17.742052677629,1,0,0.00405737515058098,0.0158046107820509,0.933774729498437,0.0100904957151698,965,318.289686899096,228,274.977326182596,1.38839360695957,0.451748404210948,16086,18205.497897402,7203,7435.5665450693,16086,18205.497897402,6426,7091.05235761671,14385,17413.3522906992,44.9174166,0
s7_busy,fixed_packet,15,15,5,990,NaN,no_stable_q,NaN,NaN,0,1,0,NaN,NaN,NaN,NaN,NaN,NaN,NaN,NaN,NaN,NaN,NaN,NaN,NaN,NaN,NaN,NaN,NaN,NaN,NaN,NaN,NaN,NaN,NaN,NaN,NaN,NaN,NaN,NaN,NaN,NaN,NaN,NaN,NaN,NaN,NaN,NaN,NaN,NaN,NaN,NaN,NaN,NaN,NaN,NaN,NaN,NaN,NaN,NaN,NaN,NaN,NaN,NaN,NaN,NaN,NaN,NaN,NaN,NaN,NaN,NaN,NaN,NaN,NaN,NaN,NaN,NaN,NaN,NaN,NaN,NaN,NaN,NaN,NaN,NaN,NaN,NaN,NaN,NaN,NaN,NaN,NaN,NaN,NaN,NaN,NaN,NaN,52.9246777,0
sf_cf,fixed_packet,15,15,6,1188,NaN,no_stable_q,NaN,NaN,0,1,0,NaN,NaN,NaN,NaN,NaN,NaN,NaN,NaN,NaN,NaN,NaN,NaN,NaN,NaN,NaN,NaN,NaN,NaN,NaN,NaN,NaN,NaN,NaN,NaN,NaN,NaN,NaN,NaN,NaN,NaN,NaN,NaN,NaN,NaN,NaN,NaN,NaN,NaN,NaN,NaN,NaN,NaN,NaN,NaN,NaN,NaN,NaN,NaN,NaN,NaN,NaN,NaN,NaN,NaN,NaN,NaN,NaN,NaN,NaN,NaN,NaN,NaN,NaN,NaN,NaN,NaN,NaN,NaN,NaN,NaN,NaN,NaN,NaN,NaN,NaN,NaN,NaN,NaN,NaN,NaN,NaN,NaN,NaN,NaN,NaN,NaN,0.3662355,0
sf_cb,fixed_packet,15,15,6,1188,NaN,no_stable_q,NaN,NaN,0,1,0,NaN,NaN,NaN,NaN,NaN,NaN,NaN,NaN,NaN,NaN,NaN,NaN,NaN,NaN,NaN,NaN,NaN,NaN,NaN,NaN,NaN,NaN,NaN,NaN,NaN,NaN,NaN,NaN,NaN,NaN,NaN,NaN,NaN,NaN,NaN,NaN,NaN,NaN,NaN,NaN,NaN,NaN,NaN,NaN,NaN,NaN,NaN,NaN,NaN,NaN,NaN,NaN,NaN,NaN,NaN,NaN,NaN,NaN,NaN,NaN,NaN,NaN,NaN,NaN,NaN,NaN,NaN,NaN,NaN,NaN,NaN,NaN,NaN,NaN,NaN,NaN,NaN,NaN,NaN,NaN,NaN,NaN,NaN,NaN,NaN,NaN,1.0579527,0
sb_cf,fixed_packet,15,15,6,1188,NaN,no_stable_q,NaN,NaN,0,1,0,NaN,NaN,NaN,NaN,NaN,NaN,NaN,NaN,NaN,NaN,NaN,NaN,NaN,NaN,NaN,NaN,NaN,NaN,NaN,NaN,NaN,NaN,NaN,NaN,NaN,NaN,NaN,NaN,NaN,NaN,NaN,NaN,NaN,NaN,NaN,NaN,NaN,NaN,NaN,NaN,NaN,NaN,NaN,NaN,NaN,NaN,NaN,NaN,NaN,NaN,NaN,NaN,NaN,NaN,NaN,NaN,NaN,NaN,NaN,NaN,NaN,NaN,NaN,NaN,NaN,NaN,NaN,NaN,NaN,NaN,NaN,NaN,NaN,NaN,NaN,NaN,NaN,NaN,NaN,NaN,NaN,NaN,NaN,NaN,NaN,NaN,14.0529596,0
sb_cb,fixed_packet,15,15,6,1188,NaN,no_stable_q,NaN,NaN,0,1,0,NaN,NaN,NaN,NaN,NaN,NaN,NaN,NaN,NaN,NaN,NaN,NaN,NaN,NaN,NaN,NaN,NaN,NaN,NaN,NaN,NaN,NaN,NaN,NaN,NaN,NaN,NaN,NaN,NaN,NaN,NaN,NaN,NaN,NaN,NaN,NaN,NaN,NaN,NaN,NaN,NaN,NaN,NaN,NaN,NaN,NaN,NaN,NaN,NaN,NaN,NaN,NaN,NaN,NaN,NaN,NaN,NaN,NaN,NaN,NaN,NaN,NaN,NaN,NaN,NaN,NaN,NaN,NaN,NaN,NaN,NaN,NaN,NaN,NaN,NaN,NaN,NaN,NaN,NaN,NaN,NaN,NaN,NaN,NaN,NaN,NaN,407.5119465,0
s7_clean,fixed_packet,15,15,6,1188,0.1,neighbor_stable,0.05,0.1625,0,1,1,584,38.803471516211,584,38.803471516211,0,0,0,0,6438.32390680513,5578.36372641808,881.227810709039,2301.5992641691,5557.0960960961,3277.10591325958,6438.32390680513,5578.36372641808,3142.5,1274.96719414809,23361.3,28937.9284506843,42392.5199999999,66755.0660816317,3142.5,1274.96719414809,23361.3,28937.9284506843,42392.5199999999,66755.0660816317,0,0,47.3093411432634,13.3225150645117,107.603500685877,24.6340517080519,4001.29121912227,3180.09331684152,50.8920351446853,59.9513177903027,162,0,1188,0,0,0,584,38.803471516211,587.666666666667,48.5732037789986,3504,232.820829097266,3526,291.439222673991,NaN,NaN,0.698070333333333,0.0566754727233567,3.806504,3.56538724181756,3.10843366666667,3.52635651485062,0.698070333333333,0.0566754727233567,-5.84021384021384,34.4033715393721,1,0,0.00656120181280355,0.027072043474687,0.933946275339724,0.0107873614976667,935.666666666667,292.773659939578,184,223.461960662767,1.31414836509065,0.370069862903103,14238,16820.0006905698,6531,6883.06507082642,14238,16820.0006905698,5355,5944.96610587478,11697,14521.9922187006,51.4338755,0
s7_busy,fixed_packet,15,15,6,1188,NaN,no_stable_q,NaN,NaN,0,1,0,NaN,NaN,NaN,NaN,NaN,NaN,NaN,NaN,NaN,NaN,NaN,NaN,NaN,NaN,NaN,NaN,NaN,NaN,NaN,NaN,NaN,NaN,NaN,NaN,NaN,NaN,NaN,NaN,NaN,NaN,NaN,NaN,NaN,NaN,NaN,NaN,NaN,NaN,NaN,NaN,NaN,NaN,NaN,NaN,NaN,NaN,NaN,NaN,NaN,NaN,NaN,NaN,NaN,NaN,NaN,NaN,NaN,NaN,NaN,NaN,NaN,NaN,NaN,NaN,NaN,NaN,NaN,NaN,NaN,NaN,NaN,NaN,NaN,NaN,NaN,NaN,NaN,NaN,NaN,NaN,NaN,NaN,NaN,NaN,NaN,NaN,50.6609858,0
sf_cf,fixed_payload,5,5,1,198,0.6,neighbor_stable,0.2,0.8,0,1,1,203.666666666667,31.2580473968789,203.666666666667,31.2580473968789,0,0,0,0,486.445662898663,182.756471997053,1.48514851485149,6.3900783115091,484.960514383812,176.420811134907,486.445662898663,182.756471997053,372,12.9079581892484,1107.45,734.51527894251,2388.38999999999,4606.45410863594,372,12.9079581892484,1107.45,734.51527894251,2388.38999999999,4606.45410863594,94.2034508030296,13.9236871176697,0,0,155.002093124059,51.8473729183453,0,0,37.7549704567231,112.820954148323,0,0,198,0,0,0,203.666666666667,31.2580473968789,203.666666666667,31.2580473968789,203.666666666667,31.2580473968789,203.666666666667,31.2580473968789,NaN,NaN,0.040326,0.00618909338458201,0.099081,0.0394943086240575,0.051099,0.0172042165269939,0.047982,0.0231348207886527,-0.00686400686400686,0.184726163934454,1,0,1.02381851855206e-16,2.22478151178794e-16,0.862691051918784,0.0566646134417911,291.333333333333,105.461325461475,38.6666666666667,114.844922070399,1.19068166897335,0.569802798728902,3960,8519.25240490393,3960,8519.25240490393,8844,21014.1559320964,3366,9384.07672602904,7656,22739.2945699391,1.1372854,0
sf_cb,fixed_payload,5,5,1,198,0.5,neighbor_stable,0.2,0.6,0,1,1,203.666666666667,31.2580473968789,203.666666666667,31.2580473968789,0,0,0,0,736.224902472966,51.9831754283507,2.01906339827531,5.28855954331684,734.205839074691,47.6665724509946,736.224902472966,51.9831754283507,625.5,51.2268709535562,1396.8,130.536414017758,2439.86999999999,1275.46454507306,625.5,51.2268709535562,1396.8,130.536414017758,2439.86999999999,1275.46454507306,100.745356059223,12.557500976121,0,0,207.125333645116,16.7679162349946,13.526014338185,5.1939354372226,16.8091350321668,23.6899444254169,198,0,198,0,0,0,203.666666666667,31.2580473968789,204.333333333333,29.94734219999,203.666666666667,31.2580473968789,204.333333333333,29.94734219999,NaN,NaN,0.0404446666666667,0.00595568653255643,0.150217666666667,0.0323925985717095,0.109773,0.026498573166232,0.0404446666666667,0.00595568653255643,0.00420400420400416,0.300243310547485,1,0,0.000826983820273871,0.00178520939276286,0.861229899134252,0.0527140328421364,267,68.6179812470998,17.6666666666667,26.5620812351773,1.08489462137458,0.119646183966752,1980,3443.01486848596,1980,3443.01486848596,4026,7133.3726191106,1716,2524.02572216565,3498,5259.29208456511,1.4432036,0
sb_cf,fixed_payload,5,5,1,198,0.02,self_stable_fallback,0.02,0.0316227766016838,1,1,1,203.666666666667,31.2580473968789,203.666666666667,31.2580473968789,0,0,0,0,766.476333297212,102.84868648849,0.732982673267327,1.604480801227,765.743350623945,102.576047018254,766.476333297212,102.84868648849,586.5,86.829408346747,1879.05,397.949964481423,2931.9,1391.68787674425,586.5,86.829408346747,1879.05,397.949964481423,2931.9,1391.68787674425,0,0,40.7946770771547,4.53128280504207,497.99114557193,86.1684371379209,2.58680405050874,3.35625355396635,26.370723924351,24.9220554277314,0,0,198,0,0,0,203.666666666667,31.2580473968789,204,31.1261563132618,203.666666666667,31.2580473968789,204,31.1261563132618,NaN,NaN,0.040392,0.00616297895002583,0.156128333333333,0.0243203716406789,0.110324333333333,0.0154100385670567,0.045804,0.0105070779660482,0.00790760858510299,0.151777122290586,1,0,0.00107779403923171,0.00463737346500802,0.862368199200461,0.0564311261737092,278,51.6318327569935,27.3333333333333,28.576582766683,1.13318547436541,0.125868966806724,6204,4674.81981553218,4434,3170.18507103534,6204,4674.81981553218,3774,3905.82529445048,5412,5658.16338780323,18.2348759,0
sb_cb,fixed_payload,5,5,1,198,0.4,neighbor_stable,0.2,0.8,0,1,1,203.666666666667,31.2580473968789,203.666666666667,31.2580473968789,0,0,0,0,486.342891648036,23.6642368645594,1.00921658986175,4.34230851527711,485.333675058174,20.5555676868834,486.342891648036,23.6642368645594,441,0,673.799999999999,382.598500137799,1580.48999999999,523.316882277772,441,0,673.799999999999,382.598500137799,1580.48999999999,523.316882277772,0,0,39.0912533649678,2.92913441066182,16.0520479251266,1.08518142055064,19.8929640803942,4.26444407428314,14.2974096876854,12.6007686764187,198,0,198,0,0,0,203.666666666667,31.2580473968789,203.666666666667,31.2580473968789,203.666666666667,31.2580473968789,203.666666666667,31.2580473968789,NaN,NaN,0.040326,0.00618909338458201,0.099087,0.0180257914581387,0.058563,0.0121420395004616,0.040524,0.00601061952521727,-0.00375200375200377,0.140068669277292,1,0,4.30912257738234e-17,1.85406580203991e-16,0.862691051918784,0.0566646134417911,264.666666666667,50.4428818614116,17.6666666666667,18.9729151679838,1.08586814902688,0.0813648447406061,504,658.685404072734,420,632.489951273171,504,658.685404072734,414,619.985235556212,498,645.397909462419,30.8675758,0
s7_clean,fixed_payload,5,5,1,198,0.75,neighbor_stable,0.5,0.875,0,1,1,203.666666666667,31.2580473968789,203.666666666667,31.2580473968789,0,0,0,0,419.377464553771,13.2798494066831,0.400921658986175,1.72502667045255,418.976542894785,11.6805677523713,419.377464553771,13.2798494066831,396,0,521.55,285.08987044574,893.009999999998,321.403208231555,396,0,521.55,285.08987044574,893.009999999998,321.403208231555,0,0,36.4506091162112,1.25283476463372,3.24113060067527,0.408058584646989,17.2570621549482,4.83064347510595,2.02774102295022,5.63775644085173,162,0,198,0,0,0,203.666666666667,31.2580473968789,203.666666666667,31.2580473968789,203.666666666667,31.2580473968789,203.666666666667,31.2580473968789,NaN,NaN,0.040326,0.00618909338458201,0.085458,0.015848907038269,0.045132,0.0096608198648737,0.040326,0.00618909338458201,0.00259200259200261,0.201309018171225,1,0,0,0,0.862691051918784,0.0566646134417911,249.333333333333,40.3879336582745,2.66666666666667,7.58916606719352,1.01251691989475,0.0348009656842701,168,478.117462233192,84,239.058731116596,168,478.117462233192,84,239.058731116596,168,478.117462233192,17.9270109,0
s7_busy,fixed_payload,5,5,1,198,0.6,neighbor_stable,0.2,0.8,0,1,1,203.666666666667,31.2580473968789,203.666666666667,31.2580473968789,0,0,0,0,1316.48599617306,297.148584278575,7.06659784642059,22.6761380741985,1309.41939832664,274.4947014082,1316.48599617306,297.148584278575,991.5,161.349477365605,3583.65,1063.99928227998,4938.96,2062.45306108265,991.5,161.349477365605,3583.65,1063.99928227998,4938.96,2062.45306108265,0,0,73.4916759821143,16.7069634649181,12.5127305573299,3.94577576598103,694.702449867683,188.472215620738,168.712541919515,75.1813355921315,162,0,198,0,0,0,203.666666666667,31.2580473968789,203,32.5791606614061,203.666666666667,31.2580473968789,203,32.5791606614061,NaN,NaN,0.040194,0.0064506738109584,0.265745333333333,0.0666152007691185,0.225551333333333,0.062870581272245,0.040194,0.0064506738109584,-0.0465800465800467,1.30996676505687,1,0,0.0085604055278805,0.0279501696815749,0.863890249656799,0.0644612921876694,500.666666666667,132.414870787604,212.666666666667,107.144788478048,2.04143544394762,0.464082318469948,124236,5116.87808967688,56595,2344.02976484121,124236,5116.87808967688,47145,4438.47983331785,103467,9088.27510925689,134.6341271,0
sf_cf,fixed_payload,5,2.5,2,396,0.6,neighbor_stable,0.2,0.8,0,1,1,102.333333333333,27.4756561507033,102.333333333333,27.4756561507033,0,0,0,0,900.636115957133,116.847087381195,2.91089108910891,12.5245534905578,897.725224868025,105.413772135891,900.636115957133,116.847087381195,742.5,140.067703409678,1854.3,528.739652381016,2712.03,1497.3822193877,742.5,140.067703409678,1854.3,528.739652381016,2712.03,1497.3822193877,200.553962661712,33.7748924965539,0,0,274.30790493237,103.254575597203,0,0,26.8633572739425,43.2540146328003,0,0,396,0,0,0,102.333333333333,27.4756561507033,102.666666666667,27.3631273932776,204.666666666667,54.9513123014066,205.333333333333,54.7262547865552,NaN,NaN,0.0406493333333333,0.0108373397730313,0.0921233333333333,0.0213426224056697,0.048834,0.0133443131016117,0.0432893333333333,0.00818318449844633,-0.0150920150920151,0.0859504920347641,1,0,0.00130017877458151,0.00559421775361544,0.737703447158424,0.128145219574004,126.333333333333,22.5404985320661,6.66666666666667,10.3422900250845,1.06783676079278,0.109227309678789,1452,2271.80064130772,1452,2271.80064130772,2904,4543.60128261543,1320,2047.77342496674,2640,4095.54684993347,0.8618387,0
sf_cb,fixed_payload,5,2.5,2,396,0.6,neighbor_stable,0.2,0.8,0,1,1,102.333333333333,27.4756561507033,102.333333333333,27.4756561507033,0,0,0,0,853.53414935315,131.285583366716,0,0,853.53414935315,131.285583366716,853.53414935315,131.285583366716,757.5,52.828095671789,1401.3,274.429991072404,2090.58,1005.12661677713,757.5,52.828095671789,1401.3,274.429991072404,2090.58,1005.12661677713,113.9974227972,26.5304938761435,0,0,129.312991367787,92.4206805000081,9.98715363527199,12.509169363502,6.23658155289213,14.6894872971345,198,0,396,0,0,0,102.333333333333,27.4756561507033,102.333333333333,27.4756561507033,204.666666666667,54.9513123014066,204.666666666667,54.9513123014066,NaN,NaN,0.040524,0.0108803598356785,0.087642,0.0342993062073811,0.047118,0.02384596715783,0.040524,0.0108803598356785,-0.0490360490360491,0.093628417565579,1,0,6.34323264260354e-17,2.7292727245134e-16,0.734953694438344,0.123173153661714,122.333333333333,35.3353490797373,3.33333333333333,7.58916606719352,1.03149788663077,0.0741893297835078,330,751.327440652158,330,751.327440652158,660,1502.65488130432,330,751.327440652158,660,1502.65488130432,0.9519454,0
sb_cf,fixed_payload,5,2.5,2,396,0.01,neighbor_stable,0.005,0.014142135623731,0,1,1,102.333333333333,27.4756561507033,102.333333333333,27.4756561507033,0,0,0,0,1628.17129052722,595.275098435893,2.94059405940594,12.652355056788,1625.23069646782,604.681073323287,1628.17129052722,595.275098435893,1099.5,448.586369352916,4798.2,3939.59765458352,7669.11,2125.99651037054,1099.5,448.586369352916,4798.2,3939.59765458352,7669.11,2125.99651037054,0,0,46.6781158665066,9.92402027134164,1057.67225343816,456.112390579677,7.42105263157895,31.9302123628776,117.459274531572,109.164222984758,0,0,396,0,0,0,102.333333333333,27.4756561507033,102.333333333333,27.4756561507033,204.666666666667,54.9513123014066,204.666666666667,54.9513123014066,NaN,NaN,0.040524,0.0108803598356785,0.167937,0.102704287041823,0.115137,0.0783635401691765,0.0528,0.0245995205957039,-0.0017723873261713,0.780442387596041,1,0,1.07234505621175e-16,2.44138283491825e-16,0.734953694438344,0.123173153661714,150,58.5751033720192,31,36.7618810377801,1.29661432962518,0.27566722975949,12276,14557.7048909609,8874,9191.76237391184,12276,14557.7048909609,8874,9191.76237391184,12276,14557.7048909609,9.579204,0
sb_cb,fixed_payload,5,2.5,2,396,0.8,neighbor_stable,0.2,1,0,1,1,102.333333333333,27.4756561507033,102.333333333333,27.4756561507033,0,0,0,0,686.801164555815,141.977011016855,2.31578947368421,9.96403790047244,684.485375082131,132.018349712459,686.801164555815,141.977011016855,630,0,951.15,546.560583945711,1842.66,3006.29500873903,630,0,951.15,546.560583945711,1842.66,3006.29500873903,0,0,39.3018782427442,12.5982771197615,3.08230056415253,1.62369073589262,32.3786279085574,54.4678518679254,15.7225683666765,63.6656726746719,198,0,396,0,0,0,102.333333333333,27.4756561507033,102.333333333333,27.4756561507033,204.666666666667,54.9513123014066,204.666666666667,54.9513123014066,NaN,NaN,0.040524,0.0108803598356785,0.070662,0.0333160852280558,0.030006,0.02222720041543,0.040656,0.0114015198986802,-0.025992025992026,0.0365039370078558,1,0,3.83461758452824e-17,1.64990278176157e-16,0.734953694438344,0.123173153661714,129.333333333333,63.1544482240509,10.3333333333333,40.1580921443283,1.09171884007623,0.349952142215598,312,1264.97990254634,258,1032.63665513987,312,1264.97990254634,258,1032.63665513987,312,1264.97990254634,22.2843537,0
s7_clean,fixed_payload,5,2.5,2,396,0.875,neighbor_stable,0.5,1,0,1,1,102.333333333333,27.4756561507033,102.333333333333,27.4756561507033,0,0,0,0,619.62846364728,30.1263851915507,0,0,619.62846364728,30.1263851915507,619.62846364728,30.1263851915507,594,0,812.85,297.17963293397,1082.55,95.3898110185471,594,0,812.85,297.17963293397,1082.55,95.3898110185471,0,0,36,0,0.643320796610554,0.235955507391946,24.9851428506695,29.9632700299689,0,0,162,0,396,0,0,0,102.333333333333,27.4756561507033,102.333333333333,27.4756561507033,204.666666666667,54.9513123014066,204.666666666667,54.9513123014066,NaN,NaN,0.040524,0.0108803598356785,0.063486,0.0199053145705825,0.022962,0.00910969947152695,0.040524,0.0108803598356785,-0.0266480266480267,0.0657809277222522,1,0,7.84065471049648e-17,1.69179057004408e-16,0.734953694438344,0.123173153661714,119,28.648473654543,0,0,1,0,0,0,0,0,0,0,0,0,0,0,11.4435284,0
s7_busy,fixed_payload,5,2.5,2,396,0.5,neighbor_stable,0.2,0.8,0,1,1,102.333333333333,27.4756561507033,102.333333333333,27.4756561507033,0,0,0,0,1777.5052790176,419.3179466524,9.3421052631579,40.1958347121331,1768.16317375445,423.358963951953,1777.5052790176,419.3179466524,1303.5,477.725258989854,4209.45,1781.48634432039,6194.19,724.780266128444,1303.5,477.725258989854,4209.45,1781.48634432039,6194.19,724.780266128444,0,0,63.4458844053742,10.5917065031851,16.3946518793756,5.80520111356639,1006.81615764551,360.262401233463,123.506479824184,47.6626792643329,162,0,396,0,0,0,102.333333333333,27.4756561507033,102.666666666667,27.3631273932776,204.666666666667,54.9513123014066,205.333333333333,54.7262547865552,NaN,NaN,0.040656,0.0108357984477379,0.182384333333333,0.0442445249850306,0.141728333333333,0.0380208756177543,0.040656,0.0108357984477379,-0.00166400166400176,0.141289499376062,1,0,0.00633237655676778,0.027246017277778,0.737703447158424,0.128145219574004,210.333333333333,47.2204021770927,77.6666666666667,28.2508099372082,1.76238567792706,0.294214069532919,77238,7668.53311617327,35721,3996.13374689548,77238,7668.53311617327,29946,4560.94990106227,64827,9445.9534926134,77.2114809,0
sf_cf,fixed_payload,5,1.66666666666667,3,594,0.75,neighbor_stable,0.5,0.875,0,1,1,63.3333333333333,12.2539603459267,63.3333333333333,12.2539603459267,0,0,0,0,1073.28638631504,129.417762971624,0,0,1073.28638631504,129.417762971624,1073.28638631504,129.417762971624,975,93.0806102257607,1918.2,260.234649292342,2406.75,629.164827113628,975,93.0806102257607,1918.2,260.234649292342,2406.75,629.164827113628,289.685744832502,42.6378171669128,0,0,176.508838203849,76.4978291530972,0,0,13.0918032786885,28.1676269440143,0,0,594,0,0,0,63.3333333333333,12.2539603459267,63.3333333333333,12.2539603459267,190,36.7618810377801,190,36.7618810377801,NaN,NaN,0.03762,0.00727885244548046,0.067833,0.00750147853118609,0.029421,0.00451798820102656,0.038412,0.00558644739181696,-0.0758560758560759,0.291109423239344,1,0,7.13481594989124e-17,3.06986353230595e-16,0.667028065203248,0.0818541892253687,74.6666666666667,13.6815636966388,1.33333333333333,2.86843515316631,1.02204007285975,0.0474202473804956,396,851.925240490393,396,851.925240490393,792,1703.85048098079,396,851.925240490393,792,1703.85048098079,0.6818737,0
sf_cb,fixed_payload,5,1.66666666666667,3,594,0.75,neighbor_stable,0.5,0.875,0,1,1,63.3333333333333,12.2539603459267,63.3333333333333,12.2539603459267,0,0,0,0,993.574411974341,17.3027572722951,0,0,993.574411974341,17.3027572722951,993.574411974341,17.3027572722951,936,22.357239405753,1384.8,170.986602039232,1967.91,314.434072801379,936,22.357239405753,1384.8,170.986602039232,1967.91,314.434072801379,105.955167498218,15.3512007313919,0,0,77.4939415538133,32.6537273196436,15.9613684960798,15.8231359465636,2.16393442622951,9.31065836601523,198,0,594,0,0,0,63.3333333333333,12.2539603459267,63.3333333333333,12.2539603459267,190,36.7618810377801,190,36.7618810377801,NaN,NaN,0.03762,0.00727885244548046,0.062949,0.013302357043888,0.025329,0.00602453280665493,0.03762,0.00727885244548046,-0.0551640551640552,0.213157355658808,1,0,0,0,0.667028065203248,0.0818541892253687,74,13.8310934238456,0.666666666666667,2.86843515316631,1.01092896174863,0.0470235271010871,66,283.975080163464,66,283.975080163464,132,567.950160326929,66,283.975080163464,132,567.950160326929,0.9233034,0
sb_cf,fixed_payload,5,1.66666666666667,3,594,0.0149534878122122,neighbor_stable,0.01,0.02,0,1,0.666666666666667,63.3333333333333,12.2539603459267,58.6666666666667,29.0052554428476,4.66666666666667,20.0790460721642,4.66666666666667,20.0790460721642,NaN,NaN,NaN,NaN,NaN,NaN,1636.84105488239,1224.08689946233,NaN,NaN,NaN,NaN,NaN,NaN,1125,235.548133248648,4261.8,6130.96259589858,11193.87,27912.4727813083,NaN,NaN,NaN,NaN,NaN,NaN,NaN,NaN,NaN,NaN,NaN,NaN,NaN,NaN,NaN,NaN,63.3333333333333,12.2539603459267,58.6666666666667,29.0052554428476,190,36.7618810377801,176,87.0157663285429,NaN,NaN,0.034848,0.0172291217330515,0.599225,2.07091607394967,0.34083,1.21486293553097,0.258395,0.856191089732294,8.1705844493778,35.6977897211777,0.922222222222222,0.334650767869402,NaN,NaN,0.646179469354652,0.0706390791108214,3285.66666666667,13668.3544607176,25.6666666666667,80.3545916476488,1.39154193395106,1.12192037088489,1910499,8129584.97248502,403719,1674056.13724951,1910499,8129584.97248502,70531,241828.634273666,223547,872059.673289738,12.7659399,0
sb_cb,fixed_payload,5,1.66666666666667,3,594,0.8,neighbor_stable,0.2,1,0,1,1,63.3333333333333,12.2539603459267,63.3333333333333,12.2539603459267,0,0,0,0,890.598823948681,80.4262815883391,0,0,890.598823948681,80.4262815883391,890.598823948681,80.4262815883391,828,0,1096.35,539.479692709702,2621.76,3165.78339727249,828,0,1096.35,539.479692709702,2621.76,3165.78339727249,0,0,41.2,15.2971255888827,2.81813970064148,1.4649968928537,26.1154668567356,12.1755421521155,28.4652173913043,73.0028816220455,198,0,594,0,0,0,63.3333333333333,12.2539603459267,63.3333333333333,12.2539603459267,190,36.7618810377801,190,36.7618810377801,NaN,NaN,0.03762,0.00727885244548046,0.05649,0.0155020386202788,0.018672,0.00873679991582906,0.037818,0.00681540192392315,-0.0468960468960469,0.192862818701882,1,0,4.32580492366744e-17,1.86124363631814e-16,0.667028065203248,0.0818541892253687,83,45.5349964031611,9.66666666666667,29.63664090835,1.14444444444444,0.424920155246743,366,855.827804391298,294,787.702794401347,366,855.827804391298,294,787.702794401347,366,855.827804391298,17.6463006,0
s7_clean,fixed_payload,5,1.66666666666667,3,594,0.875,neighbor_stable,0.5,1,0,1,1,63.3333333333333,12.2539603459267,63.3333333333333,12.2539603459267,0,0,0,0,819.9505702067,7.95875574075342,0,0,819.9505702067,7.95875574075342,819.9505702067,7.95875574075342,792,0,921.15,250.677898599286,1596.12,545.607452591219,792,0,921.15,250.677898599286,1596.12,545.607452591219,0,0,36.3478260869565,1.49657486252155,1.19697077690663,0.611438493314446,24.8405559515324,13.4958420637898,1.56521739130435,6.73458688134698,162,0,594,0,0,0,63.3333333333333,12.2539603459267,63.3333333333333,12.2539603459267,190,36.7618810377801,190,36.7618810377801,NaN,NaN,0.03762,0.00727885244548046,0.051924,0.0097513024692168,0.014304,0.00249484486954137,0.03762,0.00727885244548046,-0.0434280434280434,0.169856064420115,1,0,0,0,0.667028065203248,0.0818541892253687,74,18.7548284381273,0.666666666666667,2.86843515316631,1.00966183574879,0.0415715239589319,42,180.711414649477,21,90.3557073247387,42,180.711414649477,21,90.3557073247387,42,180.711414649477,10.242927,0
s7_busy,fixed_payload,5,1.66666666666667,3,594,0.6,neighbor_stable,0.2,0.8,0,1,1,63.3333333333333,12.2539603459267,63.3333333333333,12.2539603459267,0,0,0,0,2064.29066286529,224.441578965248,0,0,2064.29066286529,224.441578965248,2064.29066286529,224.441578965248,1579.5,228.273873972607,4662.45,756.88171339841,7645.35,2236.77737045956,1579.5,228.273873972607,4662.45,756.88171339841,7645.35,2236.77737045956,0,0,62.0329294369209,4.78158435481255,9.36600142551675,4.06848488126137,1119.74354953671,203.782553670732,117.148182466144,21.5171295966565,162,0,594,0,0,0,63.3333333333333,12.2539603459267,63.3333333333333,12.2539603459267,190,36.7618810377801,190,36.7618810377801,NaN,NaN,0.03762,0.00727885244548046,0.130596,0.0218502109688811,0.092976,0.0162219503143118,0.03762,0.00727885244548046,-0.121380121380121,0.389740998441393,1,0,1.09024782676971e-16,2.65237824255253e-16,0.667028065203248,0.0818541892253687,125.666666666667,33.7269917352552,45.6666666666667,5.73687030633261,1.72313692880336,0.132821787633682,54327,4229.38069661778,25410,1779.80102604412,54327,4229.38069661778,21903,1174.6241952216,46872,3126.09855152491,57.7912713,0
sf_cf,fixed_payload,5,1.25,4,792,0.6,neighbor_stable,0.2,0.8,0,1,1,58.3333333333333,8.72400493513513,58.3333333333333,8.72400493513513,0,0,0,0,1938.91374254222,496.839615437229,30.5612903225806,76.0147964464559,1908.35245221964,450.271426850949,1938.91374254222,496.839615437229,1509,51.6318327569935,3946.05,2340.15025479134,7166.85,12522.2648120482,1509,51.6318327569935,3946.05,2340.15025479134,7166.85,12522.2648120482,381.188937202953,115.923050844372,0,0,612.440489432703,90.9775121106281,0,0,122.723025583982,357.39359618407,0,0,792,0,0,0,58.3333333333333,8.72400493513513,58.3333333333333,8.72400493513513,233.333333333333,34.8960197405405,233.333333333333,34.8960197405405,NaN,NaN,0.0462,0.00690941190862702,0.112653,0.0129439920901849,0.059589,0.00257768402312558,0.053064,0.0137720594739438,0.22997222997223,0.441843084196033,1,0,3.89830975373656e-17,1.67730731033235e-16,0.641385133385133,0.0115880975780157,76.6666666666667,18.3108642419671,8.66666666666667,24.5079206918534,1.15495331513129,0.451254540636451,3168,8575.85935590758,3168,8575.85935590758,6864,19410.2731879479,3168,8575.85935590758,6864,19410.2731879479,0.6444989,0
sf_cb,fixed_payload,5,1.25,4,792,0.875,neighbor_stable,0.5,1,0,1,1,58.3333333333333,8.72400493513513,58.3333333333333,8.72400493513513,0,0,0,0,1158.18826979472,66.6029125696962,2.98064516129032,9.33150096553341,1155.20762463343,57.5940916667156,1158.18826979472,66.6029125696962,1110,12.9079581892484,1560.3,547.046212363762,2317.02,2646.70043856643,1110,12.9079581892484,1560.3,547.046212363762,2317.02,2646.70043856643,114.925088482152,19.3171017604141,0,0,35.8825361512792,20.1141834937269,4.8,20.6527331027974,9.6,41.3054662055948,198,0,792,0,0,0,58.3333333333333,8.72400493513513,58.3333333333333,8.72400493513513,233.333333333333,34.8960197405405,233.333333333333,34.8960197405405,NaN,NaN,0.0462,0.00690941190862702,0.067509,0.00722975878946498,0.021309,0.00205106602676603,0.0462,0.00690941190862702,0.0908600908600909,0.213559889697978,1,0,1.35089313838602e-16,2.91097832848004e-16,0.641385133385133,0.0115880975780157,70.6666666666667,7.98538551144412,2.66666666666667,11.4737406126652,1.04848484848485,0.208613465684822,264,1135.90032065386,264,1135.90032065386,528,2271.80064130772,264,1135.90032065386,528,2271.80064130772,0.7840896,0
sb_cf,fixed_payload,5,1.25,4,792,0.005,neighbor_stable,0.002,0.00668740304976422,0,1,1,58.3333333333333,8.72400493513513,58.3333333333333,8.72400493513513,0,0,0,0,3940.33284457478,4151.06345454275,17.3762463343108,57.8831173403969,3922.95659824047,4095.26386697688,3940.33284457478,4151.06345454275,2257.5,423.363319147986,16551.9,36663.2463055305,22309.11,50048.4528530409,2257.5,423.363319147986,16551.9,36663.2463055305,22309.11,50048.4528530409,0,0,52.440206289817,59.0285576201313,2698.30793811306,2775.84635251436,18.523915461624,53.844340529313,361.684538375973,1298.62826764289,0,0,792,0,0,0,58.3333333333333,8.72400493513513,58.3333333333333,8.72400493513513,233.333333333333,34.8960197405405,233.333333333333,34.8960197405405,NaN,NaN,0.0462,0.00690941190862702,0.226452,0.206597454110831,0.160188,0.14139650487085,0.066264,0.065321676063098,0.316827603309397,0.482081881784093,1,0,5.7389213234352e-17,2.46925854980959e-16,0.641385133385133,0.0115880975780157,94.6666666666667,84.7645641705974,25.3333333333333,89.716012857031,1.45667239693936,1.63968215611476,21120,72136.3781223827,12909,41350.9840325661,21120,72136.3781223827,12036,40461.3183537447,20064,71055.0821827686,9.4053472,0
sb_cb,fixed_payload,5,1.25,4,792,0.8,neighbor_stable,0.2,1,0,1,1,58.3333333333333,8.72400493513513,58.3333333333333,8.72400493513513,0,0,0,0,1080.34098493275,142.27746256193,2.61818181818182,11.2651271469804,1077.72280311457,131.201104102075,1080.34098493275,142.27746256193,1026,0,1364.4,947.029015882342,2271.12,2582.53926947878,1026,0,1364.4,947.029015882342,2271.12,2582.53926947878,0,0,38.8363636363636,12.2038877425621,2.33498837091718,1.36028523810476,32.8059965618364,61.2888609082331,13.7454545454545,59.1419175216471,198,0,792,0,0,0,58.3333333333333,8.72400493513513,58.3333333333333,8.72400493513513,233.333333333333,34.8960197405405,233.333333333333,34.8960197405405,NaN,NaN,0.0462,0.00690941190862702,0.062898,0.00371778327253465,0.016698,0.00590317211987954,0.0462,0.00690941190862702,0.0665880665880666,0.200588524120156,1,0,3.76992915527479e-17,1.62206959709052e-16,0.641385133385133,0.0115880975780157,72.3333333333333,13.6815636966388,4.33333333333333,18.644828495581,1.07878787878788,0.338996881737836,78,335.606912920458,48,206.527331027974,78,335.606912920458,48,206.527331027974,78,335.606912920458,17.4398607,0
s7_clean,fixed_payload,5,1.25,4,792,0.875,neighbor_stable,0.5,1,0,1,1,58.3333333333333,8.72400493513513,58.3333333333333,8.72400493513513,0,0,0,0,1029.79718879563,88.0207438247637,2.4,10.3263665513987,1027.39718879563,78.032345850504,1029.79718879563,88.0207438247637,990,0,1267.65,727.042678622419,2144.88,2372.1785791384,990,0,1267.65,727.042678622419,2144.88,2372.1785791384,0,0,37.3090909090909,5.63256357349021,1.85484882192335,1.35831168944397,28.3423399737082,48.5090579687841,5.89090909090909,25.3465360807059,162,0,792,0,0,0,58.3333333333333,8.72400493513513,58.3333333333333,8.72400493513513,233.333333333333,34.8960197405405,233.333333333333,34.8960197405405,NaN,NaN,0.0462,0.00690941190862702,0.059994,0.00452141657516246,0.013794,0.00316750353044548,0.0462,0.00690941190862702,0.0687280687280687,0.171430860415486,1,0,7.8478406720147e-17,1.68833741414056e-16,0.641385133385133,0.0115880975780157,70,6.57241060772843,2,8.60530545949892,1.03636363636364,0.156460099263617,126,542.134243948432,63,271.067121974216,126,542.134243948432,63,271.067121974216,126,542.134243948432,10.7454342,0
s7_busy,fixed_payload,5,1.25,4,792,0.6,neighbor_stable,0.2,0.8,0,1,1,58.3333333333333,8.72400493513513,58.3333333333333,8.72400493513513,0,0,0,0,2844.76478915967,571.230809520671,29.8055718475073,94.6341224367175,2814.95921731217,562.444701970163,2844.76478915967,571.230809520671,2236.5,475.978223483773,7403.55,3353.54945594389,9212.25,4014.14607744431,2236.5,475.978223483773,7403.55,3353.54945594389,9212.25,4014.14607744431,0,0,69.0905854990393,11.2309979399118,11.7700475275559,7.71514410130161,1631.19094953989,508.302035319652,148.907634745677,50.5394907296033,162,0,792,0,0,0,58.3333333333333,8.72400493513513,58.3333333333333,8.72400493513513,233.333333333333,34.8960197405405,233.333333333333,34.8960197405405,NaN,NaN,0.0462,0.00690941190862702,0.165693,0.0304116425782576,0.119493,0.0288611438442762,0.0462,0.00690941190862702,0.186868186868187,0.545736759011624,1,0,5.26766221911519e-17,2.26649212264741e-16,0.641385133385133,0.0115880975780157,129.666666666667,7.98538551144412,53.3333333333333,10.3422900250845,1.91918293052887,0.311972164997551,45255,8966.18218212617,21084,4452.2539840469,45255,8966.18218212617,17871,3897.88279809595,38262,7514.20574645118,49.6213246,0
sf_cf,fixed_payload,5,1,5,990,0.5,neighbor_stable,0.2,0.8,0,1,1,35.6666666666667,5.17114501254226,35.6666666666667,5.17114501254226,0,0,0,0,2628.06912870411,830.091684354831,27.3529411764706,117.690207019618,2600.71618752764,796.855700746123,2628.06912870411,830.091684354831,2050.5,593.660839459444,5595.9,2201.06577226719,8373,10175.5244582282,2050.5,593.660839459444,5595.9,2201.06577226719,8373,10175.5244582282,459.204467049978,185.55836232691,0,0,1116.7748783724,517.277316006954,0,0,34.7368421052632,149.460568507087,0,0,990,0,0,0,35.6666666666667,5.17114501254226,35.6666666666667,5.17114501254226,178.333333333333,25.8557250627113,178.333333333333,25.8557250627113,NaN,NaN,0.03531,0.00511943356241684,0.093936,0.0379514407814066,0.057306,0.0300218712659236,0.03663,0.0107198241948845,0.0117960117960118,0.400294178999462,1,0,0,0,0.46593461265103,0.114268896319472,47.6666666666667,12.2539603459267,1.33333333333333,5.73687030633262,1.03508771929825,0.15097027121928,660,2839.75080163464,660,2839.75080163464,1320,5679.50160326929,660,2839.75080163464,1320,5679.50160326929,0.5075298,0
sf_cb,fixed_payload,5,1,5,990,0.875,neighbor_stable,0.5,1,0,1,1,35.6666666666667,5.17114501254226,35.6666666666667,5.17114501254226,0,0,0,0,1342.16669615215,114.60873628951,4.05882352941176,17.4637081383949,1338.10787262273,102.200040421895,1342.16669615215,114.60873628951,1296,62.2399204073052,1747.5,688.763859277003,1920,1032.39460255496,1296,62.2399204073052,1747.5,688.763859277003,1920,1032.39460255496,117.227554179567,89.1136305711981,0,0,32.8803184431667,31.2083208339101,0,0,0,0,198,0,990,0,0,0,35.6666666666667,5.17114501254226,35.6666666666667,5.17114501254226,178.333333333333,25.8557250627113,178.333333333333,25.8557250627113,NaN,NaN,0.03531,0.00511943356241684,0.047868,0.00793081380051641,0.012558,0.00434239138299128,0.03531,0.00511943356241684,0.00118400118400118,0.194276634917021,1,0,9.42158431682852e-17,2.03301307751593e-16,0.46593461265103,0.114268896319472,46.3333333333333,10.0395230360821,0,0,1,0,0,0,0,0,0,0,0,0,0,0,0.5784164,0
sb_cf,fixed_payload,5,1,5,990,0.00707106781186547,neighbor_stable,0.005,0.01,0,1,1,35.6666666666667,5.17114501254226,35.6666666666667,5.17114501254226,0,0,0,0,2930.01242812915,1798.43719887576,2.82352941176471,12.1486665310573,2927.18889871738,1788.80819969737,2930.01242812915,1798.43719887576,1902,514.864134430703,9848.99999999999,20130.2449844086,13287,20609.4501214295,1902,514.864134430703,9848.99999999999,20130.2449844086,13287,20609.4501214295,0,0,47.1455108359133,40.0801964232801,1583.54183989385,999.85042905409,0,0,306.501547987616,1102.2054016402,0,0,990,0,0,0,35.6666666666667,5.17114501254226,35.6666666666667,5.17114501254226,178.333333333333,25.8557250627113,178.333333333333,25.8557250627113,NaN,NaN,0.03531,0.00511943356241684,0.104391,0.0626527040499389,0.058521,0.0412851856481232,0.04587,0.0344594135849028,-0.0677440697322943,0.479124170012705,1,0,0,0,0.46593461265103,0.114268896319472,58,50.7275275494681,10.6666666666667,37.6191743556697,1.30959752321981,1.11333878953556,11550,41469.1134367588,7587,25434.6689715496,11550,41469.1134367588,6897,22516.0415533186,10560,37242.982612113,7.2950269,0
sb_cb,fixed_payload,5,1,5,990,0.8,neighbor_stable,0.2,1,0,1,1,35.6666666666667,5.17114501254226,35.6666666666667,5.17114501254226,0,0,0,0,1262.81437417072,86.4406055975927,2.82352941176471,12.1486665310573,1259.99084475896,74.6100866466086,1262.81437417072,86.4406055975927,1224,0,1561.2,1031.04775387429,1920,1002.42575017573,1224,0,1561.2,1031.04775387429,1920,1002.42575017573,0,0,36,0,2.18531623175586,0.899867720176304,33.8055285272004,75.4379078826568,0,0,198,0,990,0,0,0,35.6666666666667,5.17114501254226,35.6666666666667,5.17114501254226,178.333333333333,25.8557250627113,178.333333333333,25.8557250627113,NaN,NaN,0.03531,0.00511943356241684,0.045015,0.00553513656283481,0.009705,0.00252788446060215,0.03531,0.00511943356241684,0.00763200763200762,0.204998589028242,1,0,0,0,0.46593461265103,0.114268896319472,46.3333333333333,10.0395230360821,0,0,1,0,0,0,0,0,0,0,0,0,0,0,16.1370037,0
s7_clean,fixed_payload,5,1,5,990,0.875,neighbor_stable,0.5,1,0,1,1,35.6666666666667,5.17114501254226,35.6666666666667,5.17114501254226,0,0,0,0,1223.49049093322,80.9058054632769,2.47058823529412,10.6300832146751,1221.01990269792,70.5463343525856,1223.49049093322,80.9058054632769,1188,0,1503,998.835786919333,1842,1005.91015044547,1188,0,1503,998.835786919333,1842,1005.91015044547,0,0,36,0,1.24763379035825,2.25737346971553,31.772268907563,72.7892262428671,0,0,162,0,990,0,0,0,35.6666666666667,5.17114501254226,35.6666666666667,5.17114501254226,178.333333333333,25.8557250627113,178.333333333333,25.8557250627113,NaN,NaN,0.03531,0.00511943356241684,0.043614,0.00536718116820251,0.008304,0.0023749590765705,0.03531,0.00511943356241684,0.00726000726000726,0.19075542293611,1,0,0,0,0.46593461265103,0.114268896319472,46.3333333333333,10.0395230360821,0,0,1,0,0,0,0,0,0,0,0,0,0,0,10.7318358,0
s7_busy,fixed_payload,5,1,5,990,0.6,neighbor_stable,0.2,0.8,0,1,1,35.6666666666667,5.17114501254226,35.6666666666667,5.17114501254226,0,0,0,0,3340.97302078726,696.622738986867,2.73529411764706,11.7690207019618,3338.23772666962,704.379992622703,3340.97302078726,696.622738986867,2580,559.526860563733,8128.95,5509.61906707086,11301,2607.50340364111,2580,559.526860563733,8128.95,5509.61906707086,11301,2607.50340364111,0,0,69.5745245466608,27.8666511017535,11.7644847412649,6.5822109690605,1953.81335692172,566.525622903925,151.085360459973,125.399929957891,162,0,990,0,0,0,35.6666666666667,5.17114501254226,35.6666666666667,5.17114501254226,178.333333333333,25.8557250627113,178.333333333333,25.8557250627113,NaN,NaN,0.03531,0.00511943356241684,0.11955,0.0427812908047791,0.08424,0.0376672112851482,0.03531,0.00511943356241684,0.0204080204080204,0.452311364647853,1,0,0,0,0.46593461265103,0.114268896319472,86,53.7401153701776,33.6666666666667,33.0804079526445,1.93262568185169,0.774073641715376,37527,4852.36227958174,17388,2117.10190154807,37527,4852.36227958174,14700,1643.87801344167,31773,4153.41511011397,44.8504103,0
sf_cf,fixed_payload,5,0.833333333333333,6,1188,0.75,neighbor_stable,0.5,0.875,0,1,1,33.3333333333333,10.3422900250845,33.3333333333333,10.3422900250845,0,0,0,0,2381.84144736842,289.527767049429,0,0,2381.84144736842,289.527767049429,2381.84144736842,289.527767049429,1990.5,200.385397901912,5579.1,3340.35637596673,7788,6990.68131377544,1990.5,200.385397901912,5579.1,3340.35637596673,7788,6990.68131377544,633.753289473684,143.590698382099,0,0,410.285526315789,218.053778431976,0,0,149.802631578947,493.506400472873,0,0,1188,0,0,0,33.3333333333333,10.3422900250845,33.3333333333333,10.3422900250845,200,62.0537401505071,200,62.0537401505071,NaN,NaN,0.0396,0.0122866405498004,0.079635,0.0323962673562153,0.034491,0.00743882617911435,0.045144,0.0312320952079255,-0.0393240393240393,0.395798040292139,1,0,5.92293317619457e-17,2.54843245986772e-16,0.473572505925447,0.126977380512468,42.6666666666667,28.791716915859,4.66666666666667,15.9707710228882,1.12609649122807,0.415409428007469,2772,9486.63798759562,2772,9486.63798759562,5544,18973.2759751912,2772,9486.63798759562,5544,18973.2759751912,0.5149944,0
sf_cb,fixed_payload,5,0.833333333333333,6,1188,0.875,neighbor_stable,0.5,1,0,1,1,33.3333333333333,10.3422900250845,33.3333333333333,10.3422900250845,0,0,0,0,1530.04342105263,52.4734575761879,0,0,1530.04342105263,52.4734575761879,1530.04342105263,52.4734575761879,1500,23.2701525564402,1882.2,676.273540468989,2064,883.417489943719,1500,23.2701525564402,1882.2,676.273540468989,2064,883.417489943719,117.708552631579,78.079453338595,0,0,26.3348684210526,28.6777465822972,0,0,0,0,198,0,1188,0,0,0,33.3333333333333,10.3422900250845,33.3333333333333,10.3422900250845,200,62.0537401505071,200,62.0537401505071,NaN,NaN,0.0396,0.0122866405498004,0.051057,0.0175496639415556,0.011457,0.00527645059894215,0.0396,0.0122866405498004,-0.06006006006006,0.0682257346074621,1,0,3.92540202405808e-17,1.68896417341776e-16,0.473572505925447,0.126977380512468,38,12.9079581892484,0,0,1,0,0,0,0,0,0,0,0,0,0,0,0.7548118,0
sb_cf,fixed_payload,5,0.833333333333333,6,1188,NaN,no_stable_q,NaN,NaN,0,1,0,NaN,NaN,NaN,NaN,NaN,NaN,NaN,NaN,NaN,NaN,NaN,NaN,NaN,NaN,NaN,NaN,NaN,NaN,NaN,NaN,NaN,NaN,NaN,NaN,NaN,NaN,NaN,NaN,NaN,NaN,NaN,NaN,NaN,NaN,NaN,NaN,NaN,NaN,NaN,NaN,NaN,NaN,NaN,NaN,NaN,NaN,NaN,NaN,NaN,NaN,NaN,NaN,NaN,NaN,NaN,NaN,NaN,NaN,NaN,NaN,NaN,NaN,NaN,NaN,NaN,NaN,NaN,NaN,NaN,NaN,NaN,NaN,NaN,NaN,NaN,NaN,NaN,NaN,NaN,NaN,NaN,NaN,NaN,NaN,NaN,NaN,11.6172974,0
sb_cb,fixed_payload,5,0.833333333333333,6,1188,0.8,neighbor_stable,0.2,1,0,1,1,33.3333333333333,10.3422900250845,33.3333333333333,10.3422900250845,0,0,0,0,1452.79046052632,80.3365727541012,0,0,1452.79046052632,80.3365727541012,1452.79046052632,80.3365727541012,1422,0,1685.4,1036.5693208479,1947,1198.21732971559,1422,0,1685.4,1036.5693208479,1947,1198.21732971559,0,0,36,0,3.58322368421053,2.99711700414556,27.2072368421053,82.4452724947329,0,0,198,0,1188,0,0,0,33.3333333333333,10.3422900250845,33.3333333333333,10.3422900250845,200,62.0537401505071,200,62.0537401505071,NaN,NaN,0.0396,0.0122866405498004,0.048516,0.0178374672098238,0.008916,0.00555082725643387,0.0396,0.0122866405498004,-0.0432280432280432,0.0527403657719233,1,0,0,0,0.473572505925447,0.126977380512468,38,12.9079581892484,0,0,1,0,0,0,0,0,0,0,0,0,0,0,15.829071,0
s7_clean,fixed_payload,5,0.833333333333333,6,1188,0.875,neighbor_stable,0.5,1,0,1,1,33.3333333333333,10.3422900250845,33.3333333333333,10.3422900250845,0,0,0,0,1413.04835526316,79.1318490701412,0,0,1413.04835526316,79.1318490701412,1413.04835526316,79.1318490701412,1386,0,1628.7,988.15541677021,1881,1175.19144103287,1386,0,1628.7,988.15541677021,1881,1175.19144103287,0,0,36,0,1.32138157894737,0.958899985760927,25.7269736842105,78.2686870964863,0,0,162,0,1188,0,0,0,33.3333333333333,10.3422900250845,33.3333333333333,10.3422900250845,200,62.0537401505071,200,62.0537401505071,NaN,NaN,0.0396,0.0122866405498004,0.04719,0.0173900858891142,0.00759,0.00510373876531856,0.0396,0.0122866405498004,-0.0473440473440473,0.050232210138196,1,0,4.20202862189474e-17,1.80798699204808e-16,0.473572505925447,0.126977380512468,38,12.9079581892484,0,0,1,0,0,0,0,0,0,0,0,0,0,0,9.8604768,0
s7_busy,fixed_payload,5,0.833333333333333,6,1188,0.5,neighbor_stable,0.2,0.8,0,1,1,33.3333333333333,10.3422900250845,33.3333333333333,10.3422900250845,0,0,0,0,3953.59375,1084.02096140325,10.6875,45.9846010491974,3942.90625,1046.36080313558,3953.59375,1084.02096140325,2950.5,544.931435348309,10078.2,5640.42976431351,12894,4626.45423291215,2950.5,544.931435348309,10078.2,5640.42976431351,12894,4626.45423291215,0,0,65.3552631578947,12.2852058204689,17.8088815789474,8.63305098507459,2377.64342105263,970.963234090317,132.098684210526,55.2834261921099,162,0,1188,0,0,0,33.3333333333333,10.3422900250845,33.3333333333333,10.3422900250845,200,62.0537401505071,200,62.0537401505071,NaN,NaN,0.0396,0.0122866405498004,0.132165,0.0602952156999848,0.092565,0.0502960574322756,0.0396,0.0122866405498004,-0.108780108780109,0.43711833356276,1,0,6.61636276025185e-17,2.84679112914103e-16,0.473572505925447,0.126977380512468,67.3333333333333,26.0933018006614,27.3333333333333,15.9707710228882,1.81542397660819,0.341255717235246,32907,4862.44686741783,15372,1492.9212973228,32907,4862.44686741783,13062,3107.76350451575,28077,8334.79364333173,40.5494907,0
sf_cf,fixed_payload,10,10,1,198,0.5,neighbor_stable,0.2,0.6,0,1,1,383,29.2875516860096,383,29.2875516860096,0,0,0,0,548.37371046243,10.8057913558434,0.922510799372722,1.5405854239131,547.451199663057,9.55658553206514,548.37371046243,10.8057913558434,426,25.8159163784968,1308.6,11.8303390939113,1900.56,208.475633108524,426,25.8159163784968,1308.6,11.8303390939113,1900.56,208.475633108524,92.6167218438626,8.32817908820451,0,0,233.620745699225,6.36782829067293,0,0,23.2137321199695,16.1541716197685,0,0,198,0,0,0,383,29.2875516860096,383.333333333333,32.7993989243792,383,29.2875516860096,383.333333333333,32.7993989243792,NaN,NaN,0.0758933333333333,0.00647235744490265,0.210089666666667,0.0141370582079486,0.125352333333333,0.013298372798302,0.0847373333333333,0.0027431644878511,-0.020844020844021,0.521584590770285,1,0,0.00193611541689488,0.00441020282164921,0.903790347541699,0.0244468921095695,512,17.9133717900592,44.6666666666667,28.2508099372082,1.11724107131298,0.0815867253523662,4818,2475.63735383281,4818,2475.63735383281,10032,5929.57375559803,4224,2324.43620955871,8844,5593.66036756722,2.1373722,0
sf_cb,fixed_payload,10,10,1,198,0.4,neighbor_stable,0.2,0.5,0,1,1,383,29.2875516860096,383,29.2875516860096,0,0,0,0,908.456133113693,72.09031571895,5.82378534449491,1.83629903679798,902.632347769199,70.2837384076254,908.456133113693,72.09031571895,742.5,62.2399204073052,1986.9,237.095686623322,2997.3,663.615944307002,742.5,62.2399204073052,1986.9,237.095686623322,2997.3,663.615944307002,104.28258877079,7.43223900541255,0,0,344.755261253422,59.6006268889362,35.1055816802445,15.5231542648233,22.4889160647417,21.1832750159614,198,0,198,0,0,0,383,29.2875516860096,383,31.7153471975832,383,29.2875516860096,383,31.7153471975832,NaN,NaN,0.075834,0.00627963874512146,0.347772333333333,0.014127407648875,0.271938333333333,0.0135688109603418,0.075834,0.00627963874512146,0.00524000524000495,1.1313212698294,1,0,0.000995622196488078,0.00216633055016503,0.903892465358984,0.0248476334859779,506.666666666667,48.2545482260628,43.3333333333333,40.1580921443283,1.11358038416536,0.10698623745435,4290,3975.6511222885,4290,3975.6511222885,8976,8926.03741869817,4092,3489.5442065162,8580,7951.302244577,2.1798212,0
sb_cf,fixed_payload,10,10,1,198,0.00707106781186547,neighbor_stable,0.005,0.01,0,1,1,383,29.2875516860096,383,29.2875516860096,0,0,0,0,1811.59254867334,216.306298480253,43.1813460812788,24.829290859148,1768.41120259206,198.460105110337,1811.59254867334,216.306298480253,1215,106.637235523057,5340.75,784.424010880692,8451.69,1890.54620020857,1215,106.637235523057,5340.75,784.424010880692,8451.69,1890.54620020857,0,0,43.5822955495146,1.37975747427874,1477.97275960452,202.398241072966,7.15352191569808,4.10901302585453,41.7026255223305,7.58866610853302,0,0,198,0,0,0,383,29.2875516860096,383.333333333333,30.3566642687741,383,29.2875516860096,383.333333333333,30.3566642687741,NaN,NaN,0.0759,0.00601061952521726,0.692874,0.0687010305570945,0.601134,0.0707806148096894,0.09174,0.00824995261524853,0.0666705078488747,1.37251912352602,1,0,0.00141784734473378,0.00435664776416948,0.903533128855207,0.0250564964526875,554,50.4224885386208,80.6666666666667,15.9707710228882,1.21061932081985,0.0383265965077424,18348,1502.65488130432,13218,1829.24486311449,18348,1502.65488130432,11232,2355.48133248648,15840,3546.84761443172,19.3622457,0
sb_cb,fixed_payload,10,10,1,198,0.5,neighbor_stable,0.2,0.8,0,1,1,383,29.2875516860096,383,29.2875516860096,0,0,0,0,505.354054374748,75.5964952387709,3.83534144831855,12.5495490110366,501.51871292643,71.2380158274193,505.354054374748,75.5964952387709,441,0,780.15,172.210013780134,1714.23,1886.18131215508,441,0,780.15,172.210013780134,1714.23,1886.18131215508,0,0,40.4658188228176,7.83438424162978,9.83756898931127,2.90777841320206,34.1212238540799,23.6697124130186,21.0941012602208,39.0260572472458,198,0,198,0,0,0,383,29.2875516860096,383,31.7153471975832,383,29.2875516860096,383,31.7153471975832,NaN,NaN,0.075834,0.00627963874512146,0.193317333333333,0.0192817318340059,0.116625333333333,0.0210966408835577,0.076692,0.00570075994934007,-0.00101200101200112,0.695336584246213,1,0,0.00118866608506042,0.00265465525158912,0.903892465358984,0.0248476334859779,512.333333333333,53.4137748060492,47,81.7881357245606,1.12405052285604,0.217621784489716,1920,2049.23745667654,1704,1729.66639735928,1920,2049.23745667654,1416,2391.42352199238,1608,2771.69662009502,39.7501314,0
s7_clean,fixed_payload,10,10,1,198,0.6,neighbor_stable,0.2,0.8,0,1,1,383,29.2875516860096,383,29.2875516860096,0,0,0,0,432.351557023147,22.4060326037345,0.50381679389313,2.1677487035379,431.847740229253,24.344824402151,432.351557023147,22.4060326037345,396,0,657.75,113.628529394285,928.23,673.666337896872,396,0,657.75,113.628529394285,928.23,673.666337896872,0,0,36.3108808290155,1.33761224759051,5.6262251849603,0.726030692333941,28.5116704847077,19.1720226854586,1.39896373056995,6.01925511415728,162,0,198,0,0,0,383,29.2875516860096,383,31.7153471975832,383,29.2875516860096,383,31.7153471975832,NaN,NaN,0.075834,0.00627963874512146,0.165516333333333,0.0132588483916351,0.0896823333333333,0.00926471651249945,0.075834,0.00627963874512146,-0.0202080202080203,0.629891665116012,1,0,0.00119208934652677,0.0028526716871047,0.903892465358984,0.0248476334859779,464.666666666667,48.7633976038272,3.33333333333333,14.3421757658315,1.00863557858377,0.0371558957664031,210,903.557073247387,105,451.778536623693,210,903.557073247387,105,451.778536623693,210,903.557073247387,27.2139578,0
s7_busy,fixed_payload,10,10,1,198,0.4,neighbor_stable,0.2,0.6,0,1,1,383,29.2875516860096,383,29.2875516860096,0,0,0,0,1609.92891623578,272.345419905257,18.5403844694277,8.14419302892378,1591.38853176635,276.663864646793,1609.92891623578,272.345419905257,1215,161.220346110533,4176.15,853.347107435913,5824.92,1155.8589274581,1215,161.220346110533,4176.15,853.347107435913,5824.92,1155.8589274581,0,0,72.3327162466822,14.3885499859123,27.4073963810743,5.50979644077551,968.151196028525,194.300157776523,163.49722311007,64.7484749366053,162,0,198,0,0,0,383,29.2875516860096,382.666666666667,33.9094655199968,383,29.2875516860096,382.666666666667,33.9094655199968,NaN,NaN,0.0757163333333333,0.0065415937187941,0.616279666666667,0.112333646325847,0.540563333333333,0.110410770125309,0.0757163333333333,0.0065415937187941,0.0136720136720135,2.17554738434693,1,0,0.00178937773690982,0.00303312114256657,0.903574640513845,0.0233335129420366,905.333333333333,163.299385971563,386.333333333333,153.05863539489,2.00924211796339,0.399681944053119,143325,13472.699523909,65226,6080.07307648391,143325,13472.699523909,55104,6779.08710668331,121275,15235.3227074453,209.1499676,0
sf_cf,fixed_payload,10,5,2,396,0.6,neighbor_stable,0.2,0.8,0,1,1,203.666666666667,31.2580473968789,203.666666666667,31.2580473968789,0,0,0,0,2660.46892537756,6866.33129802986,203.475452844824,843.548349525714,2456.99347253274,6022.86837571354,2660.46892537756,6866.33129802986,769.5,58.0858118516177,5197.04999999996,11240.3932741046,45411.24,173280.82562361,769.5,58.0858118516177,5197.04999999996,11240.3932741046,45411.24,173280.82562361,190.31635545467,8.48453364990966,0,0,915.444911484236,2424.84656981567,0,0,955.232205593831,3607.08786602953,0,0,396,0,0,0,203.666666666667,31.2580473968789,201.333333333333,41.144800241277,407.333333333333,62.5160947937577,402.666666666667,82.2896004825539,NaN,NaN,0.0797213333333333,0.0162908662728606,0.274954333333333,0.223850054259173,0.135237,0.088870052885357,0.139717333333333,0.138610378722995,1.58360958360958,6.57155336412302,1,0,0.657833112602545,2.82660352110457,0.864473869054609,0.0637292092840617,717,1712.45758822021,466.333333333333,1741.9852233927,3.41220253937836,9.10880774249881,53196,176933.567319228,53196,176933.567319228,186252,688135.079993411,19708,37141.0127639003,59996,153582.935513098,0.9276447,0
sf_cb,fixed_payload,10,5,2,396,0.6,neighbor_stable,0.2,0.8,0,1,1,203.666666666667,31.2580473968789,203.666666666667,31.2580473968789,0,0,0,0,892.998020942647,74.177862642508,2.60538908153488,6.33123670085282,890.392631861112,71.6156633125989,892.998020942647,74.177862642508,778.5,19.3619372838726,1560.75,544.453101392014,2612.52,1301.27638033999,778.5,19.3619372838726,1560.75,544.453101392014,2612.52,1301.27638033999,114.969390199389,16.2503280709008,0,0,143.705081956928,50.5237923109484,17.4752731897614,9.13641410176835,20.242886515034,44.1022991086087,198,0,396,0,0,0,203.666666666667,31.2580473968789,203.666666666667,31.2580473968789,407.333333333333,62.5160947937577,407.333333333333,62.5160947937577,NaN,NaN,0.080652,0.012378186769164,0.181977,0.0363038085287523,0.101325,0.0252159961410335,0.080652,0.012378186769164,-0.027892027892028,0.288491009552652,1,0,1.03560002742824e-16,2.24840975812688e-16,0.862691051918784,0.0566646134417911,267,33.4206548550469,20.3333333333333,44.7374741736901,1.10223680058098,0.222738884386912,1848,4183.21414887937,1848,4183.21414887937,4026,8858.01988639065,1848,4183.21414887937,4026,8858.01988639065,1.2370036,0
sb_cf,fixed_payload,10,5,2,396,0.00447213595499958,neighbor_stable,0.002,0.005,0,1,1,203.666666666667,31.2580473968789,203.666666666667,31.2580473968789,0,0,0,0,3248.99365503947,922.936322039698,58.8002506615869,110.601976885487,3190.19340437788,817.956169709102,3248.99365503947,922.936322039698,2269.5,65.500733994713,9539.39999999999,4033.95006471516,17366.13,19215.5328754754,2269.5,65.500733994713,9539.39999999999,4033.95006471516,17366.13,19215.5328754754,0,0,49.0821052151298,12.9730282175895,2572.30423729297,634.606234890686,28.9039045033536,39.3861519519125,143.903157366428,142.703310393484,0,0,396,0,0,0,203.666666666667,31.2580473968789,202,29.2875516860096,407.333333333333,62.5160947937577,404,58.5751033720192,NaN,NaN,0.079992,0.0115978704676598,0.660518666666667,0.263858708967486,0.551335666666667,0.220970260154717,0.109183,0.0429138397621118,-0.778116674880693,4.70756024007457,1,0,0.00447536417483873,0.00969088815922672,0.859233948588787,0.0722193220047258,326.666666666667,98.3145426056048,74.6666666666667,82.1770377116717,1.36339181153138,0.360361894933041,31680,28014.3971337816,22323,17047.9240378411,31680,28014.3971337816,20350,21864.2451446097,29191,33898.9789279703,17.7225918,0
sb_cb,fixed_payload,10,5,2,396,0.4,neighbor_stable,0.2,0.8,0,1,1,203.666666666667,31.2580473968789,203.666666666667,31.2580473968789,0,0,0,0,704.927981133367,35.8476929004795,2.49210658393028,9.14173559219497,702.435874549436,26.7085938630564,704.927981133367,35.8476929004795,639,0,1076.25,313.532550757681,1904.42999999999,461.124029152193,639,0,1076.25,313.532550757681,1904.42999999999,461.124029152193,0,0,38.7705405621207,4.07293813202483,14.3749108853858,6.33724667586441,41.7979016003559,6.84787279053564,13.4925215015741,15.1790775519595,198,0,396,0,0,0,203.666666666667,31.2580473968789,203.666666666667,31.2580473968789,407.333333333333,62.5160947937577,407.333333333333,62.5160947937577,NaN,NaN,0.080652,0.012378186769164,0.143685,0.029223375030168,0.062637,0.0169265171709499,0.081048,0.012378186769164,-0.00592800592800596,0.232690742978219,1,0,0,0,0.862691051918784,0.0566646134417911,262.666666666667,57.3148946696855,16,25.9351591210171,1.07695946005891,0.113137170334023,660,441.142572453361,582,356.549489498356,660,441.142572453361,582,356.549489498356,660,441.142572453361,29.2076496,0
s7_clean,fixed_payload,10,5,2,396,0.75,neighbor_stable,0.5,0.875,0,1,1,203.666666666667,31.2580473968789,203.666666666667,31.2580473968789,0,0,0,0,642.78597164872,7.68551921407784,1.49260847743761,5.22586655132636,641.293363171283,5.6344477324235,642.78597164872,7.68551921407784,594,0,946.199999999999,307.4940074463,1562.96999999999,430.257061283832,594,0,946.199999999999,307.4940074463,1562.96999999999,430.257061283832,0,0,37.2600150568052,2.20532474715479,2.82606110553452,1.60673208045922,37.5372192533193,7.29165383420889,5.67006775562349,9.92396136219656,162,0,396,0,0,0,203.666666666667,31.2580473968789,203.666666666667,31.2580473968789,407.333333333333,62.5160947937577,407.333333333333,62.5160947937577,NaN,NaN,0.080652,0.012378186769164,0.130926,0.020913477682328,0.050274,0.00860283215440839,0.080652,0.012378186769164,-0.00431600431600434,0.216024904974797,1,0,0,0,0.862691051918784,0.0566646134417911,253.666666666667,28.6843515316631,7,11.3837491007903,1.03500041824459,0.0612590207542997,441,717.176193349787,210,393.851397200674,441,717.176193349787,210,393.851397200674,441,717.176193349787,17.9234634,0
s7_busy,fixed_payload,10,5,2,396,0.6,neighbor_stable,0.2,0.8,0,1,1,203.666666666667,31.2580473968789,203.666666666667,31.2580473968789,0,0,0,0,1833.96645725921,158.147355122349,7.22739340466305,6.55694926500624,1826.73906385454,152.408068010871,1833.96645725921,158.147355122349,1371,401.549546708172,4594.65,445.796196536216,7680.44999999997,4059.47833869737,1371,401.549546708172,4594.65,445.796196536216,7680.44999999997,4059.47833869737,0,0,72.17151925446,6.80188205637617,12.0210445943788,3.32673509856711,1021.77466336063,129.268671995811,162.77183664507,30.6084692536928,162,0,396,0,0,0,203.666666666667,31.2580473968789,203,32.5791606614061,407.333333333333,62.5160947937577,406,65.1583213228121,NaN,NaN,0.080491,0.0125530857520147,0.372068333333333,0.0495331055730922,0.291577333333333,0.0398476915335469,0.080491,0.0125530857520147,-0.0916680916680918,1.52969826169189,1,0,0.00318311481832984,0.0131870870505393,0.863890249656799,0.0644612921876694,488.666666666667,12.5032189587515,204,7.45241313525099,2.004764423735,0.188941168232671,91140,9950.21073607527,41664,4708.91089809032,91140,9950.21073607527,34818,3717.78327253465,76167,8618.91152328145,116.194331,0
sf_cf,fixed_payload,10,3.33333333333333,3,594,0.5,neighbor_stable,0.2,0.6,0,1,1,140.666666666667,12.7476046574023,140.666666666667,12.7476046574023,0,0,0,0,1650.34769305488,541.286149629825,12.2191139172198,30.8908107631694,1638.12857913766,541.681189311056,1650.34769305488,541.286149629825,1176,167.803456460229,4039.2,2121.92257679753,6430.20000000001,5187.93108507251,1176,167.803456460229,4039.2,2121.92257679753,6430.20000000001,5187.93108507251,293.46913280449,37.8990797760313,0,0,649.582677675247,426.448180816831,0,0,101.076768657925,158.044397314552,0,0,594,0,0,0,140.666666666667,12.7476046574023,141,11.3837491007903,422,38.2428139722068,423,34.1512473023708,NaN,NaN,0.0836153333333333,0.00732831628069992,0.232502333333333,0.0881295712763663,0.134631,0.0626026178022318,0.0978713333333333,0.0257260901116561,-0.0567760567760568,0.995822547691334,1,0,0.000270578810639001,0.00116420665820782,0.770581570017734,0.0622651709380114,198,31.0268700752536,24,38.5641878067797,1.17016291019853,0.266068008947058,7722,3904.01190099068,7722,3904.01190099068,17424,15072.0960922953,6138,8390.49055135083,14256,22907.1275572272,0.9356324,0
sf_cb,fixed_payload,10,3.33333333333333,3,594,0.6,neighbor_stable,0.2,0.8,0,1,1,140.666666666667,12.7476046574023,140.666666666667,12.7476046574023,0,0,0,0,1321.45012681453,786.684754524142,9.621758135017,28.4344167268073,1311.82836867951,795.977058938136,1321.45012681453,786.684754524142,987,64.5397909462419,2119.5,713.770405878312,9347.28000000001,26596.7291277281,987,64.5397909462419,2119.5,713.770405878312,9347.28000000001,26596.7291277281,127.589892612379,3.54962253769455,0,0,214.709600129513,296.150961687979,43.3133236198802,58.0132323074385,134.215552317738,446.394778998161,198,0,594,0,0,0,140.666666666667,12.7476046574023,141,11.3837491007903,422,38.2428139722068,423,34.1512473023708,NaN,NaN,0.0836813333333333,0.00705812436930206,0.186698333333333,0.123752099305363,0.103017,0.11877069030829,0.0836813333333333,0.00705812436930206,-0.118348118348118,0.561107910083177,1,0,0.000783906565009125,0.00337287772180441,0.770581570017734,0.0622651709380114,269.333333333333,324.171246644419,97.3333333333333,328.548538956031,1.67785632483706,2.2545190858493,7524,22345.7895672678,7524,22345.7895672678,19932,65178.9313906784,7194,22315.0935467454,19272,65052.6107132941,1.0958343,0
sb_cf,fixed_payload,10,3.33333333333333,3,594,0.005,self_stable_fallback,0.005,0.005,1,1,0.666666666666667,140.666666666667,12.7476046574023,102.333333333333,177.165060577583,38.3333333333333,164.935021307063,38.3333333333333,164.935021307063,NaN,NaN,NaN,NaN,NaN,NaN,3446.49339485187,1687.59933039921,NaN,NaN,NaN,NaN,NaN,NaN,2109,1210.04793293489,11993.85,7139.63895992486,20034.39,19143.1670036343,NaN,NaN,NaN,NaN,NaN,NaN,NaN,NaN,NaN,NaN,NaN,NaN,NaN,NaN,NaN,NaN,140.666666666667,12.7476046574023,103,174.297270378909,422,38.2428139722068,309,522.891811136726,NaN,NaN,0.061182,0.103532578605072,18.5001416666667,77.3384536915708,16.8365376666667,70.7235539523029,1.663604,6.6149926483072,40.3124761403683,177.093268952605,0.716049382716049,1.22174089857083,NaN,NaN,0.634815820345232,0.642968790682768,6321,26123.833872964,48,125.393602530414,1.42229237493929,0.672075462652839,3676581,15624935.2278712,651327,2663296.26903299,3676581,15624935.2278712,315562,1231539.36689946,1602422,6718515.36905845,17.2031223,0
sb_cb,fixed_payload,10,3.33333333333333,3,594,0.6,neighbor_stable,0.2,0.8,0,1,1,140.666666666667,12.7476046574023,140.666666666667,12.7476046574023,0,0,0,0,942.727521450542,109.581286172577,3,12.9079581892484,939.727521450542,111.372841640957,942.727521450542,109.581286172577,834,12.9079581892484,1442.4,112.845014545137,3966.81,5554.60704830061,834,12.9079581892484,1442.4,112.845014545137,3966.81,5554.60704830061,0,0,41.4287626139982,8.30412750235277,8.04862662565431,1.95623605363768,72.2900922778048,56.909760701599,25.9600399330851,45.3666720547962,198,0,594,0,0,0,140.666666666667,12.7476046574023,141,11.3837491007903,422,38.2428139722068,423,34.1512473023708,NaN,NaN,0.0835703333333333,0.00751312095157854,0.132680333333333,0.0230422851402444,0.048912,0.0170375709129965,0.0837683333333333,0.00815814437625478,-0.0153160153160153,0.341747415492207,1,0,0.000113079929101554,0.000486543665628678,0.770581570017734,0.0622651709380114,191.666666666667,31.4548471210306,21.3333333333333,33.9094655199968,1.15079896149995,0.230670208398688,798,1097.40420994272,642,902.726894555516,798,1097.40420994272,438,1121.06192788527,576,1411.87338721943,28.287439,0
s7_clean,fixed_payload,10,3.33333333333333,3,594,0.625,neighbor_stable,0.5,0.875,0,1,1,140.666666666667,12.7476046574023,140.666666666667,12.7476046574023,0,0,0,0,867.730964330042,35.2763283864779,2.68888888888889,11.5693551177708,865.042075441153,33.8013488921036,867.730964330042,35.2763283864779,792,0,1296.75,149.176296065066,2365.92,1311.90962556936,792,0,1296.75,149.176296065066,2365.92,1311.90962556936,0,0,36.5123091036641,0.0470694264540365,4.42468296368248,1.20094699417679,65.7996924073175,33.8138461679025,2.30539096648859,0.211812419043174,162,0,594,0,0,0,140.666666666667,12.7476046574023,140.666666666667,12.7476046574023,422,38.2428139722068,422,38.2428139722068,NaN,NaN,0.083556,0.00757207716649696,0.122061,0.0122410190375198,0.038505,0.0061774526490107,0.083556,0.00757207716649696,-0.0197000197000197,0.258048083608604,1,0,0,0,0.770535716424019,0.0624504380518294,170.666666666667,26.3287348576091,2,0,1.01423080843511,0.00130748406816775,126,0,63,0,126,0,63,0,126,0,16.0055755,0
s7_busy,fixed_payload,10,3.33333333333333,3,594,0.5,neighbor_stable,0.2,0.8,0,1,1,140.666666666667,12.7476046574023,140.666666666667,12.7476046574023,0,0,0,0,2561.00598996276,867.598545048334,44.1126436781609,95.9766452545025,2516.8933462846,783.603048782657,2561.00598996276,867.598545048334,1864.5,606.364989094852,6643.05,2632.49405412434,9979.02000000001,4786.35680265029,1864.5,606.364989094852,6643.05,2632.49405412434,9979.02000000001,4786.35680265029,0,0,68.4743402946414,20.336303803869,17.4306675300847,4.47924613837667,1528.85380713399,669.348817056881,146.134531325886,91.5133671174106,162,0,594,0,0,0,140.666666666667,12.7476046574023,140.666666666667,11.2015973626882,422,38.2428139722068,422,33.6047920880646,NaN,NaN,0.083556,0.0066537488334368,0.360486333333333,0.141628598491883,0.276930333333333,0.137109338623785,0.083556,0.0066537488334368,-0.0257760257760259,1.43003362275657,1,0,0.00205229337936363,0.00526714104412637,0.771341049974397,0.0629072679322624,317,78.0825773709403,127.333333333333,88.0497463639608,1.90206500818448,0.564897327885251,63210,9879.808873891,29022,4082.03846135726,63210,9879.808873891,24864,4614.33778897571,54180,10487.880852166,79.6760009,0
sf_cf,fixed_payload,10,2.5,4,792,0.5,neighbor_stable,0.2,0.6,0,1,1,102.333333333333,27.4756561507033,102.333333333333,27.4756561507033,0,0,0,0,2219.92084305685,605.365553182032,2.5,10.7566318243737,2217.42084305685,594.643618500551,2219.92084305685,605.365553182032,1719,399.782200319508,5680.35,2225.83161373279,7979.07,6041.89427331299,1719,399.782200319508,5680.35,2225.83161373279,7979.07,6041.89427331299,403.752446926615,48.5955466019618,0,0,889.615560640732,270.987685735657,0,0,132.052835489499,342.289627704973,0,0,792,0,0,0,102.333333333333,27.4756561507033,103,28.648473654543,409.333333333333,109.902624602813,412,114.593894618172,NaN,NaN,0.081576,0.022689591134398,0.229792666666667,0.123194233206159,0.133696666666667,0.0623330546633471,0.096096,0.0622572862686646,0.0490040490040489,0.535235504097323,1,0,0.00447066337299473,0.0116202411593338,0.741608171182639,0.137953773348274,137.333333333333,75.9323060344877,18.3333333333333,50.320397952942,1.16673337814331,0.432183873364864,6600,17189.2909774572,6600,17189.2909774572,14520,39853.75517873,6600,17189.2909774572,14520,39853.75517873,0.5277903,0
sf_cb,fixed_payload,10,2.5,4,792,0.6,neighbor_stable,0.2,0.8,0,1,1,102.333333333333,27.4756561507033,102.333333333333,27.4756561507033,0,0,0,0,1300.8514908127,100.005380013706,0,0,1300.8514908127,100.005380013706,1300.8514908127,100.005380013706,1156.5,19.3619372838726,2026.8,449.552885568626,3102.12,2076.54347710509,1156.5,19.3619372838726,2026.8,449.552885568626,3102.12,2076.54347710509,150.475343815846,13.4447087009703,0,0,116.889548451413,17.7016216289868,32.3627342139248,51.5100264666545,11.1238643315132,21.7027875220969,198,0,792,0,0,0,102.333333333333,27.4756561507033,102.666666666667,27.3631273932776,409.333333333333,109.902624602813,410.666666666667,109.45250957311,NaN,NaN,0.0811733333333333,0.0217110460228752,0.133505333333333,0.04536188876559,0.052332,0.0240114079714045,0.0811733333333333,0.0217110460228752,-0.0325000325000326,0.0935396023863033,1,0,0.000971071872231742,0.00417818504184057,0.737703447158424,0.128145219574004,125,37.2620656762549,6,13.1448212154569,1.05618113298744,0.109610037990388,594,1301.33730033023,594,1301.33730033023,1188,2602.67460066046,594,1301.33730033023,1188,2602.67460066046,1.0600946,0
sb_cf,fixed_payload,10,2.5,4,792,0.00299069756244244,neighbor_stable,0.002,0.00447213595499958,0,1,1,102.333333333333,27.4756561507033,102.333333333333,27.4756561507033,0,0,0,0,5591.48202755058,2122.43159536072,66.4210526315789,142.901974650368,5525.060974919,1992.31630105073,5591.48202755058,2122.43159536072,3732,2047.98699477541,16139.25,7438.18156259151,24941.37,4126.90812618656,3732,2047.98699477541,16139.25,7438.18156259151,24941.37,4126.90812618656,0,0,49.2493372907085,14.1003236146303,4368.31010263498,1639.86681830574,24.0161145977298,32.5855441920334,291.485420395586,310.207119521867,0,0,792,0,0,0,102.333333333333,27.4756561507033,102.333333333333,27.3631273932776,409.333333333333,109.902624602813,409.333333333333,109.45250957311,NaN,NaN,0.081048,0.0216715968954759,0.576327666666667,0.317789012864845,0.464919666666667,0.263874866494246,0.111408,0.0541789922386897,0.723880540740459,1.9709420754056,1,0,0.0051633361148171,0.00937179904699677,0.740695463851366,0.113886565660459,159,68.8872483951347,38.3333333333333,44.1822823547412,1.36803714696412,0.391675655961953,31680,33097.4143726341,23466,24424.4253880917,31680,33097.4143726341,22263,25635.57868096,30360,34992.367624955,16.5113897,0
sb_cb,fixed_payload,10,2.5,4,792,0.6,neighbor_stable,0.2,0.8,0,1,1,102.333333333333,27.4756561507033,102.333333333333,27.4756561507033,0,0,0,0,1162.12807848291,288.702525248635,3.28947368421053,14.1534629268074,1158.8386047987,274.550143087697,1162.12807848291,288.702525248635,1026,0,2265,2662.91177444194,3463.5,6536.73730966521,1026,0,2265,2662.91177444194,3463.5,6536.73730966521,0,0,42.3545098216916,25.7326527188745,6.36254163173755,4.26953717915665,86.0491424428484,102.979442681337,34.0724109024175,141.893997230662,198,0,792,0,0,0,102.333333333333,27.4756561507033,102.666666666667,27.3631273932776,409.333333333333,109.902624602813,410.666666666667,109.45250957311,NaN,NaN,0.0811733333333333,0.0217110460228752,0.119828333333333,0.061392745022579,0.038127,0.0383742742492134,0.0817013333333333,0.0237828585507147,-0.0315080315080316,0.0964846831639382,1,0,0.00113083046866307,0.00486557080287701,0.737703447158424,0.128145219574004,139,103.293540725234,20,81.7504018652398,1.17651416171365,0.714795908857625,876,3691.67604212504,741,3110.81792360886,876,3691.67604212504,741,3110.81792360886,876,3691.67604212504,23.3550543,0
s7_clean,fixed_payload,10,2.5,4,792,0.75,neighbor_stable,0.5,1,0,1,1,102.333333333333,27.4756561507033,102.333333333333,27.4756561507033,0,0,0,0,1094.0720710515,180.698877371151,2.47368421052632,10.6434041209592,1091.59838684097,170.057306023177,1094.0720710515,180.698877371151,990,0,1883.55,1400.45858876517,2586.09,3139.61943480416,990,0,1883.55,1400.45858876517,2586.09,3139.61943480416,0,0,39.2631578947368,14.040235223393,2.70081224369577,1.04491326493868,80.950206176224,92.5283693149076,14.6842105263158,63.1810585052684,162,0,792,0,0,0,102.333333333333,27.4756561507033,102.666666666667,27.3631273932776,409.333333333333,109.902624602813,410.666666666667,109.45250957311,NaN,NaN,0.0811613333333333,0.021715227218498,0.112559333333333,0.0482496354754103,0.031398,0.0272561921715471,0.0811613333333333,0.021715227218498,-0.0328040328040328,0.0869031967965039,1,0,0.00106448259884032,0.0045800989596711,0.737703447158424,0.128145219574004,129.333333333333,67.2248851630494,10.3333333333333,44.4607448740778,1.0906432748538,0.390006533983138,651,2801.0269270669,294,1264.97990254634,651,2801.0269270669,294,1264.97990254634,651,2801.0269270669,12.3497212,0
s7_busy,fixed_payload,10,2.5,4,792,0.6,neighbor_stable,0.2,0.8,0,1,1,102.333333333333,27.4756561507033,102.333333333333,27.4756561507033,0,0,0,0,2955.64441398373,484.62983426953,0,0,2955.64441398373,484.62983426953,2955.64441398373,484.62983426953,2278.5,471.670639649843,7240.95,327.063947522846,11219.79,3139.80363070686,2278.5,471.670639649843,7240.95,327.063947522846,11219.79,3139.80363070686,0,0,76.5172304415796,21.2524616010686,12.3814826562748,4.78693250311691,1730.41816389877,370.077730597318,182.327536987108,95.6360772048087,162,0,792,0,0,0,102.333333333333,27.4756561507033,102.666666666667,27.3631273932776,409.333333333333,109.902624602813,410.666666666667,109.45250957311,NaN,NaN,0.0812033333333333,0.0217011269569642,0.303599333333333,0.123461251418067,0.222396,0.103202979471749,0.0812033333333333,0.0217011269569642,-0.145480145480146,0.139813805282877,1,0,0.000553096688660001,0.00237978297727834,0.737703447158424,0.128145219574004,248.666666666667,84.6552923243344,116,83.023732576536,2.12547862337721,0.590346155585238,52605,18625.5530181192,24381,8611.80431375803,52605,18625.5530181192,20748,7906.51162017738,44814,17293.3836925704,66.3688907,0
sf_cf,fixed_payload,10,2,5,990,0.6,neighbor_stable,0.2,0.8,0,1,1,86.3333333333333,14.5557186654918,86.3333333333333,14.5557186654918,0,0,0,0,3104.22274362145,1673.34639111916,105.964285714286,455.927523184523,2998.25845790716,1217.54026567454,3104.22274362145,1673.34639111916,2142,580.965674876421,9407.1,16383.7450935605,16172.91,29441.415146265,2142,580.965674876421,9407.1,16383.7450935605,16172.91,29441.415146265,512.662751489266,78.5727029361989,0,0,1089.93284253119,278.913959042073,0,0,405.662863886703,1089.2394184223,0,0,990,0,0,0,86.3333333333333,14.5557186654918,86.3333333333333,14.5557186654918,431.666666666667,72.7785933274589,431.666666666667,72.7785933274589,NaN,NaN,0.08547,0.0144101614788369,0.267042,0.131536496387885,0.146922,0.0429375444158319,0.12012,0.089090817190619,-0.126972126972127,0.52265061034188,1,0,7.36325680152088e-17,3.16815369769101e-16,0.637300225455442,0.0778380356009332,145.666666666667,71.8398424480661,35,91.5767857718739,1.40976046857243,1.1002418367902,16170,29749.6934696555,16170,29749.6934696555,37950,83265.7355883974,14520,33480.168182649,34650,90661.0179141551,0.7452965,0
sf_cb,fixed_payload,10,2,5,990,0.6,neighbor_stable,0.2,0.8,0,1,1,86.3333333333333,14.5557186654918,86.3333333333333,14.5557186654918,0,0,0,0,1495.08421377993,69.107870160155,0,0,1495.08421377993,69.107870160155,1495.08421377993,69.107870160155,1386,40.3050865276332,2143.5,263.021622392825,2969.67,1249.58857868684,1386,40.3050865276332,2143.5,263.021622392825,2969.67,1249.58857868684,151.108491626391,50.0224657570463,0,0,131.020175340002,16.2483938358545,15.5257390131505,18.5997570018589,9.42980780038215,21.2782812923204,198,0,990,0,0,0,86.3333333333333,14.5557186654918,86.3333333333333,14.5557186654918,431.666666666667,72.7785933274589,431.666666666667,72.7785933274589,NaN,NaN,0.08547,0.0144101614788369,0.12897,0.0158078963569087,0.0435,0.00198291615090969,0.08547,0.0144101614788369,-0.0385320385320385,0.226341408268842,1,0,0,0,0.637300225455442,0.0778380356009332,113.333333333333,20.0790460721642,4,8.60530545949892,1.04762529192112,0.107466067132932,594,1301.33730033023,594,1301.33730033023,1188,2602.67460066046,396,851.925240490393,792,1703.85048098079,0.9031233,0
sb_cf,fixed_payload,10,2,5,990,0.00299069756244244,self_stable_fallback,0.002,0.00299069756244244,0,1,0.666666666666667,86.3333333333333,14.5557186654918,59.3333333333333,125.990932609117,27,116.171623703235,30.3333333333333,130.513799469067,NaN,NaN,NaN,NaN,NaN,NaN,7708.97811059908,6263.60718984847,NaN,NaN,NaN,NaN,NaN,NaN,5991,9969.03096131676,19142.85,18335.8111851245,25014.21,31174.7169516499,NaN,NaN,NaN,NaN,NaN,NaN,NaN,NaN,NaN,NaN,NaN,NaN,NaN,NaN,NaN,NaN,86.3333333333333,14.5557186654918,59,125.393602530414,431.666666666667,72.7785933274589,295,626.968012652072,NaN,NaN,0.05841,0.12413966650511,16.2785953333333,67.6974508155691,14.6396686666667,61.1951734575014,1.63892666666667,6.50231911430861,29.3896841775077,128.071763298839,0.670731707317073,1.41672711833214,NaN,NaN,0.43705394259869,0.889006656508146,3648,15042.1479922989,28,59.3599767318589,1.97324628776242,2.21514619537123,3534957,15022293.1906662,690507,2848408.47489781,3534957,15022293.1906662,346977.333333333,1379066.07561039,1580516.66666667,6625798.88613929,17.6572808,0
sb_cb,fixed_payload,10,2,5,990,0.6,neighbor_stable,0.2,0.8,0,1,1,86.3333333333333,14.5557186654918,86.3333333333333,14.5557186654918,0,0,0,0,1302.06785995279,45.9654110837373,0,0,1302.06785995279,45.9654110837373,1302.06785995279,45.9654110837373,1228.5,11.1786197028765,1812.75,297.183837820193,2439.75,1208.65999488944,1228.5,11.1786197028765,1812.75,297.183837820193,2439.75,1208.65999488944,0,0,36.5853658536585,2.51862598814603,6.37394627402495,1.09179790587407,69.352450264134,43.098616760843,1.75609756097561,7.55587796443808,198,0,990,0,0,0,86.3333333333333,14.5557186654918,86.3333333333333,14.5557186654918,431.666666666667,72.7785933274589,431.666666666667,72.7785933274589,NaN,NaN,0.08547,0.0144101614788369,0.112341,0.0149376199370788,0.026871,0.000972561328894753,0.08547,0.0144101614788369,-0.0276480276480277,0.208432681975259,1,0,8.18290688885155e-17,1.76719415692397e-16,0.637300225455442,0.0778380356009332,111.666666666667,23.4791536319062,1.33333333333333,5.73687030633262,1.01626016260163,0.0699618330040564,78,186.161220451521,60,127.128644717437,78,186.161220451521,18,77.4477491354903,24,103.263665513987,20.481812,0
s7_clean,fixed_payload,10,2,5,990,0.625,neighbor_stable,0.5,0.875,0,1,1,86.3333333333333,14.5557186654918,86.3333333333333,14.5557186654918,0,0,0,0,1257.81766325728,43.4635870974374,0,0,1257.81766325728,43.4635870974374,1257.81766325728,43.4635870974374,1188,0,1733.1,300.372929744139,2272.8,728.881848481735,1188,0,1733.1,300.372929744139,2272.8,728.881848481735,0,0,36,0,5.42657637405867,1.96079356419833,64.3910868832191,42.495202997483,0,0,162,0,990,0,0,0,86.3333333333333,14.5557186654918,86.3333333333333,14.5557186654918,431.666666666667,72.7785933274589,431.666666666667,72.7785933274589,NaN,NaN,0.08547,0.0144101614788369,0.108528,0.014737751352329,0.023058,0.00141981672706781,0.08547,0.0144101614788369,-0.023940023940024,0.179872934945044,1,0,1.28122757660085e-16,1.70372120433662e-17,0.637300225455442,0.0778380356009332,108,22.7674982015806,0,0,1,0,42,180.711414649477,21,90.3557073247387,42,180.711414649477,0,0,0,0,11.741363,0
s7_busy,fixed_payload,10,2,5,990,0.6,neighbor_stable,0.2,0.8,0,1,1,86.3333333333333,14.5557186654918,86.3333333333333,14.5557186654918,0,0,0,0,3470.18379790941,30.8703642283106,49.9228110599078,124.971737551455,3420.2609868495,132.815199315189,3470.18379790941,30.8703642283106,2749.5,865.675658750924,8489.1,422.524222337063,12461.22,7850.38988272748,2749.5,865.675658750924,8489.1,422.524222337063,12461.22,7850.38988272748,0,0,68.4930875576037,7.66550026967533,12.2055187141733,2.35011310725331,2041.34348656851,99.6241261907542,146.218894009217,34.494751213539,162,0,990,0,0,0,86.3333333333333,14.5557186654918,86.3333333333333,14.3421757658315,431.666666666667,72.7785933274589,431.666666666667,71.7108788291577,NaN,NaN,0.08547,0.0141987540081732,0.300069333333333,0.0459563506367928,0.214599333333333,0.031779905435556,0.08547,0.0141987540081732,0.0108240108240107,0.970965651526809,1,0,0.00567005057645025,0.0139786011480555,0.629597299093556,0.0652332396739079,202,44.7144788115059,77.6666666666667,11.2015973626882,1.90258576548899,0.212930563046537,43785,5994.20062034322,19887,2549.2482149721,43785,5994.20062034322,16674,771.999501793382,36792,1492.9212973228,58.358987,0
sf_cf,fixed_payload,10,1.66666666666667,6,1188,0.6,neighbor_stable,0.2,0.8,0,1,1,63.3333333333333,12.2539603459267,63.3333333333333,12.2539603459267,0,0,0,0,2921.44632929437,1221.17060551762,0,0,2921.44632929437,1221.17060551762,2921.44632929437,1221.17060551762,2322,549.460714631243,7212.9,6169.33431027392,8996.58,8832.03980101034,2322,549.460714631243,7212.9,6169.33431027392,8996.58,8832.03980101034,582.444903777619,77.7406246424529,0,0,935.652316464718,928.431150217859,0,0,215.349109052031,375.410774082329,0,0,1188,0,0,0,63.3333333333333,12.2539603459267,63.3333333333333,12.2539603459267,380,73.5237620755602,380,73.5237620755602,NaN,NaN,0.07524,0.0145577048909609,0.184257,0.065723534509805,0.095553,0.0457172090759301,0.088704,0.0229229638035412,-0.0957760957760959,0.438896073577439,1,0,5.76612229111695e-17,2.48096218159436e-16,0.667028065203248,0.0818541892253687,86,16.289580330703,11.3333333333333,18.8095871778349,1.18127029381484,0.316002335086135,7524,10364.1178629405,7524,10364.1178629405,15048,20728.2357258811,6732,11172.8947836339,13464,22345.7895672678,0.3998102,0
sf_cb,fixed_payload,10,1.66666666666667,6,1188,0.75,neighbor_stable,0.5,0.875,0,1,1,63.3333333333333,12.2539603459267,63.3333333333333,12.2539603459267,0,0,0,0,1610.38667141839,29.0076922940898,0,0,1610.38667141839,29.0076922940898,1610.38667141839,29.0076922940898,1518,25.8159163784968,2388,580.677737647999,3119.1,885.517570767778,1518,25.8159163784968,2388,580.677737647999,3119.1,885.517570767778,143.903207412687,42.7837444252792,0,0,57.1443335709195,16.538610497345,18.9391304347826,49.3251981182566,4.4,18.9316720108976,198,0,1188,0,0,0,63.3333333333333,12.2539603459267,63.3333333333333,12.2539603459267,380,73.5237620755602,380,73.5237620755602,NaN,NaN,0.07524,0.0145577048909609,0.101955,0.0179470618593856,0.026715,0.00342790752500705,0.07524,0.0145577048909609,-0.061040061040061,0.298688622027989,1,0,0,0,0.667028065203248,0.0818541892253687,74.6666666666667,16.9091758498227,1.33333333333333,5.73687030633262,1.02222222222222,0.0956145051055436,132,567.950160326929,132,567.950160326929,264,1135.90032065386,132,567.950160326929,264,1135.90032065386,0.8597695,0
sb_cf,fixed_payload,10,1.66666666666667,6,1188,0.00334370152488211,self_stable_fallback,0.00334370152488211,0.00334370152488211,0,1,1,63.3333333333333,12.2539603459267,63.3333333333333,12.2539603459267,0,0,0,0,5243.53977191732,2219.94907700559,8.7,37.4330787488203,5234.83977191732,2189.88825238103,5243.53977191732,2219.94907700559,3559.5,904.501626481507,13642.8,9527.27501213873,22909.23,25029.3478452497,3559.5,904.501626481507,13642.8,9527.27501213873,22909.23,25029.3478452497,0,0,45.328153955809,12.616328863128,3689.20712758375,1858.96171481764,4.47540983606557,19.2561343478951,307.829080541696,416.338852483223,0,0,1188,0,0,0,63.3333333333333,12.2539603459267,62.6666666666667,14.1254049686041,380,73.5237620755602,376,84.7524298116246,NaN,NaN,0.074448,0.0167809811027017,0.324974,0.138952822415675,0.232486,0.107268488759126,0.092488,0.0420773180289906,-0.0282987968761052,1.92514763024543,1,0,0.0208134773167782,0.089553164992614,0.666040255199044,0.0790941224583311,90,39.978412978425,16.6666666666667,24.1272741130314,1.25911538766136,0.350453579531332,19800,28663.2016462813,13428,17701.2728225532,19800,28663.2016462813,11935,16379.3297990689,18040,28082.1219594173,14.1474766,0
sb_cb,fixed_payload,10,1.66666666666667,6,1188,0.8,neighbor_stable,0.2,1,0,1,1,63.3333333333333,12.2539603459267,63.3333333333333,12.2539603459267,0,0,0,0,1516.00028510335,78.3146555791147,0,0,1516.00028510335,78.3146555791147,1516.00028510335,78.3146555791147,1422,0,2179.65,251.63649836161,3672.96,4023.21197600777,1422,0,2179.65,251.63649836161,3672.96,4023.21197600777,0,0,40.0521739130435,14.9280998259248,2.26297220242338,0.688968513505257,68.8612259444049,16.4273732322653,18.8239130434783,76.8358578255761,198,0,1188,0,0,0,63.3333333333333,12.2539603459267,63.3333333333333,12.2539603459267,380,73.5237620755602,380,73.5237620755602,NaN,NaN,0.07524,0.0145577048909609,0.096114,0.0236453818258938,0.020874,0.00913665546449701,0.07524,0.0145577048909609,-0.0532840532840533,0.284886257918204,1,0,4.31962468299996e-17,1.85858449338029e-16,0.667028065203248,0.0818541892253687,81,44.1589978828448,7.66666666666667,28.791716915859,1.11256038647343,0.414669439609023,138,518.250904485462,99,351.371598169231,138,518.250904485462,99,351.371598169231,138,518.250904485462,17.1689183,0
s7_clean,fixed_payload,10,1.66666666666667,6,1188,0.875,neighbor_stable,0.5,1,0,1,1,63.3333333333333,12.2539603459267,63.3333333333333,12.2539603459267,0,0,0,0,1455.01022808268,15.9496782944839,0,0,1455.01022808268,15.9496782944839,1455.01022808268,15.9496782944839,1386,0,2103.6,256.066856504312,2839.74,757.11032103346,1386,0,2103.6,256.066856504312,2839.74,757.11032103346,0,0,36,0,1.29889522451889,1.70066793921797,67.7113328581611,16.1693497403663,0,0,162,0,1188,0,0,0,63.3333333333333,12.2539603459267,63.3333333333333,12.2539603459267,380,73.5237620755602,380,73.5237620755602,NaN,NaN,0.07524,0.0145577048909609,0.092136,0.0171224101871023,0.016896,0.00264178322641821,0.07524,0.0145577048909609,-0.0607360607360607,0.266765756986124,1,0,0,0,0.667028065203248,0.0818541892253687,73.3333333333333,16.1628112417508,0,0,1,0,0,0,0,0,0,0,0,0,0,0,9.9402683,0
s7_busy,fixed_payload,10,1.66666666666667,6,1188,0.6,neighbor_stable,0.2,0.8,0,1,1,63.3333333333333,12.2539603459267,63.3333333333333,12.2539603459267,0,0,0,0,3659.41528866714,870.279989776596,0,0,3659.41528866714,870.279989776596,3659.41528866714,870.279989776596,2715,594.186839302251,8075.85,2831.96432853186,10519.71,3430.81426396126,2715,594.186839302251,8075.85,2831.96432853186,10519.71,3430.81426396126,0,0,66.8905203136137,11.7499469587868,10.3888809693514,5.39079655172977,2093.12854597292,800.316330412228,139.007341411262,52.8747613145407,162,0,1188,0,0,0,63.3333333333333,12.2539603459267,63.3333333333333,12.2539603459267,380,73.5237620755602,380,73.5237620755602,NaN,NaN,0.07524,0.0145577048909609,0.231696,0.0674791968660883,0.156456,0.0594595773368506,0.07524,0.0145577048909609,0.123364123364123,1.52733371433356,1,0,0,0,0.667028065203248,0.0818541892253687,134,48.8687409921091,54.3333333333333,22.2650442113236,1.85807000871149,0.326387415521856,35931,7809.89074088846,16674,3216.20629361316,35931,7809.89074088846,14217,4315.37193334212,30744,10408.177428571,53.3555666,0
sf_cf,fixed_payload,15,15,1,198,0.4,self_stable_fallback,0.2,0.4,0,1,1,584,38.803471516211,584,38.803471516211,0,0,0,0,738.43084959759,91.995082080237,6.97346543459618,12.4375063682669,731.457384162994,100.063089406012,738.43084959759,91.995082080237,546,25.8159163784968,1853.1,717.305120143872,3326.4,1815.3232547231,546,25.8159163784968,1853.1,717.305120143872,3326.4,1815.3232547231,96.1113623461238,4.89381572547811,0,0,384.125289158416,57.2147354454762,0,0,53.2207326584535,46.1190543325229,0,0,198,0,0,0,584,38.803471516211,584.666666666667,42.4731857761048,584,38.803471516211,584.666666666667,42.4731857761048,NaN,NaN,0.115764,0.00840969078366875,0.432626,0.073105917895196,0.28571,0.04188899098523,0.146916,0.0322646182683136,-0.228656228656229,0.713568015422074,1,0,0.00317904413040943,0.00651597092237325,0.934353476712611,0.00868995737173017,903.333333333333,118.5465636334,157.333333333333,141.319564722013,1.2687915790831,0.232924516830924,18084,11869.3430833711,18084,11869.3430833711,38346,26296.4604228255,14784,12504.5807483621,31152,27981.2738149587,2.5650495,0
sf_cb,fixed_payload,15,15,1,198,0.3,neighbor_stable,0.1,0.4,0,1,1,584,38.803471516211,584,38.803471516211,0,0,0,0,1271.1139452374,29.2656056280905,18.3453845348722,20.7752230423836,1252.76856070253,47.435057142658,1271.1139452374,29.2656056280905,951,34.1512473023708,3152.1,54.9612310913485,4944.78000000001,1315.13537607938,951,34.1512473023708,3152.1,54.9612310913485,4944.78000000001,1315.13537607938,120.147457709074,10.3463875301236,0,0,580.757886862127,60.2610196196476,101.465758603126,24.6594802076316,54.3974575281996,7.93968416855978,198,0,198,0,0,0,584,38.803471516211,586,41.3442913514118,584,38.803471516211,586,41.3442913514118,NaN,NaN,0.116028,0.00818616968757953,0.745736,0.0366578136918538,0.629708,0.0288379601069182,0.116028,0.00818616968757953,-0.268040268040268,1.33282857195583,1,0,0.00469809467178091,0.0109332135032034,0.934067717961523,0.0103835294498269,902,57.8862722311647,160.333333333333,18.3108642419671,1.27473463398081,0.0400994149927262,17688,4240.65227203406,17688,4240.65227203406,38082,9890.32655601499,14850,1703.85048098079,31878,4026.04161390851,2.7726619,0
sb_cf,fixed_payload,15,15,1,198,0.005,neighbor_stable,0.002,0.00668740304976422,0,1,1,584,38.803471516211,584,38.803471516211,0,0,0,0,3122.14412050984,197.10948310857,149.690211613798,190.300197147696,2972.45390889605,52.0956712496136,3122.14412050984,197.10948310857,2125.5,235.105622744659,9530.09999999999,2241.31408673229,14733,2769.34192598426,2125.5,235.105622744659,9530.09999999999,2241.31408673229,14733,2769.34192598426,0,0,52.0324228822462,4.23869309622376,2602.59470969122,84.1228552518372,31.6484504702261,7.9959848789084,88.1783258523541,23.3128120292307,0,0,198,0,0,0,584,38.803471516211,587,44.783429475148,584,38.803471516211,587,44.783429475148,NaN,NaN,0.11629,0.0089372591335662,1.843132,0.0621216049478692,1.674174,0.0341504909071095,0.168958,0.0279745060019168,-0.261375568338826,4.75745183854548,1,0,0.0110525084915341,0.0379776914500384,0.93381667354767,0.0112659589416433,1036,128.888211020911,260.333333333333,79.5053439405158,1.44534508006239,0.117741474895104,64614,20706.8272799094,45864,16645.9669543753,64614,20706.8272799094,37383,16279.4071523127,52668,20540.6460238456,29.8263453,0
sb_cb,fixed_payload,15,15,1,198,0.5,neighbor_stable,0.2,0.8,0,1,1,584,38.803471516211,584,38.803471516211,0,0,0,0,772.392112076741,448.070256089923,14.9022113383863,48.3373930485129,757.489900738355,399.9492923799,772.392112076741,448.070256089923,441,0,2226.3,2083.11451105162,6459.77999999999,10052.6327158395,441,0,2226.3,2083.11451105162,6459.77999999999,10052.6327158395,0,0,66.1090501037498,36.1578052056275,16.5514948573694,10.5494095533246,140.320552061056,189.288002113762,138.50880371618,165.479635068904,198,0,198,0,0,0,584,38.803471516211,585,41.0446910899164,584,38.803471516211,585,41.0446910899164,NaN,NaN,0.11583,0.00812684883580345,0.452497,0.28242976642901,0.332575,0.272626559932882,0.119922,0.0105987778395581,-1.57536157536158,8.124487243345,1,0,0.00072781046308328,0.00193763171021932,0.934474409474566,0.00836696524803827,1272.66666666667,637.922179072578,490.666666666667,609.54753197121,1.83636250288194,1.0043834779341,14904,16370.1410735898,11163,9942.97430349691,14904,16370.1410735898,9015,8719.47623691663,12414,15223.3155794252,63.1583529,0
s7_clean,fixed_payload,15,15,1,198,0.5,neighbor_stable,0.2,0.8,0,1,1,584,38.803471516211,584,38.803471516211,0,0,0,0,474.811975402965,52.2746934148965,1.64180073102335,2.64670573624887,473.170174671941,53.2443783669334,474.811975402965,52.2746934148965,405,0,800.7,173.327493491367,1282.56,506.146832815571,405,0,800.7,173.327493491367,1282.56,506.146832815571,0,0,37.2833841711934,2.41011835618048,9.34628860711016,1.18171876421824,60.7652731232678,39.7368699131365,5.77522877037011,10.8455326028122,162,0,198,0,0,0,584,38.803471516211,585,41.0446910899164,584,38.803471516211,585,41.0446910899164,NaN,NaN,0.115826333333333,0.00811776308535618,0.277732,0.0428881082450323,0.161905666666667,0.0369575212104761,0.115826333333333,0.00811776308535618,-0.093864093864094,0.528257966330322,1,0,0.00119190352204332,0.00368265444540684,0.934474409474566,0.00836696524803827,740.666666666667,40.8437366827623,21,39.978412978425,1.03564956031093,0.0669477321161242,1953,2174.176873422,945,951.956446967547,1953,2174.176873422,630,1128.54242277373,1323,2518.64001764078,30.2933581,0
s7_busy,fixed_payload,15,15,1,198,0.4,neighbor_stable,0.2,0.5,0,1,1,584,38.803471516211,584,38.803471516211,0,0,0,0,2487.50102622298,1875.72254720188,235.1822063993,798.184629504895,2252.31881982368,1077.54168511139,2487.50102622298,1875.72254720188,1446,164.797778177704,7644,8149.36107245412,19743,43356.4540679835,1446,164.797778177704,7644,8149.36107245412,19743,43356.4540679835,0,0,104.036913881437,64.1503943363949,38.8462001593627,26.4062046802628,1443.26959331641,699.450309058531,306.166112466466,288.676774513777,162,0,198,0,0,0,584,38.803471516211,586.333333333333,42.2546883725189,584,38.803471516211,586.333333333333,42.2546883725189,NaN,NaN,0.116069333333333,0.00847091736758381,1.46572666666667,1.19640450519418,1.34965733333333,1.19072572984336,0.116069333333333,0.00847091736758381,-0.325724325724326,7.75868968514994,1,0,0.00438443213742513,0.0182865403028158,0.933613098574437,0.0106433347851322,2029.66666666667,1125.45512414633,1107.33333333333,1088.45019856576,2.88991427448436,1.78195539823319,209097,71348.5190876447,87570,18007.1013299668,209097,71348.5190876447,72807,20777.0979390585,175140,76556.8290638248,240.5282836,0
sf_cf,fixed_payload,15,7.5,2,396,0.5,neighbor_stable,0.2,0.6,0,1,1,290.333333333333,36.1980150877958,290.333333333333,36.1980150877958,0,0,0,0,1291.9643009766,457.049035676748,3.69173723536737,3.43070723267048,1288.27256374123,456.733297589946,1291.9643009766,457.049035676748,924,123.134073269749,3263.55,1904.8401868156,6550.41,3773.8940405145,924,123.134073269749,3263.55,1904.8401868156,6550.41,3773.8940405145,186.084005702301,18.5669745011946,0,0,567.680310021629,291.517013622575,0,0,138.508248017304,190.033146541695,0,0,396,0,0,0,290.333333333333,36.1980150877958,292,29.809652541004,580.666666666667,72.3960301755917,584,59.6193050820079,NaN,NaN,0.115632,0.0118046224062376,0.396083666666667,0.15279234917752,0.229123666666667,0.0934753256115951,0.16696,0.0593438336130843,0.314608314608314,1.25601631926782,1,0,0.0495244258058629,0.213086405882871,0.892543505727813,0.0503522788882387,528.666666666667,161.551734633098,103,152.789615702988,1.349768303074,0.479881683186099,28776,25355.0152344356,28776,25355.0152344356,66528,66406.4659131693,21641.3333333333,21240.4932827509,51328,55590.2093279761,1.7131471,0
sf_cb,fixed_payload,15,7.5,2,396,0.5,neighbor_stable,0.2,0.6,0,1,1,290.333333333333,36.1980150877958,290.333333333333,36.1980150877958,0,0,0,0,1029.50999311791,273.00778400965,1.55975126171593,4.92547584656082,1027.9502418562,274.045433800816,1029.50999311791,273.00778400965,879,90.3557073247387,2003.85,956.205956451771,3559.82999999999,4285.6814128641,879,90.3557073247387,2003.85,956.205956451771,3559.82999999999,4285.6814128641,124.989239693256,10.9291926024644,0,0,228.992292718097,149.779280697252,50.5906416726748,65.6024725173286,29.3780677721702,66.6998668598462,198,0,396,0,0,0,290.333333333333,36.1980150877958,290.666666666667,34.8960197405405,580.666666666667,72.3960301755917,581.333333333333,69.792039481081,NaN,NaN,0.115104,0.013818823817254,0.300212333333333,0.113158144160817,0.185108333333333,0.100409554130007,0.115104,0.013818823817254,0.0566200566200565,0.557427876855169,1,0,0.00147437329667603,0.00634371628961247,0.892202079420687,0.0505267796452517,416.333333333333,111.988425327832,44,104.333783893514,1.14837407965742,0.336868014443667,5346,9384.07672602904,5346,9384.07672602904,11022,20186.2143210505,4224,9767.25672847806,8712,20658.0892109157,1.727395,0
sb_cf,fixed_payload,15,7.5,2,396,0.00223606797749979,neighbor_stable,0.001,0.00334370152488211,0,1,1,290.333333333333,36.1980150877958,290.333333333333,36.1980150877958,0,0,0,0,6458.90389755522,1588.94773780537,402.90843596382,1165.42938625048,6055.9954615914,598.201150885929,6458.90389755522,1588.94773780537,4633.5,1089.1173384549,18330.75,4262.64310271853,34768.89,42363.9186903915,4633.5,1089.1173384549,18330.75,4262.64310271853,34768.89,42363.9186903915,0,0,48.8134528413187,3.69127125221312,5427.57519056826,535.456234898773,42.6588369273121,19.6129384758877,140.947981254506,40.6039837743443,0,0,396,0,0,0,290.333333333333,36.1980150877958,292,29.809652541004,580.666666666667,72.3960301755917,584,59.6193050820079,NaN,NaN,0.115632,0.0118046224062376,1.90333666666667,0.481736290618949,1.74533266666667,0.465297427504912,0.158004,0.0212810856865903,-0.429040170486042,4.28908107111633,1,0,0.019294620360163,0.0695620252016643,0.890489195706833,0.0396459495389708,511.666666666667,69.5706408916438,103.666666666667,40.1580921443283,1.35592924559219,0.102535312561475,59796,23874.1820512323,42432,17021.3980669581,59796,23874.1820512323,30243,5649.45512689226,42372,10223.1028858847,25.8770622,0
sb_cb,fixed_payload,15,7.5,2,396,0.4,neighbor_stable,0.2,0.8,0,1,1,290.333333333333,36.1980150877958,290.333333333333,36.1980150877958,0,0,0,0,733.125626269909,101.940864332321,0.0789473684210526,0.339683110243378,733.046678901488,101.618197404946,733.125626269909,101.940864332321,639,0,1188.3,326.425903949474,1930.56,1153.49015768533,639,0,1188.3,326.425903949474,1930.56,1153.49015768533,0,0,39.9665497804287,7.068595678661,13.896163891984,3.62648334613706,66.7355304122698,51.9594448471094,18.4484348168054,41.6342939423205,198,0,396,0,0,0,290.333333333333,36.1980150877958,290.666666666667,34.8960197405405,580.666666666667,72.3960301755917,581.333333333333,69.792039481081,NaN,NaN,0.115104,0.013818823817254,0.213392333333333,0.0550623680637876,0.0976283333333333,0.0388797432086621,0.115764,0.0162338397562243,-0.0114800114800115,0.687896856756589,1,0,0.000838609294702013,0.00360824457104235,0.891099349956809,0.0513740458740231,411.666666666667,90.8098730779481,32.6666666666667,61.5712127947326,1.11018193834524,0.196349879962805,2034,4114.4610264847,1812,3722.75450129646,2034,4114.4610264847,1074,3443.03906454748,1212,3824.93969786553,36.7052269,0
s7_clean,fixed_payload,15,7.5,2,396,0.5,neighbor_stable,0.2,0.8,0,1,1,290.333333333333,36.1980150877958,290.333333333333,36.1980150877958,0,0,0,0,665.513624238055,58.3766548310605,0.0296052631578947,0.127381166341267,665.484018974897,58.2751932416941,665.513624238055,58.3766548310605,603,0,1035.6,216.926676729542,1364.64,467.979337019191,603,0,1035.6,216.926676729542,1364.64,467.979337019191,0,0,36.56236481615,1.23701448248831,8.71249934456315,1.85316441199682,59.6785131415088,50.2185076342856,2.53064167267484,5.56656517119739,162,0,396,0,0,0,290.333333333333,36.1980150877958,290.666666666667,34.8960197405405,580.666666666667,72.3960301755917,581.333333333333,69.792039481081,NaN,NaN,0.115085333333333,0.0138914876212191,0.193562333333333,0.0404334911456817,0.078477,0.0265428205764543,0.115085333333333,0.0138914876212191,0.000852000852000832,0.584450620895403,1,0,0.000642191611088774,0.00276312748847332,0.892202079420687,0.0505267796452517,366.666666666667,29.63664090835,4.66666666666667,10.3422900250845,1.01562124489305,0.0343615134024531,378,626.002703361083,189,313.001351680542,378,626.002703361083,147,325.782135790162,294,651.564271580325,25.8578646,0
s7_busy,fixed_payload,15,7.5,2,396,0.5,neighbor_stable,0.2,0.6,0,1,1,290.333333333333,36.1980150877958,290.333333333333,36.1980150877958,0,0,0,0,2197.42781673986,478.735632443276,19.5979650324441,76.9370278665662,2177.82985170741,406.515977903194,2197.42781673986,478.735632443276,1597.5,384.486020552113,6062.7,1530.23885164274,9179.31,4012.30480893463,1597.5,384.486020552113,6062.7,1530.23885164274,9179.31,4012.30480893463,0,0,78.1441325293308,10.6528495524331,19.6619959690634,6.11532805486482,1332.37512682703,347.911030340729,189.648596381989,47.937822985949,162,0,396,0,0,0,290.333333333333,36.1980150877958,291.666666666667,31.0600007521514,580.666666666667,72.3960301755917,583.333333333333,62.1200015043028,NaN,NaN,0.1155,0.012299760297852,0.644667333333333,0.161460897284619,0.529167333333333,0.15364306208524,0.1155,0.012299760297852,0.00496800496800491,2.85844090345155,1,0,0.0101675925764674,0.0437476199541179,0.891636969655851,0.0509075212779699,797.333333333333,149.385998802353,340,98.7112685052447,2.17067034803697,0.295912487567587,109116,18746.795209192,48615,7909.60877180893,109116,18746.795209192,39816,6645.29217971987,89439,14669.6602288795,142.3992514,0
sf_cf,fixed_payload,15,5,3,594,0.3,neighbor_stable,0.1,0.4,0,1,1,203.666666666667,31.2580473968789,203.666666666667,31.2580473968789,0,0,0,0,2699.18036370169,96.6342410402113,17.2798997353652,23.0164670051183,2681.90046396633,73.7390064873625,2699.18036370169,96.6342410402113,1953,373.941120416652,7340.1,960.306112253155,11522.37,2167.78064884162,1953,373.941120416652,7340.1,960.306112253155,11522.37,2167.78064884162,282.767329584341,17.4038849174709,0,0,1697.10328597664,116.968085644302,0,0,108.029848405347,64.9236652172442,0,0,594,0,0,0,203.666666666667,31.2580473968789,203.333333333333,31.4548471210306,611,93.7741421906366,610,94.3645413630918,NaN,NaN,0.12082,0.0185510926957182,0.549901666666667,0.102563576457063,0.407103666666667,0.0845189751094046,0.142798,0.0233609287793935,-0.469172469172469,1.67028313989318,1,0,0.00292160846257271,0.00633954336430632,0.863174946769344,0.060162480458056,288,38.7238745677451,37,22.0794989414224,1.18186843165883,0.10929909969233,11484,6143.32027490021,11484,6143.32027490021,24552,14926.9360862528,10296,5182.05893147026,21978,13115.2223712049,0.8936864,0
sf_cb,fixed_payload,15,5,3,594,0.5,neighbor_stable,0.2,0.6,0,1,1,203.666666666667,31.2580473968789,203.666666666667,31.2580473968789,0,0,0,0,1191.56962203997,38.5666483258003,5.32135442806954,2.55288971996247,1186.2482676119,38.6064238884048,1191.56962203997,38.5666483258003,1048.5,33.5358591086294,1968.6,182.651029182805,3172.35,754.432988276629,1048.5,33.5358591086294,1968.6,182.651029182805,3172.35,754.432988276629,139.162790299767,30.7948264224889,0,0,201.042698019802,7.68843951749922,40.5780430145549,15.5818063116678,13.4647362777752,21.3312105462818,198,0,594,0,0,0,203.666666666667,31.2580473968789,203.666666666667,31.2580473968789,611,93.7741421906366,611,93.7741421906366,NaN,NaN,0.121011333333333,0.018551375664121,0.242598333333333,0.0301382762205166,0.121587,0.0118969577300572,0.121011333333333,0.018551375664121,-0.00939600939600949,0.402077752734793,1,0,0.000137346601015127,0.000590954727778819,0.862200145312791,0.0563227663281894,263,34.7779279645046,13.6666666666667,21.4174357173438,1.06800371857462,0.107733386597383,1584,1703.85048098079,1584,1703.85048098079,3234,3691.67604212504,1320,1987.82556114425,2706,4240.65227203406,1.3003349,0
sb_cf,fixed_payload,15,5,3,594,0.00149534878122122,neighbor_stable,0.001,0.002,0,1,1,203.666666666667,31.2580473968789,203.666666666667,31.2580473968789,0,0,0,0,9011.63988499224,2379.96049448612,355.191274182142,514.989189687873,8656.4486108101,1865.05487372855,9011.63988499224,2379.96049448612,6432,1340.51802558678,27065.25,20018.1063896682,38831.97,26864.4076509992,6432,1340.51802558678,27065.25,20018.1063896682,38831.97,26864.4076509992,0,0,46.4888727928092,9.60981650368304,7773.45338378884,1651.59277108647,69.4399531471004,87.081060077551,173.066401081352,158.56197231077,0,0,594,0,0,0,203.666666666667,31.2580473968789,203,28.648473654543,611,93.7741421906366,609,85.9454209636289,NaN,NaN,0.1207,0.016678256399061,1.82717466666667,0.504320794874851,1.67142866666667,0.47955158073709,0.155746,0.0277389442018959,-1.75327751816276,4.67559071203213,1,0,0.0161329550758705,0.0293753387921019,0.863912049488717,0.0619335415518399,328,76.5259578327656,59,52.1668919467569,1.29135757757803,0.266939347324529,48312,45631.7116656658,35244,32240.999688643,48312,45631.7116656658,25848,22637.8172126609,35046,30987.1338163736,21.6652661,0
sb_cb,fixed_payload,15,5,3,594,0.5,neighbor_stable,0.2,0.8,0,1,1,203.666666666667,31.2580473968789,203.666666666667,31.2580473968789,0,0,0,0,960.979803063832,92.7499030433853,2.23454895172697,3.0665763888488,958.745254112105,89.7180671140322,960.979803063832,92.7499030433853,837,0,1516.2,217.651294859108,3324.17999999999,2829.301583044,837,0,1516.2,217.651294859108,3324.17999999999,2829.301583044,0,0,43.0627423917507,11.7339682970512,10.7479232730301,4.32440268645814,79.2074303052425,17.3227566884413,33.7271581420815,57.5916044064675,198,0,594,0,0,0,203.666666666667,31.2580473968789,203.666666666667,31.2580473968789,611,93.7741421906366,611,93.7741421906366,NaN,NaN,0.120803333333333,0.0186684205702275,0.195798333333333,0.0475683885952021,0.074599,0.0286027988257559,0.121199333333333,0.0193390185210141,-0.00927600927600941,0.412848999578211,1,0,0.00103728980451082,0.00446309780891943,0.861710902796988,0.0560592364535372,288,104.422465408796,41,71.6104132235758,1.19618728865974,0.325943563806979,1116,2072.84286390974,903,1669.22409427946,1116,2072.84286390974,897,1652.06737616376,1110,2055.08315384822,34.1097625,0
s7_clean,fixed_payload,15,5,3,594,0.5,neighbor_stable,0.2,0.8,0,1,1,203.666666666667,31.2580473968789,203.666666666667,31.2580473968789,0,0,0,0,877.728313780399,16.6011885240011,2.72351157206734,5.43390886869614,875.004802208331,12.5297151222653,877.728313780399,16.6011885240011,801,0,1375.35,209.139795904007,2113.86,1192.61489671936,801,0,1375.35,209.139795904007,2113.86,1192.61489671936,0,0,36.7026338002464,0.86645705110943,8.83906756171009,1.71808497416913,70.3012487452662,7.03499615367102,3.16185210110873,3.89905672999245,162,0,594,0,0,0,203.666666666667,31.2580473968789,204,31.1261563132618,611,93.7741421906366,612,93.3784689397853,NaN,NaN,0.120989333333333,0.0185617498186589,0.178823333333333,0.0303480818431948,0.057834,0.0118524369646077,0.120989333333333,0.0185617498186589,0.01006001006001,0.326822487526095,1,0,6.3676851217176e-05,0.000273979377711433,0.862368199200461,0.0564311261737092,250.666666666667,34.8074884695988,4,4.96827542350066,1.0195176055624,0.0240682514197064,252,313.001351680542,126,156.500675840271,252,313.001351680542,126,156.500675840271,252,313.001351680542,23.6679972,0
s7_busy,fixed_payload,15,5,3,594,0.6,neighbor_stable,0.2,0.8,0,1,1,203.666666666667,31.2580473968789,203.666666666667,31.2580473968789,0,0,0,0,2545.63023708765,86.7812840768563,16.864247074189,15.6067884405459,2528.76599001346,84.5067923574013,2545.63023708765,86.7812840768563,2011.5,91.500945770648,6633.9,1765.09944936647,9938.75999999999,4922.44321955295,2011.5,91.500945770648,6633.9,1765.09944936647,9938.75999999999,4922.44321955295,0,0,75.3011959894146,5.96235721854976,13.8287509410503,1.8224986744274,1506.78066113063,53.2245067594689,176.855381952366,26.8306074834739,162,0,594,0,0,0,203.666666666667,31.2580473968789,202.333333333333,30.6600698962002,611,93.7741421906366,607,91.9802096886008,NaN,NaN,0.119998666666667,0.0184239305745995,0.514384666666667,0.0772262947498584,0.394386,0.0593254153695465,0.119998666666667,0.0184239305745995,0.341452341452341,1.87492828609669,1,0,0.00784754063727219,0.0269128850452492,0.861507507308985,0.073491485093652,522.333333333333,116.895331465882,222.333333333333,46.4960862856869,2.09169988859485,0.165621033848605,74907,7533.19542987007,33747,2395.70452139786,74907,7533.19542987007,28266,787.702794401347,62874,3286.51419264569,103.508547,0
sf_cf,fixed_payload,15,3.75,4,792,0.4,neighbor_stable,0.2,0.5,0,1,0.666666666666667,143.666666666667,12.5032189587515,102,167.876989967904,41.6666666666667,179.277197072894,41.6666666666667,179.277197072894,NaN,NaN,NaN,NaN,NaN,NaN,3940.54030412034,4239.30897226731,NaN,NaN,NaN,NaN,NaN,NaN,2256,202.864486788595,15732.5999999999,32219.3954198398,29670.42,58273.9735362184,NaN,NaN,NaN,NaN,NaN,NaN,NaN,NaN,NaN,NaN,NaN,NaN,NaN,NaN,NaN,NaN,143.666666666667,12.5032189587515,102.333333333333,168.561755825767,574.666666666667,50.0128758350062,409.333333333333,674.247023303068,NaN,NaN,0.081048,0.133500910614007,20.1383986666667,84.8147728093981,16.5785106666667,70.1316400250051,3.559888,14.6831401185995,39.6799756799757,171.531906016979,0.720357941834452,1.20320266491875,NaN,NaN,0.632662449147165,0.50067798967121,11218.6666666667,47360.0243211298,39.6666666666667,12.2539603459267,1.76570491858262,2.11940610940136,619080,2588728.79283452,619080,2588728.79283452,8780112,37622727.1132159,284368,1150305.25217756,3478840,14816612.1308511,1.1176638,0
sf_cb,fixed_payload,15,3.75,4,792,0.5,neighbor_stable,0.2,0.6,0,1,1,143.666666666667,12.5032189587515,143.666666666667,12.5032189587515,0,0,0,0,1392.41245539261,105.421756949485,2.01398601398601,8.66548242075416,1390.39846937862,108.036879884109,1392.41245539261,105.421756949485,1230,71.8684696029971,2261.1,137.075283919233,3004.28999999999,1441.80640884965,1230,71.8684696029971,2261.1,137.075283919233,3004.28999999999,1441.80640884965,154.420442094721,40.5081235731147,0,0,201.378984783263,32.9554007813965,38.2702317237588,45.9542903434547,6.32881077688185,16.5610684436337,198,0,792,0,0,0,143.666666666667,12.5032189587515,144,11.3837491007903,574.666666666667,50.0128758350062,576,45.5349964031611,NaN,NaN,0.113909333333333,0.00947499665772065,0.200309333333333,0.0322225009243178,0.0864,0.0227685296271985,0.113909333333333,0.00947499665772065,-0.127088127088127,0.638980890238654,1,0,0.000662673004358512,0.00285125181113443,0.767115962520031,0.0928727759073564,175.333333333333,33.0804079526445,4.66666666666667,12.5032189587515,1.03196369079233,0.0836417598163318,462,1237.8186769164,462,1237.8186769164,924,2475.63735383281,462,1237.8186769164,924,2475.63735383281,1.3864594,0
sb_cf,fixed_payload,15,3.75,4,792,0.00223606797749979,self_stable_fallback,0.00223606797749979,0.00223606797749979,0,1,0.666666666666667,143.666666666667,12.5032189587515,112,124.87580154684,31.6666666666667,136.2506697754,31.6666666666667,136.2506697754,NaN,NaN,NaN,NaN,NaN,NaN,16463.5932820177,36941.1874180305,NaN,NaN,NaN,NaN,NaN,NaN,7576.5,7760.01014323286,67414.5,191633.794081423,83126.6699999999,210841.104052767,NaN,NaN,NaN,NaN,NaN,NaN,NaN,NaN,NaN,NaN,NaN,NaN,NaN,NaN,NaN,NaN,143.666666666667,12.5032189587515,112,124.87580154684,574.666666666667,50.0128758350062,448,499.50320618736,NaN,NaN,0.088704,0.0989016348250974,13.5973073333333,53.7188361378309,12.6218213333333,50.2831017285148,0.975486,3.43586742905772,38.1547565209358,174.832762952258,0.787472035794183,0.914434025338252,NaN,NaN,0.730554594353839,0.0637352306252136,3221.33333333333,12750.2641918888,150.666666666667,298.12067577063,3.16031215431695,6.79581370399147,2440797,10188461.9622489,611133,2412041.65931542,2440797,10188461.9622489,272665,977957.078901045,886782,3534632.77979054,22.8401478,0
sb_cb,fixed_payload,15,3.75,4,792,0.5,neighbor_stable,0.2,0.8,0,1,1,143.666666666667,12.5032189587515,143.666666666667,12.5032189587515,0,0,0,0,1162.82970874908,192.025768669467,0,0,1162.82970874908,192.025768669467,1162.82970874908,192.025768669467,1035,0,1870.2,665.619925332763,3219.17999999999,2472.95916603507,1035,0,1870.2,665.619925332763,3219.17999999999,2472.95916603507,0,0,41.1587990976722,12.3127976577319,10.6230941093092,0.708624341033262,92.9434394006361,112.576238002038,28.1043761414579,66.8211743041884,198,0,792,0,0,0,143.666666666667,12.5032189587515,144,11.3837491007903,574.666666666667,50.0128758350062,576,45.5349964031611,NaN,NaN,0.113816333333333,0.00979119415321077,0.167336333333333,0.0419178578256268,0.052728,0.0306706477747549,0.114608333333333,0.0117461611349158,-0.167216167216167,0.504330915684628,1,0,0.000208801522313807,0.000898400439958971,0.767115962520031,0.0928727759073564,194,82.0893821798328,21,51.6915572798604,1.14329997493534,0.342022157159219,1188,2898.17438557978,1065,2558.93556596668,1188,2898.17438557978,1029,2413.37398676624,1152,2751.66668375033,31.5582221,0
s7_clean,fixed_payload,15,3.75,4,792,0.6,neighbor_stable,0.2,0.8,0,1,1,143.666666666667,12.5032189587515,143.666666666667,12.5032189587515,0,0,0,0,1088.09113767793,98.4344969508146,0,0,1088.09113767793,98.4344969508146,1088.09113767793,98.4344969508146,993,12.9079581892484,1731.6,359.38349615375,2273.45999999999,869.939759373282,993,12.9079581892484,1731.6,359.38349615375,2273.45999999999,869.939759373282,0,0,36.5063975665106,1.28771321258772,5.82662198021186,0.329250295310983,89.4793290819074,98.3951662163958,2.27878904929747,5.79470945664474,162,0,792,0,0,0,143.666666666667,12.5032189587515,143.666666666667,12.5032189587515,574.666666666667,50.0128758350062,574.666666666667,50.0128758350062,NaN,NaN,0.113784,0.00990254941533122,0.156438,0.0270827204377199,0.042654,0.0177296761521901,0.113784,0.00990254941533122,-0.125520125520125,0.365149339065465,1,0,0,0,0.764699348767369,0.0981611167700544,172.666666666667,22.4031947253764,2,4.96827542350066,1.01406659906974,0.0357698114607701,126,313.001351680542,63,156.500675840271,126,313.001351680542,63,156.500675840271,126,313.001351680542,24.1384639,0
s7_busy,fixed_payload,15,3.75,4,792,0.6,neighbor_stable,0.2,0.8,0,1,1,143.666666666667,12.5032189587515,143.666666666667,12.5032189587515,0,0,0,0,3289.75497902706,563.105738209398,66.2347115971277,260.182877040753,3223.52026742993,450.639031064085,3289.75497902706,563.105738209398,2385,461.989510370428,8614.8,3715.79807536996,14295.8699999999,8130.71033966633,2385,461.989510370428,8614.8,3715.79807536996,14295.8699999999,8130.71033966633,0,0,77.3626514473407,25.1440113528216,14.0248305602948,1.84513991027747,1992.00085390926,328.495049606966,186.131931513033,113.148051087697,162,0,792,0,0,0,143.666666666667,12.5032189587515,143.666666666667,10.0395230360821,574.666666666667,50.0128758350062,574.666666666667,40.1580921443283,NaN,NaN,0.113784,0.007951302244577,0.475938666666667,0.0992286339224992,0.362154666666667,0.0923222949864292,0.113784,0.007951302244577,-0.515192515192515,2.53018035487408,1,0,0.00809634981596336,0.0298615202082495,0.770956099940816,0.0952624241022768,358,135.993778138221,166,115.772544462329,2.14896254020391,0.698444759800601,57750,16376.8317448767,26439,7275.73869366276,57750,16376.8317448767,22365,5947.02568193029,48930,13940.2781177421,82.8682927,0
sf_cf,fixed_payload,15,3,5,990,0.4,neighbor_stable,0.2,0.5,0,1,1,123,23.9561565343324,123,23.9561565343324,0,0,0,0,3340.14156722905,1136.57079982527,9.70792588780237,20.9681953171673,3330.43364134125,1118.4569150843,3340.14156722905,1136.57079982527,2595,424.983619593834,8981.99999999999,6964.44371504286,12839.73,12067.6448155368,2595,424.983619593834,8981.99999999999,6964.44371504286,12839.73,12067.6448155368,483.91657079713,38.829170745892,0,0,1699.98839834441,775.83413146867,0,0,156.528672199708,347.487877244646,0,0,990,0,0,0,123,23.9561565343324,123.666666666667,24.8827449681701,615,119.780782671662,618.333333333333,124.413724840851,NaN,NaN,0.122456666666667,0.024510954618217,0.41462,0.215095919377784,0.272033333333333,0.145463216377348,0.142586666666667,0.0723509419348524,0.0704760704760706,0.64653866275069,1,0,0.00353553185130831,0.0107714078474669,0.717066035485848,0.12494994702592,176.333333333333,80.3161842886566,20.3333333333333,48.8266309101896,1.1581097698987,0.350997855802673,13530,23631.43636378,13530,23631.43636378,28050,51253.3719716229,9570,22042.3937692103,20130,48338.3646010877,0.8507822,0
sf_cb,fixed_payload,15,3,5,990,0.6,neighbor_stable,0.2,0.8,0,1,1,123,23.9561565343324,123,23.9561565343324,0,0,0,0,1555.71077926796,107.661693151589,4.76363870303654,11.6822154879345,1550.94714056492,96.0832895638975,1555.71077926796,107.661693151589,1419,39.2580222081081,2503.2,609.173578900766,3529.62,713.396913624687,1419,39.2580222081081,2503.2,609.173578900766,3529.62,713.396913624687,170.617528122932,70.9611558505027,0,0,144.084005501326,15.4657197268833,39.7822716322762,33.8124039284809,8.46333530838995,11.2211942716623,198,0,990,0,0,0,123,23.9561565343324,123,23.9561565343324,615,119.780782671662,615,119.780782671662,NaN,NaN,0.12177,0.023716594968989,0.191586,0.0494856893206355,0.069816,0.0262433837200336,0.12177,0.023716594968989,0.051980051980052,0.224758743090455,1,0,4.31147205494414e-17,1.85507670064439e-16,0.714916670135853,0.121103780107789,156,39.978412978425,5.33333333333333,7.58916606719352,1.04274411771914,0.0566726983417289,792,1301.33730033023,792,1301.33730033023,1584,2602.67460066046,528,751.327440652158,1056,1502.65488130432,0.9996022,0
sb_cf,fixed_payload,15,3,5,990,0.001,self_stable_fallback,0.001,0.001,1,1,0.666666666666667,123,23.9561565343324,123,23.9561565343324,0,0,0,0,NaN,NaN,NaN,NaN,NaN,NaN,23024.9008074666,21593.8111524839,NaN,NaN,NaN,NaN,NaN,NaN,15433.5,12452.7130825128,71256,78847.7105671335,103016.16,79859.9263006582,NaN,NaN,NaN,NaN,NaN,NaN,NaN,NaN,NaN,NaN,NaN,NaN,NaN,NaN,NaN,NaN,123,23.9561565343324,118.666666666667,6.25160947937577,615,119.780782671662,593.333333333333,31.2580473968789,NaN,NaN,0.11748,0.00618909338458201,2.75970866666667,2.49552117799478,2.50445566666667,2.30201950880601,0.255253,0.193716261021245,5.76765726815719,30.2111092573512,1,0,NaN,NaN,0.717540928924205,0.110067498959005,310.666666666667,278.426664325469,148.333333333333,252.189941079668,2.17147059544353,1.75830723739524,161040,252366.626252668,109818,153451.102847379,161040,252366.626252668,94552,113788.987611235,137773,189972.74127797,19.9294871,0
sb_cb,fixed_payload,15,3,5,990,0.6,neighbor_stable,0.2,0.8,0,1,1,123,23.9561565343324,123,23.9561565343324,0,0,0,0,1373.08006547961,209.536290285251,4.45367987647967,10.4857927970649,1368.62638560313,199.81237404973,1373.08006547961,209.536290285251,1230,12.9079581892484,2204.85,890.681618200352,3209.73,2323.24207746581,1230,12.9079581892484,2204.85,890.681618200352,3209.73,2323.24207746581,0,0,40.0183550517479,8.77736245447845,6.91812777607183,2.0573827716128,109.872059580394,127.853450981767,23.8178431949208,63.4566503057952,198,0,990,0,0,0,123,23.9561565343324,123,23.9561565343324,615,119.780782671662,615,119.780782671662,NaN,NaN,0.12177,0.023716594968989,0.169386,0.0586092902467754,0.046956,0.0327050753083229,0.12243,0.0265254614981966,0.0331440331440332,0.175106116201126,1,0,5.95898372303246e-17,2.56394375824382e-16,0.714916670135853,0.121103780107789,169.666666666667,57.583433831718,14.3333333333333,33.9094655199968,1.11162097365966,0.243815623735513,1362,2933.60151454724,1200,2641.31016440996,1362,2933.60151454724,804,3033.45256457695,906,3395.4555149267,25.6341751,0
s7_clean,fixed_payload,15,3,5,990,0.4,neighbor_stable,0.2,0.8,0,1,1,123,23.9561565343324,123,23.9561565343324,0,0,0,0,1318.32227085379,132.593907685138,4.32784354091611,10.3683354402852,1313.99442731287,122.84970621751,1318.32227085379,132.593907685138,1197,0,2074.5,557.179906037814,2623.23,960.950015245327,1197,0,2074.5,557.179906037814,2623.23,960.950015245327,0,0,36.5373134328358,2.3118731085221,13.9889627492788,3.32738928650766,109.050240682995,113.282150913134,2.41791044776119,10.4034289883494,162,0,990,0,0,0,123,23.9561565343324,123,23.9561565343324,615,119.780782671662,615,119.780782671662,NaN,NaN,0.12177,0.023716594968989,0.162468,0.0477153774342434,0.040698,0.0244453282747755,0.12177,0.023716594968989,0.043948043948044,0.215511580962127,1,0,0,0,0.714916670135853,0.121103780107789,150,36.5936335595963,2,8.60530545949892,1.01492537313433,0.0642186974589471,126,542.134243948432,63,271.067121974216,126,542.134243948432,63,271.067121974216,126,542.134243948432,15.9646927,0
s7_busy,fixed_payload,15,3,5,990,0.6,neighbor_stable,0.2,0.8,0,1,1,123,23.9561565343324,123,23.9561565343324,0,0,0,0,4191.70969046394,1109.47160820074,36.6033423147952,73.4350450850148,4155.10634814914,1056.57151155281,4191.70969046394,1109.47160820074,3111,589.117854214117,10445.4,3936.25343696261,15815.28,3114.45580855562,3111,589.117854214117,10445.4,3936.25343696261,15815.28,3114.45580855562,0,0,90.6351955089807,27.693794381417,14.931288573072,6.04878303490295,2651.68148427668,911.430347518147,245.858379790413,124.622074716376,162,0,990,0,0,0,123,23.9561565343324,123.666666666667,22.5404985320661,615,119.780782671662,618.333333333333,112.70249266033,NaN,NaN,0.122240333333333,0.0226136078880637,0.521146666666667,0.235272881026991,0.398906333333333,0.212998615099319,0.122240333333333,0.0226136078880637,0.116716116716117,0.18539420672231,1,0,0.00594249425481453,0.0236409460343792,0.717913356832615,0.111994184731783,385.333333333333,206.442654993026,188.333333333333,130.277175476529,2.51764431969391,0.769272066150471,56679,10707.818480689,25368,4021.59032836896,56679,10707.818480689,21063,4003.27790691578,46935,9477.01727662973,67.8265694,0
sf_cf,fixed_payload,15,2.5,6,1188,0.4,neighbor_stable,0.2,0.5,0,1,1,102.333333333333,27.4756561507033,102.333333333333,27.4756561507033,0,0,0,0,5030.9587930761,2270.9710770715,14.4103699843669,40.7423944647718,5016.54842309174,2283.63840979115,5030.9587930761,2270.9710770715,3373.5,268.364490944685,16494.9,18964.236827371,22779.96,32692.1405888091,3373.5,268.364490944685,16494.9,18964.236827371,22779.96,32692.1405888091,593.849349751909,126.498728041086,0,0,2736.08258377325,1042.99217196499,0,0,498.616489566577,1138.76325486495,0,0,1188,0,0,0,102.333333333333,27.4756561507033,102.666666666667,27.3631273932776,614,164.85393690422,616,164.178764359666,NaN,NaN,0.121829333333333,0.0325441219998441,0.520859333333333,0.370952200296054,0.345174,0.207757962643294,0.175685333333333,0.163868778045969,-0.396264396264397,1.05537820836658,1,0,0.000578952381166774,0.00249103104322161,0.737703447158424,0.128145219574004,165,131.377774597226,45.3333333333333,113.981954887105,1.41971084980352,0.9585549283375,24156,53556.224512189,24156,53556.224512189,54648,134074.737403607,23760,54176.0152891977,53856,135410.562405881,0.6083364,0
sf_cb,fixed_payload,15,2.5,6,1188,0.6,neighbor_stable,0.2,0.8,0,1,1,102.333333333333,27.4756561507033,102.333333333333,27.4756561507033,0,0,0,0,1843.12654348959,337.731676963452,17.3051068264721,40.3844004837591,1825.82143666312,321.921288269186,1843.12654348959,337.731676963452,1585.5,152.592594839986,3083.55,1270.93105983218,5600.64,4535.92454395929,1585.5,152.592594839986,3083.55,1270.93105983218,5600.64,4535.92454395929,200.661219611664,45.3906329037888,0,0,146.567517049188,84.0842752126855,61.6717266692344,142.793171682725,30.9209733330312,68.0792040388802,198,0,1188,0,0,0,102.333333333333,27.4756561507033,102.666666666667,27.3631273932776,614,164.85393690422,616,164.178764359666,NaN,NaN,0.121829333333333,0.0325441219998441,0.189869333333333,0.0858852744661467,0.06804,0.0535043773205664,0.121829333333333,0.0325441219998441,0.0149240149240149,0.334741764936506,1,0,0.00139921230871847,0.00602032465960629,0.737703447158424,0.128145219574004,136,67.2095841761292,17,39.978412978425,1.15616653198501,0.343834363832728,1452,3200.23662586666,1452,3200.23662586666,3366,7915.72576972815,1452,3200.23662586666,3366,7915.72576972815,0.8884961,0
sb_cf,fixed_payload,15,2.5,6,1188,NaN,no_stable_q,NaN,NaN,0,1,0,NaN,NaN,NaN,NaN,NaN,NaN,NaN,NaN,NaN,NaN,NaN,NaN,NaN,NaN,NaN,NaN,NaN,NaN,NaN,NaN,NaN,NaN,NaN,NaN,NaN,NaN,NaN,NaN,NaN,NaN,NaN,NaN,NaN,NaN,NaN,NaN,NaN,NaN,NaN,NaN,NaN,NaN,NaN,NaN,NaN,NaN,NaN,NaN,NaN,NaN,NaN,NaN,NaN,NaN,NaN,NaN,NaN,NaN,NaN,NaN,NaN,NaN,NaN,NaN,NaN,NaN,NaN,NaN,NaN,NaN,NaN,NaN,NaN,NaN,NaN,NaN,NaN,NaN,NaN,NaN,NaN,NaN,NaN,NaN,NaN,NaN,16.2470294,0
sb_cb,fixed_payload,15,2.5,6,1188,0.6,neighbor_stable,0.2,0.8,0,1,1,102.333333333333,27.4756561507033,102.333333333333,27.4756561507033,0,0,0,0,1646.49664114009,272.025484031602,11.1578947368421,48.0085462477308,1635.33874640324,224.281281474105,1646.49664114009,272.025484031602,1429.5,6.45397909462419,3173.25,2920.10289485464,5018.43,3964.49720077319,1429.5,6.45397909462419,3173.25,2920.10289485464,5018.43,3964.49720077319,0,0,43.9816253936606,16.8539114592059,7.80731585744387,0.470235373850586,157.684776944514,145.194080929224,39.8650282076263,65.4625244209874,198,0,1188,0,0,0,102.333333333333,27.4756561507033,102.666666666667,27.3631273932776,614,164.85393690422,616,164.178764359666,NaN,NaN,0.121829333333333,0.0325441219998441,0.169514333333333,0.073122947481497,0.047289,0.0424219667860885,0.122225333333333,0.0311470729352382,-0.0384480384480385,0.125414839143701,1,0,0.00159079482043804,0.00684463767662874,0.737703447158424,0.128145219574004,143,79.686243705532,24,56.1547008481963,1.22171181649057,0.468164207200164,822,1374.07624914396,678,1317.81339872007,822,1374.07624914396,678,1317.81339872007,822,1374.07624914396,25.7393705,0
s7_clean,fixed_payload,15,2.5,6,1188,0.6,neighbor_stable,0.2,0.8,0,1,1,102.333333333333,27.4756561507033,102.333333333333,27.4756561507033,0,0,0,0,1553.29697306115,183.352182190658,2.71235018238666,10.667488654078,1550.58462287876,187.27194267101,1553.29697306115,183.352182190658,1392,12.9079581892484,2457.9,475.063718803148,4106.76,4683.43304623698,1392,12.9079581892484,2457.9,475.063718803148,4106.76,4683.43304623698,0,0,37.2631578947368,5.43492976389406,6.21312051113578,1.98734444032186,151.424133946575,159.188091104676,5.68421052631579,24.4571839375233,162,0,1188,0,0,0,102.333333333333,27.4756561507033,102.666666666667,27.3631273932776,614,164.85393690422,616,164.178764359666,NaN,NaN,0.121820333333333,0.0325468822418341,0.159722333333333,0.0614072272374934,0.037902,0.029365060188022,0.121820333333333,0.0325468822418341,-0.0476720476720477,0.125693932802461,1,0,0.00161004495159059,0.00692746430598057,0.737703447158424,0.128145219574004,123,42.2303410997556,4,17.2106109189978,1.03508771929825,0.15097027121928,252,1084.26848789686,105,451.778536623693,252,1084.26848789686,105,451.778536623693,252,1084.26848789686,15.3758957,0
s7_busy,fixed_payload,15,2.5,6,1188,0.6,neighbor_stable,0.2,0.8,0,1,1,102.333333333333,27.4756561507033,102.333333333333,27.4756561507033,0,0,0,0,4467.95938781521,578.746754530748,91.5802501302762,201.078205716978,4376.37913768494,527.522229778917,4467.95938781521,578.746754530748,3349.5,623.034663809079,11000.4,2481.71030572436,18450.63,14281.973612392,3349.5,623.034663809079,11000.4,2481.71030572436,18450.63,14281.973612392,0,0,78.3162652649704,17.2407162549018,14.3690780977411,5.23826876263611,2743.27060062986,462.999849378122,190.423193692367,77.583223147058,162,0,1188,0,0,0,102.333333333333,27.4756561507033,103,28.648473654543,614,164.85393690422,618,171.890841927258,NaN,NaN,0.122364,0.034034386701597,0.460045666666667,0.179189899760782,0.337681666666667,0.146528324540298,0.122364,0.034034386701597,0.15992415992416,0.131029030990951,1,0,0.00304123564122766,0.00718813881683474,0.741608171182639,0.137953773348274,255.333333333333,113.683796989746,121.666666666667,82.7383202006762,2.17545181291585,0.478908784858383,44793,6111.54676380324,20370,2945.92863770688,44793,6111.54676380324,17388,3233.92657259299,38451,8017.25534274475,65.2285537,0
