protocol,load_mode,lambda_base,lambda_effective,M,Tp_us,best_q,stable_fraction,n_arrived,n_arrived_ci95,n_completed,n_completed_ci95,n_censored,n_censored_ci95,final_backlog,final_backlog_ci95,mean_delay_us,mean_delay_us_ci95,mean_queue_delay_us,mean_queue_delay_us_ci95,mean_access_delay_us,mean_access_delay_us_ci95,conditional_mean_delay_us,conditional_mean_delay_us_ci95,p50_delay_us,p50_delay_us_ci95,p95_delay_us,p95_delay_us_ci95,p99_delay_us,p99_delay_us_ci95,conditional_p50_delay_us,conditional_p50_delay_us_ci95,conditional_p95_delay_us,conditional_p95_delay_us_ci95,conditional_p99_delay_us,conditional_p99_delay_us_ci95,mean_boundary_wait_us,mean_boundary_wait_us_ci95,mean_difs_wait_us,mean_difs_wait_us_ci95,mean_probability_wait_us,mean_probability_wait_us_ci95,mean_busy_nav_wait_us,mean_busy_nav_wait_us_ci95,mean_collision_delay_us,mean_collision_delay_us_ci95,mean_control_delay_us,mean_control_delay_us_ci95,mean_data_delay_us,mean_data_delay_us_ci95,mean_other_access_delay_us,mean_other_access_delay_us_ci95,arrival_rate_pkt_s,arrival_rate_pkt_s_ci95,goodput_pkt_s,goodput_pkt_s_ci95,normalized_offered_units_s,normalized_offered_units_s_ci95,normalized_goodput_units_s,normalized_goodput_units_s_ci95,goodput_bit_s,goodput_bit_s_ci95,payload_airtime,payload_airtime_ci95,mean_system_packets,mean_system_packets_ci95,mean_waiting_packets,mean_waiting_packets_ci95,mean_service_packets,mean_service_packets_ci95,backlog_slope_pkt_s,backlog_slope_pkt_s_ci95,completion_ratio,completion_ratio_ci95,little_relative_error,little_relative_error_ci95,jain_fairness,jain_fairness_ci95,attempts_total,attempts_total_ci95,retransmissions_completed_cohort,retransmissions_completed_cohort_ci95,mean_attempts_completed,mean_attempts_completed_ci95,collision_waste_us_total,collision_waste_us_total_ci95,collision_channel_time_us_total,collision_channel_time_us_total_ci95,collision_tx_airtime_us_total,collision_tx_airtime_us_total_ci95,collision_channel_time_us_measure,collision_channel_time_us_measure_ci95,collision_tx_airtime_us_measure,collision_tx_airtime_us_measure_ci95,condition_elapsed_s,timeout_exceeded
sf_cf,fixed_packet,5,5,1,190,0.5,1,19,0,19,0,0,0,0,0,502.368421052632,3.34373808846712,0,0,502.368421052632,3.34373808846712,502.368421052632,3.34373808846712,435,127.062047361747,1248.625,614.662654112451,1405,1143.55842625572,435,127.062047361747,1248.625,614.662654112451,1405,1143.55842625572,92.3684210526316,3.34373808846703,0,0,220,0,0,0,0,0,0,0,190,0,0,0,190,0,190,0,190,0,190,0,NaN,NaN,0.0361,0,0.09545,0.000635310236808753,0.05935,0.000635310236808753,0.0361,0,1.38613861386139,17.0026021972215,1,0,1.45393311848254e-16,9.67730323527817e-19,0.376695652173913,0.199432169989525,23.5,19.059307104262,0,0,1,0,95,1207.0894499366,95,1207.0894499366,190,2414.17889987319,0,0,0,0,0.8862819,0
sf_cb,fixed_packet,5,5,1,190,0.5,1,19,0,19,0,0,0,0,0,642.368421052632,3.34373808846748,0,0,642.368421052632,3.34373808846748,642.368421052632,3.34373808846748,590,635.310236808735,1115.5,2277.58719895931,1165,1905.9307104262,590,635.310236808735,1115.5,2277.58719895931,1165,1905.9307104262,112.368421052632,3.34373808846703,0,0,145,63.5310236808735,5,63.5310236808735,0,0,190,0,190,0,0,0,190,0,190,0,190,0,190,0,NaN,NaN,0.0361,0,0.12205,0.000635310236808753,0.08595,0.000635310236808665,0.0361,0,-0.150015001500152,19.1374580784869,1,0,1.13705777442821e-16,5.91875824610568e-19,0.376695652173913,0.199432169989525,22.5,6.35310236808735,0,0,1,0,0,0,0,0,0,0,0,0,0,0,0.2802343,0
sb_cf,fixed_packet,5,5,1,190,1,0.5,19,0,9.5,120.70894499366,9.5,120.70894499366,9.5,120.70894499366,NaN,NaN,NaN,NaN,NaN,NaN,226.578947368421,NaN,NaN,NaN,NaN,NaN,NaN,NaN,205,NaN,430.5,NaN,615,NaN,NaN,NaN,NaN,NaN,NaN,NaN,NaN,NaN,NaN,NaN,NaN,NaN,NaN,NaN,NaN,NaN,190,0,105,1334.15149729834,190,0,105,1334.15149729834,NaN,NaN,0.01995,0.253488784486685,4.821875,60.5568188072534,1.378925,17.4713491673586,3.44295,43.0854696398948,79.6159615961597,1032.50779800347,0.5,6.35310236808735,NaN,NaN,0.441,NaN,4517,56580.7296901859,1,12.7062047361747,1.10526315789474,NaN,855337.5,10769112.058633,101697.5,1237870.23090998,855337.5,10769112.058633,49922.5,625113.507507955,342300,4333895.84243815,2.0565809,0
sb_cb,fixed_packet,5,5,1,190,1,1,19,0,19,0,0,0,0,0,409.868421052632,155.483821113717,0,0,409.868421052632,155.483821113717,409.868421052632,155.483821113717,395,0,513.875,1161.02945776796,560,1461.21354466009,395,0,513.875,1161.02945776796,560,1461.21354466009,0,0,15,0,0,0,14.8684210526316,155.483821113717,0,0,190,0,190,0,0,0,190,0,190,0,190,0,190,0,NaN,NaN,0.0361,0,0.077875,0.0295419260116061,0.041775,0.0295419260116061,0.0361,0,-0.450045004500452,5.56587426187071,1,0,8.65198741135565e-17,1.09933923423491e-15,0.376695652173913,0.199432169989525,23,12.7062047361747,0,0,1,0,10,127.062047361747,10,127.062047361747,10,127.062047361747,0,0,0,0,4.2701701,0
s7_clean,fixed_packet,5,5,1,190,1,1,19,0,19,0,0,0,0,0,407.026315789474,160.165054437571,0,0,407.026315789474,160.165054437571,407.026315789474,160.165054437571,392.5,19.059307104262,514.6,1157.53525146551,560.5,1454.860442292,392.5,19.059307104262,514.6,1157.53525146551,560.5,1454.860442292,4.10526315789474,6.68747617693405,36,0,0,0,14.9210526315789,153.477578260636,0,0,162,0,190,0,0,0,190,0,190,0,190,0,190,0,NaN,NaN,0.0361,0,0.077335,0.0304313603431383,0.041235,0.0304313603431383,0.0361,0,-0.450045004500452,5.56587426187071,1,0,8.70298997103628e-17,1.10581972388862e-15,0.376695652173913,0.199432169989525,22.5,6.35310236808735,0,0,1,0,0,0,0,0,0,0,0,0,0,0,1.4257464,0
s7_busy,fixed_packet,5,5,1,190,0.5,1,19,0,19,0,0,0,0,0,1495.31578947368,2442.93504743401,0,0,1495.31578947368,2442.93504743401,1495.31578947368,2442.93504743401,1361,2858.89606563931,3303.075,664.852162820342,3387,902.140536268403,1361,2858.89606563931,3303.075,664.852162820342,3387,902.140536268403,4.10526315789474,6.68747617693405,78.6315789473684,60.1872855924064,19.8947368421053,66.2060141516471,848.842105263158,2052.38643870106,191.842105263158,270.842785165829,162,0,190,0,0,0,190,0,190,0,190,0,190,0,NaN,NaN,0.0361,0,0.297255,0.631180720269478,0.261155,0.631180720269478,0.0361,0,-0.972097209720971,55.5062529129024,1,0,0.0378894877929266,0.481431589245715,0.376695652173913,0.199432169989525,51.5,95.2965355213102,22.5,31.7655118404367,2.18421052631579,1.67186904423351,13041,20012.2724594751,6016.5,10006.1362297376,13041,20012.2724594751,5082,6137.09688757238,11014.5,12674.4392243343,10.7912598,0
sf_cf,fixed_packet,5,5,2,380,0.5,1,19,0,19,0,0,0,0,0,957.368421052632,822.559569762888,0,0,957.368421052632,822.559569762888,957.368421052632,822.559569762888,870,1588.27559202184,1919.25,2814.4243490627,2115,4129.51653925678,870,1588.27559202184,1919.25,2814.4243490627,2115,4129.51653925678,167.368421052632,66.8747617693404,0,0,330,127.062047361747,0,0,80,1016.49637889398,0,0,380,0,0,0,190,0,185,63.5310236808735,380,0,370,127.062047361747,NaN,NaN,0.0718,0.00508248189446985,0.1815,0.151203836360479,0.0945,0.0368479937349067,0.087,0.188051830095386,1.12811281128113,24.550842634553,1,0,0.00206825232678401,0.0262796375101852,0.380286561264822,0.153805343891443,27.5,31.7655118404367,4,50.8248189446988,1.21052631578947,2.67499047077362,950,7242.53669961958,950,7242.53669961958,1900,14485.0733992392,760,9656.71559949277,1520,19313.4311989855,0.2202538,0
sf_cb,fixed_packet,5,5,2,380,0.5,1,19,0,19,0,0,0,0,0,897.368421052632,60.187285592406,0,0,897.368421052632,60.187285592406,897.368421052632,60.187285592406,825,444.717165766114,1449.625,1570.8045605096,1547.5,2700.06850643712,825,444.717165766114,1449.625,1570.8045605096,1547.5,2700.06850643712,122.368421052632,123.71830927328,0,0,185,317.655118404367,10,127.062047361747,10,127.062047361747,190,0,380,0,0,0,190,0,185,63.5310236808735,380,0,370,127.062047361747,NaN,NaN,0.0718,0.00508248189446985,0.1701,0.00635310236808735,0.0983,0.0114355842625572,0.0718,0.00508248189446985,-0.522052205220525,17.1550919030261,1,0,0.00234466588511152,0.0297918047741492,0.380286561264822,0.153805343891443,23.5,6.35310236808735,1,12.7062047361747,1.05263157894737,0.668747617693406,95,1207.0894499366,95,1207.0894499366,190,2414.17889987319,95,1207.0894499366,190,2414.17889987319,0.1663626,0
sb_cf,fixed_packet,5,5,2,380,1,0.5,19,0,9.5,120.70894499366,9.5,120.70894499366,9.5,120.70894499366,NaN,NaN,NaN,NaN,NaN,NaN,439.210526315789,NaN,NaN,NaN,NaN,NaN,NaN,NaN,395,NaN,852,NaN,1185,NaN,NaN,NaN,NaN,NaN,NaN,NaN,NaN,NaN,NaN,NaN,NaN,NaN,NaN,NaN,NaN,NaN,190,0,105,1334.15149729834,380,0,210,2668.30299459669,NaN,NaN,0.0399,0.50697756897337,4.849425,60.2067628667718,1.5159,19.2028872177808,3.333525,41.003875648991,79.99399939994,1027.70437227062,0.5,6.35310236808735,NaN,NaN,0.441,NaN,2283.5,28404.7206877185,1,12.7062047361747,1.10526315789474,NaN,861907.5,10830864.2136508,102112.5,1232597.15594447,861907.5,10830864.2136508,50337.5,619840.432542442,329362.5,4151085.32179643,2.586173,0
sb_cb,fixed_packet,5,5,2,380,0.5,1,19,0,19,0,0,0,0,0,625.263157894737,290.905213696631,0,0,625.263157894737,290.905213696631,625.263157894737,290.905213696631,590,0,861.5,1629.57075741441,942.5,1429.44803281965,590,0,861.5,1629.57075741441,942.5,1429.44803281965,0,0,15,0,4.47368421052632,10.0312142654011,35.7894736842105,280.87399943123,0,0,190,0,380,0,0,0,190,0,185,63.5310236808735,380,0,370,127.062047361747,NaN,NaN,0.072175,0.000317655118404332,0.118775,0.0549543354839556,0.0466,0.0552719906023599,0.072175,0.000317655118404332,-0.324032403240326,19.5186823429986,1,0,0.000203086921202369,0.00258046400003514,0.380286561264822,0.153805343891443,23,12.7062047361747,0,0,1,0,10,127.062047361747,10,127.062047361747,10,127.062047361747,0,0,0,0,4.3273464,0
s7_clean,fixed_packet,5,5,2,380,1,1,19,0,19,0,0,0,0,0,617.157894736842,283.548989902004,0,0,617.157894736842,283.548989902004,617.157894736842,283.548989902004,582.5,19.059307104262,851.975,1686.43102360879,939.5,1454.860442292,582.5,19.059307104262,851.975,1686.43102360879,939.5,1454.860442292,4.10526315789474,6.68747617693405,36,0,0,0,35.0526315789474,276.86151372507,0,0,162,0,380,0,0,0,190,0,190,0,380,0,380,0,NaN,NaN,0.0722,0,0.11726,0.0538743080813807,0.04506,0.0538743080813807,0.0722,0,-0.324032403240326,19.5186823429986,1,0,1.75615750106789e-16,6.71207825008049e-16,0.376695652173913,0.199432169989525,22.5,6.35310236808735,0,0,1,0,0,0,0,0,0,0,0,0,0,0,1.4231219,0
s7_busy,fixed_packet,5,5,2,380,0.5,1,19,0,19,0,0,0,0,0,1730.07894736842,1424.09805187811,0,0,1730.07894736842,1424.09805187811,1730.07894736842,1424.09805187811,1183.5,590.838520232123,4372.225,9455.6399095428,4804,8475.03855902852,1183.5,590.838520232123,4372.225,9455.6399095428,4804,8475.03855902852,4.10526315789474,6.68747617693405,66.3157894736842,48.1498284739252,13.5,39.1217356350642,967.736842105263,1113.46478345952,136.421052631579,216.674228132663,162,0,380,0,0,0,190,0,195,190.59307104262,380,0,390,381.186142085241,NaN,NaN,0.075375,0.056224955957573,0.350905,0.0272548091590945,0.27553,0.0289701467984784,0.075375,0.056224955957573,-4.13441344134414,27.9818610151582,1,0,0.0664146380161449,0.798337341477653,0.404590909090909,0.462621363348906,48,12.7062047361747,16,25.4124094723494,1.84210526315789,1.33749523538681,9891,8004.90898379006,4536,4002.45449189503,9891,8004.90898379006,3685.5,2801.71814432652,8095.5,4402.69994108453,10.2607,0
sf_cf,fixed_packet,5,5,3,570,0.5,1,19,0,19,0,0,0,0,0,1397.36842105263,193.936809131086,0,0,1397.36842105263,193.936809131086,1397.36842105263,193.936809131086,1417.5,285.889606563931,2143.25,1327.79839493025,2217.5,984.730867053539,1417.5,285.889606563931,2143.25,1327.79839493025,2217.5,984.730867053539,287.368421052632,956.309093301569,0,0,540,762.372284170482,0,0,0,0,0,0,570,0,0,0,190,0,185,63.5310236808735,570,0,555,190.59307104262,NaN,NaN,0.10545,0.0362126834980979,0.2613,0.0902140536268406,0.15585,0.0540013701287427,0.10545,0.0362126834980979,-2.23822382238224,35.606346305392,1,0,0.0165224232887493,0.209937293044586,0.380286561264822,0.153805343891443,22.5,6.35310236808735,0,0,1,0,0,0,0,0,0,0,0,0,0,0,0.185642,0
sf_cb,fixed_packet,5,5,3,570,0.5,1,19,0,19,0,0,0,0,0,1187.36842105263,1203.74571184813,0,0,1187.36842105263,1203.74571184813,1187.36842105263,1203.74571184813,1110,1207.0894499366,1879.25,1982.16793884325,1917.5,2382.41338803275,1110,1207.0894499366,1879.25,1982.16793884325,1917.5,2382.41338803275,132.368421052632,130.405785450214,0,0,250,1143.55842625572,45,190.59307104262,0,0,190,0,570,0,0,0,190,0,185,63.5310236808735,570,0,555,190.59307104262,NaN,NaN,0.10545,0.0362126834980979,0.22235,0.187416519858577,0.1169,0.223629203356675,0.10545,0.0362126834980979,-0.0120012001200153,2.13485588126547,1,0,0.0137072964993675,0.174167715700412,0.380286561264822,0.153805343891443,22.5,6.35310236808735,0,0,1,0,0,0,0,0,0,0,0,0,0,0,0.1583782,0
sb_cf,fixed_packet,5,5,3,570,NaN,0,NaN,NaN,NaN,NaN,NaN,NaN,NaN,NaN,NaN,NaN,NaN,NaN,NaN,NaN,NaN,NaN,NaN,NaN,NaN,NaN,NaN,NaN,NaN,NaN,NaN,NaN,NaN,NaN,NaN,NaN,NaN,NaN,NaN,NaN,NaN,NaN,NaN,NaN,NaN,NaN,NaN,NaN,NaN,NaN,NaN,NaN,NaN,NaN,NaN,NaN,NaN,NaN,NaN,NaN,NaN,NaN,NaN,NaN,NaN,NaN,NaN,NaN,NaN,NaN,NaN,NaN,NaN,NaN,NaN,NaN,NaN,NaN,NaN,NaN,NaN,NaN,NaN,NaN,NaN,NaN,NaN,NaN,NaN,NaN,NaN,NaN,1.3983771,0
sb_cb,fixed_packet,5,5,3,570,0.5,1,19,0,19,0,0,0,0,0,848.157894736842,207.311761484956,0,0,848.157894736842,207.311761484956,848.157894736842,207.311761484956,777.5,31.7655118404367,1278.625,1100.67498527113,1322.5,1429.44803281965,777.5,31.7655118404367,1278.625,1100.67498527113,1322.5,1429.44803281965,0,0,15,0,3.02631578947368,11.7030833096346,70.1315789473684,219.01484479459,0,0,190,0,570,0,0,0,190,0,185,63.5310236808735,570,0,555,190.59307104262,NaN,NaN,0.107325,0.0123885496177703,0.160175,0.0270006850643713,0.05285,0.0393892346821415,0.107325,0.0123885496177703,-0.822082208220825,16.3926433740028,1,0,0.00600739371534216,0.0763311744779444,0.380286561264822,0.153805343891443,23,12.7062047361747,0,0,1,0,10,127.062047361747,10,127.062047361747,10,127.062047361747,0,0,0,0,4.3531608,0
s7_clean,fixed_packet,5,5,3,570,1,1,19,0,19,0,0,0,0,0,841.973684210526,220.352340029977,0,0,841.973684210526,220.352340029977,841.973684210526,220.352340029977,773,12.7062047361747,1273.5,1146.09966720296,1318.5,1454.860442292,773,12.7062047361747,1273.5,1146.09966720296,1318.5,1454.860442292,4.10526315789474,6.68747617693405,36,0,0,0,69.8684210526316,213.664863853043,0,0,162,0,570,0,0,0,190,0,185,63.5310236808735,570,0,555,190.59307104262,NaN,NaN,0.107355,0.012007363475685,0.15903,0.0298595811300104,0.051675,0.0418669446056954,0.107355,0.012007363475685,-0.888088808880891,15.553949992077,1,0,0.00585574420622144,0.0744042847669183,0.380286561264822,0.153805343891443,22.5,6.35310236808735,0,0,1,0,0,0,0,0,0,0,0,0,0,0,1.6482982,0
s7_busy,fixed_packet,5,5,3,570,0.5,1,19,0,19,0,0,0,0,0,3338.52631578947,6318.99623958498,0,0,3338.52631578947,6318.99623958498,3338.52631578947,6318.99623958498,2505.5,6283.21824203839,10881.5,2432.60289674068,14337.5,17235.966724621,2505.5,6283.21824203839,10881.5,2432.60289674068,14337.5,17235.966724621,4.10526315789474,6.68747617693405,95.6842105263158,156.486942540257,27,90.2809283886097,2211.15789473684,5374.7246034019,268.578947368421,704.191241431156,162,0,570,0,0,0,190,0,185,63.5310236808735,570,0,555,190.59307104262,NaN,NaN,0.10545,0.0362126834980979,0.62613,1.30467310231042,0.52068,1.26846041881232,0.10545,0.0362126834980979,-2.5022502250225,35.7588360111967,1,0,0.015646193523737,0.198803738254411,0.380286561264822,0.153805343891443,55.5,69.8841260489608,31.5,82.5903307851355,2.65789473684211,4.34685951500713,7308,4002.45449189503,3339,1600.98179675801,7308,4002.45449189503,2866.5,2801.71814432652,6300,5603.43628865304,9.1958076,0
sf_cf,fixed_packet,5,5,4,760,0.5,1,19,0,19,0,0,0,0,0,2207.36842105263,1203.74571184813,0,0,2207.36842105263,1203.74571184813,2207.36842105263,1203.74571184813,2350,4383.64063398027,4345.125,1882.10657654588,4830,190.59307104262,2350,4383.64063398027,4345.125,1882.10657654588,4830,190.59307104262,407.368421052632,829.247045939822,0,0,960,1016.49637889398,0,0,80,1016.49637889398,0,0,760,0,0,0,190,0,180,0,760,0,720,0,NaN,NaN,0.1402,0.043201096102994,0.4148,0.180428107253681,0.2594,0.0304948913668194,0.1554,0.149933215886861,-2.60426042604261,56.8786602651445,1,0,0.0107887120368399,0.111709236029296,0.368181818181818,0,24.5,19.059307104262,2,25.4124094723494,1.10526315789474,1.33749523538681,760,9656.71559949277,760,9656.71559949277,1520,19313.4311989855,760,9656.71559949277,1520,19313.4311989855,0.1841863,0
sf_cb,fixed_packet,5,5,4,760,0.5,1,19,0,19,0,0,0,0,0,1377.36842105263,60.1872855924074,0,0,1377.36842105263,60.1872855924074,1377.36842105263,60.1872855924074,1150,889.434331532229,2569.375,2796.95331755045,2777.5,2954.19260116062,1150,889.434331532229,2569.375,2796.95331755045,2777.5,2954.19260116062,137.368421052632,60.1872855924065,0,0,200,127.062047361747,80,0,10,127.062047361747,190,0,760,0,0,0,190,0,185,63.5310236808735,760,0,740,254.124094723494,NaN,NaN,0.1406,0.0482835779974638,0.25655,0.0540013701287421,0.11595,0.00571779213127834,0.1406,0.0482835779974638,0.798079807980798,48.7204610045942,1,0,0.020412207689259,0.259361690017041,0.380286561264822,0.153805343891443,23.5,19.059307104262,1,12.7062047361747,1.05263157894737,0.668747617693406,95,1207.0894499366,95,1207.0894499366,190,2414.17889987319,95,1207.0894499366,190,2414.17889987319,0.1626399,0
sb_cf,fixed_packet,5,5,4,760,NaN,0,NaN,NaN,NaN,NaN,NaN,NaN,NaN,NaN,NaN,NaN,NaN,NaN,NaN,NaN,NaN,NaN,NaN,NaN,NaN,NaN,NaN,NaN,NaN,NaN,NaN,NaN,NaN,NaN,NaN,NaN,NaN,NaN,NaN,NaN,NaN,NaN,NaN,NaN,NaN,NaN,NaN,NaN,NaN,NaN,NaN,NaN,NaN,NaN,NaN,NaN,NaN,NaN,NaN,NaN,NaN,NaN,NaN,NaN,NaN,NaN,NaN,NaN,NaN,NaN,NaN,NaN,NaN,NaN,NaN,NaN,NaN,NaN,NaN,NaN,NaN,NaN,NaN,NaN,NaN,NaN,NaN,NaN,NaN,NaN,NaN,NaN,1.5245873,0
sb_cb,fixed_packet,5,5,4,760,1,1,19,0,19,0,0,0,0,0,1074.34210526316,212.327368617656,0,0,1074.34210526316,212.327368617656,1074.34210526316,212.327368617656,965,0,1705,511.424740631031,1772.5,540.013701287425,965,0,1705,511.424740631031,1772.5,540.013701287425,0,0,15,0,0,0,109.342105263158,212.327368617656,0,0,190,0,760,0,0,0,190,0,185,63.5310236808735,760,0,740,254.124094723494,NaN,NaN,0.1425,0.0241417889987319,0.202225,0.0162004110386227,0.059725,0.0403422000373546,0.1425,0.0241417889987319,-0.582058205820586,9.83558602440164,1,0,0.0093366093366094,0.118632869772639,0.380286561264822,0.153805343891443,23,12.7062047361747,0,0,1,0,10,127.062047361747,10,127.062047361747,10,127.062047361747,0,0,0,0,4.6715671,0
s7_clean,fixed_packet,5,5,4,760,0.5,1,19,0,19,0,0,0,0,0,1081,205.305518631875,0,0,1081,205.305518631875,1081,205.305518631875,967.5,31.7655118404367,1729.625,423.434272833021,1800.5,146.121354466009,967.5,31.7655118404367,1729.625,423.434272833021,1800.5,146.121354466009,4.10526315789474,6.68747617693405,36,0,7.81578947368421,3.00936427962032,111.078947368421,201.627406734562,0,0,162,0,760,0,0,0,190,0,185,63.5310236808735,760,0,740,254.124094723494,NaN,NaN,0.142505,0.024078257975051,0.203495,0.0149297905650052,0.06099,0.0390080485400562,0.142505,0.024078257975051,-0.192019201920195,14.7915014630536,1,0,0.00925880685982324,0.117644295573611,0.380286561264822,0.153805343891443,22.5,6.35310236808735,0,0,1,0,0,0,0,0,0,0,0,0,0,0,1.7599674,0
s7_busy,fixed_packet,5,5,4,760,0.5,1,19,0,19,0,0,0,0,0,4480.3947368421,6052.50031393416,140.236842105263,1781.87802734408,4340.15789473684,4270.62228659008,4480.3947368421,6052.50031393416,2907,3341.73184561394,13266.325,15123.8778423503,14374,13468.5770203452,2907,3341.73184561394,13266.325,15123.8778423503,14374,13468.5770203452,4.07894736842105,6.35310236808734,103.263157894737,132.412028303294,24.3947368421053,57.1779213127861,2983.73684210526,3478.82510724109,302.684210526316,595.854127364824,162,0,760,0,0,0,190,0,185,63.5310236808735,760,0,740,254.124094723494,NaN,NaN,0.139465,0.0627051203730221,0.79863,1.89792580144241,0.659165,1.83522068106939,0.139465,0.0627051203730221,-21.4881488148815,517.168837236562,1,0,0.0891552788237592,1.04945751142622,0.380286561264822,0.153805343891443,61,63.5310236808735,35.5,69.8841260489608,2.86842105263158,3.67811189731373,7560,17610.7997643381,3402,6403.92718703205,7560,17610.7997643381,2929.5,6804.17263622155,6457.5,18011.0452135276,8.1486044,0
sf_cf,fixed_packet,5,5,5,950,0.5,1,19,0,19,0,0,0,0,0,4712.36842105263,29856.2373919221,105.789473684211,1344.18271156374,4606.57894736842,28512.0546803583,4712.36842105263,29856.2373919221,2827.5,10768.5085139081,12674.25,99981.9485177747,13702.5,105556.795845771,2827.5,10768.5085139081,12674.25,99981.9485177747,13702.5,105556.795845771,431.578947368421,240.749142369626,0,0,2150,17153.3763938358,0,0,1075,11117.9291441529,0,0,950,0,0,0,190,0,185,63.5310236808735,950,0,925,317.655118404367,NaN,NaN,0.17725,0.0412951653925678,0.8921,5.63138993907262,0.5106,3.56027856707615,0.3815,2.07111137199648,-68.3108310831084,794.928836359781,1,0,0.00243390998277547,0.0309257585505646,0.380286561264822,0.153805343891443,44,216.00548051497,21.5,222.358582883057,2.13157894736842,11.7030833096346,7600,72425.3669961957,7600,72425.3669961957,20425,211240.653738904,7600,72425.3669961957,20425,211240.653738904,0.1952949,0
sf_cb,fixed_packet,5,5,5,950,0.5,1,19,0,19,0,0,0,0,0,1632.36842105263,1528.08830642943,0,0,1632.36842105263,1528.08830642943,1632.36842105263,1528.08830642943,1457.5,476.482677606551,2858.625,5363.60667425775,3060,5463.66803655512,1457.5,476.482677606551,2858.625,5363.60667425775,3060,5463.66803655512,197.368421052632,187.249332954153,0,0,210,1270.62047361747,75,317.655118404367,10,127.062047361747,190,0,950,0,0,0,190,0,185,63.5310236808735,950,0,925,317.655118404367,NaN,NaN,0.17755,0.069248815812152,0.3072,0.359585594033744,0.12965,0.290336778221592,0.17755,0.069248815812152,-0.294029402940292,39.876058067923,1,0,0.0187849434039091,0.144004228530276,0.380286561264822,0.153805343891443,23.5,19.059307104262,1,12.7062047361747,1.05263157894737,0.668747617693406,95,1207.0894499366,95,1207.0894499366,190,2414.17889987319,95,1207.0894499366,190,2414.17889987319,0.1651365,0
sb_cf,fixed_packet,5,5,5,950,NaN,0,NaN,NaN,NaN,NaN,NaN,NaN,NaN,NaN,NaN,NaN,NaN,NaN,NaN,NaN,NaN,NaN,NaN,NaN,NaN,NaN,NaN,NaN,NaN,NaN,NaN,NaN,NaN,NaN,NaN,NaN,NaN,NaN,NaN,NaN,NaN,NaN,NaN,NaN,NaN,NaN,NaN,NaN,NaN,NaN,NaN,NaN,NaN,NaN,NaN,NaN,NaN,NaN,NaN,NaN,NaN,NaN,NaN,NaN,NaN,NaN,NaN,NaN,NaN,NaN,NaN,NaN,NaN,NaN,NaN,NaN,NaN,NaN,NaN,NaN,NaN,NaN,NaN,NaN,NaN,NaN,NaN,NaN,NaN,NaN,NaN,NaN,1.5442482,0
sb_cb,fixed_packet,5,5,5,950,1,1,19,0,19,0,0,0,0,0,1314.47368421053,210.655499573422,0,0,1314.47368421053,210.655499573422,1314.47368421053,210.655499573422,1155,0,2152.375,344.655803468739,2275,1016.49637889398,1155,0,2152.375,344.655803468739,2275,1016.49637889398,0,0,17.3684210526316,30.0936427962032,0,0,127.894736842105,611.904070189466,29.2105263157895,371.15492781984,190,0,950,0,0,0,190,0,185,63.5310236808735,950,0,925,317.655118404367,NaN,NaN,0.17765,0.0362126834980978,0.2469,0.00381186142085234,0.06925,0.0400245449189501,0.17765,0.0362126834980978,-1.26612661266127,38.5036507156808,1,0,0.0115291262135923,0.146491438099102,0.380286561264822,0.153805343891443,26,50.8248189446988,3,38.1186142085241,1.15789473684211,2.00624285308022,70,889.434331532229,70,889.434331532229,70,889.434331532229,60,762.372284170482,60,762.372284170482,4.4605881,0
s7_clean,fixed_packet,5,5,5,950,0.5,1,19,0,19,0,0,0,0,0,1319.07894736842,268.502168503901,0,0,1319.07894736842,268.502168503901,1319.07894736842,268.502168503901,1159.5,19.059307104262,2148.675,114.03818750717,2256,597.191622600211,1159.5,19.059307104262,2148.675,114.03818750717,2256,597.191622600211,4.10526315789474,6.68747617693405,36,0,8.05263157894737,36.1123713554439,158.921052631579,225.702320971524,0,0,162,0,950,0,0,0,190,0,185,63.5310236808735,950,0,925,317.655118404367,NaN,NaN,0.177475,0.0384362693269285,0.2476,0.012579142688813,0.070125,0.0510154120157415,0.177475,0.0384362693269285,-1.38013801380138,39.9523029208253,1,0,0.0121686310792873,0.154617117852401,0.380286561264822,0.153805343891443,22.5,6.35310236808735,0,0,1,0,0,0,0,0,0,0,0,0,0,0,1.7294404,0
s7_busy,fixed_packet,5,5,5,950,0.5,1,19,0,19,0,0,0,0,0,3564.34210526316,5413.17759141927,0,0,3564.34210526316,5413.17759141927,3564.34210526316,5413.17759141927,3418,10609.6809547059,6992.025,2870.01399478345,7764,2719.12781354138,3418,10609.6809547059,6992.025,2870.01399478345,7764,2719.12781354138,4.10526315789474,6.68747617693405,70.1052631578947,48.1498284739252,16.1052631578947,12.0374571184813,2208.55263157895,5143.00355387113,153.473684210526,216.674228132663,162,0,950,0,0,0,190,0,190,127.062047361747,950,0,950,635.310236808735,NaN,NaN,0.18226,0.0980919005632687,0.678985,1.12659564293293,0.496725,1.02850374236966,0.18226,0.0980919005632687,-4.55445544554456,150.888563893728,1,0,0.0112227984857983,0.0143145495998456,0.392424242424242,0.308029205725447,44.5,31.7655118404367,18,25.4124094723494,1.94736842105263,1.33749523538681,5890.5,2001.22724594751,2646,1600.98179675801,5890.5,2001.22724594751,2321,2528.53474249876,5199,4383.64063398027,8.0399571,0
sf_cf,fixed_packet,5,5,6,1140,0.5,1,19,0,19,0,0,0,0,0,3107.36842105263,5911.7289404097,0,0,3107.36842105263,5911.7289404097,3107.36842105263,5911.7289404097,2592.5,8354.32961403486,6505.375,2901.77950662388,7037.5,3716.5648853311,2592.5,8354.32961403486,6505.375,2901.77950662388,7037.5,3716.5648853311,557.368421052632,1718.68137747205,0,0,1260,3811.86142085241,0,0,150,381.186142085241,0,0,1140,0,0,0,190,0,190,127.062047361747,1140,0,1140,762.372284170482,NaN,NaN,0.2181,0.12579142688813,0.5945,1.28205605788003,0.3479,1.0838392639957,0.2466,0.198216793884325,-7.36273627362736,40.333527185337,1,0,0.0204444907470206,0.0435398758718687,0.392424242424242,0.308029205725447,25,12.7062047361747,2.5,6.35310236808735,1.13157894736842,0.334373808846702,1140,0,1140,0,2850,7242.53669961958,1140,0,2850,7242.53669961958,0.1787739,0
sf_cb,fixed_packet,5,5,6,1140,0.5,1,19,0,19,0,0,0,0,0,1982.36842105263,1267.276735529,0,0,1982.36842105263,1267.276735529,1982.36842105263,1267.276735529,1670,1905.9307104262,3605.625,1901.16588365015,4072.5,7147.24016409827,1670,1905.9307104262,3605.625,1901.16588365015,4072.5,7147.24016409827,187.368421052632,956.309093301569,0,0,275,1080.02740257485,150,1143.55842625572,40,0,190,0,1140,0,0,0,190,0,185,63.5310236808735,1140,0,1110,381.186142085241,NaN,NaN,0.2124,0.0533660598919337,0.37245,0.187416519858577,0.16005,0.24078257975051,0.2124,0.0533660598919337,-1.17011701170117,21.2723139597524,1,0,0.0108471074380166,0.137825567902722,0.380286561264822,0.153805343891443,26.5,6.35310236808735,4,0,1.21052631578947,0,380,0,380,0,760,0,380,0,760,0,0.1620733,0
sb_cf,fixed_packet,5,5,6,1140,NaN,0,NaN,NaN,NaN,NaN,NaN,NaN,NaN,NaN,NaN,NaN,NaN,NaN,NaN,NaN,NaN,NaN,NaN,NaN,NaN,NaN,NaN,NaN,NaN,NaN,NaN,NaN,NaN,NaN,NaN,NaN,NaN,NaN,NaN,NaN,NaN,NaN,NaN,NaN,NaN,NaN,NaN,NaN,NaN,NaN,NaN,NaN,NaN,NaN,NaN,NaN,NaN,NaN,NaN,NaN,NaN,NaN,NaN,NaN,NaN,NaN,NaN,NaN,NaN,NaN,NaN,NaN,NaN,NaN,NaN,NaN,NaN,NaN,NaN,NaN,NaN,NaN,NaN,NaN,NaN,NaN,NaN,NaN,NaN,NaN,NaN,NaN,1.4184932,0
sb_cb,fixed_packet,5,5,6,1140,1,1,19,0,19,0,0,0,0,0,1553.02631578947,229.046059059991,0,0,1553.02631578947,229.046059059991,1553.02631578947,229.046059059991,1345,0,2569.5,816.373654299227,2722.5,1874.16519858577,1345,0,2569.5,816.373654299227,2722.5,1874.16519858577,0,0,15.3947368421053,5.01560713270053,0,0,206.447368421053,249.108487590793,1.18421052631579,15.0468213981016,190,0,1140,0,0,0,190,0,185,63.5310236808735,1140,0,1110,381.186142085241,NaN,NaN,0.2128,0.0482835779974638,0.291275,0.00476482677606569,0.078475,0.0435187512213981,0.2128,0.0482835779974638,-2.58625862586259,14.1052977869326,1,0,0.0130629082158817,0.165979986240852,0.380286561264822,0.153805343891443,23.5,19.059307104262,0.5,6.35310236808735,1.02631578947368,0.334373808846702,20,254.124094723494,20,254.124094723494,20,254.124094723494,10,127.062047361747,10,127.062047361747,4.7613194,0
s7_clean,fixed_packet,5,5,6,1140,0.2,1,19,0,19,0,0,0,0,0,1586.76315789474,400.914196807197,0,0,1586.76315789474,400.914196807197,1586.76315789474,400.914196807197,1371.5,133.415149729834,2638.15,511.424740631034,2774.5,1912.28381279429,1371.5,133.415149729834,2638.15,511.424740631034,2774.5,1912.28381279429,4.10526315789474,6.68747617693405,36,0,31.7368421052632,96.2996569478503,212.921052631579,297.927063682412,0,0,162,0,1140,0,0,0,190,0,185,63.5310236808735,1140,0,1110,381.186142085241,NaN,NaN,0.21267,0.0499353846131664,0.297555,0.0262383127802009,0.084885,0.0761736973933673,0.21267,0.0499353846131664,-2.58625862586259,14.1052977869326,1,0,0.0131166143782125,0.16666238773502,0.380286561264822,0.153805343891443,23.5,19.059307104262,0,0,1,0,63,800.490898379006,31.5,400.245449189503,63,800.490898379006,0,0,0,0,1.8278152,0
s7_busy,fixed_packet,5,5,6,1140,0.5,1,19,0,19,0,0,0,0,0,5417.44736842105,3691.82122347644,0,0,5417.44736842105,3691.82122347644,5417.44736842105,3691.82122347644,4159.5,7858.78762932405,13410.475,119.120669401626,14384.5,6499.22372255336,4159.5,7858.78762932405,13410.475,119.120669401626,14384.5,6499.22372255336,4.10526315789474,6.68747617693405,91.8947368421053,108.337114066332,22.9736842105263,15.0468213981016,3744.94736842105,3087.60775089045,251.526315789474,487.517013298492,162,0,1140,0,0,0,190,0,190,127.062047361747,1140,0,1140,762.372284170482,NaN,NaN,0.214295,0.115562932075509,1.043995,1.05302671751048,0.8297,0.93746378543497,0.214295,0.115562932075509,-12.4812481248125,245.050957228116,1,0,0.0255487283942159,0.15289689311684,0.392424242424242,0.308029205725447,58.5,95.2965355213102,29.5,57.1779213127861,2.55263157894737,3.00936427962032,6993,12807.8543740641,3150,5603.43628865304,6993,12807.8543740641,2425.5,4402.69994108453,5512.5,10006.1362297376,8.0044103,0
sf_cf,fixed_packet,15,15,1,190,0.2,1,50,63.5310236808735,50,63.5310236808735,0,0,0,0,1188.58585858586,74.4403913836489,0.727272727272727,9.24087617176342,1187.85858585859,83.6812675554126,1188.58585858586,74.4403913836489,917.5,1365.91700913878,3026.875,23.8241338803276,3632.375,1621.62937945429,917.5,1365.91700913878,3026.875,23.8241338803276,3632.375,1621.62937945429,96.6060606060606,0.77007301431364,0,0,865.555555555556,107.296839994364,0,0,35.6969696969697,190.208034535464,0,0,190,0,0,0,500,635.310236808734,495,698.841260489608,500,635.310236808734,495,698.841260489608,NaN,NaN,0.0938,0.135956390677069,0.58535,0.827809238561781,0.47445,0.764278214880908,0.1109,0.0635310236808735,0.61206120612061,32.7852867480055,1,0,0.0166282199154171,0.211281566643428,0.551688516428808,0.325298661744665,75,88.9434331532229,9,38.1186142085241,1.18787878787879,1.0010949186077,855,3621.26834980979,855,3621.26834980979,1710,7242.53669961958,855,3621.26834980979,1710,7242.53669961958,0.2018667,0
sf_cb,fixed_packet,15,15,1,190,0.2,1,50,63.5310236808735,50,63.5310236808735,0,0,0,0,1478.19191919192,1866.7853321986,16.6616161616162,138.292278820487,1461.5303030303,2005.07761101908,1478.19191919192,1866.7853321986,1265,2668.30299459669,3162.5,1000.61362297376,3778.25,3980.21863360673,1265,2668.30299459669,3162.5,1000.61362297376,3778.25,3980.21863360673,111.954545454545,0.57755476073523,0,0,868.242424242424,1682.60953627525,97.1111111111111,268.24209998591,4.22222222222222,53.648419997182,190,0,190,0,0,0,500,635.310236808734,505,571.779213127861,500,635.310236808734,505,571.779213127861,NaN,NaN,0.0957,0.111814601678337,0.73465,0.0311302016036281,0.63895,0.142944803281966,0.0957,0.111814601678337,-1.38013801380138,106.590304357469,1,0,0.00393433726767054,0.0499904948241841,0.564165871501272,0.166758833627992,69,114.355842625572,1,12.7062047361747,1.02222222222222,0.282360105248327,285,1207.0894499366,285,1207.0894499366,570,2414.17889987319,95,1207.0894499366,190,2414.17889987319,0.1459488,0
sb_cf,fixed_packet,15,15,1,190,0.05,0,50,63.5310236808735,12,152.474456834096,38,216.00548051497,45.5,311.30201603628,NaN,NaN,NaN,NaN,NaN,NaN,308.958333333333,NaN,NaN,NaN,NaN,NaN,NaN,NaN,260,NaN,566.5,NaN,570,NaN,NaN,NaN,NaN,NaN,NaN,NaN,NaN,NaN,NaN,NaN,NaN,NaN,NaN,NaN,NaN,NaN,500,635.310236808734,120,1524.74456834096,500,635.310236808734,120,1524.74456834096,NaN,NaN,0.0228,0.289701467984783,22.629825,220.644198209029,16.897025,175.88722733609,5.7328,44.7569708729386,535.211521152115,801.104669444869,0.266666666666667,3.38832126297992,NaN,NaN,0.4,NaN,7978.5,36104.6807578404,0,0,1,NaN,1510952.5,6895625.54481017,178715,461743.480112588,1510952.5,6895625.54481017,71187.5,366097.523961033,571000,4504667.23409233,4.1750873,0
sb_cb,fixed_packet,15,15,1,190,0.1,1,50,63.5310236808735,50,63.5310236808735,0,0,0,0,656.045454545455,1981.59038408252,0,0,656.045454545455,1981.59038408252,656.045454545455,1981.59038408252,442.5,95.2965355213102,2026.25,15088.6181242075,3028.125,19210.1932855041,442.5,95.2965355213102,2026.25,15088.6181242075,3028.125,19210.1932855041,0,0,23.1818181818182,86.633214110282,65.8434343434343,265.996053694162,84.3787878787879,550.024650473502,102.641414141414,1078.93646580457,190,0,190,0,0,0,500,635.310236808734,500,635.310236808734,500,635.310236808734,500,635.310236808734,NaN,NaN,0.095,0.12070894499366,0.320225,0.574002798956692,0.219525,0.646428165952887,0.1007,0.0724253669961957,6.82868286828683,13.8765632282256,1,0,1.76870448126012e-16,3.1703999461958e-16,0.560822457522778,0.209240936156533,92.5,108.002740257485,25,254.124094723494,1.54545454545455,5.77554760735213,1020,8767.28126796054,895,7433.1297706622,1020,8767.28126796054,865,7814.31591274744,990,9148.46741004578,4.7383549,0
s7_clean,fixed_packet,15,15,1,190,0.2,1,50,63.5310236808735,50,63.5310236808735,0,0,0,0,496.366666666667,190.169530884748,0,0,496.366666666667,190.169530884748,496.366666666667,190.169530884748,420.5,108.002740257485,903.625,1107.02808763922,1233.025,3392.23900944024,420.5,108.002740257485,903.625,1107.02808763922,1233.025,3392.23900944024,3.83030303030303,1.30912412433315,36,0,36.5818181818182,5.31350379876396,67.9545454545455,183.546902961651,0,0,162,0,190,0,0,0,500,635.310236808734,500,635.310236808734,500,635.310236808734,500,635.310236808734,NaN,NaN,0.095,0.12070894499366,0.247435,0.220262059101588,0.152435,0.0995531141079288,0.095,0.12070894499366,1.04410441044104,59.1660058522146,1,0,6.03119852577769e-17,7.66336432730463e-16,0.560822457522778,0.209240936156533,68,152.474456834096,0,0,1,0,126,1600.98179675801,63,800.490898379006,126,1600.98179675801,0,0,0,0,1.4322283,0
s7_busy,fixed_packet,15,15,1,190,0.2,1,50,63.5310236808735,50,63.5310236808735,0,0,0,0,2770.06666666667,4220.15413304149,59.3535353535354,608.177997604418,2710.71313131313,3611.97613543707,2770.06666666667,4220.15413304149,2046,5120.6005086784,7765.5,1953.57897818686,9235.875,2895.42640425583,2046,5120.6005086784,7765.5,1953.57897818686,9235.875,2895.42640425583,4.03131313131313,0.166849153101281,81.7818181818182,83.6299293544589,85.3727272727273,187.705297238944,1981.50909090909,2964.4730759017,206.018181818182,376.334682095065,162,0,190,0,0,0,500,635.310236808734,495,825.903307851355,500,635.310236808734,495,825.903307851355,NaN,NaN,0.09405,0.156921628491758,1.390465,4.62512205499127,1.296415,4.46820042649951,0.09405,0.156921628491758,5.86858685868587,136.783266106795,1,0,0.0481483518740011,0.262274736933815,0.552228324668791,0.417351840539832,158,571.779213127861,64.5,196.946173410708,2.27171717171717,2.32305359317941,18963,47228.9630043613,8410.5,20412.5179086646,18963,47228.9630043613,6489,11206.8725773061,14647.5,25215.4632989387,10.8535596,0
sf_cf,fixed_packet,15,15,2,380,0.2,1,50,63.5310236808735,50,63.5310236808735,0,0,0,0,2282.33333333333,1681.45442675378,82.469696969697,510.750926743507,2199.86363636364,1170.70350001028,2282.33333333333,1681.45442675378,1905,1461.21354466009,5813.75,7877.84693642831,6843.125,11713.532491161,1905,1461.21354466009,5813.75,7877.84693642831,6843.125,11713.532491161,172.045454545455,102.227192650133,0,0,1591.39393939394,1346.0876290202,0,0,56.4242424242424,73.1569363597937,0,0,380,0,0,0,500,635.310236808734,515,825.903307851355,1000,1270.62047361747,1030,1651.80661570271,NaN,NaN,0.1972,0.332902564087777,1.24615,2.26106913280229,1.01475,1.78331583472212,0.2314,0.477753298080169,7.75877587758776,150.126115364704,1,0,0.0934381231866489,0.968376513576044,0.55446106705119,0.274026207044575,81.5,247.770992355407,7.5,19.059307104262,1.14848484848485,0.192518253578404,2470,16899.2522991123,2470,16899.2522991123,5890,45869.3990975906,1520,4828.35779974638,3420,14485.0733992392,0.1641458,0
sf_cb,fixed_packet,15,15,2,380,0.2,1,50,63.5310236808735,50,63.5310236808735,0,0,0,0,1953.76767676768,8.59914865983528,22.8333333333333,2.11770078936244,1930.93434343434,10.7168494491987,1953.76767676768,8.59914865983528,1695,635.310236808735,4488.75,1413.56527689943,6184.625,2228.35065560662,1695,635.310236808735,4488.75,1413.56527689943,6184.625,2228.35065560662,141.09595959596,5.83972035854492,0,0,950.767676767677,97.5425818130581,240.282828282828,370.661810889621,28.7878787878788,277.996358167216,190,0,380,0,0,0,500,635.310236808734,500,762.372284170481,1000,1270.62047361747,1000,1524.74456834096,NaN,NaN,0.19,0.289701467984783,0.98315,1.37544666269091,0.79315,1.08574519470613,0.19,0.289701467984783,5.26252625262527,243.907284434581,1,0,0.0105086593000612,0.0667192081312867,0.557124183006536,0.245819385745601,75,88.9434331532229,7,63.5310236808735,1.15151515151515,1.46313872719587,855,3621.26834980979,855,3621.26834980979,1710,7242.53669961958,665,6035.44724968298,1330,12070.894499366,0.1776582,0
sb_cf,fixed_packet,15,15,2,380,NaN,0,NaN,NaN,NaN,NaN,NaN,NaN,NaN,NaN,NaN,NaN,NaN,NaN,NaN,NaN,NaN,NaN,NaN,NaN,NaN,NaN,NaN,NaN,NaN,NaN,NaN,NaN,NaN,NaN,NaN,NaN,NaN,NaN,NaN,NaN,NaN,NaN,NaN,NaN,NaN,NaN,NaN,NaN,NaN,NaN,NaN,NaN,NaN,NaN,NaN,NaN,NaN,NaN,NaN,NaN,NaN,NaN,NaN,NaN,NaN,NaN,NaN,NaN,NaN,NaN,NaN,NaN,NaN,NaN,NaN,NaN,NaN,NaN,NaN,NaN,NaN,NaN,NaN,NaN,NaN,NaN,NaN,NaN,NaN,NaN,NaN,NaN,1.5570009,0
sb_cb,fixed_packet,15,15,2,380,0.2,1,50,63.5310236808735,50,63.5310236808735,0,0,0,0,848.020202020202,371.046847396778,5.18181818181818,65.8412427238143,842.838383838384,436.888090120592,848.020202020202,371.046847396778,602.5,31.7655118404367,2279.375,4010.39586985514,3218.125,11014.6912306714,602.5,31.7655118404367,2279.375,4010.39586985514,3218.125,11014.6912306714,0,0,21.2727272727273,34.6532856441128,31.2474747474747,63.2101599249095,135.469696969697,27.9151467688685,84.8484848484848,311.109497782702,190,0,380,0,0,0,500,635.310236808734,495,698.841260489608,1000,1270.62047361747,990,1397.68252097922,NaN,NaN,0.189725,0.244912096289767,0.422275,0.356726697968104,0.22495,0.0635310236808732,0.197325,0.293195674287231,10.3150315031503,116.425890381871,1,0,0.000697615423642814,0.00886404439991885,0.557533927056828,0.25102567753804,98,190.59307104262,20,88.9434331532229,1.41818181818182,2.31021904294085,2070,15120.3836360479,1862.5,14453.3078873987,2070,15120.3836360479,982.5,3271.84771956498,1110,2922.42708932018,5.415118,0
s7_clean,fixed_packet,15,15,2,380,0.2,1,50,63.5310236808735,50,63.5310236808735,0,0,0,0,741.793939393939,314.343804442819,0,0,741.793939393939,314.343804442819,741.793939393939,314.343804442819,621.5,6.35310236808735,1299.625,1920.2251907544,2087.925,7637.38201179621,621.5,6.35310236808735,1299.625,1920.2251907544,2087.925,7637.38201179621,3.83030303030303,1.30912412433315,36,0,32.0636363636364,14.4388690183804,127.9,298.595811300105,0,0,162,0,380,0,0,0,500,635.310236808734,495,698.841260489608,1000,1270.62047361747,990,1397.68252097922,NaN,NaN,0.189735,0.244785034242405,0.369395,0.317464525333325,0.17966,0.0726794910909195,0.189735,0.244785034242405,2.55625562556255,88.1390499551032,1,0,0.00076943178188791,0.0097765577511875,0.557533927056828,0.25102567753804,67,139.768252097922,0,0,1,0,63,800.490898379006,31.5,400.245449189503,63,800.490898379006,0,0,0,0,1.5606139,0
s7_busy,fixed_packet,15,15,2,380,0.2,1,50,63.5310236808735,50,63.5310236808735,0,0,0,0,3720.6303030303,232.485043021281,190.168686868687,1291.11725034845,3530.46161616162,1058.63220732717,3720.6303030303,232.485043021281,2990,3964.3358776865,9246.75,9037.28811860425,16628.225,57670.6044014313,2990,3964.3358776865,9246.75,9037.28811860425,16628.225,57670.6044014313,4.10707070707071,0.898418516699224,71.6363636363636,45.2802932416407,72.2909090909091,36.9635046870537,2680.06363636364,771.728671294392,160.363636363636,203.761319587383,162,0,380,0,0,0,500,635.310236808734,500,508.248189446987,1000,1270.62047361747,1000,1016.49637889397,NaN,NaN,0.19048,0.198852104121134,1.90082,1.98801279302189,1.71034,1.78916068890076,0.19048,0.198852104121134,11.2151215121512,589.906426905393,1,0,0.0226580722266859,0.2825247971068,0.547535758706468,0.0445467843284732,140,279.536504195843,49,0,1.98989898989899,1.25778592337891,14742,25615.7087481282,6394.5,10806.6271281166,14742,25615.7087481282,5071.5,2801.71814432652,11592,4802.94539027404,9.9131482,0
sf_cf,fixed_packet,15,15,3,570,0.2,1,50,63.5310236808735,50,63.5310236808735,0,0,0,0,5451.30303030303,11308.9072517026,124.909090909091,494.386875189343,5326.39393939394,11803.294126892,5451.30303030303,11308.9072517026,3057.5,2064.75826962839,18503.75,78000.2143241924,30522.75,163620.974938905,3057.5,2064.75826962839,18503.75,78000.2143241924,30522.75,163620.974938905,279.878787878788,40.8138697586215,0,0,3995.75757575758,7974.10606321751,0,0,480.757575757576,3870.00193343309,0,0,570,0,0,0,500,635.310236808734,490,1143.55842625572,1500,1905.9307104262,1470,3430.67527876717,NaN,NaN,0.2793,0.651828302965762,2.51745,0.865927852770304,2.0447,1.30873908782599,0.47275,0.442811235055688,85.5385538553856,771.064197401349,1,0,0.0974046081829098,0.859739450048881,0.563515037593985,0.472661262648303,118,0,39.5,285.889606563931,1.84343434343434,6.7894770761984,12540,14485.0733992392,12540,14485.0733992392,29640,72425.3669961957,7820,34815.0009771187,19345,109463.953802145,0.150678,0
sf_cb,fixed_packet,15,15,3,570,0.2,1,50,63.5310236808735,50,63.5310236808735,0,0,0,0,2202.30303030303,2934.7482575492,26.5555555555556,120.003044730539,2175.74747474747,2814.74521281866,2202.30303030303,2934.7482575492,1680,1715.33763938358,5690.625,16033.6421014604,8240,2160.0548051497,1680,1715.33763938358,5690.625,16033.6421014604,8240,2160.0548051497,207.808080808081,342.040763857632,0,0,786.10101010101,546.238458153127,385.757575757576,1682.60953627525,36.0808080808081,243.856454532646,190,0,570,0,0,0,500,635.310236808734,515,825.903307851355,1500,1905.9307104262,1545,2477.70992355406,NaN,NaN,0.29575,0.498718535894857,1.22175,4.0513733801293,0.926,3.55265484423444,0.29575,0.498718535894857,21.4941494149415,208.300938129189,1,0,0.0744058225010307,0.723067585873533,0.572534562211982,0.358057336229071,99,444.717165766114,10,76.2372284170482,1.18989898989899,1.28345502385603,2755,25348.8784486685,2755,25348.8784486685,6270,60354.4724968298,1045,8449.62614955617,2280,19313.4311989855,0.2354402,0
sb_cf,fixed_packet,15,15,3,570,NaN,0,NaN,NaN,NaN,NaN,NaN,NaN,NaN,NaN,NaN,NaN,NaN,NaN,NaN,NaN,NaN,NaN,NaN,NaN,NaN,NaN,NaN,NaN,NaN,NaN,NaN,NaN,NaN,NaN,NaN,NaN,NaN,NaN,NaN,NaN,NaN,NaN,NaN,NaN,NaN,NaN,NaN,NaN,NaN,NaN,NaN,NaN,NaN,NaN,NaN,NaN,NaN,NaN,NaN,NaN,NaN,NaN,NaN,NaN,NaN,NaN,NaN,NaN,NaN,NaN,NaN,NaN,NaN,NaN,NaN,NaN,NaN,NaN,NaN,NaN,NaN,NaN,NaN,NaN,NaN,NaN,NaN,NaN,NaN,NaN,NaN,NaN,1.1588081,0
sb_cb,fixed_packet,15,15,3,570,0.1,0.5,50,63.5310236808735,22.5,285.889606563931,27.5,349.420630244804,33,419.304756293765,NaN,NaN,NaN,NaN,NaN,NaN,1434.44444444444,NaN,NaN,NaN,NaN,NaN,NaN,NaN,830,NaN,6120,NaN,7660,NaN,NaN,NaN,NaN,NaN,NaN,NaN,NaN,NaN,NaN,NaN,NaN,NaN,NaN,NaN,NaN,NaN,500,635.310236808734,230,2668.30299459669,1500,1905.9307104262,690,8004.90898379006,NaN,NaN,0.1327,1.54126263449799,18.462225,226.414721089963,18.171325,226.09071286919,0.2909,0.324008220772455,307.734773477348,3691.47079811962,0.5,6.35310236808735,NaN,NaN,0.293888888888889,3.09890215510038,9152.5,115035.624578958,21.5,273.183401827756,1.95555555555556,NaN,202185,2544862.21558475,90862.5,1133615.82104967,202185,2544862.21558475,41310,503991.610860369,82090,1018910.55779385,133.2021054,0
s7_clean,fixed_packet,15,15,3,570,0.2,1,50,63.5310236808735,50,63.5310236808735,0,0,0,0,1083.71212121212,200.48850927655,6.13636363636364,77.9698926992538,1077.57575757576,122.518616577296,1083.71212121212,200.48850927655,839.5,158.827559202184,2246.5,2150.52515159757,3754.125,370.068212941117,839.5,158.827559202184,2246.5,2150.52515159757,3754.125,370.068212941117,3.91212121212121,0.269525555009764,38.1090909090909,6.46861332023438,36.5545454545455,9.58740902820458,257.509090909091,77.6233598428127,9.49090909090909,29.1087599410547,162,0,570,0,0,0,500,635.310236808734,490,635.310236808734,1500,1905.9307104262,1470,1905.9307104262,NaN,NaN,0.28158,0.3564090428497,0.539225,0.783019866866766,0.257645,0.426610824017065,0.28158,0.3564090428497,10.8910891089109,208.072203570482,1,0,0.00632973419565167,0.00141218323352302,0.549273504273504,0.146067054445769,71,165.180661570271,3,12.7062047361747,1.05858585858586,0.179683703339844,315,2401.47269513702,157.5,1200.73634756851,315,2401.47269513702,94.5,400.245449189503,189,800.490898379006,1.9574204,0
s7_busy,fixed_packet,15,15,3,570,0.2,1,50,63.5310236808735,50,63.5310236808735,0,0,0,0,5472.06666666667,1178.28871920127,328.718181818182,2268.28856731148,5143.34848484848,1089.99984811021,5472.06666666667,1178.28871920127,4084.5,5990.97553310637,14547.875,18085.6941663527,18734.85,56379.3363451175,4084.5,5990.97553310637,14547.875,18085.6941663527,18734.85,56379.3363451175,4.03030303030303,1.30912412433315,73.4181818181818,42.9700741986999,73.5727272727273,28.3001832760254,4091.94545454545,824.055132617004,168.381818181818,193.365333894149,162,0,570,0,0,0,500,635.310236808734,525,571.779213127861,1500,1905.9307104262,1575,1715.33763938358,NaN,NaN,0.300345,0.31200085729677,3.1906,6.56161118780798,2.890255,6.24961033051121,0.300345,0.31200085729677,26.2946294629463,396.47323509216,1,0,0.134577782513468,0.505534938570613,0.57705525606469,0.427678521948738,163.5,336.714425508629,51.5,6.35310236808735,2.03939393939394,1.19361317218611,13419,24014.7269513702,5796,12007.3634756851,13419,24014.7269513702,4199,8525.86337797322,9579.5,14453.3078873987,7.0876754,0
sf_cf,fixed_packet,15,15,4,760,0.2,0.5,50,63.5310236808735,27,228.711685251145,23,292.242708932018,25.5,324.008220772455,NaN,NaN,NaN,NaN,NaN,NaN,18218.7777777778,118620.892015348,NaN,NaN,NaN,NaN,NaN,NaN,12005,79922.0277905388,45054.375,282784.527781528,56432.5,138211.74201774,NaN,NaN,NaN,NaN,NaN,NaN,NaN,NaN,NaN,NaN,NaN,NaN,NaN,NaN,NaN,NaN,500,635.310236808734,315,1334.15149729834,2000,2541.24094723494,1260,5336.60598919337,NaN,NaN,0.2416,1.04190878836632,15.59615,151.680954348322,13.39995,132.522538847118,2.1962,19.1584155012042,292.793279327933,2789.79916769656,0.581818181818182,5.31350379876396,NaN,NaN,0.407510080645161,0.65900628394777,710.5,7617.36973933673,53,0,4.53333333333333,29.9301711563226,105640,1100865.57834218,105640,1100865.57834218,506540,5905081.58908983,48480,403549.062420908,195460,2020032.42895705,0.1899271,0
sf_cb,fixed_packet,15,15,4,760,0.2,1,50,63.5310236808735,50,63.5310236808735,0,0,0,0,3067.85858585859,5939.05977739139,224.838383838384,1062.44406874802,2843.0202020202,4876.61570864337,3067.85858585859,5939.05977739139,2185,8703.75024427967,8985,18884.5967891396,13283.625,46.0599921686679,2185,8703.75024427967,8985,18884.5967891396,13283.625,46.0599921686679,300.666666666667,309.184315246918,0,0,884.747474747475,3462.76165436357,668.646464646465,985.180076311888,38.959595959596,119.489662720996,190,0,760,0,0,0,500,635.310236808734,525,571.779213127861,2000,2541.24094723494,2100,2287.11685251144,NaN,NaN,0.3962,0.477753298080169,1.7238,4.55898625933948,1.3276,4.08123296125931,0.3962,0.477753298080169,11.3471347134714,280.962282945117,1,0,0.104534990602406,0.485067397499882,0.553994440810988,0.385735943977363,104.5,82.5903307851355,10.5,44.4717165766114,1.2050505050505,0.628892961689456,3325,6035.44724968298,3325,6035.44724968298,7315,8449.62614955617,1615,3621.26834980979,3230,7242.53669961958,0.151488,0
sb_cf,fixed_packet,15,15,4,760,NaN,0,NaN,NaN,NaN,NaN,NaN,NaN,NaN,NaN,NaN,NaN,NaN,NaN,NaN,NaN,NaN,NaN,NaN,NaN,NaN,NaN,NaN,NaN,NaN,NaN,NaN,NaN,NaN,NaN,NaN,NaN,NaN,NaN,NaN,NaN,NaN,NaN,NaN,NaN,NaN,NaN,NaN,NaN,NaN,NaN,NaN,NaN,NaN,NaN,NaN,NaN,NaN,NaN,NaN,NaN,NaN,NaN,NaN,NaN,NaN,NaN,NaN,NaN,NaN,NaN,NaN,NaN,NaN,NaN,NaN,NaN,NaN,NaN,NaN,NaN,NaN,NaN,NaN,NaN,NaN,NaN,NaN,NaN,NaN,NaN,NaN,NaN,1.1503928,0
sb_cb,fixed_packet,15,15,4,760,0.2,0.5,50,63.5310236808735,28,216.00548051497,22,279.536504195843,24.5,311.30201603628,NaN,NaN,NaN,NaN,NaN,NaN,8970.83838383838,92242.1692555376,NaN,NaN,NaN,NaN,NaN,NaN,3980,37928.0211374815,50227.875,556838.304633711,53672.5,560820.111542911,NaN,NaN,NaN,NaN,NaN,NaN,NaN,NaN,NaN,NaN,NaN,NaN,NaN,NaN,NaN,NaN,500,635.310236808734,305,1715.33763938358,2000,2541.24094723494,1220,6861.35055753434,NaN,NaN,0.2334,1.3239865335094,12.048675,143.364425693377,11.651,142.794234755842,0.397675,0.570190937535839,306.684668466847,3704.81364737753,0.6,5.08248189446988,NaN,NaN,0.402685185185185,1.71651413982212,7165.5,89750.27715397,206.5,2039.34586015604,18.1929292929293,205.468314769112,169030,2117743.14337824,81325,1008555.00093387,169030,2117743.14337824,33265,397894.801313311,58730,716248.760978168,154.9268827,0
s7_clean,fixed_packet,15,15,4,760,0.1,1,50,63.5310236808735,50,63.5310236808735,0,0,0,0,1646.01212121212,1439.34347105358,10.8181818181818,137.458033054981,1635.19393939394,1301.8854379986,1646.01212121212,1439.34347105358,1216,1334.15149729834,3664.375,189.004795450599,6817.32500000001,28986.9825197538,1216,1334.15149729834,3664.375,189.004795450599,6817.32500000001,28986.9825197538,3.89393939393939,0.500547459303851,37.3090909090909,16.6335771091741,109.090909090909,67.2273741495788,557.009090909091,1143.67393720787,5.89090909090909,74.8510969912837,162,0,760,0,0,0,500,635.310236808734,495,698.841260489608,2000,2541.24094723494,1980,2795.36504195843,NaN,NaN,0.377345,0.507549348186498,0.824045,1.76508243092571,0.4467,1.25753308273921,0.377345,0.507549348186498,15.0435043504351,296.668722642999,1,0,0.00577145763947672,0.0119768257338722,0.56662510936133,0.366540101192931,69,165.180661570271,2,25.4124094723494,1.03636363636364,0.462043808588171,189,2401.47269513702,94.5,1200.73634756851,189,2401.47269513702,63,800.490898379006,126,1600.98179675801,2.9459235,0
s7_busy,fixed_packet,15,15,4,760,NaN,0,NaN,NaN,NaN,NaN,NaN,NaN,NaN,NaN,NaN,NaN,NaN,NaN,NaN,NaN,NaN,NaN,NaN,NaN,NaN,NaN,NaN,NaN,NaN,NaN,NaN,NaN,NaN,NaN,NaN,NaN,NaN,NaN,NaN,NaN,NaN,NaN,NaN,NaN,NaN,NaN,NaN,NaN,NaN,NaN,NaN,NaN,NaN,NaN,NaN,NaN,NaN,NaN,NaN,NaN,NaN,NaN,NaN,NaN,NaN,NaN,NaN,NaN,NaN,NaN,NaN,NaN,NaN,NaN,NaN,NaN,NaN,NaN,NaN,NaN,NaN,NaN,NaN,NaN,NaN,NaN,NaN,NaN,NaN,NaN,NaN,NaN,2.8914443,0
sf_cf,fixed_packet,15,15,5,950,NaN,0,NaN,NaN,NaN,NaN,NaN,NaN,NaN,NaN,NaN,NaN,NaN,NaN,NaN,NaN,NaN,NaN,NaN,NaN,NaN,NaN,NaN,NaN,NaN,NaN,NaN,NaN,NaN,NaN,NaN,NaN,NaN,NaN,NaN,NaN,NaN,NaN,NaN,NaN,NaN,NaN,NaN,NaN,NaN,NaN,NaN,NaN,NaN,NaN,NaN,NaN,NaN,NaN,NaN,NaN,NaN,NaN,NaN,NaN,NaN,NaN,NaN,NaN,NaN,NaN,NaN,NaN,NaN,NaN,NaN,NaN,NaN,NaN,NaN,NaN,NaN,NaN,NaN,NaN,NaN,NaN,NaN,NaN,NaN,NaN,NaN,NaN,0.0625641,0
sf_cb,fixed_packet,15,15,5,950,0.2,1,50,63.5310236808735,50,63.5310236808735,0,0,0,0,4864.0303030303,21304.4549774934,568.20202020202,6734.03181916782,4295.82828282828,14570.4231583256,4864.0303030303,21304.4549774934,3235,9084.93638636491,14330,94613.5770167408,17969.25,115299.278327233,3235,9084.93638636491,14330,94613.5770167408,17969.25,115299.278327233,326.555555555556,134.121049992955,0,0,1141.72727272727,3884.63332070505,1575.65656565657,9827.41511766562,111.888888888889,992.495769947868,190,0,950,0,0,0,500,635.310236808734,525,1080.02740257485,2500,3176.55118404367,2625,5400.13701287424,NaN,NaN,0.49865,1.11369884512571,3.1611,22.3540259923521,2.66245,21.2403271472264,0.49865,1.11369884512571,9.78697869786979,350.802568203659,1,0,0.1460325279578,1.56093248562815,0.571073279585373,0.571605431174228,160,1219.79565467277,31.5,298.595811300105,1.58888888888889,5.22366194709404,6840,77253.7247959422,6840,77253.7247959422,17860,207619.385389095,3965,40723.3861794399,9450,100760.203557865,0.186125,0
sb_cf,fixed_packet,15,15,5,950,NaN,0,NaN,NaN,NaN,NaN,NaN,NaN,NaN,NaN,NaN,NaN,NaN,NaN,NaN,NaN,NaN,NaN,NaN,NaN,NaN,NaN,NaN,NaN,NaN,NaN,NaN,NaN,NaN,NaN,NaN,NaN,NaN,NaN,NaN,NaN,NaN,NaN,NaN,NaN,NaN,NaN,NaN,NaN,NaN,NaN,NaN,NaN,NaN,NaN,NaN,NaN,NaN,NaN,NaN,NaN,NaN,NaN,NaN,NaN,NaN,NaN,NaN,NaN,NaN,NaN,NaN,NaN,NaN,NaN,NaN,NaN,NaN,NaN,NaN,NaN,NaN,NaN,NaN,NaN,NaN,NaN,NaN,NaN,NaN,NaN,NaN,NaN,0.9373107,0
sb_cb,fixed_packet,15,15,5,950,0.05,0.5,50,63.5310236808735,22.5,285.889606563931,27.5,349.420630244804,35,444.717165766114,NaN,NaN,NaN,NaN,NaN,NaN,2024.44444444444,NaN,NaN,NaN,NaN,NaN,NaN,NaN,1375,NaN,5610,NaN,6920,NaN,NaN,NaN,NaN,NaN,NaN,NaN,NaN,NaN,NaN,NaN,NaN,NaN,NaN,NaN,NaN,NaN,500,635.310236808734,220,2795.36504195843,2500,3176.55118404367,1100,13976.8252097922,NaN,NaN,0.2102,2.67084423554392,20.4494,248.349124670903,20.093675,249.170898462215,0.355725,0.821773791312099,294.875487548755,3854.86351788933,0.5,6.35310236808735,NaN,NaN,0.537777777777778,NaN,7609.5,95785.7244036529,6.5,82.5903307851355,1.28888888888889,NaN,177765,2255160.74759997,87822.5,1112396.45914025,177765,2255160.74759997,39615,500370.342510559,74740,946612.252845015,84.4622777,0
s7_clean,fixed_packet,15,15,5,950,0.2,1,50,63.5310236808735,50,63.5310236808735,0,0,0,0,2131.16666666667,3629.31561280937,107.471717171717,1280.56725005235,2023.69494949495,2348.74836275701,2131.16666666667,3629.31561280937,1548,3710.21178296301,5297.625,3794.39038934017,6250.05,8424.84905032065,1548,3710.21178296301,5297.625,3794.39038934017,6250.05,8424.84905032065,3.91313131313131,1.66849153101284,41.1272727272727,34.6532856441128,42.1636363636364,63.0689798722853,801.418181818182,2096.75480337312,23.0727272727273,155.939785398508,162,0,950,0,0,0,500,635.310236808734,515,952.965355213102,2500,3176.55118404367,2575,4764.82677606551,NaN,NaN,0.4866,0.832383472266804,1.24886,5.39734164783229,0.76226,4.56495817556548,0.4866,0.832383472266804,14.7074707470747,303.988228521623,1,0,0.10677869580492,1.25791839551329,0.557051140544518,0.244891293268768,89,381.186142085241,7.5,57.1779213127861,1.14242424242424,0.962591267892023,1449,16009.8179675801,661.5,7604.66353460056,1449,16009.8179675801,315,3201.96359351602,693,6403.92718703205,2.6137388,0
s7_busy,fixed_packet,15,15,5,950,NaN,0,NaN,NaN,NaN,NaN,NaN,NaN,NaN,NaN,NaN,NaN,NaN,NaN,NaN,NaN,NaN,NaN,NaN,NaN,NaN,NaN,NaN,NaN,NaN,NaN,NaN,NaN,NaN,NaN,NaN,NaN,NaN,NaN,NaN,NaN,NaN,NaN,NaN,NaN,NaN,NaN,NaN,NaN,NaN,NaN,NaN,NaN,NaN,NaN,NaN,NaN,NaN,NaN,NaN,NaN,NaN,NaN,NaN,NaN,NaN,NaN,NaN,NaN,NaN,NaN,NaN,NaN,NaN,NaN,NaN,NaN,NaN,NaN,NaN,NaN,NaN,NaN,NaN,NaN,NaN,NaN,NaN,NaN,NaN,NaN,NaN,NaN,2.0750993,0
sf_cf,fixed_packet,15,15,6,1140,NaN,0,NaN,NaN,NaN,NaN,NaN,NaN,NaN,NaN,NaN,NaN,NaN,NaN,NaN,NaN,NaN,NaN,NaN,NaN,NaN,NaN,NaN,NaN,NaN,NaN,NaN,NaN,NaN,NaN,NaN,NaN,NaN,NaN,NaN,NaN,NaN,NaN,NaN,NaN,NaN,NaN,NaN,NaN,NaN,NaN,NaN,NaN,NaN,NaN,NaN,NaN,NaN,NaN,NaN,NaN,NaN,NaN,NaN,NaN,NaN,NaN,NaN,NaN,NaN,NaN,NaN,NaN,NaN,NaN,NaN,NaN,NaN,NaN,NaN,NaN,NaN,NaN,NaN,NaN,NaN,NaN,NaN,NaN,NaN,NaN,NaN,NaN,0.0722073,0
sf_cb,fixed_packet,15,15,6,1140,0.2,1,50,63.5310236808735,50,63.5310236808735,0,0,0,0,5857.21212121212,20887.4604402426,780.580808080808,8788.77913961013,5076.63131313131,12098.6813006324,5857.21212121212,20887.4604402426,4477.5,10704.9774902272,14421.25,69248.8158121521,17673.875,46490.4148540712,4477.5,10704.9774902272,14421.25,69248.8158121521,17673.875,46490.4148540712,395.914141414141,325.805057805853,0,0,1250.73737373737,2587.31698259137,1988.66666666667,9495.77033950122,111.313131313131,341.399036345704,190,0,1140,0,0,0,500,635.310236808734,520,635.310236808734,3000,3811.86142085241,3120,3811.86142085241,NaN,NaN,0.5908,0.684864435279816,3.3868,16.8712986486928,2.796,16.1864342134129,0.5908,0.684864435279816,55.6135613561356,681.171515829492,1,0,0.102047854116156,0.290758765074205,0.569832694948327,0.292884584852418,125.5,552.719906023599,30,127.062047361747,1.58585858585859,1.79683703339844,4750,28970.1467984783,4750,28970.1467984783,11305,80874.9931457519,3420,19313.4311989855,7790,50697.756897337,0.179069,0
sb_cf,fixed_packet,15,15,6,1140,NaN,0,NaN,NaN,NaN,NaN,NaN,NaN,NaN,NaN,NaN,NaN,NaN,NaN,NaN,NaN,NaN,NaN,NaN,NaN,NaN,NaN,NaN,NaN,NaN,NaN,NaN,NaN,NaN,NaN,NaN,NaN,NaN,NaN,NaN,NaN,NaN,NaN,NaN,NaN,NaN,NaN,NaN,NaN,NaN,NaN,NaN,NaN,NaN,NaN,NaN,NaN,NaN,NaN,NaN,NaN,NaN,NaN,NaN,NaN,NaN,NaN,NaN,NaN,NaN,NaN,NaN,NaN,NaN,NaN,NaN,NaN,NaN,NaN,NaN,NaN,NaN,NaN,NaN,NaN,NaN,NaN,NaN,NaN,NaN,NaN,NaN,NaN,0.8843074,0
sb_cb,fixed_packet,15,15,6,1140,0.2,0.5,50,63.5310236808735,22.5,285.889606563931,27.5,349.420630244804,37,470.129575238464,NaN,NaN,NaN,NaN,NaN,NaN,2596.66666666667,NaN,NaN,NaN,NaN,NaN,NaN,NaN,1725,NaN,7276.25,NaN,8680,NaN,NaN,NaN,NaN,NaN,NaN,NaN,NaN,NaN,NaN,NaN,NaN,NaN,NaN,NaN,NaN,NaN,500,635.310236808734,230,2922.42708932018,3000,3811.86142085241,1380,17534.5625359211,NaN,NaN,0.259775,3.30075433533978,22.587775,272.003313062884,22.205425,273.891455086679,0.38235,1.88814202379556,300.01200120012,3789.59792380493,0.5,6.35310236808735,NaN,NaN,0.539795918367347,NaN,11434,143618.232132983,29.5,374.833039717154,2.31111111111111,NaN,246430,3083668.82742224,98522.5,1210488.35970352,246430,3083668.82742224,45872.5,558278.870595676,107555,1337137.45541134,169.9325263,0
s7_clean,fixed_packet,15,15,6,1140,0.1,1,50,63.5310236808735,50,63.5310236808735,0,0,0,0,2950.19393939394,6989.1826779104,180.60303030303,2041.50206459612,2769.59090909091,4947.68061331428,2950.19393939394,6989.1826779104,2068.5,5546.25836734025,7460.375,20147.275884797,11604.25,25402.8798187973,2068.5,5546.25836734025,7460.375,20147.275884797,11604.25,25402.8798187973,3.81818181818182,2.31021904294085,39.2727272727273,41.5839427729354,80.2,33.0361323140542,1329.57272727273,4688.24301479202,14.7272727272727,187.127742478209,162,0,1140,0,0,0,500,635.310236808734,515,825.903307851355,3000,3811.86142085241,3090,4955.41984710813,NaN,NaN,0.588055,1.00271014675523,1.773095,8.85489054961647,1.18504,7.85218040286124,0.588055,1.00271014675523,14.7014701470147,397.235683621183,1,0,0.112087315763024,1.37863111510082,0.581368595825427,0.470304375967757,74,228.711685251145,5,63.5310236808735,1.09090909090909,1.15510952147043,504,6403.92718703205,252,3201.96359351602,504,6403.92718703205,220.5,2801.71814432652,441,5603.43628865304,3.1956715,0
s7_busy,fixed_packet,15,15,6,1140,NaN,0,NaN,NaN,NaN,NaN,NaN,NaN,NaN,NaN,NaN,NaN,NaN,NaN,NaN,NaN,NaN,NaN,NaN,NaN,NaN,NaN,NaN,NaN,NaN,NaN,NaN,NaN,NaN,NaN,NaN,NaN,NaN,NaN,NaN,NaN,NaN,NaN,NaN,NaN,NaN,NaN,NaN,NaN,NaN,NaN,NaN,NaN,NaN,NaN,NaN,NaN,NaN,NaN,NaN,NaN,NaN,NaN,NaN,NaN,NaN,NaN,NaN,NaN,NaN,NaN,NaN,NaN,NaN,NaN,NaN,NaN,NaN,NaN,NaN,NaN,NaN,NaN,NaN,NaN,NaN,NaN,NaN,NaN,NaN,NaN,NaN,NaN,2.0480347,0
sf_cf,fixed_packet,30,30,1,190,0.05,1,123.5,133.415149729834,123.5,133.415149729834,0,0,0,0,5854.83720776648,1382.68295621505,1103.1798969753,1800.30860039171,4751.65731079118,3182.99155660675,5854.83720776648,1382.68295621505,4070,4510.70268134202,17881,21511.6046183437,26930.225,22817.4848101038,4070,4510.70268134202,17881,21511.6046183437,26930.225,22817.4848101038,78.7075683529256,60.0402158812112,0,0,4404.39373926826,3022.10811300333,0,0,78.5560031699908,100.843227722216,0,0,190,0,0,0,1235,1334.15149729834,1240,1270.62047361747,1235,1334.15149729834,1240,1270.62047361747,NaN,NaN,0.23535,0.244594441171363,7.23665,14.1083344288116,6.89965,13.5619676251561,0.337,0.546366803655512,-21.9141914191419,1207.26100085563,1,0,0.0512353981671713,0.109543816266467,0.735308436761229,0.55947758686696,202.5,273.183401827756,51.5,120.70894499366,1.41345264826311,0.530753830116927,5225,13277.9839493026,5225,13277.9839493026,10735,27763.0573485417,4940,14485.0733992392,10165,30177.2362484149,0.2962492,0
sf_cb,fixed_packet,30,30,1,190,NaN,0,NaN,NaN,NaN,NaN,NaN,NaN,NaN,NaN,NaN,NaN,NaN,NaN,NaN,NaN,NaN,NaN,NaN,NaN,NaN,NaN,NaN,NaN,NaN,NaN,NaN,NaN,NaN,NaN,NaN,NaN,NaN,NaN,NaN,NaN,NaN,NaN,NaN,NaN,NaN,NaN,NaN,NaN,NaN,NaN,NaN,NaN,NaN,NaN,NaN,NaN,NaN,NaN,NaN,NaN,NaN,NaN,NaN,NaN,NaN,NaN,NaN,NaN,NaN,NaN,NaN,NaN,NaN,NaN,NaN,NaN,NaN,NaN,NaN,NaN,NaN,NaN,NaN,NaN,NaN,NaN,NaN,NaN,NaN,NaN,NaN,NaN,0.1046681,0
sb_cf,fixed_packet,30,30,1,190,NaN,0,NaN,NaN,NaN,NaN,NaN,NaN,NaN,NaN,NaN,NaN,NaN,NaN,NaN,NaN,NaN,NaN,NaN,NaN,NaN,NaN,NaN,NaN,NaN,NaN,NaN,NaN,NaN,NaN,NaN,NaN,NaN,NaN,NaN,NaN,NaN,NaN,NaN,NaN,NaN,NaN,NaN,NaN,NaN,NaN,NaN,NaN,NaN,NaN,NaN,NaN,NaN,NaN,NaN,NaN,NaN,NaN,NaN,NaN,NaN,NaN,NaN,NaN,NaN,NaN,NaN,NaN,NaN,NaN,NaN,NaN,NaN,NaN,NaN,NaN,NaN,NaN,NaN,NaN,NaN,NaN,NaN,NaN,NaN,NaN,NaN,NaN,1.6136933,0
sb_cb,fixed_packet,30,30,1,190,0.05,0,123.5,133.415149729834,46,343.067527876717,77.5,476.482677606551,77.5,476.482677606551,NaN,NaN,NaN,NaN,NaN,NaN,3264.82876712329,6922.70586122614,NaN,NaN,NaN,NaN,NaN,NaN,1335,6353.10236808735,15104,71761.4677987303,39030.3499999999,362766.592389444,NaN,NaN,NaN,NaN,NaN,NaN,NaN,NaN,NaN,NaN,NaN,NaN,NaN,NaN,NaN,NaN,1235,1334.15149729834,450,3049.48913668193,1235,1334.15149729834,450,3049.48913668193,NaN,NaN,0.0855,0.579402935969566,29.8663,233.333567223928,29.66775,233.611197797413,0.19855,0.277630573485417,1177.67176717672,2938.85785512064,0.393904371945582,3.20340355173338,NaN,NaN,0.525855855855856,1.49326523228287,11812,57241.452336467,292,2681.00919933286,6.57678442682048,16.6912076635258,250640,1138730.06845598,125515,362190.36600466,250640,1138730.06845598,44542.5,245769.765109459,80802.5,549829.24444612,136.3537196,0
s7_clean,fixed_packet,30,30,1,190,0.05,1,123.5,133.415149729834,123.5,133.415149729834,0,0,0,0,960.127030775327,597.568814452602,13.5281006472064,131.635760802146,946.59893012812,465.933053650456,960.127030775327,597.568814452602,757.5,400.245449189503,2210.825,2253.76306507899,3246.72,1440.88361708222,757.5,400.245449189503,2210.825,2253.76306507899,3246.72,1440.88361708222,4.09265618808612,1.74624303632146,37.6024303262449,0.120835654603698,184.456016378286,248.898791798374,361.236890767402,218.115908788083,7.21093646810197,0.54376044571663,162,0,190,0,0,0,1235,1334.15149729834,1245,1461.21354466009,1235,1334.15149729834,1245,1461.21354466009,NaN,NaN,0.23655,0.277630573485417,1.205495,2.20700423164986,0.968945,1.92937365816445,0.23655,0.277630573485417,-3.64836483648366,23.0259455765063,1,0,0.01073093627419,0.136349473310701,0.754105099454727,0.548098403402408,153.5,158.827559202184,5.5,6.35310236808735,1.0445119535068,0.00335654596121274,472.5,2001.22724594751,220.5,1200.73634756851,472.5,2001.22724594751,157.5,400.245449189503,346.5,400.245449189503,2.6997594,0
s7_busy,fixed_packet,30,30,1,190,NaN,0,NaN,NaN,NaN,NaN,NaN,NaN,NaN,NaN,NaN,NaN,NaN,NaN,NaN,NaN,NaN,NaN,NaN,NaN,NaN,NaN,NaN,NaN,NaN,NaN,NaN,NaN,NaN,NaN,NaN,NaN,NaN,NaN,NaN,NaN,NaN,NaN,NaN,NaN,NaN,NaN,NaN,NaN,NaN,NaN,NaN,NaN,NaN,NaN,NaN,NaN,NaN,NaN,NaN,NaN,NaN,NaN,NaN,NaN,NaN,NaN,NaN,NaN,NaN,NaN,NaN,NaN,NaN,NaN,NaN,NaN,NaN,NaN,NaN,NaN,NaN,NaN,NaN,NaN,NaN,NaN,NaN,NaN,NaN,NaN,NaN,NaN,2.9743042,0
sf_cf,fixed_packet,30,30,2,380,NaN,0,NaN,NaN,NaN,NaN,NaN,NaN,NaN,NaN,NaN,NaN,NaN,NaN,NaN,NaN,NaN,NaN,NaN,NaN,NaN,NaN,NaN,NaN,NaN,NaN,NaN,NaN,NaN,NaN,NaN,NaN,NaN,NaN,NaN,NaN,NaN,NaN,NaN,NaN,NaN,NaN,NaN,NaN,NaN,NaN,NaN,NaN,NaN,NaN,NaN,NaN,NaN,NaN,NaN,NaN,NaN,NaN,NaN,NaN,NaN,NaN,NaN,NaN,NaN,NaN,NaN,NaN,NaN,NaN,NaN,NaN,NaN,NaN,NaN,NaN,NaN,NaN,NaN,NaN,NaN,NaN,NaN,NaN,NaN,NaN,NaN,NaN,0.0545935,0
sf_cb,fixed_packet,30,30,2,380,NaN,0,NaN,NaN,NaN,NaN,NaN,NaN,NaN,NaN,NaN,NaN,NaN,NaN,NaN,NaN,NaN,NaN,NaN,NaN,NaN,NaN,NaN,NaN,NaN,NaN,NaN,NaN,NaN,NaN,NaN,NaN,NaN,NaN,NaN,NaN,NaN,NaN,NaN,NaN,NaN,NaN,NaN,NaN,NaN,NaN,NaN,NaN,NaN,NaN,NaN,NaN,NaN,NaN,NaN,NaN,NaN,NaN,NaN,NaN,NaN,NaN,NaN,NaN,NaN,NaN,NaN,NaN,NaN,NaN,NaN,NaN,NaN,NaN,NaN,NaN,NaN,NaN,NaN,NaN,NaN,NaN,NaN,NaN,NaN,NaN,NaN,NaN,0.0808906,0
sb_cf,fixed_packet,30,30,2,380,NaN,0,NaN,NaN,NaN,NaN,NaN,NaN,NaN,NaN,NaN,NaN,NaN,NaN,NaN,NaN,NaN,NaN,NaN,NaN,NaN,NaN,NaN,NaN,NaN,NaN,NaN,NaN,NaN,NaN,NaN,NaN,NaN,NaN,NaN,NaN,NaN,NaN,NaN,NaN,NaN,NaN,NaN,NaN,NaN,NaN,NaN,NaN,NaN,NaN,NaN,NaN,NaN,NaN,NaN,NaN,NaN,NaN,NaN,NaN,NaN,NaN,NaN,NaN,NaN,NaN,NaN,NaN,NaN,NaN,NaN,NaN,NaN,NaN,NaN,NaN,NaN,NaN,NaN,NaN,NaN,NaN,NaN,NaN,NaN,NaN,NaN,NaN,1.2604611,0
sb_cb,fixed_packet,30,30,2,380,NaN,0,NaN,NaN,NaN,NaN,NaN,NaN,NaN,NaN,NaN,NaN,NaN,NaN,NaN,NaN,NaN,NaN,NaN,NaN,NaN,NaN,NaN,NaN,NaN,NaN,NaN,NaN,NaN,NaN,NaN,NaN,NaN,NaN,NaN,NaN,NaN,NaN,NaN,NaN,NaN,NaN,NaN,NaN,NaN,NaN,NaN,NaN,NaN,NaN,NaN,NaN,NaN,NaN,NaN,NaN,NaN,NaN,NaN,NaN,NaN,NaN,NaN,NaN,NaN,NaN,NaN,NaN,NaN,NaN,NaN,NaN,NaN,NaN,NaN,NaN,NaN,NaN,NaN,NaN,NaN,NaN,NaN,NaN,NaN,NaN,NaN,NaN,18.4220215,0
s7_clean,fixed_packet,30,30,2,380,0.05,1,123.5,133.415149729834,123.5,133.415149729834,0,0,0,0,1958.33202351076,185.141620833365,93.7751618016114,22.1057921323087,1864.55686170915,163.035828701055,1958.33202351076,185.141620833365,1347.25,727.430221146001,5620.8,1257.91426888129,8285.245,10555.3619294589,1347.25,727.430221146001,5620.8,1257.91426888129,8285.245,10555.3619294589,4.19356756042795,1.70092966584507,38.8862765816933,4.28966573843121,187.684354774799,86.5447614956904,1078.80441817461,227.688358301219,12.9882446176199,19.3034958229403,162,0,380,0,0,0,1235,1334.15149729834,1245,1461.21354466009,2470,2668.30299459669,2490,2922.42708932018,NaN,NaN,0.4731,0.555261146970834,2.468905,3.46186901139448,1.995805,2.90660786442364,0.4731,0.555261146970834,-30.5190519051905,95.7635352453373,1,0,0.017814150640558,0.226350245239987,0.751374820758459,0.513406923300807,161.5,146.121354466009,10,25.4124094723494,1.08017434949148,0.119157381623088,976.5,1200.73634756851,472.5,400.245449189503,976.5,1200.73634756851,315,800.490898379006,630,1600.98179675801,3.3051332,0
s7_busy,fixed_packet,30,30,2,380,NaN,0,NaN,NaN,NaN,NaN,NaN,NaN,NaN,NaN,NaN,NaN,NaN,NaN,NaN,NaN,NaN,NaN,NaN,NaN,NaN,NaN,NaN,NaN,NaN,NaN,NaN,NaN,NaN,NaN,NaN,NaN,NaN,NaN,NaN,NaN,NaN,NaN,NaN,NaN,NaN,NaN,NaN,NaN,NaN,NaN,NaN,NaN,NaN,NaN,NaN,NaN,NaN,NaN,NaN,NaN,NaN,NaN,NaN,NaN,NaN,NaN,NaN,NaN,NaN,NaN,NaN,NaN,NaN,NaN,NaN,NaN,NaN,NaN,NaN,NaN,NaN,NaN,NaN,NaN,NaN,NaN,NaN,NaN,NaN,NaN,NaN,NaN,2.6852599,0
sf_cf,fixed_packet,30,30,3,570,NaN,0,NaN,NaN,NaN,NaN,NaN,NaN,NaN,NaN,NaN,NaN,NaN,NaN,NaN,NaN,NaN,NaN,NaN,NaN,NaN,NaN,NaN,NaN,NaN,NaN,NaN,NaN,NaN,NaN,NaN,NaN,NaN,NaN,NaN,NaN,NaN,NaN,NaN,NaN,NaN,NaN,NaN,NaN,NaN,NaN,NaN,NaN,NaN,NaN,NaN,NaN,NaN,NaN,NaN,NaN,NaN,NaN,NaN,NaN,NaN,NaN,NaN,NaN,NaN,NaN,NaN,NaN,NaN,NaN,NaN,NaN,NaN,NaN,NaN,NaN,NaN,NaN,NaN,NaN,NaN,NaN,NaN,NaN,NaN,NaN,NaN,NaN,0.0664702,0
sf_cb,fixed_packet,30,30,3,570,NaN,0,NaN,NaN,NaN,NaN,NaN,NaN,NaN,NaN,NaN,NaN,NaN,NaN,NaN,NaN,NaN,NaN,NaN,NaN,NaN,NaN,NaN,NaN,NaN,NaN,NaN,NaN,NaN,NaN,NaN,NaN,NaN,NaN,NaN,NaN,NaN,NaN,NaN,NaN,NaN,NaN,NaN,NaN,NaN,NaN,NaN,NaN,NaN,NaN,NaN,NaN,NaN,NaN,NaN,NaN,NaN,NaN,NaN,NaN,NaN,NaN,NaN,NaN,NaN,NaN,NaN,NaN,NaN,NaN,NaN,NaN,NaN,NaN,NaN,NaN,NaN,NaN,NaN,NaN,NaN,NaN,NaN,NaN,NaN,NaN,NaN,NaN,0.0922616,0
sb_cf,fixed_packet,30,30,3,570,NaN,0,NaN,NaN,NaN,NaN,NaN,NaN,NaN,NaN,NaN,NaN,NaN,NaN,NaN,NaN,NaN,NaN,NaN,NaN,NaN,NaN,NaN,NaN,NaN,NaN,NaN,NaN,NaN,NaN,NaN,NaN,NaN,NaN,NaN,NaN,NaN,NaN,NaN,NaN,NaN,NaN,NaN,NaN,NaN,NaN,NaN,NaN,NaN,NaN,NaN,NaN,NaN,NaN,NaN,NaN,NaN,NaN,NaN,NaN,NaN,NaN,NaN,NaN,NaN,NaN,NaN,NaN,NaN,NaN,NaN,NaN,NaN,NaN,NaN,NaN,NaN,NaN,NaN,NaN,NaN,NaN,NaN,NaN,NaN,NaN,NaN,NaN,1.7945707,0
sb_cb,fixed_packet,30,30,3,570,NaN,0,NaN,NaN,NaN,NaN,NaN,NaN,NaN,NaN,NaN,NaN,NaN,NaN,NaN,NaN,NaN,NaN,NaN,NaN,NaN,NaN,NaN,NaN,NaN,NaN,NaN,NaN,NaN,NaN,NaN,NaN,NaN,NaN,NaN,NaN,NaN,NaN,NaN,NaN,NaN,NaN,NaN,NaN,NaN,NaN,NaN,NaN,NaN,NaN,NaN,NaN,NaN,NaN,NaN,NaN,NaN,NaN,NaN,NaN,NaN,NaN,NaN,NaN,NaN,NaN,NaN,NaN,NaN,NaN,NaN,NaN,NaN,NaN,NaN,NaN,NaN,NaN,NaN,NaN,NaN,NaN,NaN,NaN,NaN,NaN,NaN,NaN,17.2852703,0
s7_clean,fixed_packet,30,30,3,570,0.05,1,123.5,133.415149729834,123.5,133.415149729834,0,0,0,0,6287.76528860124,22743.4855167499,972.263076211861,6771.81427445071,5315.50221238938,15971.6712422992,6287.76528860124,22743.4855167499,4625.5,21505.2515159757,18024.4,36161.8586791532,23888.18,81045.5104133113,4625.5,21505.2515159757,18024.4,36161.8586791532,23888.18,81045.5104133113,4.39618280280016,0.0864310585012565,45.3803988905032,13.9414136499014,209.840212653546,108.627477374516,4281.67362303527,16003.5345135407,42.2117950072646,62.7363614245561,162,0,570,0,0,0,1235,1334.15149729834,1165,825.903307851355,3705,4002.45449189503,3495,2477.70992355407,NaN,NaN,0.663455,0.463204693657249,7.48519,31.4354046413909,6.821735,30.9721999477337,0.663455,0.463204693657249,118.307830783078,474.242985052545,1,0,0.0505437186768876,0.461280100779604,0.727411718014509,0.426984114078401,182.5,184.239968674533,32.5,82.5903307851355,1.26056663584731,0.387261490275039,2299.5,3602.20904270553,1134,1600.98179675801,2299.5,3602.20904270553,976.5,2001.22724594751,1953,4002.45449189503,2.5576084,0
s7_busy,fixed_packet,30,30,3,570,NaN,0,NaN,NaN,NaN,NaN,NaN,NaN,NaN,NaN,NaN,NaN,NaN,NaN,NaN,NaN,NaN,NaN,NaN,NaN,NaN,NaN,NaN,NaN,NaN,NaN,NaN,NaN,NaN,NaN,NaN,NaN,NaN,NaN,NaN,NaN,NaN,NaN,NaN,NaN,NaN,NaN,NaN,NaN,NaN,NaN,NaN,NaN,NaN,NaN,NaN,NaN,NaN,NaN,NaN,NaN,NaN,NaN,NaN,NaN,NaN,NaN,NaN,NaN,NaN,NaN,NaN,NaN,NaN,NaN,NaN,NaN,NaN,NaN,NaN,NaN,NaN,NaN,NaN,NaN,NaN,NaN,NaN,NaN,NaN,NaN,NaN,NaN,2.2177671,0
sf_cf,fixed_packet,30,30,4,760,NaN,0,NaN,NaN,NaN,NaN,NaN,NaN,NaN,NaN,NaN,NaN,NaN,NaN,NaN,NaN,NaN,NaN,NaN,NaN,NaN,NaN,NaN,NaN,NaN,NaN,NaN,NaN,NaN,NaN,NaN,NaN,NaN,NaN,NaN,NaN,NaN,NaN,NaN,NaN,NaN,NaN,NaN,NaN,NaN,NaN,NaN,NaN,NaN,NaN,NaN,NaN,NaN,NaN,NaN,NaN,NaN,NaN,NaN,NaN,NaN,NaN,NaN,NaN,NaN,NaN,NaN,NaN,NaN,NaN,NaN,NaN,NaN,NaN,NaN,NaN,NaN,NaN,NaN,NaN,NaN,NaN,NaN,NaN,NaN,NaN,NaN,NaN,0.0500512,0
sf_cb,fixed_packet,30,30,4,760,NaN,0,NaN,NaN,NaN,NaN,NaN,NaN,NaN,NaN,NaN,NaN,NaN,NaN,NaN,NaN,NaN,NaN,NaN,NaN,NaN,NaN,NaN,NaN,NaN,NaN,NaN,NaN,NaN,NaN,NaN,NaN,NaN,NaN,NaN,NaN,NaN,NaN,NaN,NaN,NaN,NaN,NaN,NaN,NaN,NaN,NaN,NaN,NaN,NaN,NaN,NaN,NaN,NaN,NaN,NaN,NaN,NaN,NaN,NaN,NaN,NaN,NaN,NaN,NaN,NaN,NaN,NaN,NaN,NaN,NaN,NaN,NaN,NaN,NaN,NaN,NaN,NaN,NaN,NaN,NaN,NaN,NaN,NaN,NaN,NaN,NaN,NaN,0.0659986,0
sb_cf,fixed_packet,30,30,4,760,NaN,0,NaN,NaN,NaN,NaN,NaN,NaN,NaN,NaN,NaN,NaN,NaN,NaN,NaN,NaN,NaN,NaN,NaN,NaN,NaN,NaN,NaN,NaN,NaN,NaN,NaN,NaN,NaN,NaN,NaN,NaN,NaN,NaN,NaN,NaN,NaN,NaN,NaN,NaN,NaN,NaN,NaN,NaN,NaN,NaN,NaN,NaN,NaN,NaN,NaN,NaN,NaN,NaN,NaN,NaN,NaN,NaN,NaN,NaN,NaN,NaN,NaN,NaN,NaN,NaN,NaN,NaN,NaN,NaN,NaN,NaN,NaN,NaN,NaN,NaN,NaN,NaN,NaN,NaN,NaN,NaN,NaN,NaN,NaN,NaN,NaN,NaN,1.2529447,0
sb_cb,fixed_packet,30,30,4,760,NaN,0,NaN,NaN,NaN,NaN,NaN,NaN,NaN,NaN,NaN,NaN,NaN,NaN,NaN,NaN,NaN,NaN,NaN,NaN,NaN,NaN,NaN,NaN,NaN,NaN,NaN,NaN,NaN,NaN,NaN,NaN,NaN,NaN,NaN,NaN,NaN,NaN,NaN,NaN,NaN,NaN,NaN,NaN,NaN,NaN,NaN,NaN,NaN,NaN,NaN,NaN,NaN,NaN,NaN,NaN,NaN,NaN,NaN,NaN,NaN,NaN,NaN,NaN,NaN,NaN,NaN,NaN,NaN,NaN,NaN,NaN,NaN,NaN,NaN,NaN,NaN,NaN,NaN,NaN,NaN,NaN,NaN,NaN,NaN,NaN,NaN,NaN,16.5458316,0
s7_clean,fixed_packet,30,30,4,760,NaN,0,NaN,NaN,NaN,NaN,NaN,NaN,NaN,NaN,NaN,NaN,NaN,NaN,NaN,NaN,NaN,NaN,NaN,NaN,NaN,NaN,NaN,NaN,NaN,NaN,NaN,NaN,NaN,NaN,NaN,NaN,NaN,NaN,NaN,NaN,NaN,NaN,NaN,NaN,NaN,NaN,NaN,NaN,NaN,NaN,NaN,NaN,NaN,NaN,NaN,NaN,NaN,NaN,NaN,NaN,NaN,NaN,NaN,NaN,NaN,NaN,NaN,NaN,NaN,NaN,NaN,NaN,NaN,NaN,NaN,NaN,NaN,NaN,NaN,NaN,NaN,NaN,NaN,NaN,NaN,NaN,NaN,NaN,NaN,NaN,NaN,NaN,2.3558884,0
s7_busy,fixed_packet,30,30,4,760,NaN,0,NaN,NaN,NaN,NaN,NaN,NaN,NaN,NaN,NaN,NaN,NaN,NaN,NaN,NaN,NaN,NaN,NaN,NaN,NaN,NaN,NaN,NaN,NaN,NaN,NaN,NaN,NaN,NaN,NaN,NaN,NaN,NaN,NaN,NaN,NaN,NaN,NaN,NaN,NaN,NaN,NaN,NaN,NaN,NaN,NaN,NaN,NaN,NaN,NaN,NaN,NaN,NaN,NaN,NaN,NaN,NaN,NaN,NaN,NaN,NaN,NaN,NaN,NaN,NaN,NaN,NaN,NaN,NaN,NaN,NaN,NaN,NaN,NaN,NaN,NaN,NaN,NaN,NaN,NaN,NaN,NaN,NaN,NaN,NaN,NaN,NaN,2.1535934,0
sf_cf,fixed_packet,30,30,5,950,NaN,0,NaN,NaN,NaN,NaN,NaN,NaN,NaN,NaN,NaN,NaN,NaN,NaN,NaN,NaN,NaN,NaN,NaN,NaN,NaN,NaN,NaN,NaN,NaN,NaN,NaN,NaN,NaN,NaN,NaN,NaN,NaN,NaN,NaN,NaN,NaN,NaN,NaN,NaN,NaN,NaN,NaN,NaN,NaN,NaN,NaN,NaN,NaN,NaN,NaN,NaN,NaN,NaN,NaN,NaN,NaN,NaN,NaN,NaN,NaN,NaN,NaN,NaN,NaN,NaN,NaN,NaN,NaN,NaN,NaN,NaN,NaN,NaN,NaN,NaN,NaN,NaN,NaN,NaN,NaN,NaN,NaN,NaN,NaN,NaN,NaN,NaN,0.0527664,0
sf_cb,fixed_packet,30,30,5,950,NaN,0,NaN,NaN,NaN,NaN,NaN,NaN,NaN,NaN,NaN,NaN,NaN,NaN,NaN,NaN,NaN,NaN,NaN,NaN,NaN,NaN,NaN,NaN,NaN,NaN,NaN,NaN,NaN,NaN,NaN,NaN,NaN,NaN,NaN,NaN,NaN,NaN,NaN,NaN,NaN,NaN,NaN,NaN,NaN,NaN,NaN,NaN,NaN,NaN,NaN,NaN,NaN,NaN,NaN,NaN,NaN,NaN,NaN,NaN,NaN,NaN,NaN,NaN,NaN,NaN,NaN,NaN,NaN,NaN,NaN,NaN,NaN,NaN,NaN,NaN,NaN,NaN,NaN,NaN,NaN,NaN,NaN,NaN,NaN,NaN,NaN,NaN,0.0774308,0
sb_cf,fixed_packet,30,30,5,950,NaN,0,NaN,NaN,NaN,NaN,NaN,NaN,NaN,NaN,NaN,NaN,NaN,NaN,NaN,NaN,NaN,NaN,NaN,NaN,NaN,NaN,NaN,NaN,NaN,NaN,NaN,NaN,NaN,NaN,NaN,NaN,NaN,NaN,NaN,NaN,NaN,NaN,NaN,NaN,NaN,NaN,NaN,NaN,NaN,NaN,NaN,NaN,NaN,NaN,NaN,NaN,NaN,NaN,NaN,NaN,NaN,NaN,NaN,NaN,NaN,NaN,NaN,NaN,NaN,NaN,NaN,NaN,NaN,NaN,NaN,NaN,NaN,NaN,NaN,NaN,NaN,NaN,NaN,NaN,NaN,NaN,NaN,NaN,NaN,NaN,NaN,NaN,1.2860177,0
sb_cb,fixed_packet,30,30,5,950,NaN,0,NaN,NaN,NaN,NaN,NaN,NaN,NaN,NaN,NaN,NaN,NaN,NaN,NaN,NaN,NaN,NaN,NaN,NaN,NaN,NaN,NaN,NaN,NaN,NaN,NaN,NaN,NaN,NaN,NaN,NaN,NaN,NaN,NaN,NaN,NaN,NaN,NaN,NaN,NaN,NaN,NaN,NaN,NaN,NaN,NaN,NaN,NaN,NaN,NaN,NaN,NaN,NaN,NaN,NaN,NaN,NaN,NaN,NaN,NaN,NaN,NaN,NaN,NaN,NaN,NaN,NaN,NaN,NaN,NaN,NaN,NaN,NaN,NaN,NaN,NaN,NaN,NaN,NaN,NaN,NaN,NaN,NaN,NaN,NaN,NaN,NaN,15.6246899,0
s7_clean,fixed_packet,30,30,5,950,NaN,0,NaN,NaN,NaN,NaN,NaN,NaN,NaN,NaN,NaN,NaN,NaN,NaN,NaN,NaN,NaN,NaN,NaN,NaN,NaN,NaN,NaN,NaN,NaN,NaN,NaN,NaN,NaN,NaN,NaN,NaN,NaN,NaN,NaN,NaN,NaN,NaN,NaN,NaN,NaN,NaN,NaN,NaN,NaN,NaN,NaN,NaN,NaN,NaN,NaN,NaN,NaN,NaN,NaN,NaN,NaN,NaN,NaN,NaN,NaN,NaN,NaN,NaN,NaN,NaN,NaN,NaN,NaN,NaN,NaN,NaN,NaN,NaN,NaN,NaN,NaN,NaN,NaN,NaN,NaN,NaN,NaN,NaN,NaN,NaN,NaN,NaN,1.4095763,0
s7_busy,fixed_packet,30,30,5,950,NaN,0,NaN,NaN,NaN,NaN,NaN,NaN,NaN,NaN,NaN,NaN,NaN,NaN,NaN,NaN,NaN,NaN,NaN,NaN,NaN,NaN,NaN,NaN,NaN,NaN,NaN,NaN,NaN,NaN,NaN,NaN,NaN,NaN,NaN,NaN,NaN,NaN,NaN,NaN,NaN,NaN,NaN,NaN,NaN,NaN,NaN,NaN,NaN,NaN,NaN,NaN,NaN,NaN,NaN,NaN,NaN,NaN,NaN,NaN,NaN,NaN,NaN,NaN,NaN,NaN,NaN,NaN,NaN,NaN,NaN,NaN,NaN,NaN,NaN,NaN,NaN,NaN,NaN,NaN,NaN,NaN,NaN,NaN,NaN,NaN,NaN,NaN,1.9518688,0
sf_cf,fixed_packet,30,30,6,1140,NaN,0,NaN,NaN,NaN,NaN,NaN,NaN,NaN,NaN,NaN,NaN,NaN,NaN,NaN,NaN,NaN,NaN,NaN,NaN,NaN,NaN,NaN,NaN,NaN,NaN,NaN,NaN,NaN,NaN,NaN,NaN,NaN,NaN,NaN,NaN,NaN,NaN,NaN,NaN,NaN,NaN,NaN,NaN,NaN,NaN,NaN,NaN,NaN,NaN,NaN,NaN,NaN,NaN,NaN,NaN,NaN,NaN,NaN,NaN,NaN,NaN,NaN,NaN,NaN,NaN,NaN,NaN,NaN,NaN,NaN,NaN,NaN,NaN,NaN,NaN,NaN,NaN,NaN,NaN,NaN,NaN,NaN,NaN,NaN,NaN,NaN,NaN,0.039196,0
sf_cb,fixed_packet,30,30,6,1140,NaN,0,NaN,NaN,NaN,NaN,NaN,NaN,NaN,NaN,NaN,NaN,NaN,NaN,NaN,NaN,NaN,NaN,NaN,NaN,NaN,NaN,NaN,NaN,NaN,NaN,NaN,NaN,NaN,NaN,NaN,NaN,NaN,NaN,NaN,NaN,NaN,NaN,NaN,NaN,NaN,NaN,NaN,NaN,NaN,NaN,NaN,NaN,NaN,NaN,NaN,NaN,NaN,NaN,NaN,NaN,NaN,NaN,NaN,NaN,NaN,NaN,NaN,NaN,NaN,NaN,NaN,NaN,NaN,NaN,NaN,NaN,NaN,NaN,NaN,NaN,NaN,NaN,NaN,NaN,NaN,NaN,NaN,NaN,NaN,NaN,NaN,NaN,0.0553398,0
sb_cf,fixed_packet,30,30,6,1140,NaN,0,NaN,NaN,NaN,NaN,NaN,NaN,NaN,NaN,NaN,NaN,NaN,NaN,NaN,NaN,NaN,NaN,NaN,NaN,NaN,NaN,NaN,NaN,NaN,NaN,NaN,NaN,NaN,NaN,NaN,NaN,NaN,NaN,NaN,NaN,NaN,NaN,NaN,NaN,NaN,NaN,NaN,NaN,NaN,NaN,NaN,NaN,NaN,NaN,NaN,NaN,NaN,NaN,NaN,NaN,NaN,NaN,NaN,NaN,NaN,NaN,NaN,NaN,NaN,NaN,NaN,NaN,NaN,NaN,NaN,NaN,NaN,NaN,NaN,NaN,NaN,NaN,NaN,NaN,NaN,NaN,NaN,NaN,NaN,NaN,NaN,NaN,0.9526926,0
sb_cb,fixed_packet,30,30,6,1140,NaN,0,NaN,NaN,NaN,NaN,NaN,NaN,NaN,NaN,NaN,NaN,NaN,NaN,NaN,NaN,NaN,NaN,NaN,NaN,NaN,NaN,NaN,NaN,NaN,NaN,NaN,NaN,NaN,NaN,NaN,NaN,NaN,NaN,NaN,NaN,NaN,NaN,NaN,NaN,NaN,NaN,NaN,NaN,NaN,NaN,NaN,NaN,NaN,NaN,NaN,NaN,NaN,NaN,NaN,NaN,NaN,NaN,NaN,NaN,NaN,NaN,NaN,NaN,NaN,NaN,NaN,NaN,NaN,NaN,NaN,NaN,NaN,NaN,NaN,NaN,NaN,NaN,NaN,NaN,NaN,NaN,NaN,NaN,NaN,NaN,NaN,NaN,14.5550297,0
s7_clean,fixed_packet,30,30,6,1140,NaN,0,NaN,NaN,NaN,NaN,NaN,NaN,NaN,NaN,NaN,NaN,NaN,NaN,NaN,NaN,NaN,NaN,NaN,NaN,NaN,NaN,NaN,NaN,NaN,NaN,NaN,NaN,NaN,NaN,NaN,NaN,NaN,NaN,NaN,NaN,NaN,NaN,NaN,NaN,NaN,NaN,NaN,NaN,NaN,NaN,NaN,NaN,NaN,NaN,NaN,NaN,NaN,NaN,NaN,NaN,NaN,NaN,NaN,NaN,NaN,NaN,NaN,NaN,NaN,NaN,NaN,NaN,NaN,NaN,NaN,NaN,NaN,NaN,NaN,NaN,NaN,NaN,NaN,NaN,NaN,NaN,NaN,NaN,NaN,NaN,NaN,NaN,1.352959,0
s7_busy,fixed_packet,30,30,6,1140,NaN,0,NaN,NaN,NaN,NaN,NaN,NaN,NaN,NaN,NaN,NaN,NaN,NaN,NaN,NaN,NaN,NaN,NaN,NaN,NaN,NaN,NaN,NaN,NaN,NaN,NaN,NaN,NaN,NaN,NaN,NaN,NaN,NaN,NaN,NaN,NaN,NaN,NaN,NaN,NaN,NaN,NaN,NaN,NaN,NaN,NaN,NaN,NaN,NaN,NaN,NaN,NaN,NaN,NaN,NaN,NaN,NaN,NaN,NaN,NaN,NaN,NaN,NaN,NaN,NaN,NaN,NaN,NaN,NaN,NaN,NaN,NaN,NaN,NaN,NaN,NaN,NaN,NaN,NaN,NaN,NaN,NaN,NaN,NaN,NaN,NaN,NaN,1.8352081,0
sf_cf,fixed_payload,5,5,1,190,1,0.5,20.5,57.1779213127861,17,12.7062047361747,3.5,44.4717165766114,3.5,44.4717165766114,NaN,NaN,NaN,NaN,NaN,NaN,283.975694444444,189.490101881494,NaN,NaN,NaN,NaN,NaN,NaN,280,285.889606563931,367,12.7062047361751,372.5,31.7655118404367,NaN,NaN,NaN,NaN,NaN,NaN,NaN,NaN,NaN,NaN,NaN,NaN,NaN,NaN,NaN,NaN,205,571.779213127861,170,127.062047361747,205,571.779213127861,170,127.062047361747,NaN,NaN,0.0323,0.0241417889987319,0.668425,7.94614278688525,0.021425,0.111496946559933,0.647,7.83464584032532,92.3732373237324,1178.13546704693,0.86,1.77886866306446,NaN,NaN,0.314204545454545,0.295996814876797,2186.5,27489.873946714,0,0,1,0,60515,768915.979609612,60515,768915.979609612,410875,5220661.87097578,10600,134685.770203452,61470,781050.405132659,0.211646,0
sf_cb,fixed_payload,5,5,1,190,1,0.5,20.5,57.1779213127861,17,12.7062047361747,3.5,44.4717165766114,3.5,44.4717165766114,NaN,NaN,NaN,NaN,NaN,NaN,479.253472222222,256.550626877972,NaN,NaN,NaN,NaN,NaN,NaN,472.5,317.655118404367,594,482.835779974637,622.5,730.606772330045,NaN,NaN,NaN,NaN,NaN,NaN,NaN,NaN,NaN,NaN,NaN,NaN,NaN,NaN,NaN,NaN,205,571.779213127861,170,127.062047361747,205,571.779213127861,170,127.062047361747,NaN,NaN,0.0323,0.0241417889987319,0.701675,7.98235547038335,0.669375,7.95821368138462,0.0323,0.0241417889987319,92.6672667266727,1173.6370207257,0.86,1.77886866306446,NaN,NaN,0.314204545454545,0.295996814876797,2186.5,27489.873946714,0,0,1,0,60515,768915.979609612,60515,768915.979609612,410875,5220661.87097578,10600,134685.770203452,61470,781050.405132659,0.1685493,0
sb_cf,fixed_payload,5,5,1,190,1,1,20.5,57.1779213127861,20.5,57.1779213127861,0,0,0,0,207.7,34.3067527876717,0,0,207.7,34.3067527876717,207.7,34.3067527876717,205,0,221.875,214.417204922948,272.5,857.668819691792,205,0,221.875,214.417204922948,272.5,857.668819691792,0,0,15,0,0,0,2.7,34.3067527876717,0,0,0,0,190,0,0,0,205,571.779213127861,205,571.779213127861,205,571.779213127861,205,571.779213127861,NaN,NaN,0.03895,0.108638050494294,0.0427,0.125791426888129,0.00375,0.0171533763938358,0.03895,0.108638050494294,-0.756075607560758,7.47199558442917,1,0,1.71734889233538e-16,5.05919830519007e-16,0.33600332594235,0.572976582753776,24,12.7062047361747,0,0,1,0,0,0,0,0,0,0,0,0,0,0,0.6282074,0
sb_cb,fixed_payload,5,5,1,190,1,1,20.5,57.1779213127861,20.5,57.1779213127861,0,0,0,0,412.8,226.17044430391,0,0,412.8,226.17044430391,412.8,226.17044430391,395,0,514.375,1516.80319038085,557.5,2064.75826962839,395,0,514.375,1516.80319038085,557.5,2064.75826962839,0,0,15.3,3.81186142085241,0,0,16.2,205.84051672603,1.3,16.5180661570271,190,0,190,0,0,0,205,571.779213127861,205,571.779213127861,205,571.779213127861,205,571.779213127861,NaN,NaN,0.03895,0.108638050494294,0.085425,0.282395400261483,0.046475,0.173757349767189,0.03895,0.108638050494294,-0.510051005100511,10.2930551418157,1,0,1.74250534062355e-16,5.76032183931118e-16,0.33600332594235,0.572976582753776,24.5,19.059307104262,0.5,6.35310236808735,1.02,0.254124094723494,10,127.062047361747,10,127.062047361747,10,127.062047361747,10,127.062047361747,10,127.062047361747,3.3688977,0
s7_clean,fixed_payload,5,5,1,190,1,1,20.5,57.1779213127861,20.5,57.1779213127861,0,0,0,0,409.50625,224.820410050691,0,0,409.50625,224.820410050691,409.50625,224.820410050691,391.75,3.17655118404367,512.5,1480.27285176435,556,2032.99275778795,391.75,3.17655118404367,512.5,1480.27285176435,556,2032.99275778795,3.86625,0.682958504569389,36,0,0,0,17.64,224.137451546122,0,0,162,0,190,0,0,0,205,571.779213127861,205,571.779213127861,205,571.779213127861,205,571.779213127861,NaN,NaN,0.03895,0.108638050494294,0.084745,0.280235345456333,0.045795,0.171597294962039,0.03895,0.108638050494294,-0.510051005100511,10.2930551418157,1,0,0,0,0.33600332594235,0.572976582753776,24,12.7062047361747,0,0,1,0,0,0,0,0,0,0,0,0,0,0,1.1583019,0
s7_busy,fixed_payload,5,5,1,190,0.5,1,20.5,57.1779213127861,20.5,57.1779213127861,0,0,0,0,1453.27,2144.4261733242,0,0,1453.27,2144.4261733242,1453.27,2144.4261733242,1092.5,1861.45899384959,4033.275,247.453337237013,4887,1550.15697781331,1092.5,1861.45899384959,4033.275,247.453337237013,4887,1550.15697781331,3.86625,0.682958504569389,77.355,96.6306870186085,20.925,8.57668819691793,813.02625,1603.69774802037,186.0975,434.838091583738,162,0,190,0,0,0,205,571.779213127861,205,571.779213127861,205,571.779213127861,205,571.779213127861,NaN,NaN,0.03895,0.108638050494294,0.305515,1.27055694259379,0.266565,1.16191889209949,0.03895,0.108638050494294,-4.35043504350435,61.3771065863824,1,0,1.35971336443149e-16,1.17005307748597e-17,0.33600332594235,0.572976582753776,48.5,133.415149729834,24.5,120.70894499366,2.14875,2.6841857505169,11970,16009.8179675801,5449.5,7604.66353460056,11970,16009.8179675801,4756.5,6804.17263622155,10489.5,14809.0816200116,9.9487863,0
sf_cf,fixed_payload,5,2.5,2,380,1,1,7.5,44.4717165766114,7.5,44.4717165766114,0,0,0,0,525.170454545455,685.124334922147,0,0,525.170454545455,685.124334922147,525.170454545455,685.124334922147,501.25,746.489528250263,667,1041.90878836632,670,1080.02740257485,501.25,746.489528250263,667,1041.90878836632,670,1080.02740257485,145.170454545455,685.124334922147,0,0,0,0,0,0,0,0,0,0,380,0,0,0,75,444.717165766114,75,444.717165766114,150,889.434331532229,150,889.434331532229,NaN,NaN,0.0285,0.168992522991123,0.041275,0.284936641208718,0.012775,0.115944118217594,0.0285,0.168992522991123,-1.05610561056106,10.369299994718,1,0,0,0,0.1875,1.11179291441529,8.5,31.7655118404367,0,0,1,0,0,0,0,0,0,0,0,0,0,0,0.141536,0
sf_cb,fixed_payload,5,2.5,2,380,1,1,7.5,44.4717165766114,7.5,44.4717165766114,0,0,0,0,648.238636363636,438.219674707843,0,0,648.238636363636,438.219674707843,648.238636363636,438.219674707843,651.25,428.834409845896,694.875,760.78400857846,695,762.372284170482,651.25,428.834409845896,694.875,760.78400857846,695,762.372284170482,78.2386363636364,438.219674707843,0,0,0,0,0,0,0,0,190,0,380,0,0,0,75,444.717165766114,75,444.717165766114,150,889.434331532229,150,889.434331532229,NaN,NaN,0.0285,0.168992522991123,0.049825,0.321149324706815,0.021325,0.152156801715692,0.0285,0.168992522991123,-1.31413141314132,15.9351742565887,1,0,9.23953915300563e-17,1.17399476145992e-15,0.1875,1.11179291441529,8.5,31.7655118404367,0,0,1,0,0,0,0,0,0,0,0,0,0,0,0.1261736,0
sb_cf,fixed_payload,5,2.5,2,380,1,1,7.5,44.4717165766114,7.5,44.4717165766114,0,0,0,0,395,0,0,0,395,0,395,0,395,0,395,0,395,0,395,0,395,0,395,0,0,0,15,0,0,0,0,0,0,0,0,0,380,0,0,0,75,444.717165766114,75,444.717165766114,150,889.434331532229,150,889.434331532229,NaN,NaN,0.0285,0.168992522991123,0.029625,0.175663280477615,0.001125,0.00667075748649174,0.0285,0.168992522991123,-0.678067806780679,10.598034553425,1,0,1.09792625061823e-16,1.39504757255759e-15,0.1875,1.11179291441529,8.5,31.7655118404367,0,0,1,0,0,0,0,0,0,0,0,0,0,0,0.6139186,0
sb_cb,fixed_payload,5,2.5,2,380,1,1,7.5,44.4717165766114,7.5,44.4717165766114,0,0,0,0,585,0,0,0,585,0,585,0,585,0,585,0,585,0,585,0,585,0,585,0,0,0,15,0,0,0,0,0,0,0,190,0,380,0,0,0,75,444.717165766114,75,444.717165766114,150,889.434331532229,150,889.434331532229,NaN,NaN,0.0285,0.168992522991123,0.043875,0.260159541973177,0.015375,0.0911670189820535,0.0285,0.168992522991123,-0.966096609660967,11.5129727882531,1,0,0,0,0.1875,1.11179291441529,8.5,31.7655118404367,0,0,1,0,0,0,0,0,0,0,0,0,0,0,3.6685833,0
s7_clean,fixed_payload,5,2.5,2,380,1,1,7.5,44.4717165766114,7.5,44.4717165766114,0,0,0,0,581.5,19.059307104262,0,0,581.5,19.059307104262,581.5,19.059307104262,582,25.4124094723494,583.5,31.7655118404367,583.5,31.7655118404367,582,25.4124094723494,583.5,31.7655118404367,583.5,31.7655118404367,3.5,19.059307104262,36,0,0,0,0,0,0,0,162,0,380,0,0,0,75,444.717165766114,75,444.717165766114,150,889.434331532229,150,889.434331532229,NaN,NaN,0.0285,0.168992522991123,0.043665,0.260032479925815,0.015165,0.0910399569346918,0.0285,0.168992522991123,-1.48814881488149,18.1462749907566,1,0,0,0,0.1875,1.11179291441529,8.5,31.7655118404367,0,0,1,0,0,0,0,0,0,0,0,0,0,0,1.8888528,0
s7_busy,fixed_payload,5,2.5,2,380,1,1,7.5,44.4717165766114,7.5,44.4717165766114,0,0,0,0,1122.21590909091,1143.99159232627,0,0,1122.21590909091,1143.99159232627,1122.21590909091,1143.99159232627,1044.25,454.246819318245,1945.425,3450.68755122664,1955,3329.02564087777,1044.25,454.246819318245,1945.425,3450.68755122664,1955,3329.02564087777,3.5,19.059307104262,48.2727272727273,72.7718998526369,0,0,473.215909090909,762.805450241033,55.2272727272727,327.473549336866,162,0,380,0,0,0,75,444.717165766114,75,444.717165766114,150,889.434331532229,150,889.434331532229,NaN,NaN,0.0285,0.168992522991123,0.081015,0.413269309044082,0.052515,0.244276786052958,0.0285,0.168992522991123,-3.30633063306331,28.7443095441816,1,0,6.11140911036395e-17,7.76528153828076e-16,0.1875,1.11179291441529,11,25.4124094723494,2,0,1.34090909090909,2.02144166257325,7717.5,10806.6271281166,3559.5,6003.68173784254,7717.5,10806.6271281166,3087,4002.45449189503,6709.5,6804.17263622155,10.1770147,0
sf_cf,fixed_payload,5,1.66666666666667,3,570,1,1,5.5,19.059307104262,5.5,19.059307104262,0,0,0,0,801.160714285714,32.8999944061667,0,0,801.160714285714,32.8999944061667,801.160714285714,32.8999944061667,771.25,460.599921686333,1065,635.310236808735,1065,635.310236808735,771.25,460.599921686333,1065,635.310236808735,1065,635.310236808735,231.160714285714,32.8999944061665,0,0,0,0,0,0,0,0,0,0,570,0,0,0,55,190.59307104262,55,190.59307104262,165,571.779213127861,165,571.779213127861,NaN,NaN,0.03135,0.108638050494294,0.044025,0.150886181242075,0.012675,0.0422481307477809,0.03135,0.108638050494294,-1.16411641164117,14.0290529340303,1,0,0,0,0.1375,0.476482677606551,6,12.7062047361747,0,0,1,0,0,0,0,0,0,0,0,0,0,0,0.1535047,0
sf_cb,fixed_payload,5,1.66666666666667,3,570,1,1,5.5,19.059307104262,5.5,19.059307104262,0,0,0,0,841.875,484.42405556666,0,0,841.875,484.42405556666,841.875,484.42405556666,858.75,651.192992728953,885,762.372284170482,885,762.372284170482,858.75,651.192992728953,885,762.372284170482,885,762.372284170482,81.875,484.42405556666,0,0,0,0,0,0,0,0,190,0,570,0,0,0,55,190.59307104262,55,190.59307104262,165,571.779213127861,165,571.779213127861,NaN,NaN,0.03135,0.108638050494294,0.046875,0.187098864740172,0.015525,0.0784608142458788,0.03135,0.108638050494294,-0.780078007800781,9.14938234828062,1,0,5.63221907784678e-17,7.15641287221102e-16,0.1375,0.476482677606551,6,12.7062047361747,0,0,1,0,0,0,0,0,0,0,0,0,0,0,0.1519846,0
sb_cf,fixed_payload,5,1.66666666666667,3,570,1,1,5.5,19.059307104262,5.5,19.059307104262,0,0,0,0,585,0,0,0,585,0,585,0,585,0,585,0,585,0,585,0,585,0,585,0,0,0,15,0,0,0,0,0,0,0,0,0,570,0,0,0,55,190.59307104262,55,190.59307104262,165,571.779213127861,165,571.779213127861,NaN,NaN,0.03135,0.108638050494294,0.032175,0.111496946559933,0.000825000000000001,0.00285889606563932,0.03135,0.108638050494294,-0.420042004200421,4.57469117414031,1,0,0,0,0.1375,0.476482677606551,6,12.7062047361747,0,0,1,0,0,0,0,0,0,0,0,0,0,0,0.7013455,0
sb_cb,fixed_payload,5,1.66666666666667,3,570,1,1,5.5,19.059307104262,5.5,19.059307104262,0,0,0,0,775,0,0,0,775,0,775,0,775,0,775,0,775,0,775,0,775,0,775,0,0,0,15,0,0,0,0,0,0,0,190,0,570,0,0,0,55,190.59307104262,55,190.59307104262,165,571.779213127861,165,571.779213127861,NaN,NaN,0.03135,0.108638050494294,0.042625,0.147709630058031,0.011275,0.0390715795637372,0.03135,0.108638050494294,-0.894089408940895,10.598034553425,1,0,0,0,0.1375,0.476482677606551,6,12.7062047361747,0,0,1,0,0,0,0,0,0,0,0,0,0,0,3.6763011,0
s7_clean,fixed_payload,5,1.66666666666667,3,570,1,1,5.5,19.059307104262,5.5,19.059307104262,0,0,0,0,771.214285714286,15.4289628939265,0,0,771.214285714286,15.4289628939265,771.214285714286,15.4289628939265,771,12.7062047361747,773.5,31.7655118404367,773.5,31.7655118404367,771,12.7062047361747,773.5,31.7655118404367,773.5,31.7655118404367,3.21428571428571,15.4289628939264,36,0,0,0,0,0,0,0,162,0,570,0,0,0,55,190.59307104262,55,190.59307104262,165,571.779213127861,165,571.779213127861,NaN,NaN,0.03135,0.108638050494294,0.042435,0.147836692105393,0.011085,0.0391986416110989,0.03135,0.108638050494294,-0.894089408940895,10.598034553425,1,0,5.63221907784678e-17,7.15641287221102e-16,0.1375,0.476482677606551,6,12.7062047361747,0,0,1,0,0,0,0,0,0,0,0,0,0,0,1.6988018,0
s7_busy,fixed_payload,5,1.66666666666667,3,570,1,1,5.5,19.059307104262,5.5,19.059307104262,0,0,0,0,1924.98214285714,2525.13129480158,0,0,1924.98214285714,2525.13129480158,1924.98214285714,2525.13129480158,1468.75,1940.87277345068,4723.5,23258.7077695678,4723.5,23258.7077695678,1468.75,1940.87277345068,4723.5,23258.7077695678,4723.5,23258.7077695678,3.21428571428571,15.4289628939264,77.7857142857143,187.870312884869,0,0,923.946428571429,1476.41561104087,188.035714285714,845.416407981909,162,0,570,0,0,0,55,190.59307104262,55,190.59307104262,165,571.779213127861,165,571.779213127861,NaN,NaN,0.03135,0.108638050494294,0.108855,0.505770479523434,0.077505,0.39713242902914,0.03135,0.108638050494294,-1.87218721872187,20.1286411662173,1,0,0,0,0.1375,0.476482677606551,13.5,57.1779213127861,7,50.8248189446988,2.16071428571429,5.21861980235747,5040,8004.90898379006,2362.5,3602.20904270553,5040,8004.90898379006,1984.5,3602.20904270553,4221,7204.41808541105,7.4635196,0
sf_cf,fixed_payload,5,1.25,4,760,1,1,4,12.7062047361747,4,12.7062047361747,0,0,0,0,1114.16666666667,116.473543414934,0,0,1114.16666666667,116.473543414934,1114.16666666667,116.473543414934,1170,444.717165766114,1325,254.124094723494,1325,254.124094723494,1170,444.717165766114,1325,254.124094723494,1325,254.124094723494,354.166666666667,116.473543414935,0,0,0,0,0,0,0,0,0,0,760,0,0,0,40,127.062047361747,40,127.062047361747,160,508.248189446988,160,508.248189446988,NaN,NaN,0.0304,0.0965671559949277,0.044475,0.136909356032282,0.014075,0.0403422000373547,0.0304,0.0965671559949277,-0.67806780678068,3.12603896899588,1,0,6.27954199448618e-17,7.97891462313482e-16,0.1,0.317655118404367,4,12.7062047361747,0,0,1,0,0,0,0,0,0,0,0,0,0,0,0.169325,0
sf_cb,fixed_payload,5,1.25,4,760,1,1,4,12.7062047361747,4,12.7062047361747,0,0,0,0,1050.83333333333,688.252756542796,0,0,1050.83333333333,688.252756542796,1050.83333333333,688.252756542796,1062.5,667.075748649171,1075,762.372284170482,1075,762.372284170482,1062.5,667.075748649171,1075,762.372284170482,1075,762.372284170482,100.833333333333,688.252756542796,0,0,0,0,0,0,0,0,190,0,760,0,0,0,40,127.062047361747,40,127.062047361747,160,508.248189446988,160,508.248189446988,NaN,NaN,0.0304,0.0965671559949277,0.042575,0.161051145031014,0.012175,0.0644839890360866,0.0304,0.0965671559949277,-0.864086408640866,5.48962940896837,1,0,1.20812927502615e-16,6.07091330021127e-17,0.1,0.317655118404367,4,12.7062047361747,0,0,1,0,0,0,0,0,0,0,0,0,0,0,0.1316869,0
sb_cf,fixed_payload,5,1.25,4,760,1,1,4,12.7062047361747,4,12.7062047361747,0,0,0,0,775,0,0,0,775,0,775,0,775,0,775,0,775,0,775,0,775,0,775,0,0,0,15,0,0,0,0,0,0,0,0,0,760,0,0,0,40,127.062047361747,40,127.062047361747,160,508.248189446988,160,508.248189446988,NaN,NaN,0.0304,0.0965671559949277,0.031,0.0984730867053539,0.0006,0.00190593071042621,0.0304,0.0965671559949277,-0.504050405040505,5.64211911477305,1,0,1.6414587729673e-16,1.89606465775569e-16,0.1,0.317655118404367,4,12.7062047361747,0,0,1,0,0,0,0,0,0,0,0,0,0,0,0.5786295,0
sb_cb,fixed_payload,5,1.25,4,760,1,1,4,12.7062047361747,4,12.7062047361747,0,0,0,0,965,0,0,0,965,0,965,0,965,0,965,0,965,0,965,0,965,0,965,0,0,0,15,0,0,0,0,0,0,0,190,0,760,0,0,0,40,127.062047361747,40,127.062047361747,160,508.248189446988,160,508.248189446988,NaN,NaN,0.0304,0.0965671559949277,0.0386,0.122614875704086,0.0082,0.0260477197091581,0.0304,0.0965671559949277,-0.576057605760578,1.82987646965613,1,0,1.31826999901519e-16,1.52274622773126e-16,0.1,0.317655118404367,4,12.7062047361747,0,0,1,0,0,0,0,0,0,0,0,0,0,0,3.4215034,0
s7_clean,fixed_payload,5,1.25,4,760,1,1,4,12.7062047361747,4,12.7062047361747,0,0,0,0,961.166666666667,10.588503946812,0,0,961.166666666667,10.588503946812,961.166666666667,10.588503946812,961.5,6.35310236808735,963.5,31.7655118404367,963.5,31.7655118404367,961.5,6.35310236808735,963.5,31.7655118404367,963.5,31.7655118404367,3.16666666666667,10.5885039468122,36,0,0,0,0,0,0,0,162,0,760,0,0,0,40,127.062047361747,40,127.062047361747,160,508.248189446988,160,508.248189446988,NaN,NaN,0.0304,0.0965671559949277,0.038455,0.122551344680405,0.008055,0.0259841886854773,0.0304,0.0965671559949277,-0.576057605760578,1.82987646965613,1,0,1.32342421153625e-16,1.51424001450339e-16,0.1,0.317655118404367,4,12.7062047361747,0,0,1,0,0,0,0,0,0,0,0,0,0,0,1.6421565,0
s7_busy,fixed_payload,5,1.25,4,760,0.5,1,4,12.7062047361747,4,12.7062047361747,0,0,0,0,3121.76666666667,2878.80245305932,0,0,3121.76666666667,2878.80245305932,3121.76666666667,2878.80245305932,1916.5,5508.13975313173,6217.5,12115.3662159426,6217.5,12115.3662159426,1916.5,5508.13975313173,6217.5,12115.3662159426,6217.5,12115.3662159426,3.16666666666667,10.5885039468122,67.2,213.464239567735,22.8,99.1083969421626,1966.2,1814.44603632575,140.4,960.589078054807,162,0,760,0,0,0,40,127.062047361747,40,127.062047361747,160,508.248189446988,160,508.248189446988,NaN,NaN,0.0304,0.0965671559949277,0.122605,0.28150596592995,0.092205,0.184938809935023,0.0304,0.0965671559949277,-2.27422742274228,6.93828161411279,1,0,6.90780876446713e-17,8.77720324396613e-16,0.1,0.317655118404367,7,0,3,12.7062047361747,1.86666666666667,5.92956221021486,4410,12807.8543740641,2079,5603.43628865304,4410,12807.8543740641,1827,4802.94539027404,3843,10406.3816789271,6.5995803,0
sf_cf,fixed_payload,5,1,5,950,1,1,2.5,6.35310236808735,2.5,6.35310236808735,0,0,0,0,1488.33333333333,995.319371000352,0,0,1488.33333333333,995.319371000352,1488.33333333333,995.319371000352,1497.5,1111.79291441529,1642.5,1620.04110386227,1642.5,1620.04110386227,1497.5,1111.79291441529,1642.5,1620.04110386227,1642.5,1620.04110386227,538.333333333333,995.319371000351,0,0,0,0,0,0,0,0,0,0,950,0,0,0,25,63.5310236808735,25,63.5310236808735,125,317.655118404368,125,317.655118404368,NaN,NaN,0.02375,0.0603544724968298,0.0376,0.119438324520042,0.01385,0.0590838520232123,0.02375,0.0603544724968298,1.15211521152115,14.639011757249,1,0,7.38180202543322e-17,9.37946878570635e-16,0.0625,0.158827559202184,2.5,6.35310236808735,0,0,1,0,0,0,0,0,0,0,0,0,0,0,0.1607585,0
sf_cb,fixed_payload,5,1,5,950,1,1,2.5,6.35310236808735,2.5,6.35310236808735,0,0,0,0,1250.83333333333,815.314803904542,0,0,1250.83333333333,815.314803904542,1250.83333333333,815.314803904542,1257.5,730.606772330045,1265,762.372284170482,1265,762.372284170482,1257.5,730.606772330045,1265,762.372284170482,1265,762.372284170482,110.833333333333,815.314803904543,0,0,0,0,0,0,0,0,190,0,950,0,0,0,25,63.5310236808735,25,63.5310236808735,125,317.655118404368,125,317.655118404368,NaN,NaN,0.02375,0.0603544724968298,0.03095,0.0590838520232123,0.0072,0.00127062047361748,0.02375,0.0603544724968298,1.03810381038104,16.0876639623934,1,0,9.74563750548768e-17,1.23830065429269e-15,0.0625,0.158827559202184,2.5,6.35310236808735,0,0,1,0,0,0,0,0,0,0,0,0,0,0,0.1509062,0
sb_cf,fixed_payload,5,1,5,950,1,1,2.5,6.35310236808735,2.5,6.35310236808735,0,0,0,0,965,0,0,0,965,0,965,0,965,0,965,0,965,0,965,0,965,0,965,0,0,0,15,0,0,0,0,0,0,0,0,0,950,0,0,0,25,63.5310236808735,25,63.5310236808735,125,317.655118404368,125,317.655118404368,NaN,NaN,0.02375,0.0603544724968298,0.024125,0.0613074378520429,0.000375,0.000952965355213085,0.02375,0.0603544724968298,0.528052805280528,12.1991764643742,1,0,1.49803408978999e-16,3.80686556932814e-16,0.0625,0.158827559202184,2.5,6.35310236808735,0,0,1,0,0,0,0,0,0,0,0,0,0,0,0.6838376,0
sb_cb,fixed_payload,5,1,5,950,1,1,2.5,6.35310236808735,2.5,6.35310236808735,0,0,0,0,1155,0,0,0,1155,0,1155,0,1155,0,1155,0,1155,0,1155,0,1155,0,1155,0,0,0,15,0,0,0,0,0,0,0,190,0,950,0,0,0,25,63.5310236808735,25,63.5310236808735,125,317.655118404368,125,317.655118404368,NaN,NaN,0.02375,0.0603544724968298,0.028875,0.0733783323514089,0.005125,0.0130238598545791,0.02375,0.0603544724968298,0.852085208520852,13.7240735224209,1,0,1.0012833916172e-16,1.27225117728196e-15,0.0625,0.158827559202184,2.5,6.35310236808735,0,0,1,0,0,0,0,0,0,0,0,0,0,0,3.4199345,0
s7_clean,fixed_payload,5,1,5,950,1,1,2.5,6.35310236808735,2.5,6.35310236808735,0,0,0,0,1149.66666666667,8.47080315744932,0,0,1149.66666666667,8.47080315744932,1149.66666666667,8.47080315744932,1150,12.7062047361747,1150.5,6.35310236808735,1150.5,6.35310236808735,1150,12.7062047361747,1150.5,6.35310236808735,1150.5,6.35310236808735,1.66666666666667,8.4708031574498,36,0,0,0,0,0,0,0,162,0,950,0,0,0,25,63.5310236808735,25,63.5310236808735,125,317.655118404368,125,317.655118404368,NaN,NaN,0.02375,0.0603544724968298,0.028745,0.0732512703040471,0.004995,0.0128967978072173,0.02375,0.0603544724968298,0.852085208520852,13.7240735224209,1,0,0,0,0.0625,0.158827559202184,2.5,6.35310236808735,0,0,1,0,0,0,0,0,0,0,0,0,0,0,1.6599398,0
s7_busy,fixed_payload,5,1,5,950,0.2,1,2.5,6.35310236808735,2.5,6.35310236808735,0,0,0,0,5309.91666666667,13399.7517446909,0,0,5309.91666666667,13399.7517446909,5309.91666666667,13399.7517446909,4878.25,18884.5967891396,9833.5,20806.4102554861,9833.5,20806.4102554861,4878.25,18884.5967891396,9833.5,20806.4102554861,9833.5,20806.4102554861,1.66666666666667,8.4708031574498,72,0,68.25,219.182031699013,3894,13189.0405161493,162,0,162,0,950,0,0,0,25,63.5310236808735,25,63.5310236808735,125,317.655118404368,125,317.655118404368,NaN,NaN,0.02375,0.0603544724968298,0.127475,0.00235064787619238,0.103725,0.0580038246206374,0.02375,0.0603544724968298,6.65466546654666,103.311775682669,1,0,0,0,0.0625,0.158827559202184,5,12.7062047361747,2.5,6.35310236808735,2,0,3874.5,400.245449189503,1764,0,3874.5,400.245449189503,1575,800.490898379006,3496.5,2001.22724594751,5.9394336,0
sf_cf,fixed_payload,5,0.833333333333333,6,1140,1,1,1.5,6.35310236808735,1.5,6.35310236808735,0,0,0,0,1348.75,555.896457207643,0,0,1348.75,555.896457207643,1348.75,555.896457207643,1348.75,555.896457207643,1445,1778.86866306446,1445,1778.86866306446,1348.75,555.896457207643,1445,1778.86866306446,1445,1778.86866306446,208.75,555.896457207643,0,0,0,0,0,0,0,0,0,0,1140,0,0,0,15,63.5310236808735,15,63.5310236808735,90,381.186142085241,90,381.186142085241,NaN,NaN,0.0171,0.0724253669961958,0.02045,0.0940259150476927,0.00335,0.021600548051497,0.0171,0.0724253669961958,0.792079207920792,3.20228382189822,1,0,6.646450099528e-17,8.44511557333714e-16,0.0375,0.158827559202184,1.5,6.35310236808735,0,0,1,0,0,0,0,0,0,0,0,0,0,0,0.2438554,0
sf_cb,fixed_payload,5,0.833333333333333,6,1140,1,1,1.5,6.35310236808735,1.5,6.35310236808735,0,0,0,0,1443.75,651.192992728953,0,0,1443.75,651.192992728953,1443.75,651.192992728953,1443.75,651.192992728953,1445,635.310236808735,1445,635.310236808735,1443.75,651.192992728953,1445,635.310236808735,1445,635.310236808735,113.75,651.192992728953,0,0,0,0,0,0,0,0,190,0,1140,0,0,0,15,63.5310236808735,15,63.5310236808735,90,381.186142085241,90,381.186142085241,NaN,NaN,0.0171,0.0724253669961958,0.0214,0.0819550205483268,0.0043,0.00952965355213102,0.0171,0.0724253669961958,0.792079207920792,3.20228382189822,1,0,0,0,0.0375,0.158827559202184,1.5,6.35310236808735,0,0,1,0,0,0,0,0,0,0,0,0,0,0,0.1324745,0
sb_cf,fixed_payload,5,0.833333333333333,6,1140,1,1,1.5,6.35310236808735,1.5,6.35310236808735,0,0,0,0,1155,0,0,0,1155,0,1155,0,1155,0,1155,0,1155,0,1155,0,1155,0,1155,0,0,0,15,0,0,0,0,0,0,0,0,0,1140,0,0,0,15,63.5310236808735,15,63.5310236808735,90,381.186142085241,90,381.186142085241,NaN,NaN,0.0171,0.0724253669961958,0.017325,0.0733783323514089,0.000224999999999999,0.000952965355213096,0.0171,0.0724253669961958,0.606060606060606,0.838693381925727,1,0,0,0,0.0375,0.158827559202184,1.5,6.35310236808735,0,0,1,0,0,0,0,0,0,0,0,0,0,0,1.1511296,0
sb_cb,fixed_payload,5,0.833333333333333,6,1140,1,1,1.5,6.35310236808735,1.5,6.35310236808735,0,0,0,0,1345,0,0,0,1345,0,1345,0,1345,0,1345,0,1345,0,1345,0,1345,0,1345,0,0,0,15,0,0,0,0,0,0,0,190,0,1140,0,0,0,15,63.5310236808735,15,63.5310236808735,90,381.186142085241,90,381.186142085241,NaN,NaN,0.0171,0.0724253669961958,0.020175,0.0854492268507748,0.003075,0.0130238598545791,0.0171,0.0724253669961958,0.792079207920792,3.20228382189822,1,0,0,0,0.0375,0.158827559202184,1.5,6.35310236808735,0,0,1,0,0,0,0,0,0,0,0,0,0,0,3.326537,0
s7_clean,fixed_payload,5,0.833333333333333,6,1140,1,1,1.5,6.35310236808735,1.5,6.35310236808735,0,0,0,0,1339,12.7062047361747,0,0,1339,12.7062047361747,1339,12.7062047361747,1339,12.7062047361747,1339.5,19.059307104262,1339.5,19.059307104262,1339,12.7062047361747,1339.5,19.059307104262,1339.5,19.059307104262,1,12.7062047361747,36,0,0,0,0,0,0,0,162,0,1140,0,0,0,15,63.5310236808735,15,63.5310236808735,90,381.186142085241,90,381.186142085241,NaN,NaN,0.0171,0.0724253669961958,0.02009,0.0852586337797322,0.00299,0.0128332667835364,0.0171,0.0724253669961958,0.792079207920792,3.20228382189822,1,0,6.47284879095824e-17,8.22453419642162e-16,0.0375,0.158827559202184,1.5,6.35310236808735,0,0,1,0,0,0,0,0,0,0,0,0,0,0,1.7086665,0
s7_busy,fixed_payload,5,0.833333333333333,6,1140,1,1,1.5,6.35310236808735,1.5,6.35310236808735,0,0,0,0,1712.5,1988.52104121134,0,0,1712.5,1988.52104121134,1712.5,1988.52104121134,1712.5,1988.52104121134,1735.5,1696.27833227932,1735.5,1696.27833227932,1712.5,1988.52104121134,1735.5,1696.27833227932,1735.5,1696.27833227932,1,12.7062047361747,54,228.711685251145,0,0,274.5,743.31297706622,81,1029.20258363015,162,0,1140,0,0,0,15,63.5310236808735,15,63.5310236808735,90,381.186142085241,90,381.186142085241,NaN,NaN,0.0171,0.0724253669961958,0.024905,0.0789690624353257,0.007805,0.00654369543912997,0.0171,0.0724253669961958,1.1041104110411,4.26971176253096,1,0,0,0,0.0375,0.158827559202184,2,0,0.5,6.35310236808735,1.5,6.35310236808735,3024,4002.45449189503,1417.5,2001.22724594751,3024,4002.45449189503,976.5,1200.73634756851,2110.5,2001.22724594751,5.4886511,0
sf_cf,fixed_payload,15,15,1,190,0.2,1,61.5,146.121354466009,61.5,146.121354466009,0,0,0,0,1289.98493150685,554.181989856254,23.1,293.513329405635,1266.88493150685,260.66866045062,1289.98493150685,554.181989856254,1043.75,2334.7651202721,2939.75,3935.7469170301,6501.52499999999,31784.8888026592,1043.75,2334.7651202721,2939.75,3935.7469170301,6501.52499999999,31784.8888026592,98.2808219178082,3.56818078207644,0,0,951.379452054794,513.591757740146,0,0,27.2246575342466,249.35491650745,0,0,190,0,0,0,615,1461.21354466009,635,1461.21354466009,615,1461.21354466009,635,1461.21354466009,NaN,NaN,0.1204,0.274454022301373,0.814875,1.58033421406173,0.675475,1.1127458797705,0.1394,0.467588334291229,1.7041704170417,49.55915438652,1,0,0.0328122623913999,0.0191951617116777,0.580081343387795,0.86351534177051,89,330.361323140542,10,101.649637889398,1.14328767123288,1.31239429740763,1140,12070.894499366,1140,12070.894499366,2280,24141.7889987319,950,9656.71559949277,1900,19313.4311989855,0.293736,0
sf_cb,fixed_payload,15,15,1,190,0.2,1,61.5,146.121354466009,61.5,146.121354466009,0,0,0,0,1662.93150684932,3074.03125815865,1.35,17.1533763938358,1661.58150684932,3091.18463455248,1662.93150684932,3074.03125815865,1385,3557.73732612891,3910,8894.34331532228,5463.425,22914.6872763358,1385,3557.73732612891,3910,8894.34331532228,5463.425,22914.6872763358,116.647260273973,167.051780760872,0,0,978.291780821918,1856.27207739565,149.11095890411,784.112078301279,37.5315068493151,283.748698094685,190,0,190,0,0,0,615,1461.21354466009,625,1461.21354466009,615,1461.21354466009,625,1461.21354466009,NaN,NaN,0.1185,0.274454022301373,1.065475,3.92971146978043,0.946975,3.65525744747905,0.1185,0.274454022301373,22.7242724272427,232.623046205035,1,0,0.0359633732064193,0.31092558810584,0.568046835984875,0.910689146082522,94.5,349.420630244804,13.5,120.70894499366,1.19753424657534,1.49341420049834,1520,12070.894499366,1520,12070.894499366,3325,27763.0573485417,1235,8449.62614955617,2755,20520.5206489221,0.3816748,0
sb_cf,fixed_payload,15,15,1,190,NaN,0,NaN,NaN,NaN,NaN,NaN,NaN,NaN,NaN,NaN,NaN,NaN,NaN,NaN,NaN,NaN,NaN,NaN,NaN,NaN,NaN,NaN,NaN,NaN,NaN,NaN,NaN,NaN,NaN,NaN,NaN,NaN,NaN,NaN,NaN,NaN,NaN,NaN,NaN,NaN,NaN,NaN,NaN,NaN,NaN,NaN,NaN,NaN,NaN,NaN,NaN,NaN,NaN,NaN,NaN,NaN,NaN,NaN,NaN,NaN,NaN,NaN,NaN,NaN,NaN,NaN,NaN,NaN,NaN,NaN,NaN,NaN,NaN,NaN,NaN,NaN,NaN,NaN,NaN,NaN,NaN,NaN,NaN,NaN,NaN,NaN,NaN,1.7987597,0
sb_cb,fixed_payload,15,15,1,190,0.05,1,61.5,146.121354466009,61.5,146.121354466009,0,0,0,0,766.195890410959,3062.14312413836,6.60958904109589,83.982791578141,759.586301369863,2978.16033256022,766.195890410959,3062.14312413836,545,1080.02740257485,2070.625,15001.2629666462,3215.175,24779.3228213695,545,1080.02740257485,2070.625,15001.2629666462,3215.175,24779.3228213695,0,0,21.5198630136986,79.0308528830153,136.038356164384,722.199790292275,149.534246575342,1277.40871998337,72.4938356164383,899.520969401562,190,0,190,0,0,0,615,1461.21354466009,630,1397.68252097922,615,1461.21354466009,630,1397.68252097922,NaN,NaN,0.1197,0.265559678986051,0.50445,2.9605457035287,0.38095,2.64670244654519,0.1235,0.313843256983515,-1.67416741674168,15.1727257275654,1,0,0.0177929711816396,0.188175310006133,0.582012987012987,0.888059201149526,111.5,628.957134440647,31.5,387.539244453328,1.43465753424658,5.26872352553436,980,12197.9565467277,915,11372.0532388764,980,12197.9565467277,855,10609.6809547059,920,11435.5842625572,6.8201959,0
s7_clean,fixed_payload,15,15,1,190,0.2,1,61.5,146.121354466009,61.5,146.121354466009,0,0,0,0,523.287808219178,616.858390725421,0,0,523.287808219178,616.858390725421,523.287808219178,616.858390725421,443.5,235.064787619232,868.475,2547.27639448462,1758.905,1612.48091204423,443.5,235.064787619232,868.475,2547.27639448462,1758.905,1612.48091204423,4.25767123287671,4.03639572372453,36.72,9.14846741004577,34.9643835616438,55.4547510814419,92.1057534246575,607.683814675507,3.24,41.168103345206,162,0,190,0,0,0,615,1461.21354466009,630,1397.68252097922,615,1461.21354466009,630,1397.68252097922,NaN,NaN,0.11879,0.253997032676132,0.334185,1.05887157168912,0.215395,0.804874539012986,0.11879,0.253997032676132,2.30423042304231,41.7821793904815,1,0,0.0269644503953849,0.34018122208437,0.582012987012987,0.888059201149526,79,177.886866306446,1,12.7062047361747,1.02,0.254124094723494,126,1600.98179675801,63,800.490898379006,126,1600.98179675801,63,800.490898379006,126,1600.98179675801,1.89246,0
s7_busy,fixed_payload,15,15,1,190,0.2,1,61.5,146.121354466009,61.5,146.121354466009,0,0,0,0,3208.50191780822,12072.6977360929,163.130410958904,287.800759002331,3045.37150684932,11784.8969770906,3208.50191780822,12072.6977360929,2415.25,11724.6504203052,8070.625,36068.1504192239,18963.12,40940.9164045231,2415.25,11724.6504203052,8070.625,36068.1504192239,18963.12,40940.9164045231,4.46616438356164,3.12781505628849,87.9731506849315,266.997394754829,80.2750684931507,233.223258220482,2286.77794520548,10080.0602326622,233.879178082192,1201.48827639673,162,0,190,0,0,0,615,1461.21354466009,630,1397.68252097922,615,1461.21354466009,630,1397.68252097922,NaN,NaN,0.1197,0.265559678986051,2.15112,11.7021604379222,2.03142,11.4366007589361,0.1197,0.265559678986051,-16.8016801680168,288.663013088253,1,0,0.0469423629003466,0.446363844015783,0.582012987012987,0.888059201149526,187,940.259150476928,95.5,667.075748649171,2.44369863013699,7.41659429874526,19057.5,43626.7539616558,8127,9605.89078054807,19057.5,43626.7539616558,7087.5,6804.17263622155,16695,36022.0904270553,11.6784339,0
sf_cf,fixed_payload,15,7.5,2,380,1,0,28.5,19.059307104262,6,76.2372284170482,22.5,95.2965355213102,23.5,108.002740257485,NaN,NaN,NaN,NaN,NaN,NaN,605,NaN,NaN,NaN,NaN,NaN,NaN,NaN,647.5,NaN,744.5,NaN,745,NaN,NaN,NaN,NaN,NaN,NaN,NaN,NaN,NaN,NaN,NaN,NaN,NaN,NaN,NaN,NaN,NaN,285,190.59307104262,60,762.372284170482,570,381.186142085241,120,1524.74456834096,NaN,NaN,0.0228,0.289701467984783,10.214475,76.6168262835414,2.385675,28.5772074170121,7.8288,48.0396188665293,323.798379837984,589.143978376369,0.222222222222222,2.82360105248327,NaN,NaN,0.2,NaN,6803,29364.0391452997,0,0,1,NaN,172140,347641.76158174,172140,347641.76158174,2574120,11163163.2330136,72500,347641.76158174,780600,4832932.03345141,0.1704418,0
sf_cb,fixed_payload,15,7.5,2,380,0.5,1,28.5,19.059307104262,28.5,19.059307104262,0,0,0,0,975.787037037037,274.712852397851,0,0,975.787037037037,274.712852397851,975.787037037037,274.712852397851,787.5,412.951653925678,2130,3367.14425508629,2710,6797.81953385346,787.5,412.951653925678,2130,3367.14425508629,2710,6797.81953385346,119.027777777778,252.359344065692,0,0,226.240740740741,102.826138327932,47.1481481481482,116.238243327228,13.3703703703704,8.94140333286368,190,0,380,0,0,0,285,190.59307104262,295,317.655118404367,570,381.186142085241,590,635.310236808735,NaN,NaN,0.1121,0.12070894499366,0.293425,0.306537189260215,0.181325,0.185828244266555,0.1121,0.12070894499366,3.11431143114312,18.8324786668776,1,0,0.0492835773893875,0.626207224440667,0.418370217554389,0.069464716440265,36.5,31.7655118404367,2,0,1.07037037037037,0.0470600175413885,190,0,190,0,380,0,190,0,380,0,0.0949825,0
sb_cf,fixed_payload,15,7.5,2,380,NaN,0,NaN,NaN,NaN,NaN,NaN,NaN,NaN,NaN,NaN,NaN,NaN,NaN,NaN,NaN,NaN,NaN,NaN,NaN,NaN,NaN,NaN,NaN,NaN,NaN,NaN,NaN,NaN,NaN,NaN,NaN,NaN,NaN,NaN,NaN,NaN,NaN,NaN,NaN,NaN,NaN,NaN,NaN,NaN,NaN,NaN,NaN,NaN,NaN,NaN,NaN,NaN,NaN,NaN,NaN,NaN,NaN,NaN,NaN,NaN,NaN,NaN,NaN,NaN,NaN,NaN,NaN,NaN,NaN,NaN,NaN,NaN,NaN,NaN,NaN,NaN,NaN,NaN,NaN,NaN,NaN,NaN,NaN,NaN,NaN,NaN,NaN,0.6831941,0
sb_cb,fixed_payload,15,7.5,2,380,1,1,28.5,19.059307104262,28.5,19.059307104262,0,0,0,0,641.296296296296,58.8250219267353,0,0,641.296296296296,58.8250219267353,641.296296296296,58.8250219267353,585,0,1002,101.649637889405,1615,317.655118404367,585,0,1002,101.649637889405,1615,317.655118404367,0,0,15.5277777777778,0.352950131560407,0,0,52.0740740740741,56.0014208742514,3.69444444444444,2.47065092092286,190,0,380,0,0,0,285,190.59307104262,295,317.655118404367,570,381.186142085241,590,635.310236808735,NaN,NaN,0.1121,0.12070894499366,0.189875,0.196628518292303,0.077775,0.0759195732986438,0.1121,0.12070894499366,-1.89018901890189,53.7526212961486,1,0,0.0349403457511566,0.443959186666926,0.418370217554389,0.069464716440265,35.5,31.7655118404367,1,0,1.03518518518519,0.0235300087706929,20,0,20,0,20,0,20,0,20,0,3.1657308,0
s7_clean,fixed_payload,15,7.5,2,380,1,0,28.5,19.059307104262,23.5,6.35310236808735,5,12.7062047361747,5.5,19.059307104262,NaN,NaN,NaN,NaN,NaN,NaN,605.42481884058,63.1051816743169,NaN,NaN,NaN,NaN,NaN,NaN,585.5,6.35310236808735,688.475,279.218849077439,692.5,285.889606563931,NaN,NaN,NaN,NaN,NaN,NaN,NaN,NaN,NaN,NaN,NaN,NaN,NaN,NaN,NaN,NaN,285,190.59307104262,240,127.062047361747,570,381.186142085241,480,254.124094723494,NaN,NaN,0.0912,0.0482835779974638,2.400265,16.2172467598982,2.309065,16.1689631819007,0.0912,0.0482835779974638,65.2685268526853,402.801557883054,0.825925925925926,0.329420122789714,NaN,NaN,0.342114845938375,0.454148942391006,3381,11308.5222151955,0,0,1,0,211050,713237.390455694,52038,96058.9078054807,211050,713237.390455694,20223,96058.9078054807,51975,308989.486774296,1.4389235,0
s7_busy,fixed_payload,15,7.5,2,380,0.5,1,28.5,19.059307104262,28.5,19.059307104262,0,0,0,0,1818.2462962963,3528.25422513924,0,0,1818.2462962963,3528.25422513924,1818.2462962963,3528.25422513924,1406.75,1235.67841059299,4720.575,18228.0036593978,5280,16962.7833227932,1406.75,1235.67841059299,4720.575,18228.0036593978,5280,16962.7833227932,3.97962962962963,4.91777183307502,65.9333333333333,60.1427024178936,16.3166666666667,51.036589023635,1055.31666666667,3151.35054465026,134.7,270.642160880521,162,0,380,0,0,0,285,190.59307104262,300,127.062047361747,570,381.186142085241,600,254.124094723494,NaN,NaN,0.114,0.0482835779974638,0.553775,1.08263217454576,0.439775,1.13091575254323,0.114,0.0482835779974638,-1.96219621962196,88.3677845138102,1,0,0.0640141775295992,0.639828554346866,0.420596442274154,0.339814526733936,63,12.7062047361747,23.5,31.7655118404367,1.83148148148148,1.67063062271927,10521,10406.3816789271,4662,6403.92718703205,10521,10406.3816789271,4000.5,2001.22724594751,9103.5,400.245449189503,7.4833849,0
sf_cf,fixed_payload,15,5,3,570,0.5,1,18.5,19.059307104262,18.5,19.059307104262,0,0,0,0,1441.75735294118,0.0934279760011996,0,0,1441.75735294118,0.0934279760011996,1441.75735294118,0.0934279760011996,1453.75,968.848111133321,2204.875,255.712370315516,2225,0,1453.75,968.848111133321,2204.875,255.712370315516,2225,0,318.522058823529,213.10921325893,0,0,553.235294117647,213.015785282929,0,0,0,0,0,0,570,0,0,0,185,190.593071042621,190,127.062047361747,555,571.779213127862,570,381.186142085241,NaN,NaN,0.1083,0.0724253669961958,0.272175,0.205522861607626,0.163875,0.13309749461143,0.1083,0.0724253669961958,0.162016201620164,48.8729507103989,1,0,0.0212890625000001,0.270503186766218,0.336950549450549,0.605639154320415,21.5,6.35310236808735,0,0,1,0,0,0,0,0,0,0,0,0,0,0,0.1723256,0
sf_cb,fixed_payload,15,5,3,570,1,0.5,18.5,19.059307104262,10,127.062047361747,8.5,108.002740257485,9,114.355842625572,NaN,NaN,NaN,NaN,NaN,NaN,909.75,NaN,NaN,NaN,NaN,NaN,NaN,NaN,885,NaN,1157.5,NaN,1165,NaN,NaN,NaN,NaN,NaN,NaN,NaN,NaN,NaN,NaN,NaN,NaN,NaN,NaN,NaN,NaN,NaN,185,190.593071042621,100,1270.62047361747,555,571.779213127862,300,3811.86142085241,NaN,NaN,0.057,0.724253669961958,4.694825,57.3415136987644,4.637825,58.0657673687263,0.057,0.724253669961958,88.1368136813682,1155.87196999945,0.5,6.35310236808735,NaN,NaN,0.384615384615385,NaN,5352,67724.0712438111,0,0,1,NaN,99845,1268651.01188336,99845,1268651.01188336,1013270,12874816.0730237,49930,634420.802477202,364375,4629823.35074366,0.176539,0
sb_cf,fixed_payload,15,5,3,570,NaN,0,NaN,NaN,NaN,NaN,NaN,NaN,NaN,NaN,NaN,NaN,NaN,NaN,NaN,NaN,NaN,NaN,NaN,NaN,NaN,NaN,NaN,NaN,NaN,NaN,NaN,NaN,NaN,NaN,NaN,NaN,NaN,NaN,NaN,NaN,NaN,NaN,NaN,NaN,NaN,NaN,NaN,NaN,NaN,NaN,NaN,NaN,NaN,NaN,NaN,NaN,NaN,NaN,NaN,NaN,NaN,NaN,NaN,NaN,NaN,NaN,NaN,NaN,NaN,NaN,NaN,NaN,NaN,NaN,NaN,NaN,NaN,NaN,NaN,NaN,NaN,NaN,NaN,NaN,NaN,NaN,NaN,NaN,NaN,NaN,NaN,NaN,2.1764831,0
sb_cb,fixed_payload,15,5,3,570,1,1,18.5,19.059307104262,18.5,19.059307104262,0,0,0,0,814.808823529412,54.7487939367528,0,0,814.808823529412,54.7487939367528,814.808823529412,54.7487939367528,775,0,1153.75,1381.79976505899,1307.5,2763.599530118,775,0,1153.75,1381.79976505899,1307.5,2763.599530118,0,0,15.4411764705882,5.60567856007707,0,0,37.0147058823529,19.2461630562646,2.35294117647059,29.896952320411,190,0,570,0,0,0,185,190.593071042621,190,127.062047361747,555,571.779213127862,570,381.186142085241,NaN,NaN,0.1083,0.0724253669961958,0.15445,0.0972024662317363,0.04615,0.0247770992355405,0.1083,0.0724253669961958,-0.186018601860184,33.6239801299312,1,0,0.025715258855586,0.326743343862803,0.336950549450549,0.605639154320415,22,0,0.5,6.35310236808735,1.02941176470588,0.373711904005138,10,127.062047361747,10,127.062047361747,10,127.062047361747,10,127.062047361747,10,127.062047361747,2.8816033,0
s7_clean,fixed_payload,15,5,3,570,1,1,18.5,19.059307104262,18.5,19.059307104262,0,0,0,0,811.713235294118,56.7107814327794,0,0,811.713235294118,56.7107814327794,811.713235294118,56.7107814327794,772.75,3.17655118404367,1149.325,1376.39962804612,1302,2731.83401827756,772.75,3.17655118404367,1149.325,1376.39962804612,1302,2731.83401827756,3.96764705882353,3.40077832644676,36,0,0,0,39.7455882352941,53.3100031063329,0,0,162,0,570,0,0,0,185,190.593071042621,190,127.062047361747,555,571.779213127862,570,381.186142085241,NaN,NaN,0.1083,0.0724253669961958,0.15384,0.0966942180422895,0.04554,0.0242688510460937,0.1083,0.0724253669961958,-0.186018601860184,33.6239801299312,1,0,0.0255761471654244,0.324975762246416,0.336950549450549,0.605639154320415,21.5,6.35310236808735,0,0,1,0,0,0,0,0,0,0,0,0,0,0,1.1523141,0
s7_busy,fixed_payload,15,5,3,570,0.5,1,18.5,19.059307104262,18.5,19.059307104262,0,0,0,0,2269.95147058824,1123.24718427304,0,0,2269.95147058824,1123.24718427304,2269.95147058824,1123.24718427304,1863,1994.87414357943,5309.65,493.636054000397,5621,228.711685251145,1863,1994.87414357943,5309.65,493.636054000397,5621,228.711685251145,3.96764705882353,3.40077832644676,59.6647058823529,49.1057441862752,21.7588235294118,20.8531242434867,1346.06911764706,870.61793716557,106.491176470588,220.975848838238,162,0,570,0,0,0,185,190.593071042621,195,317.655118404368,555,571.779213127862,585,952.965355213103,NaN,NaN,0.1097,0.162639420623036,0.43339,0.344973458587143,0.32369,0.182334037964107,0.1097,0.162639420623036,-5.89258925892589,52.3039690910041,1,0,0.0328539289622386,0.251052013840309,0.335462962962963,0.862374821445931,35.5,19.059307104262,12,12.7062047361747,1.65735294117647,1.36404844961875,5607,800.490898379006,2614.5,400.245449189503,5607,800.490898379006,2205,800.490898379006,4693.5,1200.73634756851,8.3190837,0
sf_cf,fixed_payload,15,3.75,4,760,0.5,1,13,25.4124094723494,13,25.4124094723494,0,0,0,0,1991.06060606061,2612.47270105895,0,0,1991.06060606061,2612.47270105895,1991.06060606061,2612.47270105895,1720,2414.17889987319,3873.125,11046.4567425119,3952.5,11848.5359164829,1720,2414.17889987319,3873.125,11046.4567425119,3952.5,11848.5359164829,388.151515151515,196.753655157129,0,0,817.575757575758,2487.33583623299,0,0,25.3333333333333,321.890519983092,0,0,760,0,0,0,130,254.124094723494,130,254.124094723494,520,1016.49637889398,520,1016.49637889398,NaN,NaN,0.1022,0.236335408092849,0.27275,0.970118731606938,0.16295,0.637216167519161,0.1098,0.332902564087777,-5.51455145514552,0.838693381925783,1,0,0.0280721856201663,0.35669093788173,0.238628762541806,0.0754298107247829,15,50.8248189446988,0.5,6.35310236808735,1.03333333333333,0.42354015787249,380,4828.35779974638,380,4828.35779974638,760,9656.71559949277,380,4828.35779974638,760,9656.71559949277,0.1574425,0
sf_cb,fixed_payload,15,3.75,4,760,0.5,1,13,25.4124094723494,13,25.4124094723494,0,0,0,0,1285.18181818182,650.32666058785,0,0,1285.18181818182,650.32666058785,1285.18181818182,650.32666058785,1182.5,95.2965355213102,2275.75,3217.84634943624,2400,2223.58582883057,1182.5,95.2965355213102,2275.75,3217.84634943624,2400,2223.58582883057,119.272727272727,321.120446968779,0,0,190.575757575758,651.096733602164,25.3333333333333,321.890519983092,0,0,190,0,760,0,0,0,130,254.124094723494,130,254.124094723494,520,1016.49637889398,520,1016.49637889398,NaN,NaN,0.10125,0.224264513593483,0.17015,0.294148639642444,0.0689,0.0698841260489608,0.10125,0.224264513593483,1.11611161116112,11.4367279353508,1,0,0.0212105535437145,0.269505635894032,0.238628762541806,0.0754298107247829,14,38.1186142085241,0,0,1,0,0,0,0,0,0,0,0,0,0,0,0.1551148,0
sb_cf,fixed_payload,15,3.75,4,760,NaN,0,NaN,NaN,NaN,NaN,NaN,NaN,NaN,NaN,NaN,NaN,NaN,NaN,NaN,NaN,NaN,NaN,NaN,NaN,NaN,NaN,NaN,NaN,NaN,NaN,NaN,NaN,NaN,NaN,NaN,NaN,NaN,NaN,NaN,NaN,NaN,NaN,NaN,NaN,NaN,NaN,NaN,NaN,NaN,NaN,NaN,NaN,NaN,NaN,NaN,NaN,NaN,NaN,NaN,NaN,NaN,NaN,NaN,NaN,NaN,NaN,NaN,NaN,NaN,NaN,NaN,NaN,NaN,NaN,NaN,NaN,NaN,NaN,NaN,NaN,NaN,NaN,NaN,NaN,NaN,NaN,NaN,NaN,NaN,NaN,NaN,NaN,0.8883762,0
sb_cb,fixed_payload,15,3.75,4,760,1,1,13,25.4124094723494,13,25.4124094723494,0,0,0,0,1012.69696969697,190.208034535464,0,0,1012.69696969697,190.208034535464,1012.69696969697,190.208034535464,965,0,1488.5,2306.17615961571,1615,3684.79937349066,965,0,1488.5,2306.17615961571,1615,3684.79937349066,0,0,15.5,6.35310236808735,0,0,44.530303030303,149.971719537577,2.66666666666667,33.8832126297992,190,0,760,0,0,0,130,254.124094723494,130,254.124094723494,520,1016.49637889398,520,1016.49637889398,NaN,NaN,0.102375,0.23855899392168,0.13645,0.339255666455864,0.034075,0.100696672534184,0.102375,0.23855899392168,-0.558055805580555,11.055503670839,1,0,0.0275819797732149,0.350462282027497,0.238628762541806,0.0754298107247829,14.5,44.4717165766114,0.5,6.35310236808735,1.03333333333333,0.42354015787249,10,127.062047361747,10,127.062047361747,10,127.062047361747,10,127.062047361747,10,127.062047361747,3.7947613,0
s7_clean,fixed_payload,15,3.75,4,760,1,1,13,25.4124094723494,13,25.4124094723494,0,0,0,0,1009.24545454545,192.556757229121,0,0,1009.24545454545,192.556757229121,1009.24545454545,192.556757229121,962,0,1482.9,2294.74057535315,1608,3659.38696401831,962,0,1482.9,2294.74057535315,1608,3659.38696401831,3.68181818181818,4.04288332514649,36,0,0,0,47.5636363636364,188.513873903974,0,0,162,0,760,0,0,0,130,254.124094723494,130,254.124094723494,520,1016.49637889398,520,1016.49637889398,NaN,NaN,0.10237,0.238495462897999,0.135965,0.33817563905329,0.033595,0.0996801761552905,0.10237,0.238495462897999,-0.558055805580555,11.055503670839,1,0,0.0274326485422562,0.348564848833431,0.238628762541806,0.0754298107247829,14,38.1186142085241,0,0,1,0,0,0,0,0,0,0,0,0,0,0,1.3024012,0
s7_busy,fixed_payload,15,3.75,4,760,0.5,1,13,25.4124094723494,13,25.4124094723494,0,0,0,0,3373.73636363636,286.351650372521,0,0,3373.73636363636,286.351650372521,3373.73636363636,286.351650372521,2944,5362.01839866572,7492.925,11350.7703459433,7841,15615.9256207587,2944,5362.01839866572,7492.925,11350.7703459433,7841,15615.9256207587,3.68181818181818,4.04288332514649,83.8909090909091,181.583216775151,19.5818181818182,40.8908770600531,2129.07272727273,667.422281505612,215.509090909091,817.12447548818,162,0,760,0,0,0,130,254.124094723494,130,254.124094723494,520,1016.49637889398,520,1016.49637889398,NaN,NaN,0.0988,0.193134311989855,0.516395,1.81450956734943,0.417595,1.62137525535957,0.0988,0.193134311989855,-8.21482148214822,17.6125610204401,1,0,0.118719660194175,1.50847630863627,0.238628762541806,0.0754298107247829,35,63.5310236808735,16.5,31.7655118404367,2.33030303030303,5.0439782437542,6205.5,10006.1362297376,2898,4002.45449189503,6205.5,10006.1362297376,2646,3201.96359351602,5638.5,7604.66353460056,7.7394228,0
sf_cf,fixed_payload,15,3,5,950,0.5,1,10,0,10,0,0,0,0,0,2620.5,7515.72010144733,0,0,2620.5,7515.72010144733,2620.5,7515.72010144733,2686.25,9418.47426068949,4697.5,19345.196710826,4697.5,19345.196710826,2686.25,9418.47426068949,4697.5,19345.196710826,4697.5,19345.196710826,483,876.728126796054,0,0,1187.5,6638.99197465128,0,0,0,0,0,0,950,0,0,0,100,0,100,127.062047361747,500,0,500,635.310236808735,NaN,NaN,0.095,0.12070894499366,0.26805,0.35132656095523,0.17305,0.47203550594889,0.095,0.12070894499366,-6.55865586558656,66.7142462895461,1,0,0.121113033344831,0.443154090315029,0.213333333333333,0.148239055255372,11,12.7062047361747,0,0,1,0,0,0,0,0,0,0,0,0,0,0,0.1987402,0
sf_cb,fixed_payload,15,3,5,950,0.5,1,10,0,10,0,0,0,0,0,1556.5,1658.1597180708,0,0,1556.5,1658.1597180708,1556.5,1658.1597180708,1325,95.2965355213102,3065,8640.21922059879,3065,8640.21922059879,1325,95.2965355213102,3065,8640.21922059879,3065,8640.21922059879,150.5,514.601291815075,0,0,218.5,1569.21628491757,47.5,603.544724968298,0,0,190,0,950,0,0,0,100,0,105,63.5310236808735,500,0,525,317.655118404368,NaN,NaN,0.09975,0.0603544724968298,0.16205,0.247135682118598,0.0623,0.186781209621768,0.09975,0.0603544724968298,-0.306030603060304,11.5129727882532,1,0,0.0352617079889808,0.448042481055194,0.225833333333333,0.307066614457555,11,12.7062047361747,0,0,1,0,0,0,0,0,0,0,0,0,0,0,0.1714103,0
sb_cf,fixed_payload,15,3,5,950,NaN,0,NaN,NaN,NaN,NaN,NaN,NaN,NaN,NaN,NaN,NaN,NaN,NaN,NaN,NaN,NaN,NaN,NaN,NaN,NaN,NaN,NaN,NaN,NaN,NaN,NaN,NaN,NaN,NaN,NaN,NaN,NaN,NaN,NaN,NaN,NaN,NaN,NaN,NaN,NaN,NaN,NaN,NaN,NaN,NaN,NaN,NaN,NaN,NaN,NaN,NaN,NaN,NaN,NaN,NaN,NaN,NaN,NaN,NaN,NaN,NaN,NaN,NaN,NaN,NaN,NaN,NaN,NaN,NaN,NaN,NaN,NaN,NaN,NaN,NaN,NaN,NaN,NaN,NaN,NaN,NaN,NaN,NaN,NaN,NaN,NaN,NaN,1.686655,0
sb_cb,fixed_payload,15,3,5,950,1,1,10,0,10,0,0,0,0,0,1239,368.479937349066,0,0,1239,368.479937349066,1239,368.479937349066,1155,0,1995,3684.79937349066,1995,3684.79937349066,1155,0,1995,3684.79937349066,1995,3684.79937349066,0,0,15.75,9.52965355213102,0,0,79.25,308.125464852236,4,50.8248189446988,190,0,950,0,0,0,100,0,105,63.5310236808735,500,0,525,317.655118404368,NaN,NaN,0.09975,0.0603544724968298,0.129575,0.108955705612698,0.029825,0.0486012331158682,0.09975,0.0603544724968298,-1.06810681068107,3.20228382189817,1,0,0.0410785378212089,0.521952311818974,0.225833333333333,0.307066614457555,11.5,19.059307104262,0.5,6.35310236808735,1.05,0.635310236808735,10,127.062047361747,10,127.062047361747,10,127.062047361747,10,127.062047361747,10,127.062047361747,4.9812744,0
s7_clean,fixed_payload,15,3,5,950,0.5,1,10,0,10,0,0,0,0,0,1240.15,364.032765691405,0,0,1240.15,364.032765691405,1240.15,364.032765691405,1154.5,31.7655118404367,2000.5,3602.20904270553,2000.5,3602.20904270553,1154.5,31.7655118404367,2000.5,3602.20904270553,2000.5,3602.20904270553,3.5,3.81186142085241,36,0,4.5,11.4355842625572,84.15,371.65648853311,0,0,162,0,950,0,0,0,100,0,105,63.5310236808735,500,0,525,317.655118404368,NaN,NaN,0.09975,0.0603544724968298,0.1297,0.108638050494294,0.02995,0.048283577997464,0.09975,0.0603544724968298,-1.06810681068107,3.20228382189817,1,0,0.041121157323689,0.52249384394324,0.225833333333333,0.307066614457555,11,12.7062047361747,0,0,1,0,0,0,0,0,0,0,0,0,0,0,1.9513362,0
s7_busy,fixed_payload,15,3,5,950,0.5,1,10,0,10,0,0,0,0,0,3779.5,10539.7968286569,0,0,3779.5,10539.7968286569,3779.5,10539.7968286569,3389.25,7468.07183368668,8836,35221.5995286763,8836,35221.5995286763,3389.25,7468.07183368668,8836,35221.5995286763,8836,35221.5995286763,3.5,3.81186142085241,73.8,114.355842625572,21.15,165.81597180708,2398.95,9748.83558383003,170.1,514.601291815075,162,0,950,0,0,0,100,0,100,127.062047361747,500,0,500,635.310236808735,NaN,NaN,0.095,0.12070894499366,0.39195,0.706592045378675,0.29695,0.827300990372334,0.095,0.12070894499366,-12.5232523252325,131.06490213912,1,0,0.0763586996192546,0.591507376075699,0.213333333333333,0.148239055255372,22,12.7062047361747,10.5,31.7655118404367,2.05,3.17655118404367,4788,3201.96359351602,2173.5,1200.73634756851,4788,3201.96359351602,1984.5,400.245449189503,4410,1600.98179675801,9.1717195,0
sf_cf,fixed_payload,15,2.5,6,1140,0.5,1,7.5,6.35310236808735,7.5,6.35310236808735,0,0,0,0,4050.40178571429,11486.0687367322,0,0,4050.40178571429,11486.0687367322,4050.40178571429,11486.0687367322,4142.5,14453.3078873987,6667.5,7909.61244826875,6667.5,7909.61244826875,4142.5,14453.3078873987,6667.5,7909.61244826875,6667.5,7909.61244826875,691.473214285714,153.722387656399,0,0,1933.92857142857,8018.52277457882,0,0,285,3621.26834980979,0,0,1140,0,0,0,75,63.5310236808735,75,63.5310236808735,450,381.186142085241,450,381.186142085241,NaN,NaN,0.0855,0.0724253669961958,0.3083,1.11878132702018,0.2,0.756654492039203,0.1083,0.362126834980979,-11.4671467146715,121.30556096762,1,0,0,0,0.155681818181818,0.563115891716833,10,25.4124094723494,2,25.4124094723494,1.25,3.17655118404367,1140,14485.0733992392,1140,14485.0733992392,2280,28970.1467984783,1140,14485.0733992392,2280,28970.1467984783,0.2120976,0
sf_cb,fixed_payload,15,2.5,6,1140,1,1,7.5,6.35310236808735,7.5,6.35310236808735,0,0,0,0,1451.47321428571,153.7223876564,0,0,1451.47321428571,153.7223876564,1451.47321428571,153.7223876564,1445,254.124094723494,1530,317.655118404367,1530,317.655118404367,1445,254.124094723494,1530,317.655118404367,1530,317.655118404367,121.473214285714,153.722387656399,0,0,0,0,0,0,0,0,190,0,1140,0,0,0,75,63.5310236808735,75,63.5310236808735,450,381.186142085241,450,381.186142085241,NaN,NaN,0.0855,0.0724253669961958,0.1088,0.0806844000747093,0.0233,0.00825903307851352,0.0855,0.0724253669961958,-2.53825382538254,38.1986713040715,1,0,6.02596083708834e-17,7.65670921282152e-16,0.155681818181818,0.563115891716833,8,0,0,0,1,0,0,0,0,0,0,0,0,0,0,0,0.14225,0
sb_cf,fixed_payload,15,2.5,6,1140,NaN,0,NaN,NaN,NaN,NaN,NaN,NaN,NaN,NaN,NaN,NaN,NaN,NaN,NaN,NaN,NaN,NaN,NaN,NaN,NaN,NaN,NaN,NaN,NaN,NaN,NaN,NaN,NaN,NaN,NaN,NaN,NaN,NaN,NaN,NaN,NaN,NaN,NaN,NaN,NaN,NaN,NaN,NaN,NaN,NaN,NaN,NaN,NaN,NaN,NaN,NaN,NaN,NaN,NaN,NaN,NaN,NaN,NaN,NaN,NaN,NaN,NaN,NaN,NaN,NaN,NaN,NaN,NaN,NaN,NaN,NaN,NaN,NaN,NaN,NaN,NaN,NaN,NaN,NaN,NaN,NaN,NaN,NaN,NaN,NaN,NaN,NaN,1.7506094,0
sb_cb,fixed_payload,15,2.5,6,1140,1,1,7.5,6.35310236808735,7.5,6.35310236808735,0,0,0,0,1354.6875,123.091358381692,0,0,1354.6875,123.091358381692,1354.6875,123.091358381692,1345,0,1422.5,984.730867053539,1422.5,984.730867053539,1345,0,1422.5,984.730867053539,1422.5,984.730867053539,0,0,15,0,0,0,9.6875,123.091358381692,0,0,190,0,1140,0,0,0,75,63.5310236808735,75,63.5310236808735,450,381.186142085241,450,381.186142085241,NaN,NaN,0.0855,0.0724253669961958,0.10165,0.0952965355213102,0.01615,0.0228711685251144,0.0855,0.0724253669961958,-2.53825382538254,38.1986713040715,1,0,0,0,0.155681818181818,0.563115891716833,8,0,0,0,1,0,0,0,0,0,0,0,0,0,0,0,4.1464285,0
s7_clean,fixed_payload,15,2.5,6,1140,1,1,7.5,6.35310236808735,7.5,6.35310236808735,0,0,0,0,1351.04464285714,118.553428118772,0,0,1351.04464285714,118.553428118772,1351.04464285714,118.553428118772,1340.5,6.35310236808735,1418.5,921.199843372665,1418.5,921.199843372665,1340.5,6.35310236808735,1418.5,921.199843372665,1418.5,921.199843372665,3.48214285714286,2.9496546708977,36,0,0,0,9.5625,121.503082789671,0,0,162,0,1140,0,0,0,75,63.5310236808735,75,63.5310236808735,450,381.186142085241,450,381.186142085241,NaN,NaN,0.0855,0.0724253669961958,0.101375,0.0947247563081823,0.015875,0.0222993893119865,0.0855,0.0724253669961958,-2.53825382538254,38.1986713040715,1,0,7.38808976140037e-17,9.38745811175892e-16,0.155681818181818,0.563115891716833,8,0,0,0,1,0,0,0,0,0,0,0,0,0,0,0,1.8028758,0
s7_busy,fixed_payload,15,2.5,6,1140,0.5,1,7.5,6.35310236808735,7.5,6.35310236808735,0,0,0,0,3657.61607142857,7804.67281093873,0,0,3657.61607142857,7804.67281093873,3657.61607142857,7804.67281093873,2515.5,1213.44255230468,8992.5,29916.7590513233,8992.5,29916.7590513233,2515.5,1213.44255230468,8992.5,29916.7590513233,8992.5,29916.7590513233,3.48214285714286,2.9496546708977,50.4642857142857,12.2524117098828,27.3214285714286,61.2620585494137,2209.25892857143,7673.07283331407,65.0892857142857,55.1358526944723,162,0,1140,0,0,0,75,63.5310236808735,75,63.5310236808735,450,381.186142085241,450,381.186142085241,NaN,NaN,0.0855,0.0724253669961958,0.27125,0.352978367570933,0.18575,0.425403734567129,0.0855,0.0724253669961958,-16.1656165616562,33.2427558654195,1,0,9.28186991794432e-17,1.17937339511942e-15,0.155681818181818,0.563115891716833,11,0,3,0,1.40178571428571,0.340344769718965,3339,4002.45449189503,1575,2401.47269513702,3339,4002.45449189503,1165.5,2001.22724594751,2488.5,2801.71814432652,6.7807745,0
sf_cf,fixed_payload,30,30,1,190,0.05,1,119,63.5310236808735,119,63.5310236808735,0,0,0,0,4931.06465761177,6634.68646243521,576.290676287493,1051.84382521897,4354.77398132428,5582.84263721625,4931.06465761177,6634.68646243521,3926.25,9386.70874884906,13171.75,244.594441171363,20855.8,16449.4526514517,3926.25,9386.70874884906,13171.75,244.594441171363,20855.8,16449.4526514517,78.8331211092247,168.081264476584,0,0,4035.56451612903,5534.37191774835,0,0,50.3763440860215,216.551983944483,0,0,190,0,0,0,1190,635.310236808735,1240,635.310236808735,1190,635.310236808735,1240,635.310236808735,NaN,NaN,0.23535,0.123885496177703,6.136325,12.102342356088,5.837325,11.6525427084274,0.299,0.449799647660584,-29.4209420942094,354.614810848776,1,0,0.0382611482437866,0.0996133834925995,0.765396525184063,0.00970367532326038,177,190.59307104262,32,152.474456834096,1.26513865308432,1.13974728391833,3135,13277.9839493026,3135,13277.9839493026,6555,30177.2362484149,3040,14485.0733992392,6365,32591.4151482881,0.2192102,0
sf_cb,fixed_payload,30,30,1,190,0.05,1,119,63.5310236808735,119,63.5310236808735,0,0,0,0,9216.3603565365,2997.09491808603,1931.53331918506,463.687486292216,7284.82703735144,2533.40743179381,9216.3603565365,2997.09491808603,6318.75,3160.66842812346,30954,13582.9328629708,39063.95,8822.5532585632,6318.75,3160.66842812346,30954,13582.9328629708,39063.95,8822.5532585632,111.708757781551,52.9649910921826,0,0,5279.09946236559,1875.01911019438,1430.57795698925,479.727541719284,83.4408602150538,125.695788787965,190,0,190,0,0,0,1190,635.310236808735,1165,190.59307104262,1190,635.310236808735,1165,190.59307104262,NaN,NaN,0.2211,0.0393892346821416,10.834625,0.4297873752011,10.613525,0.469176609883241,0.2211,0.0393892346821416,55.4875487548755,578.927168087456,1,0,0.0197819490061622,0.142744960278151,0.738682856871948,0.0545689717696971,204.5,19.059307104262,52,50.8248189446988,1.43916242218449,0.66155678309455,5510,4828.35779974638,5510,4828.35779974638,11780,9656.71559949277,4750,0,10165,1207.0894499366,0.2120857,0
sb_cf,fixed_payload,30,30,1,190,NaN,0,NaN,NaN,NaN,NaN,NaN,NaN,NaN,NaN,NaN,NaN,NaN,NaN,NaN,NaN,NaN,NaN,NaN,NaN,NaN,NaN,NaN,NaN,NaN,NaN,NaN,NaN,NaN,NaN,NaN,NaN,NaN,NaN,NaN,NaN,NaN,NaN,NaN,NaN,NaN,NaN,NaN,NaN,NaN,NaN,NaN,NaN,NaN,NaN,NaN,NaN,NaN,NaN,NaN,NaN,NaN,NaN,NaN,NaN,NaN,NaN,NaN,NaN,NaN,NaN,NaN,NaN,NaN,NaN,NaN,NaN,NaN,NaN,NaN,NaN,NaN,NaN,NaN,NaN,NaN,NaN,NaN,NaN,NaN,NaN,NaN,NaN,1.7449061,0
sb_cb,fixed_payload,30,30,1,190,0.05,1,119,63.5310236808735,119,63.5310236808735,0,0,0,0,866.818760611205,2855.25570562364,14.4736842105263,165.515035379118,852.345076400679,2689.74067024452,866.818760611205,2855.25570562364,616.25,1127.6756703355,2520.25,15873.2262666662,3771.20000000001,22235.8582883058,616.25,1127.6756703355,2520.25,15873.2262666662,3771.20000000001,22235.8582883058,0,0,23.4475806451613,75.5711773623293,147.361346915676,543.824843624817,214.012096774194,1289.83348481128,87.524052065648,780.51116444609,190,0,190,0,0,0,1190,635.310236808735,1190,635.310236808735,1190,635.310236808735,1190,635.310236808735,NaN,NaN,0.2261,0.12070894499366,1.04275,3.94845312176629,0.80715,3.75531880977643,0.2356,0.193134311989855,-8.38283828382838,109.106384503246,1,0,7.58349060536309e-17,9.63573842466008e-16,0.780093214891006,0.22130598249655,215.5,667.075748649171,69,635.310236808735,1.56317204301075,5.03807849082196,2210,18423.9968674533,2030,16772.1902517506,2210,18423.9968674533,1950,16772.1902517506,2130,18423.9968674533,7.7107484,0
s7_clean,fixed_payload,30,30,1,190,0.05,1,119,63.5310236808735,119,63.5310236808735,0,0,0,0,782.230758347482,859.040471391523,3.49462365591398,27.598423190401,778.736134691568,886.638894581924,782.230758347482,859.040471391523,628.75,562.24955957573,1597.6,3313.77819519436,2662.69,5261.51231920259,628.75,562.24955957573,1597.6,3313.77819519436,2662.69,5261.51231920259,4.29258630447085,2.07815119906875,36.8709677419355,11.066694447636,160.40513582343,139.231636065982,221.248089983022,688.618590253013,3.91935483870968,49.8001250143621,162,0,190,0,0,0,1190,635.310236808735,1190,635.310236808735,1190,635.310236808735,1190,635.310236808735,NaN,NaN,0.2261,0.12070894499366,0.934235,1.51921736928073,0.708135,1.39850842428707,0.2261,0.12070894499366,-7.62676267626763,179.709118290812,1,0,1.05354244128407e-16,1.33865259572047e-15,0.780093214891006,0.22130598249655,145.5,69.8841260489608,3,38.1186142085241,1.0241935483871,0.307408179101,189,2401.47269513702,94.5,1200.73634756851,189,2401.47269513702,94.5,1200.73634756851,189,2401.47269513702,3.0069926,0
s7_busy,fixed_payload,30,30,1,190,NaN,0,NaN,NaN,NaN,NaN,NaN,NaN,NaN,NaN,NaN,NaN,NaN,NaN,NaN,NaN,NaN,NaN,NaN,NaN,NaN,NaN,NaN,NaN,NaN,NaN,NaN,NaN,NaN,NaN,NaN,NaN,NaN,NaN,NaN,NaN,NaN,NaN,NaN,NaN,NaN,NaN,NaN,NaN,NaN,NaN,NaN,NaN,NaN,NaN,NaN,NaN,NaN,NaN,NaN,NaN,NaN,NaN,NaN,NaN,NaN,NaN,NaN,NaN,NaN,NaN,NaN,NaN,NaN,NaN,NaN,NaN,NaN,NaN,NaN,NaN,NaN,NaN,NaN,NaN,NaN,NaN,NaN,NaN,NaN,NaN,NaN,NaN,4.1306964,0
sf_cf,fixed_payload,30,15,2,380,NaN,0,NaN,NaN,NaN,NaN,NaN,NaN,NaN,NaN,NaN,NaN,NaN,NaN,NaN,NaN,NaN,NaN,NaN,NaN,NaN,NaN,NaN,NaN,NaN,NaN,NaN,NaN,NaN,NaN,NaN,NaN,NaN,NaN,NaN,NaN,NaN,NaN,NaN,NaN,NaN,NaN,NaN,NaN,NaN,NaN,NaN,NaN,NaN,NaN,NaN,NaN,NaN,NaN,NaN,NaN,NaN,NaN,NaN,NaN,NaN,NaN,NaN,NaN,NaN,NaN,NaN,NaN,NaN,NaN,NaN,NaN,NaN,NaN,NaN,NaN,NaN,NaN,NaN,NaN,NaN,NaN,NaN,NaN,NaN,NaN,NaN,NaN,0.0887411,0
sf_cb,fixed_payload,30,15,2,380,0.2,1,65.5,44.4717165766114,65.5,44.4717165766114,0,0,0,0,2180.95839177186,1199.01070358728,58.3824216923796,286.973703040954,2122.57597007948,912.037000546322,2180.95839177186,1199.01070358728,1488.75,428.834409845896,5836.75,6750.17126609281,8903.65,27299.9161859082,1488.75,428.834409845896,5836.75,6750.17126609281,8903.65,27299.9161859082,158.532024310425,168.257713488615,0,0,980.067788686302,941.857078982786,362.856474988312,62.075661287062,51.1196820944366,260.153453212142,190,0,380,0,0,0,655,444.717165766115,660,381.186142085242,1310,889.43433153223,1320,762.372284170483,NaN,NaN,0.25055,0.148027285176435,1.426875,0.16359238597825,1.176325,0.0155651008018144,0.25055,0.148027285176435,-17.5757575757576,89.5877021602478,1,0,0.00116690240452627,0.0148269008590434,0.656736772921459,0.104284411201434,91.5,146.121354466009,18,101.649637889398,1.26905095839177,1.36922870111653,1710,9656.71559949277,1710,9656.71559949277,3420,19313.4311989855,1710,9656.71559949277,3420,19313.4311989855,0.2334985,0
sb_cf,fixed_payload,30,15,2,380,NaN,0,NaN,NaN,NaN,NaN,NaN,NaN,NaN,NaN,NaN,NaN,NaN,NaN,NaN,NaN,NaN,NaN,NaN,NaN,NaN,NaN,NaN,NaN,NaN,NaN,NaN,NaN,NaN,NaN,NaN,NaN,NaN,NaN,NaN,NaN,NaN,NaN,NaN,NaN,NaN,NaN,NaN,NaN,NaN,NaN,NaN,NaN,NaN,NaN,NaN,NaN,NaN,NaN,NaN,NaN,NaN,NaN,NaN,NaN,NaN,NaN,NaN,NaN,NaN,NaN,NaN,NaN,NaN,NaN,NaN,NaN,NaN,NaN,NaN,NaN,NaN,NaN,NaN,NaN,NaN,NaN,NaN,NaN,NaN,NaN,NaN,NaN,1.0085672,0
sb_cb,fixed_payload,30,15,2,380,0.1,1,65.5,44.4717165766114,65.5,44.4717165766114,0,0,0,0,819.170757363254,242.562874074695,4.32561944834035,39.3096352695821,814.845137914913,281.872509344278,819.170757363254,242.562874074695,677.5,31.7655118404367,1343.875,2005.99207272358,2828.1,6529.71861392021,677.5,31.7655118404367,1343.875,2005.99207272358,2828.1,6529.71861392021,0,0,18.5291023842917,4.87843414660285,59.6446937821412,11.8805093372368,121.183380084151,208.703422463571,45.4879616643291,56.4101433968672,190,0,380,0,0,0,655,444.717165766115,655,444.717165766115,1310,889.43433153223,1310,889.43433153223,NaN,NaN,0.2489,0.168992522991123,0.537225,0.523177980011993,0.282625,0.330043668022138,0.2546,0.193134311989855,-4.50645064506451,7.85321984894089,1,0,9.59736362919395e-17,1.21946067200055e-15,0.648590488091738,0.207792774087067,89,76.2372284170482,15.5,31.7655118404367,1.23527349228612,0.325228943106856,850,2922.42708932018,805,2604.77197091581,850,2922.42708932018,805,2604.77197091581,850,2922.42708932018,4.4667058,0
s7_clean,fixed_payload,30,15,2,380,0.2,1,65.5,44.4717165766114,65.5,44.4717165766114,0,0,0,0,759.69623655914,355.398011505101,7.03401122019635,10.0642764723067,752.662225338943,345.333735032794,759.69623655914,355.398011505101,638.75,130.238598545791,1223.1,834.797651166675,1753.195,6895.33965520361,638.75,130.238598545791,1223.1,834.797651166675,1753.195,6895.33965520361,4.50374006545115,1.79692703725706,36,0,45.0252454417952,59.3431441394976,125.133239831697,287.787517930554,0,0,162,0,380,0,0,0,655,444.717165766115,655,444.717165766115,1310,889.43433153223,1310,889.43433153223,NaN,NaN,0.2489,0.168992522991123,0.49858,0.570635654701606,0.24968,0.401643131710482,0.2489,0.168992522991123,-2.2022202220222,21.7297830771665,1,0,1.63318411303465e-16,5.20423438131453e-16,0.648590488091738,0.207792774087067,73.5,44.4717165766114,0,0,1,0,0,0,0,0,0,0,0,0,0,0,1.2777316,0
s7_busy,fixed_payload,30,15,2,380,0.2,1,65.5,44.4717165766114,65.5,44.4717165766114,0,0,0,0,4976.953599813,2421.58194225396,307.439574567555,781.278629717027,4669.51402524544,1640.30331253693,4976.953599813,2421.58194225396,4245.5,616.250929704473,12351.35,27493.050497898,15450.065,19140.4362215025,4245.5,616.250929704473,12351.35,27493.050497898,15450.065,19140.4362215025,4.58835904628331,1.95137365864113,93.6437587657784,49.6130069923006,85.265427769986,17.7361153768273,3684.61956521739,1932.86234003005,259.396914446003,223.258531465353,162,0,380,0,0,0,655,444.717165766115,645,317.655118404367,1310,889.43433153223,1290,635.310236808735,NaN,NaN,0.2451,0.12070894499366,3.19086,3.0053986062474,2.94576,2.88468966125374,0.2451,0.12070894499366,-5.61056105610562,8.15819926055035,1,0,0.0223999666133851,0.227760991252323,0.641681936173462,0.0971057485181771,180.5,31.7655118404367,104.5,19.059307104262,2.60121552127162,1.37813908311946,17136,4002.45449189503,7276.5,2801.71814432652,17136,4002.45449189503,6391.5,3564.090428497,15208.5,6727.9354078045,8.5887559,0
sf_cf,fixed_payload,30,10,3,570,0.2,1,41.5,6.35310236808735,41.5,6.35310236808735,0,0,0,0,4055.16986062718,12821.8112766532,30.3658536585366,385.834753574085,4024.80400696864,12435.9765230791,4055.16986062718,12821.8112766532,2798.75,6940.76433713543,13537.25,56075.6580519229,15655,56987.3282417435,2798.75,6940.76433713543,13537.25,56075.6580519229,15655,56987.3282417435,269.821428571429,442.448200634655,0,0,2928.11846689895,9959.5394336232,0,0,256.864111498258,2918.88529009058,0,0,570,0,0,0,415,63.5310236808735,410,254.124094723494,1245,190.59307104262,1230,762.372284170482,NaN,NaN,0.2337,0.144850733992392,1.67775,4.56152750028672,1.3413,3.54566643162955,0.33645,1.01586106865717,-12.1332133213321,156.606927861403,1,0,0.0246597584549774,0.0662885089370816,0.514405771233081,0.7150193227448,64.5,209.652378146882,18.5,209.652378146882,1.45063879210221,5.12085138612383,4845,54319.0252471468,4845,54319.0252471468,10545,119501.855543723,4710,52603.6876077632,10275,116071.180264956,0.1575587,0
sf_cb,fixed_payload,30,10,3,570,1,0,41.5,6.35310236808735,2,0,39.5,6.35310236808735,39.5,6.35310236808735,NaN,NaN,NaN,NaN,NaN,NaN,851.25,15.8827559202184,NaN,NaN,NaN,NaN,NaN,NaN,851.25,15.8827559202184,885,317.655118404367,885,317.655118404367,NaN,NaN,NaN,NaN,NaN,NaN,NaN,NaN,NaN,NaN,NaN,NaN,NaN,NaN,NaN,NaN,415,63.5310236808735,20,0,1245,190.59307104262,60,0,NaN,NaN,0.0114,0,18.21045,13.0352954388416,18.19905,13.0352954388416,0.0114,0,443.090309030903,505.579619595405,0.0481997677119628,0.00737874839499114,NaN,NaN,0.05,0,19622,13341.5149729834,0,0,1,0,185820,50697.756897337,185820,50697.756897337,3722385,2531266.57651704,85990,50697.756897337,1326465,5654.26110759774,0.1310397,0
sb_cf,fixed_payload,30,10,3,570,NaN,0,NaN,NaN,NaN,NaN,NaN,NaN,NaN,NaN,NaN,NaN,NaN,NaN,NaN,NaN,NaN,NaN,NaN,NaN,NaN,NaN,NaN,NaN,NaN,NaN,NaN,NaN,NaN,NaN,NaN,NaN,NaN,NaN,NaN,NaN,NaN,NaN,NaN,NaN,NaN,NaN,NaN,NaN,NaN,NaN,NaN,NaN,NaN,NaN,NaN,NaN,NaN,NaN,NaN,NaN,NaN,NaN,NaN,NaN,NaN,NaN,NaN,NaN,NaN,NaN,NaN,NaN,NaN,NaN,NaN,NaN,NaN,NaN,NaN,NaN,NaN,NaN,NaN,NaN,NaN,NaN,NaN,NaN,NaN,NaN,NaN,NaN,0.8982165,0
sb_cb,fixed_payload,30,10,3,570,1,1,41.5,6.35310236808735,41.5,6.35310236808735,0,0,0,0,923.079268292683,642.670538332738,0,0,923.079268292683,642.670538332738,923.079268292683,642.670538332738,775,0,1871.625,4073.92689353601,2065,5336.60598919337,775,0,1871.625,4073.92689353601,2065,5336.60598919337,0,0,16.633275261324,7.13893907215389,0,0,134.901277584204,594.727120636284,11.5447154471545,40.8044786243008,190,0,570,0,0,0,415,63.5310236808735,415,63.5310236808735,1245,190.59307104262,1245,190.59307104262,NaN,NaN,0.23655,0.0362126834980979,0.382825,0.208064102554861,0.146275,0.244276786052959,0.23655,0.0362126834980979,0.972097209720972,8.08195440764791,1,0,1.45269775942294e-16,7.89536356292802e-17,0.501565860215054,0.631296852248249,50.5,19.059307104262,4.5,19.059307104262,1.1088850174216,0.475929271476926,90,381.186142085241,90,381.186142085241,90,381.186142085241,90,381.186142085241,90,381.186142085241,3.1144132,0
s7_clean,fixed_payload,30,10,3,570,1,0,41.5,6.35310236808735,26.5,6.35310236808735,15,0,15,0,NaN,NaN,NaN,NaN,NaN,NaN,787.524216524217,40.869815234021,NaN,NaN,NaN,NaN,NaN,NaN,775.5,6.35310236808735,846.65,198.852104121134,849.5,184.239968674533,NaN,NaN,NaN,NaN,NaN,NaN,NaN,NaN,NaN,NaN,NaN,NaN,NaN,NaN,NaN,NaN,415,63.5310236808735,265,63.5310236808735,1245,190.59307104262,795,190.59307104262,NaN,NaN,0.15105,0.0362126834980979,7.11271,5.92375971005201,6.96166,5.95997239355011,0.15105,0.0362126834980979,171.341134113411,306.199329255791,0.638501742160279,0.0553406129624336,NaN,NaN,0.362882978723404,0.316168222105453,6288,17445.6191027679,0,0,1,0,394002,1101475.47616951,53707.5,18011.0452135276,394002,1101475.47616951,21907.5,18201.6382845703,123664.5,89712.1585397614,1.3421223,0
s7_busy,fixed_payload,30,10,3,570,0.5,1,41.5,6.35310236808735,41.5,6.35310236808735,0,0,0,0,3934.28135888502,9652.23300984281,82.7023809523809,1050.83338455007,3851.57897793264,8601.39962529274,3934.28135888502,9652.23300984281,3093.75,10428.6175372154,9930.075,779.208005445911,16706,82526.7997614546,3093.75,10428.6175372154,9930.075,779.208005445911,16706,82526.7997614546,4.62514518002323,1.43516656282577,99.9303135888502,276.791609792907,28.7717770034843,75.5067323259441,2698.56533101045,7002.10387254299,287.686411149826,1245.56224406808,162,0,570,0,0,0,415,63.5310236808735,410,127.062047361747,1245,190.59307104262,1230,381.186142085241,NaN,NaN,0.236325,0.105779154428654,1.648325,3.82208991566503,1.412,3.92786907009368,0.236325,0.105779154428654,-15.5895589558956,291.865296910152,1,0,0.0227643395808972,0.143746268870388,0.515401785714286,0.711887809995502,128.5,260.477197091581,74,330.361323140542,2.77584204413473,7.68865582758074,11844,20012.2724594751,5355,8805.39988216906,11844,20012.2724594751,4662,10406.3816789271,10363.5,22813.9906038017,7.3493184,0
sf_cf,fixed_payload,30,7.5,4,760,0.5,1,31.5,6.35310236808735,31.5,6.35310236808735,0,0,0,0,2376.79939516129,3451.48937422713,0,0,2376.79939516129,3451.48937422713,2376.79939516129,3451.48937422713,1987.5,1620.04110386227,5122.875,9283.47083536763,6392.5,23284.1201790401,1987.5,1620.04110386227,5122.875,9283.47083536763,6392.5,23284.1201790401,366.476814516129,24.9128711813104,0,0,998.649193548387,2097.80464888175,0,0,251.673387096774,1328.77185416408,0,0,760,0,0,0,315,63.5310236808735,315,63.5310236808735,1260,254.124094723494,1260,254.124094723494,NaN,NaN,0.2394,0.0482835779974638,0.75005,1.23821965154022,0.43085,0.755383871565586,0.3192,0.482835779974639,-8.31683168316832,27.2956573390372,1,0,6.54998834587113e-17,8.32254929421968e-16,0.404685007974482,0.213543273377098,44.5,82.5903307851355,10.5,57.1779213127861,1.33114919354839,1.74838401863694,3800,19313.4311989855,3800,19313.4311989855,7980,43455.2201977175,3800,19313.4311989855,7980,43455.2201977175,0.113567,0
sf_cb,fixed_payload,30,7.5,4,760,1,0.5,31.5,6.35310236808735,16,190.59307104262,15.5,196.946173410708,15.5,196.946173410708,NaN,NaN,NaN,NaN,NaN,NaN,1064.43548387097,374.013284572883,NaN,NaN,NaN,NaN,NaN,NaN,1047.5,158.827559202184,1222.75,2385.5899392168,1267.5,2954.19260116062,NaN,NaN,NaN,NaN,NaN,NaN,NaN,NaN,NaN,NaN,NaN,NaN,NaN,NaN,NaN,NaN,315,63.5310236808735,160,1905.9307104262,1260,254.124094723494,640,7623.72284170482,NaN,NaN,0.1216,1.44850733992392,7.79995,94.799087605889,7.67835,96.2475949458129,0.1216,1.44850733992392,165.490549054906,2112.8211187767,0.515625,6.15456791908462,NaN,NaN,0.223245614035088,2.51894935997849,7981.5,101007.974550221,0,0,1,0,95000,1207089.4499366,95000,1207089.4499366,1511165,19201171.8801414,45085,572859.240530436,562780,7150797.90142439,0.1487155,0
sb_cf,fixed_payload,30,7.5,4,760,NaN,0,NaN,NaN,NaN,NaN,NaN,NaN,NaN,NaN,NaN,NaN,NaN,NaN,NaN,NaN,NaN,NaN,NaN,NaN,NaN,NaN,NaN,NaN,NaN,NaN,NaN,NaN,NaN,NaN,NaN,NaN,NaN,NaN,NaN,NaN,NaN,NaN,NaN,NaN,NaN,NaN,NaN,NaN,NaN,NaN,NaN,NaN,NaN,NaN,NaN,NaN,NaN,NaN,NaN,NaN,NaN,NaN,NaN,NaN,NaN,NaN,NaN,NaN,NaN,NaN,NaN,NaN,NaN,NaN,NaN,NaN,NaN,NaN,NaN,NaN,NaN,NaN,NaN,NaN,NaN,NaN,NaN,NaN,NaN,NaN,NaN,NaN,0.8121257,0
sb_cb,fixed_payload,30,7.5,4,760,1,1,31.5,6.35310236808735,31.5,6.35310236808735,0,0,0,0,1052.52772177419,390.760625996824,0,0,1052.52772177419,390.760625996824,1052.52772177419,390.760625996824,965,0,1652.125,2997.0760421452,1792.5,3907.15795637372,965,0,1652.125,2997.0760421452,1792.5,3907.15795637372,0,0,15.46875,5.95603347008189,0,0,82.2152217741936,323.258913335896,4.84375,61.5456791908462,190,0,760,0,0,0,315,63.5310236808735,315,63.5310236808735,1260,254.124094723494,1260,254.124094723494,NaN,NaN,0.2394,0.0482835779974638,0.3317,0.189957760805812,0.0923,0.141674182808348,0.2394,0.0482835779974638,-2.01020102010201,4.34595661543333,1,0,8.00680098532494e-17,1.01736052601344e-15,0.404685007974482,0.213543273377098,35,38.1186142085241,1,12.7062047361747,1.03125,0.397068898005459,20,254.124094723494,20,254.124094723494,20,254.124094723494,20,254.124094723494,20,254.124094723494,2.7372734,0
s7_clean,fixed_payload,30,7.5,4,760,1,0.5,31.5,6.35310236808735,27.5,44.4717165766114,4,50.8248189446988,4,50.8248189446988,NaN,NaN,NaN,NaN,NaN,NaN,1017.00672043011,26.5566510278924,NaN,NaN,NaN,NaN,NaN,NaN,963.5,6.35310236808735,1361.95,652.463613202584,1692,2731.83401827756,NaN,NaN,NaN,NaN,NaN,NaN,NaN,NaN,NaN,NaN,NaN,NaN,NaN,NaN,NaN,NaN,315,63.5310236808735,275,444.717165766114,1260,254.124094723494,1100,1778.86866306446,NaN,NaN,0.209,0.337985045982247,1.59545,16.2579701460776,1.38645,16.5959551920599,0.209,0.337985045982247,60.966096609661,804.535687825476,0.875,1.58827559202184,NaN,NaN,0.360745614035088,0.771846208754472,1483,18436.7030721895,0,0,1,0,91413,1161512.29354794,25956,329802.25013215,91413,1161512.29354794,10068,127926.069283807,27861,354007.570154563,1.4091362,0
s7_busy,fixed_payload,30,7.5,4,760,0.5,1,31.5,6.35310236808735,31.5,6.35310236808735,0,0,0,0,3667.03074596774,5616.94303552229,75.5846774193548,192.693693599811,3591.44606854839,5424.24934192248,3667.03074596774,5616.94303552229,2675.75,752.842630618351,9028.025,23764.0970629491,10799,22528.1009972377,2675.75,752.842630618351,9028.025,23764.0970629491,10799,22528.1009972377,4.79284274193548,0.646838043525021,84.4112903225806,128.189210685117,19.9506048387097,39.5403770368662,2342.44052419355,4679.02146807394,217.850806451613,576.851448083028,162,0,760,0,0,0,315,63.5310236808735,305,63.5310236808735,1260,254.124094723494,1220,254.124094723494,NaN,NaN,0.233485,0.0498718535894858,1.13644,1.81368366404158,0.902955,1.76381181045209,0.233485,0.0498718535894858,-2.6042604260426,77.7697499603852,1,0,0.0170051248285169,0.138838559186622,0.395637198622273,0.470829802365142,77.5,158.827559202184,42.5,120.70894499366,2.34475806451613,3.56081140791993,8379,22413.7451546122,3748.5,10006.1362297376,8379,22413.7451546122,3433.5,8405.15443297956,7654.5,18011.0452135276,7.0624871,0
sf_cf,fixed_payload,30,6,5,950,1,0.5,25.5,44.4717165766114,13.5,108.002740257485,12,152.474456834096,12,152.474456834096,NaN,NaN,NaN,NaN,NaN,NaN,1387.04545454545,418.72720153303,NaN,NaN,NaN,NaN,NaN,NaN,1363.75,778.2550400907,1777.5,603.544724968296,1807.5,984.730867053539,NaN,NaN,NaN,NaN,NaN,NaN,NaN,NaN,NaN,NaN,NaN,NaN,NaN,NaN,NaN,NaN,255,444.717165766114,135,1080.02740257485,1275,2223.58582883057,675,5400.13701287425,NaN,NaN,0.12825,1.02602603244611,5.087525,60.8579558595007,0.931025000000001,10.7002126634511,4.1565,50.1577431960496,150.27902790279,1946.83607400831,0.586206896551724,5.25773989083091,NaN,NaN,0.222584033613445,1.69371573636614,1285.5,16041.5834794206,0,0,1,0,88825,1128628.63569072,88825,1128628.63569072,1198425,15227433.4109502,39100,496812.605184431,402825,5118376.92284957,0.1451352,0
sf_cb,fixed_payload,30,6,5,950,1,0.5,25.5,44.4717165766114,13.5,108.002740257485,12,152.474456834096,12,152.474456834096,NaN,NaN,NaN,NaN,NaN,NaN,1238.5,590.838520232123,NaN,NaN,NaN,NaN,NaN,NaN,1221.25,333.537874324586,1505,3430.67527876716,1557.5,4097.75102741634,NaN,NaN,NaN,NaN,NaN,NaN,NaN,NaN,NaN,NaN,NaN,NaN,NaN,NaN,NaN,NaN,255,444.717165766114,135,1080.02740257485,1275,2223.58582883057,675,5400.13701287425,NaN,NaN,0.12825,1.02602603244611,5.074225,60.8820976484995,4.945975,61.9081236809456,0.12825,1.02602603244611,149.75097509751,1953.54562106372,0.586206896551724,5.25773989083091,NaN,NaN,0.222584033613445,1.69371573636614,6365.5,80589.103539188,0,0,1,0,89015,1131042.81459059,89015,1131042.81459059,1204885,15309515.4935458,39100,496812.605184431,406245,5161832.14304729,0.1041281,0
sb_cf,fixed_payload,30,6,5,950,NaN,0,NaN,NaN,NaN,NaN,NaN,NaN,NaN,NaN,NaN,NaN,NaN,NaN,NaN,NaN,NaN,NaN,NaN,NaN,NaN,NaN,NaN,NaN,NaN,NaN,NaN,NaN,NaN,NaN,NaN,NaN,NaN,NaN,NaN,NaN,NaN,NaN,NaN,NaN,NaN,NaN,NaN,NaN,NaN,NaN,NaN,NaN,NaN,NaN,NaN,NaN,NaN,NaN,NaN,NaN,NaN,NaN,NaN,NaN,NaN,NaN,NaN,NaN,NaN,NaN,NaN,NaN,NaN,NaN,NaN,NaN,NaN,NaN,NaN,NaN,NaN,NaN,NaN,NaN,NaN,NaN,NaN,NaN,NaN,NaN,NaN,NaN,0.8640459,0
sb_cb,fixed_payload,30,6,5,950,1,1,25.5,44.4717165766114,25.5,44.4717165766114,0,0,0,0,1275.62304075235,686.543327222229,0,0,1275.62304075235,686.543327222229,1275.62304075235,686.543327222229,1155,0,1947.625,2841.42503412706,2267.5,5114.24740631032,1155,0,1947.625,2841.42503412706,2267.5,5114.24740631032,0,0,15.2586206896552,3.28608743176932,0,0,117.519592476489,647.110278040997,2.8448275862069,36.1469617494625,190,0,950,0,0,0,255,444.717165766114,255,444.717165766114,1275,2223.58582883057,1275,2223.58582883057,NaN,NaN,0.24225,0.422481307477809,0.327175,0.742360011711007,0.084925,0.319878704233198,0.24225,0.422481307477809,-1.002100210021,24.1696183700413,1,0,0,0,0.362371001031992,0.0824460911028877,28.5,69.8841260489608,0.5,6.35310236808735,1.01724137931034,0.219072495451288,10,127.062047361747,10,127.062047361747,10,127.062047361747,10,127.062047361747,10,127.062047361747,2.7419158,0
s7_clean,fixed_payload,30,6,5,950,1,0.5,25.5,44.4717165766114,19,38.1186142085241,6.5,82.5903307851355,6.5,82.5903307851355,NaN,NaN,NaN,NaN,NaN,NaN,1197.29261363636,266.577619251847,NaN,NaN,NaN,NaN,NaN,NaN,1154.5,6.35310236808735,1476.55,3067.91313354938,1546,3938.92346821416,NaN,NaN,NaN,NaN,NaN,NaN,NaN,NaN,NaN,NaN,NaN,NaN,NaN,NaN,NaN,NaN,255,444.717165766114,190,381.186142085241,1275,2223.58582883057,950,1905.93071042621,NaN,NaN,0.1805,0.362126834980979,2.646565,30.2222797442046,2.466065,30.5844065791856,0.1805,0.362126834980979,103.990399039904,1358.22580960226,0.775862068965517,2.84794244086674,NaN,NaN,0.301018099547511,0.697116436317277,2237.5,28137.8903882589,0,0,1,0,139419,1771486.35811274,26460,336206.177319182,139419,1771486.35811274,10563,134215.640628213,44037,559543.137966925,1.4804722,0
s7_busy,fixed_payload,30,6,5,950,0.5,1,25.5,44.4717165766114,25.5,44.4717165766114,0,0,0,0,4102.53134796238,3761.21584304036,34.8793103448276,443.183658297955,4067.65203761755,4204.39950133831,4102.53134796238,3761.21584304036,3257.75,1693.10178109528,10885.8,34014.5100787397,11202.5,34465.5803468739,3257.75,1693.10178109528,10885.8,34014.5100787397,11202.5,34465.5803468739,4.61833855799373,2.65874346752245,88.3354231974922,270.654110289364,21.5336990595611,33.0699889724421,2605.65517241379,2685.39064924189,235.509404388715,1217.94349630214,162,0,950,0,0,0,255,444.717165766114,245,317.655118404367,1275,2223.58582883057,1225,1588.27559202184,NaN,NaN,0.23416,0.319688111162155,1.021365,0.682132601261539,0.787205,0.362444490099384,0.23416,0.319688111162155,-14.7734773477348,183.140136671417,1,0,0.0134133296125763,0.170432512251186,0.356617647058824,0.00934279760012842,63.5,57.1779213127861,35,127.062047361747,2.45376175548589,7.51816973026011,7371,11206.8725773061,3244.5,3602.20904270553,7371,11206.8725773061,2961,5603.43628865304,6804,15209.3270692011,7.1249314,0
sf_cf,fixed_payload,30,5,6,1140,0.5,1,20,25.4124094723494,20,25.4124094723494,0,0,0,0,3604.45707070707,720.178700261214,0,0,3604.45707070707,720.178700261214,3604.45707070707,720.178700261214,3006.25,333.537874324586,9388,14103.8872571539,10545,18614.5899384959,3006.25,333.537874324586,9388,14103.8872571539,10545,18614.5899384959,604.760101010101,1986.62794505115,0,0,1433.63636363636,1097.35404539691,0,0,426.060606060606,3804.16069070927,0,0,1140,0,0,0,200,254.124094723494,200,254.124094723494,1200,1524.74456834096,1200,1524.74456834096,NaN,NaN,0.228,0.289701467984783,0.722025,1.06001513011537,0.402825,0.098790741823758,0.3192,1.15880587193913,-2.11821182118212,216.154157978129,1,0,1.55845750588246e-16,2.2879935402199e-16,0.333710407239819,0.281721281480796,29.5,108.002740257485,8,76.2372284170482,1.37373737373737,3.33698306202568,3990,36212.6834980979,3990,36212.6834980979,9120,86910.4403954349,3990,36212.6834980979,9120,86910.4403954349,0.2055962,0
sf_cb,fixed_payload,30,5,6,1140,1,1,20,25.4124094723494,20,25.4124094723494,0,0,0,0,1493.34595959596,218.668649689471,0,0,1493.34595959596,218.668649689471,1493.34595959596,218.668649689471,1427.5,381.186142085241,2053,216.005480514971,2360,1270.62047361747,1427.5,381.186142085241,2053,216.005480514971,2360,1270.62047361747,163.34595959596,218.668649689471,0,0,0,0,0,0,0,0,190,0,1140,0,0,0,200,254.124094723494,200,254.124094723494,1200,1524.74456834096,1200,1524.74456834096,NaN,NaN,0.228,0.289701467984783,0.298325,0.335761460153416,0.070325,0.0460599921686331,0.228,0.289701467984783,-3.6003600360036,26.9906779274278,1,0,1.87547602221699e-16,2.11082734501734e-16,0.333710407239819,0.281721281480796,21.5,31.7655118404367,0,0,1,0,0,0,0,0,0,0,0,0,0,0,0.1398878,0
sb_cf,fixed_payload,30,5,6,1140,NaN,0,NaN,NaN,NaN,NaN,NaN,NaN,NaN,NaN,NaN,NaN,NaN,NaN,NaN,NaN,NaN,NaN,NaN,NaN,NaN,NaN,NaN,NaN,NaN,NaN,NaN,NaN,NaN,NaN,NaN,NaN,NaN,NaN,NaN,NaN,NaN,NaN,NaN,NaN,NaN,NaN,NaN,NaN,NaN,NaN,NaN,NaN,NaN,NaN,NaN,NaN,NaN,NaN,NaN,NaN,NaN,NaN,NaN,NaN,NaN,NaN,NaN,NaN,NaN,NaN,NaN,NaN,NaN,NaN,NaN,NaN,NaN,NaN,NaN,NaN,NaN,NaN,NaN,NaN,NaN,NaN,NaN,NaN,NaN,NaN,NaN,NaN,1.4277468,0
sb_cb,fixed_payload,30,5,6,1140,1,1,20,25.4124094723494,20,25.4124094723494,0,0,0,0,1431.47727272727,76.5260057974155,0,0,1431.47727272727,76.5260057974155,1431.47727272727,76.5260057974155,1345,0,2058.5,247.770992355408,2347.5,1302.38598545791,1345,0,2058.5,247.770992355408,2347.5,1302.38598545791,0,0,15,0,0,0,86.4772727272727,76.5260057974158,0,0,190,0,1140,0,0,0,200,254.124094723494,200,254.124094723494,1200,1524.74456834096,1200,1524.74456834096,NaN,NaN,0.228,0.289701467984783,0.286175,0.348467664889591,0.058175,0.0587661969048078,0.228,0.289701467984783,-3.82838283828383,24.0933735171389,1,0,1.95774224879291e-16,2.3838905211586e-16,0.333710407239819,0.281721281480796,21.5,31.7655118404367,0,0,1,0,0,0,0,0,0,0,0,0,0,0,3.2754277,0
s7_clean,fixed_payload,30,5,6,1140,1,1,20,25.4124094723494,20,25.4124094723494,0,0,0,0,1427.7297979798,70.4937671852924,0,0,1427.7297979798,70.4937671852924,1427.7297979798,70.4937671852924,1343.75,3.17655118404367,2049.7,263.018438038818,2339,1321.44529256217,1343.75,3.17655118404367,2049.7,263.018438038818,2339,1321.44529256217,4.5479797979798,3.43324218881488,36,0,0,0,85.1818181818182,73.9270093741073,0,0,162,0,1140,0,0,0,200,254.124094723494,200,254.124094723494,1200,1524.74456834096,1200,1524.74456834096,NaN,NaN,0.228,0.289701467984783,0.285435,0.348721788984314,0.057435,0.0590203209995312,0.228,0.289701467984783,-3.87038703870387,23.5596595468226,1,0,1.96293891013276e-16,2.39816269346231e-16,0.333710407239819,0.281721281480796,21.5,31.7655118404367,0,0,1,0,0,0,0,0,0,0,0,0,0,0,1.251064,0
s7_busy,fixed_payload,30,5,6,1140,0.5,1,20,25.4124094723494,20,25.4124094723494,0,0,0,0,4182.00252525252,866.877609487963,109.275252525253,1035.58777237383,4072.72727272727,1902.46538186179,4182.00252525252,866.877609487963,2957.25,4628.23507515163,11347.9,30887.5130931671,12144,38512.5065553455,2957.25,4628.23507515163,11347.9,30887.5130931671,12144,38512.5065553455,4.43181818181818,5.48677022698453,64.3636363636364,55.4452570305805,16,25.4124094723494,2558.29545454545,1566.61728849427,127.636363636364,249.503656637612,162,0,1140,0,0,0,200,254.124094723494,200,254.124094723494,1200,1524.74456834096,1200,1524.74456834096,NaN,NaN,0.228,0.289701467984783,0.837765,1.23612312775876,0.609765,0.946421659773972,0.228,0.289701467984783,-40.6300630063006,176.506834468914,1,0,1.34333482862453e-16,1.98209193507323e-16,0.333710407239819,0.281721281480796,38,76.2372284170482,16,50.8248189446988,1.78787878787879,1.54014602862724,4630.5,1200.73634756851,2079,800.490898379006,4630.5,1200.73634756851,1669.5,400.245449189503,3748.5,400.245449189503,6.5526073,0
